StockCode,MonthYear,Next_Month_Quantity,Predicted_Quantity,Absolute_Error,Demand_Level
10080,2011-07,60.0,83.39326089722736,23.393260897227364,51-100
10080,2011-08,60.0,79.97529020400461,19.975290204004608,51-100
10080,2011-09,6.0,91.58763832343256,85.58763832343256,0-10
10080,2011-10,91.0,72.07298594106612,18.927014058933878,51-100
10120,2011-08,10.0,61.7334619622918,51.7334619622918,0-10
10120,2011-09,10.0,65.07727849176912,55.07727849176912,0-10
10120,2011-10,49.0,52.058118535973556,3.0581185359735557,11-50
10120,2011-11,6.0,58.198617259804514,52.198617259804514,0-10
10125,2011-07,85.0,138.17254714474706,53.17254714474706,51-100
10125,2011-08,210.0,98.13180797209127,111.86819202790873,101-500
10125,2011-09,51.0,151.97232245538657,100.97232245538657,51-100
10125,2011-10,62.0,93.40332974917199,31.403329749171988,51-100
10125,2011-11,26.0,68.97581943487121,42.97581943487121,11-50
10133,2011-07,753.0,586.3286390193273,166.67136098067272,501-1000
10133,2011-08,207.0,489.2211196367549,282.2211196367549,101-500
10135,2011-07,151.0,148.1468145165038,2.8531854834961905,101-500
10135,2011-08,70.0,129.13933699703674,59.139336997036736,51-100
10135,2011-09,69.0,123.32733033977772,54.32733033977772,51-100
10135,2011-10,181.0,108.34361823943385,72.65638176056615,101-500
10135,2011-11,69.0,101.58175091409491,32.58175091409491,51-100
11001,2011-07,499.0,200.68850939055744,298.31149060944256,101-500
11001,2011-08,96.0,275.32171413126014,179.32171413126014,51-100
11001,2011-09,116.0,157.0081210386891,41.0081210386891,101-500
11001,2011-10,128.0,184.56399470674157,56.56399470674157,101-500
11001,2011-11,22.0,107.32666821697278,85.32666821697278,11-50
15030,2011-07,2.0,94.37860107947888,92.37860107947888,0-10
15030,2011-08,3.0,72.07298594106612,69.07298594106612,0-10
15030,2011-09,10.0,46.12694965944646,36.12694965944646,0-10
15030,2011-10,22.0,45.64746523196252,23.64746523196252,11-50
15030,2011-11,2.0,53.74761485640741,51.74761485640741,0-10
15034,2011-07,205.0,336.1101128440364,131.1101128440364,101-500
15034,2011-08,394.0,386.69465760861243,7.305342391387569,101-500
15034,2011-09,1791.0,579.9589093330552,1211.041090666945,1001-5000
15034,2011-10,573.0,822.763751696969,249.76375169696905,501-1000
15034,2011-11,2.0,477.21966029803474,475.21966029803474,0-10
15036,2011-07,1427.0,2408.9731805826805,981.9731805826805,1001-5000
15036,2011-08,487.0,2249.8176451316685,1762.8176451316685,101-500
15036,2011-09,1255.0,1352.4179580666696,97.4179580666696,1001-5000
15036,2011-10,604.0,1741.076705088041,1137.076705088041,501-1000
15036,2011-11,69.0,612.4156198427937,543.4156198427937,51-100
15039,2011-07,152.0,244.37008391955652,92.37008391955652,101-500
15039,2011-08,61.0,241.80824319814417,180.80824319814417,51-100
15039,2011-09,134.0,115.68276082310665,18.317239176893352,101-500
15039,2011-10,208.0,186.93567498949824,21.06432501050176,101-500
15039,2011-11,47.0,141.78637010269819,94.78637010269819,11-50
15044A,2011-07,27.0,70.95080592323575,43.95080592323575,11-50
15044A,2011-08,32.0,57.77020311827876,25.770203118278758,11-50
15044A,2011-09,3.0,49.62258382556071,46.62258382556071,0-10
15044A,2011-10,34.0,32.98858494163596,1.0114150583640367,11-50
15044A,2011-11,3.0,30.420243171463333,27.420243171463333,0-10
15044B,2011-07,0.0,60.9012255840152,60.9012255840152,0-10
15044C,2011-07,16.0,62.83432137360497,46.83432137360497,11-50
15044C,2011-08,31.0,46.21565959001035,15.215659590010347,11-50
15044C,2011-09,6.0,48.196500980760455,42.196500980760455,0-10
15044C,2011-10,16.0,33.87169754583188,17.87169754583188,11-50
15044C,2011-11,2.0,25.552826393939785,23.552826393939785,0-10
15044D,2011-07,25.0,94.55934874590443,69.55934874590443,11-50
15044D,2011-08,100.0,59.134670178335725,40.865329821664275,51-100
15044D,2011-09,78.0,91.08079460174591,13.080794601745907,51-100
15044D,2011-10,24.0,80.61647057302955,56.616470573029545,11-50
15044D,2011-11,2.0,53.19963101443958,51.19963101443958,0-10
15056BL,2011-07,221.0,373.5562711323658,152.5562711323658,101-500
15056BL,2011-08,261.0,228.54448901393036,32.45551098606964,101-500
15056BL,2011-09,549.0,254.4097472468971,294.5902527531029,501-1000
15056BL,2011-10,169.0,434.30952676770465,265.30952676770465,101-500
15056BL,2011-11,72.0,167.63290328914405,95.63290328914405,51-100
15056N,2011-07,420.0,516.6157714790853,96.61577147908531,101-500
15056N,2011-08,350.0,385.2865736657764,35.286573665776416,101-500
15056N,2011-09,275.0,469.91354039208477,194.91354039208477,101-500
15056N,2011-10,162.0,361.8538090968458,199.8538090968458,101-500
15056N,2011-11,84.0,194.12994420176219,110.12994420176219,51-100
15056P,2011-07,79.0,115.35458080786562,36.35458080786562,51-100
15056P,2011-08,48.0,96.80445786538907,48.80445786538907,11-50
15056P,2011-09,48.0,86.50041276328379,38.50041276328379,11-50
15056P,2011-10,87.0,81.8257846330605,5.174215366939507,51-100
15056P,2011-11,19.0,61.39006176884028,42.39006176884028,11-50
15056bl,2011-07,10.0,25.29113813463597,15.291138134635968,0-10
15056bl,2011-08,8.0,19.32134866516658,11.321348665166578,0-10
15056bl,2011-09,5.0,25.7320019691776,20.7320019691776,0-10
15056bl,2011-10,7.0,21.294764818028927,14.294764818028927,0-10
15056bl,2011-11,5.0,14.987315972049176,9.987315972049176,0-10
15056n,2011-07,21.0,50.98622261644805,29.986222616448053,11-50
15056n,2011-08,10.0,39.2278356229745,29.227835622974503,0-10
15056n,2011-09,11.0,26.784918459703118,15.784918459703118,11-50
15056n,2011-10,7.0,27.18308729492839,20.18308729492839,0-10
15056p,2011-07,5.0,18.880484830624948,13.880484830624948,0-10
15056p,2011-08,1.0,18.880484830624948,17.880484830624948,0-10
15056p,2011-09,1.0,18.880484830624948,17.880484830624948,0-10
15056p,2011-10,1.0,18.880484830624948,17.880484830624948,0-10
15056p,2011-11,1.0,13.371347529813546,12.371347529813546,0-10
15058A,2011-07,24.0,51.59458133407383,27.59458133407383,11-50
15058A,2011-08,5.0,63.4202094214896,58.4202094214896,0-10
15058A,2011-09,4.0,29.089267065251835,25.089267065251835,0-10
15058A,2011-10,2.0,18.880484830624948,16.880484830624948,0-10
15058B,2011-07,32.0,52.483798466263046,20.483798466263046,11-50
15058B,2011-08,7.0,63.4202094214896,56.4202094214896,0-10
15058B,2011-09,0.0,29.928299735018733,29.928299735018733,0-10
15058C,2011-07,11.0,62.015251902560685,51.015251902560685,11-50
15058C,2011-08,4.0,30.785702697449732,26.785702697449732,0-10
15058C,2011-09,1.0,26.344054625161487,25.344054625161487,0-10
15058C,2011-10,1.0,19.93340132115047,18.93340132115047,0-10
15058C,2011-11,1.0,13.371347529813546,12.371347529813546,0-10
15060B,2011-07,95.0,56.99830148184939,38.00169851815061,51-100
15060B,2011-08,77.0,109.49786778527964,32.49786778527964,51-100
15060B,2011-09,22.0,100.13766572536811,78.13766572536811,11-50
15060B,2011-10,18.0,56.65468478136585,38.65468478136585,11-50
15060b,2011-10,1.0,18.880484830624948,17.880484830624948,0-10
16008,2011-07,458.0,126.11086384220178,331.88913615779825,101-500
16008,2011-08,268.0,262.91922760263907,5.080772397360931,101-500
16008,2011-09,342.0,179.47118671560878,162.52881328439122,101-500
16008,2011-10,941.0,298.23833969443945,642.7616603055606,501-1000
16008,2011-11,336.0,466.559735158282,130.55973515828202,101-500
16011,2011-07,192.0,147.78347728914355,44.21652271085645,101-500
16011,2011-08,48.0,154.21133653632393,106.21133653632393,11-50
16011,2011-09,119.0,130.4349300256745,11.434930025674504,101-500
16011,2011-10,359.0,150.95838387496673,208.04161612503327,101-500
16011,2011-11,25.0,135.37048888032862,110.37048888032862,11-50
16012,2011-07,0.0,147.91909285342567,147.91909285342567,0-10
16014,2011-07,2065.0,408.3438781814503,1656.6561218185498,1001-5000
16014,2011-08,1061.0,986.2008172542829,74.79918274571708,1001-5000
16014,2011-09,40.0,488.6655871776789,448.6655871776789,11-50
16014,2011-10,3606.0,415.20587757760853,3190.7941224223914,1001-5000
16014,2011-11,70.0,0.0,70.0,51-100
16016,2011-07,65.0,98.86748906899992,33.867489068999916,51-100
16016,2011-08,50.0,92.92283711786568,42.92283711786568,11-50
16016,2011-09,40.0,80.99415142463764,40.994151424637636,11-50
16016,2011-10,140.0,78.249529166617,61.750470833383005,101-500
16016,2011-11,80.0,84.6969813072412,4.696981307241202,51-100
16045,2011-07,1000.0,1090.742023990117,90.7420239901171,501-1000
16045,2011-08,1400.0,826.8991947492934,573.1008052507066,1001-5000
16045,2011-09,1700.0,1178.7963672662997,521.2036327337003,1001-5000
16045,2011-10,1000.0,1804.111808272179,804.1118082721789,501-1000
16045,2011-11,200.0,534.2221856701266,334.2221856701266,101-500
16046,2011-07,31.0,39.643726176702955,8.643726176702955,11-50
16046,2011-08,0.0,54.007806803971285,54.007806803971285,0-10
16048,2011-07,194.0,142.50058634158958,51.49941365841042,101-500
16048,2011-08,145.0,184.07952240900073,39.07952240900073,101-500
16048,2011-09,210.0,163.07388564881947,46.92611435118053,101-500
16048,2011-10,126.0,183.9580476510579,57.95804765105791,101-500
16048,2011-11,2.0,110.98596630533764,108.98596630533764,0-10
16054,2011-07,74.0,154.21700724242515,80.21700724242515,51-100
16054,2011-08,110.0,125.38190637905971,15.381906379059714,101-500
16054,2011-09,254.0,137.31279590617441,116.68720409382559,101-500
16054,2011-10,330.0,167.4187493048428,162.5812506951572,101-500
16054,2011-11,36.0,154.17267929607124,118.17267929607124,11-50
16156L,2011-07,0.0,113.38750490191174,113.38750490191174,0-10
16156S,2011-07,200.0,422.10977296204413,222.10977296204413,101-500
16156S,2011-08,475.0,357.3147277528768,117.68527224712318,101-500
16156S,2011-09,900.0,522.610906847692,377.38909315230796,501-1000
16156S,2011-10,475.0,562.334425278646,87.334425278646,101-500
16156S,2011-11,100.0,328.06922855631217,228.06922855631217,51-100
16161G,2011-07,50.0,147.97398548199268,97.97398548199268,11-50
16161G,2011-08,175.0,158.43296967993697,16.567030320063026,101-500
16161G,2011-09,50.0,165.49781547067735,115.49781547067735,11-50
16161G,2011-10,125.0,163.9849791319894,38.984979131989405,101-500
16161P,2011-07,625.0,727.2890242131708,102.28902421317082,501-1000
16161P,2011-08,475.0,768.0926193893424,293.0926193893424,101-500
16161P,2011-09,1000.0,721.5949384217727,278.40506157822733,501-1000
16161P,2011-10,525.0,730.0532215152064,205.05322151520636,501-1000
16161P,2011-11,150.0,369.3933843062047,219.39338430620472,101-500
16161U,2011-07,350.0,282.41113692998204,67.58886307001796,101-500
16161U,2011-08,325.0,292.5432169885917,32.45678301140828,101-500
16161U,2011-09,850.0,294.2830622375523,555.7169377624477,501-1000
16161U,2011-10,300.0,545.1663979943338,245.1663979943338,101-500
16161U,2011-11,50.0,272.9269476575624,222.92694765756238,11-50
16162L,2011-07,1.0,47.36938133502347,46.36938133502347,0-10
16162L,2011-08,10.0,44.594548741437,34.594548741437,0-10
16168M,2011-07,0.0,93.74395864280652,93.74395864280652,0-10
16168M,2011-10,35.0,44.33246337765304,9.332463377653042,11-50
16168M,2011-11,29.0,48.58813258367521,19.58813258367521,11-50
16169M,2011-09,25.0,102.29188495821909,77.29188495821909,11-50
16169M,2011-10,50.0,80.6184283036409,30.618428303640897,11-50
16169M,2011-11,25.0,59.706015696863396,34.706015696863396,11-50
16207B,2011-07,2.0,28.614382768611634,26.614382768611634,0-10
16216,2011-07,0.0,450.6309273461679,450.6309273461679,0-10
16216,2011-10,394.0,301.340956967337,92.65904303266302,101-500
16216,2011-11,110.0,372.88778334398626,262.88778334398626,101-500
16218,2011-07,320.0,174.08396719257004,145.91603280742996,101-500
16218,2011-08,720.0,476.36986700198025,243.63013299801975,501-1000
16218,2011-09,366.0,482.667315602382,116.66731560238202,101-500
16218,2011-10,565.0,368.8682859746768,196.13171402532322,501-1000
16218,2011-11,105.0,342.2341322567595,237.2341322567595,101-500
16219,2011-07,780.0,323.1127248858371,456.8872751141629,501-1000
16219,2011-08,517.0,604.218078936128,87.218078936128,501-1000
16219,2011-09,492.0,441.34687751617815,50.653122483821846,101-500
16219,2011-10,265.0,444.0818350415221,179.08183504152208,101-500
16219,2011-11,22.0,180.8444318475179,158.8444318475179,11-50
16225,2011-07,4.0,31.250795183370133,27.250795183370133,0-10
16225,2011-08,12.0,42.10232031897342,30.10232031897342,11-50
16225,2011-09,114.0,25.404259806249208,88.5957401937508,101-500
16225,2011-10,112.0,123.20885834759558,11.20885834759558,101-500
16225,2011-11,105.0,80.0064282413158,24.993571758684197,101-500
16235,2011-07,189.0,348.34106690918713,159.34106690918713,101-500
16235,2011-08,93.0,229.8081380144536,136.8081380144536,51-100
16235,2011-09,198.0,250.2787917849372,52.2787917849372,101-500
16235,2011-10,228.0,224.73410383119125,3.2658961688087516,101-500
16235,2011-11,56.0,130.65811199342875,74.65811199342875,51-100
16236,2011-07,63.0,177.05961986181535,114.05961986181535,51-100
16236,2011-08,95.0,120.61580634925096,25.61580634925096,51-100
16236,2011-09,141.0,233.1105524179163,92.1105524179163,101-500
16236,2011-10,260.0,168.72473194059808,91.27526805940192,101-500
16236,2011-11,46.0,101.45961050578018,55.45961050578018,11-50
16237,2011-07,266.0,324.28114744091204,58.28114744091204,101-500
16237,2011-08,333.0,271.58402496881797,61.41597503118203,101-500
16237,2011-09,293.0,334.45043256879234,41.45043256879234,101-500
16237,2011-10,927.0,302.8367473525023,624.1632526474978,501-1000
16237,2011-11,223.0,367.4520370961623,144.45203709616231,101-500
16238,2011-07,146.0,148.55622712546221,2.5562271254622146,101-500
16238,2011-08,89.0,148.08276770372834,59.08276770372834,51-100
16238,2011-09,99.0,142.3491142241958,43.3491142241958,51-100
16238,2011-10,176.0,152.54720315512623,23.452796844873774,101-500
16238,2011-11,61.0,101.53792625764078,40.53792625764078,51-100
16254,2011-07,3.0,44.877152912559886,41.877152912559886,0-10
16254,2011-08,1.0,23.662915311205,22.662915311205,0-10
16254,2011-09,15.0,23.662915311205,8.662915311205001,11-50
16254,2011-10,7.0,26.246364048677872,19.246364048677872,0-10
16258A,2011-07,2.0,76.36690879840049,74.36690879840049,0-10
16258A,2011-08,8.0,56.66097260262466,48.66097260262466,0-10
16258A,2011-09,81.0,45.64746523196252,35.35253476803748,51-100
16258A,2011-10,37.0,91.52290216711505,54.52290216711505,11-50
16258A,2011-11,161.0,53.03356438822202,107.96643561177798,101-500
16259,2011-07,324.0,614.1851559617639,290.18515596176394,101-500
16259,2011-08,456.0,563.015350012778,107.01535001277796,101-500
16259,2011-09,24.0,591.6294886441801,567.6294886441801,11-50
16259,2011-10,20.0,260.2643870288756,240.2643870288756,11-50
17003,2011-07,1454.0,1864.2121259130404,410.2121259130404,1001-5000
17003,2011-08,2159.0,1610.4575150474536,548.5424849525464,1001-5000
17003,2011-09,2400.0,1868.9374347403166,531.0625652596834,1001-5000
17003,2011-10,1071.0,1639.0125027391482,568.0125027391482,1001-5000
17003,2011-11,297.0,960.0110133358825,663.0110133358825,101-500
17012A,2011-07,12.0,50.064832595214995,38.064832595214995,11-50
17012A,2011-08,58.0,31.732691038027447,26.267308961972553,51-100
17012A,2011-09,94.0,57.72565774666598,36.27434225333402,51-100
17012A,2011-10,10.0,102.04254435541672,92.04254435541672,0-10
17012A,2011-11,5.0,46.607970703376154,41.607970703376154,0-10
17012B,2011-07,37.0,64.63968494611105,27.639684946111046,11-50
17012B,2011-08,41.0,56.14528186153323,15.145281861533228,11-50
17012B,2011-09,136.0,70.19679621939055,65.80320378060945,101-500
17012B,2011-10,5.0,148.39866753103638,143.39866753103638,0-10
17012C,2011-07,6.0,39.48046266839182,33.48046266839182,0-10
17012C,2011-08,11.0,31.126485105741544,20.126485105741544,11-50
17012C,2011-09,71.0,26.45717629677473,44.54282370322527,51-100
17012C,2011-10,94.0,94.86971473441102,0.8697147344110192,51-100
17012C,2011-11,20.0,69.38180275074971,49.38180275074971,11-50
17012D,2011-07,58.0,32.06381945887461,25.93618054112539,51-100
17012D,2011-08,43.0,76.6758322631363,33.6758322631363,11-50
17012D,2011-09,86.0,64.35330261954827,21.646697380451727,51-100
17012D,2011-10,165.0,93.26003283247756,71.73996716752244,101-500
17012D,2011-11,50.0,104.61956115557739,54.61956115557739,11-50
17012F,2011-07,27.0,60.58048271623482,33.58048271623482,11-50
17012F,2011-08,34.0,57.37203428305349,23.372034283053488,11-50
17012F,2011-09,48.0,50.23768439585795,2.237684395857947,11-50
17012F,2011-10,162.0,91.58496036704055,70.41503963295945,101-500
17012F,2011-11,49.0,95.2370387646383,46.2370387646383,11-50
17021,2011-07,37.0,154.924436144079,117.92443614407901,11-50
17021,2011-08,180.0,109.19909605587308,70.80090394412692,101-500
17021,2011-09,144.0,165.8303668208977,21.830366820897694,101-500
17021,2011-10,108.0,143.50345656592802,35.50345656592802,101-500
17021,2011-11,36.0,108.50526453392342,72.50526453392342,11-50
17038,2011-07,36.0,101.92776013948698,65.92776013948698,11-50
17038,2011-08,200.0,119.68314073694997,80.31685926305003,101-500
17038,2011-09,205.0,148.16393800640444,56.836061993595564,101-500
17038,2011-10,204.0,158.79064767412424,45.209352325875756,101-500
17038,2011-11,3.0,117.04649380657762,114.04649380657762,0-10
17084A,2011-07,0.0,71.78091277779944,71.78091277779944,0-10
17084N,2011-07,103.0,116.19840143429104,13.198401434291043,101-500
17084N,2011-08,147.0,120.52402035439034,26.475979645609655,101-500
17084N,2011-09,181.0,148.54296214902956,32.45703785097044,101-500
17084N,2011-10,162.0,155.8796297743517,6.120370225648287,101-500
17084N,2011-11,30.0,92.65887654186729,62.658876541867286,11-50
17084P,2011-07,58.0,83.39326089722736,25.393260897227364,51-100
17084P,2011-08,53.0,76.92017738029158,23.920177380291577,51-100
17084P,2011-09,28.0,86.63050716904222,58.63050716904222,11-50
17084P,2011-10,38.0,80.6184283036409,42.6184283036409,11-50
17084P,2011-11,27.0,55.173697701207665,28.173697701207665,11-50
17084R,2011-07,0.0,190.7611335952947,190.7611335952947,0-10
17084R,2011-10,216.0,176.50539382770287,39.494606172297125,101-500
17084R,2011-11,72.0,229.3086420425683,157.3086420425683,51-100
17090A,2011-07,0.0,39.643726176702955,39.643726176702955,0-10
17091J,2011-07,183.0,160.98703249759657,22.012967502403427,101-500
17091J,2011-08,71.0,176.45707648861747,105.45707648861747,51-100
17091J,2011-09,207.0,136.2512935286878,70.7487064713122,101-500
17091J,2011-10,182.0,169.98062349314068,12.019376506859317,101-500
17091J,2011-11,216.0,107.71738093375683,108.28261906624317,101-500
17107D,2011-09,25.0,31.66565062364934,6.665650623649341,11-50
17107D,2011-10,15.0,48.638749750414746,33.638749750414746,11-50
17107D,2011-11,5.0,27.101350509785792,22.101350509785792,0-10
17129F,2011-07,95.0,117.01709322807513,22.017093228075126,51-100
17129F,2011-08,15.0,102.52202878290066,87.52202878290066,11-50
17129F,2011-09,37.0,65.69716175098718,28.697161750987178,11-50
17129F,2011-10,1.0,50.65555303859862,49.65555303859862,0-10
17129F,2011-11,1.0,43.01583061152223,42.01583061152223,0-10
17136A,2011-07,6.0,155.1957234081221,149.1957234081221,0-10
17136A,2011-08,86.0,225.74949174465573,139.74949174465573,51-100
17136A,2011-09,9.0,99.905810946409,90.905810946409,0-10
17136A,2011-10,96.0,219.4719434891455,123.4719434891455,51-100
18094C,2011-07,6.0,67.57333391972278,61.573333919722785,0-10
18094C,2011-08,22.0,47.23437491446998,25.23437491446998,11-50
18094C,2011-09,3.0,42.394045538068546,39.394045538068546,0-10
18097C,2011-07,49.0,53.01421048064778,4.014210480647783,11-50
18097C,2011-08,3.0,52.18487145093082,49.18487145093082,0-10
18097C,2011-09,15.0,48.59884197452697,33.59884197452697,11-50
18097C,2011-10,26.0,27.65047819373786,1.650478193737861,11-50
18097C,2011-11,2.0,41.99705848535709,39.99705848535709,0-10
18098C,2011-07,4.0,26.008343778074988,22.008343778074988,0-10
20615,2011-07,47.0,63.91779817424871,16.91779817424871,11-50
20615,2011-08,3.0,73.73610336119901,70.73610336119901,0-10
20615,2011-09,27.0,47.23437491446998,20.23437491446998,11-50
20615,2011-10,75.0,43.96731898098783,31.032681019012173,51-100
20615,2011-11,2.0,51.374559237454484,49.374559237454484,0-10
20616,2011-07,9.0,63.027343609903944,54.027343609903944,0-10
20616,2011-08,1.0,55.97022218533437,54.97022218533437,0-10
20616,2011-09,8.0,49.02196193354831,41.02196193354831,0-10
20616,2011-10,25.0,37.26494045788167,12.264940457881671,11-50
20616,2011-11,1.0,38.41952057770617,37.41952057770617,0-10
20617,2011-07,7.0,31.250795183370133,24.250795183370133,0-10
20617,2011-08,2.0,40.643134472369034,38.643134472369034,0-10
20617,2011-09,4.0,24.672983338771953,20.672983338771953,0-10
20617,2011-10,12.0,23.662915311205,11.662915311205001,11-50
20617,2011-11,1.0,18.84260305783992,17.84260305783992,0-10
20618,2011-07,12.0,34.26986638105715,22.26986638105715,11-50
20618,2011-08,2.0,32.1308598732527,30.130859873252703,0-10
20618,2011-09,4.0,31.126485105741544,27.126485105741544,0-10
20618,2011-10,10.0,23.662915311205,13.662915311205001,0-10
20618,2011-11,1.0,17.27411036343866,16.27411036343866,0-10
20619,2011-07,8.0,56.75387210728672,48.75387210728672,0-10
20619,2011-08,3.0,31.52465394096682,28.52465394096682,0-10
20619,2011-09,5.0,27.13011178913449,22.13011178913449,0-10
20619,2011-10,8.0,22.779802707009082,14.779802707009082,0-10
20619,2011-11,4.0,17.23003042900965,13.230030429009648,0-10
20622,2011-07,10.0,30.07356861521602,20.07356861521602,0-10
20622,2011-08,3.0,26.077195298608974,23.077195298608974,0-10
20622,2011-09,1.0,30.07356861521602,29.07356861521602,0-10
20622,2011-10,17.0,23.662915311205,6.662915311205001,11-50
20622,2011-11,2.0,24.101741068188964,22.101741068188964,0-10
20652,2011-07,28.0,34.47809944627858,6.478099446278577,11-50
20652,2011-08,9.0,48.8116015510577,39.8116015510577,0-10
20652,2011-09,10.0,45.90044924958927,35.90044924958927,0-10
20652,2011-10,47.0,30.065468094362426,16.934531905637574,11-50
20652,2011-11,2.0,39.14450750906207,37.14450750906207,0-10
20653,2011-07,0.0,46.05437948071399,46.05437948071399,0-10
20653,2011-11,1.0,18.111433857349297,17.111433857349297,0-10
20654,2011-07,14.0,45.3636290634237,31.3636290634237,11-50
20654,2011-08,2.0,42.65556257397368,40.65556257397368,0-10
20654,2011-09,3.0,32.236806257093,29.236806257093,0-10
20654,2011-10,23.0,35.69166701496239,12.691667014962391,11-50
20654,2011-11,3.0,36.0052405903022,33.0052405903022,0-10
20655,2011-07,16.0,47.22241867098909,31.222418670989093,11-50
20655,2011-08,10.0,37.78816671882706,27.788166718827057,0-10
20655,2011-09,3.0,31.52465394096682,28.52465394096682,0-10
20655,2011-10,10.0,30.07356861521602,20.07356861521602,0-10
20655,2011-11,1.0,17.672279198663933,16.672279198663933,0-10
20657,2011-07,2.0,30.471737450441292,28.471737450441292,0-10
20657,2011-08,5.0,30.07356861521602,25.07356861521602,0-10
20657,2011-09,2.0,23.662915311205,21.662915311205,0-10
20657,2011-10,9.0,23.662915311205,14.662915311205001,0-10
20658,2011-07,41.0,48.23874968198113,7.238749681981133,11-50
20658,2011-08,8.0,52.38569078527936,44.38569078527936,0-10
20659,2011-07,9.0,50.4024983833783,41.4024983833783,0-10
20659,2011-08,15.0,42.10232031897342,27.10232031897342,11-50
20659,2011-09,5.0,30.626810870216286,25.626810870216286,0-10
20659,2011-10,21.0,30.07356861521602,9.073568615216018,11-50
20659,2011-11,14.0,25.749064525286784,11.749064525286784,11-50
20661,2011-07,7.0,39.354112576449644,32.354112576449644,0-10
20661,2011-08,2.0,30.07356861521602,28.07356861521602,0-10
20661,2011-09,6.0,24.672983338771953,18.672983338771953,0-10
20661,2011-10,5.0,19.32134866516658,14.321348665166578,0-10
20661,2011-11,1.0,16.390997759242744,15.390997759242744,0-10
20662,2011-07,0.0,23.662915311205,23.662915311205,0-10
20663,2011-07,0.0,23.662915311205,23.662915311205,0-10
20664,2011-07,4.0,32.06381945887461,28.06381945887461,0-10
20665,2011-07,36.0,70.47132149575181,34.47132149575181,11-50
20665,2011-08,31.0,76.89322943539203,45.89322943539203,11-50
20665,2011-09,21.0,55.74711302630796,34.74711302630796,11-50
20665,2011-10,5.0,47.76570003485403,42.76570003485403,0-10
20665,2011-11,6.0,22.281829473906367,16.281829473906367,0-10
20667,2011-07,5.0,28.614382768611634,23.614382768611634,0-10
20668,2011-07,1166.0,232.5499354361486,933.4500645638514,1001-5000
20668,2011-08,320.0,552.6536179340354,232.65361793403542,101-500
20668,2011-09,2365.0,602.7212621485133,1762.2787378514868,1001-5000
20668,2011-10,4329.0,1448.436560887181,2880.5634391128187,1001-5000
20668,2011-11,1474.0,2495.777831745381,1021.7778317453808,1001-5000
20669,2011-07,34.0,62.512142369259344,28.512142369259344,11-50
20669,2011-08,34.0,85.00186086577101,51.00186086577101,11-50
20669,2011-09,18.0,56.14528186153323,38.14528186153323,11-50
20669,2011-10,28.0,47.47123138766661,19.471231387666613,11-50
20669,2011-11,7.0,35.091673940890246,28.091673940890246,0-10
20670,2011-08,1.0,23.662915311205,22.662915311205,0-10
20670,2011-09,1.0,23.662915311205,22.662915311205,0-10
20670,2011-10,2.0,18.880484830624948,16.880484830624948,0-10
20674,2011-07,93.0,128.6024140719909,35.60241407199089,51-100
20674,2011-08,124.0,114.93142899285581,9.068571007144186,101-500
20674,2011-09,156.0,137.69984746589526,18.30015253410474,101-500
20674,2011-10,107.0,149.38560858192116,42.38560858192116,101-500
20674,2011-11,38.0,87.13293769235575,49.13293769235575,11-50
20675,2011-07,209.0,251.90767844097533,42.90767844097533,101-500
20675,2011-08,258.0,268.5188443429758,10.518844342975797,101-500
20675,2011-09,198.0,249.42911403004976,51.42911403004976,101-500
20675,2011-10,173.0,238.41621333283766,65.41621333283766,101-500
20675,2011-11,39.0,134.12777317647024,95.12777317647024,11-50
20676,2011-07,479.0,415.72581949202294,63.274180507977064,101-500
20676,2011-08,216.0,443.09786612154477,227.09786612154477,101-500
20676,2011-09,218.0,324.5157954343554,106.51579543435543,101-500
20676,2011-10,454.0,319.8651815672532,134.13481843274678,101-500
20676,2011-11,102.0,237.73802060004232,135.73802060004232,101-500
20677,2011-07,394.0,308.3020100951349,85.6979899048651,101-500
20677,2011-08,243.0,321.39314530640945,78.39314530640945,101-500
20677,2011-09,178.0,300.5868133306723,122.58681333067233,101-500
20677,2011-10,209.0,254.76040707886048,45.76040707886048,101-500
20677,2011-11,144.0,162.66349132551412,18.663491325514116,101-500
20679,2011-07,213.0,164.38250419678766,48.617495803212336,101-500
20679,2011-08,142.0,193.29351525644776,51.29351525644776,101-500
20679,2011-09,263.0,186.06401853609427,76.93598146390573,101-500
20679,2011-10,162.0,222.14162001241326,60.141620012413256,101-500
20679,2011-11,47.0,115.03761277003957,68.03761277003957,11-50
20682,2011-07,118.0,71.83578855580878,46.164211444191224,101-500
20682,2011-08,181.0,120.10609657121962,60.893903428780376,101-500
20682,2011-09,136.0,192.74273496152202,56.74273496152202,101-500
20682,2011-10,124.0,162.9158609669809,38.91586096698089,101-500
20682,2011-11,94.0,88.57272775644995,5.42727224355005,51-100
20685,2011-07,164.0,510.18938008642465,346.18938008642465,101-500
20685,2011-08,188.0,329.08410543829035,141.08410543829035,101-500
20685,2011-09,196.0,326.4681587827033,130.4681587827033,101-500
20685,2011-10,339.0,353.5054634342028,14.505463434202795,101-500
20685,2011-11,86.0,294.4262621546533,208.42626215465327,51-100
20686,2011-07,48.0,30.07356861521602,17.92643138478398,11-50
20686,2011-08,31.0,69.67024342141514,38.67024342141514,11-50
20686,2011-09,27.0,58.62760608070975,31.627606080709747,11-50
20686,2011-10,62.0,50.92223555764599,11.07776444235401,51-100
20686,2011-11,2.0,42.017474798215005,40.017474798215005,0-10
20694,2011-07,0.0,23.220666541550713,23.220666541550713,0-10
20696,2011-07,0.0,23.220666541550713,23.220666541550713,0-10
20696,2011-10,3.0,20.491672524342565,17.491672524342565,0-10
20699,2011-07,0.0,23.662915311205,23.662915311205,0-10
20700,2011-07,12.0,30.029488680787008,18.029488680787008,11-50
20700,2011-08,19.0,28.37854383104996,9.37854383104996,11-50
20702,2011-07,3.0,30.243372501545622,27.243372501545622,0-10
20702,2011-08,0.0,22.779802707009082,22.779802707009082,0-10
20704,2011-07,5.0,19.32134866516658,14.321348665166578,0-10
20704,2011-08,5.0,18.880484830624948,13.880484830624948,0-10
20704,2011-09,12.0,18.880484830624948,6.8804848306249475,11-50
20704,2011-10,3.0,22.064945967261846,19.064945967261846,0-10
20704,2011-11,36.0,19.782000833824558,16.217999166175442,11-50
20705,2011-07,1.0,18.880484830624948,17.880484830624948,0-10
20705,2011-08,2.0,18.880484830624948,16.880484830624948,0-10
20705,2011-09,6.0,18.880484830624948,12.880484830624948,0-10
20705,2011-10,1.0,19.32134866516658,18.32134866516658,0-10
20705,2011-11,13.0,13.371347529813546,0.371347529813546,11-50
20707,2011-07,25.0,100.13633684860915,75.13633684860915,11-50
20707,2011-08,4.0,71.22791587172239,67.22791587172239,0-10
20707,2011-09,17.0,47.74440073713019,30.744400737130192,11-50
20707,2011-10,16.0,33.11673594940015,17.11673594940015,11-50
20707,2011-11,1.0,28.773171837615887,27.773171837615887,0-10
20711,2011-07,248.0,351.63192883107394,103.63192883107394,101-500
20711,2011-08,431.0,306.09131488839824,124.90868511160176,101-500
20711,2011-09,264.0,456.71179107157883,192.71179107157883,101-500
20711,2011-10,391.0,291.8061991495819,99.19380085041809,101-500
20711,2011-11,1.0,222.2550243770639,221.2550243770639,0-10
20712,2011-07,1004.0,837.4247556906504,166.5752443093496,1001-5000
20712,2011-08,1196.0,886.6636286501083,309.3363713498917,1001-5000
20712,2011-09,1199.0,1072.5288376747264,126.47116232527355,1001-5000
20712,2011-10,772.0,1339.1433697429495,567.1433697429495,501-1000
20712,2011-11,156.0,537.0907353983619,381.09073539836186,101-500
20713,2011-07,1718.0,746.4761667689062,971.5238332310938,1001-5000
20713,2011-08,1905.0,1403.1879620253462,501.8120379746538,1001-5000
20713,2011-09,995.0,1482.414070433337,487.414070433337,501-1000
20713,2011-10,689.0,1036.099527640317,347.0995276403171,501-1000
20713,2011-11,512.0,590.5327804532699,78.53278045326988,501-1000
20717,2011-07,186.0,263.9909109446182,77.99091094461818,101-500
20717,2011-08,71.0,242.47838372275993,171.47838372275993,51-100
20717,2011-09,125.0,148.3020730206176,23.3020730206176,101-500
20717,2011-10,234.0,175.70839227662802,58.29160772337198,101-500
20717,2011-11,18.0,113.63477524172642,95.63477524172642,11-50
20718,2011-07,421.0,313.7297817635395,107.2702182364605,101-500
20718,2011-08,242.0,412.54540441646753,170.54540441646753,101-500
20718,2011-09,298.0,375.49235221088605,77.49235221088605,101-500
20718,2011-10,505.0,404.4930298300754,100.50697016992461,501-1000
20718,2011-11,323.0,232.11154886234863,90.88845113765137,101-500
20719,2011-07,1303.0,985.2117463749516,317.78825362504836,1001-5000
20719,2011-08,1057.0,1259.5875147719387,202.5875147719387,1001-5000
20719,2011-09,986.0,1231.3222201355518,245.3222201355518,501-1000
20719,2011-10,1018.0,1146.907306092863,128.9073060928631,1001-5000
20719,2011-11,519.0,790.3426189869729,271.34261898697287,501-1000
20723,2011-07,1138.0,917.3201124613519,220.67988753864813,1001-5000
20723,2011-08,1132.0,1031.343650499879,100.656349500121,1001-5000
20723,2011-09,675.0,1149.346652725285,474.3466527252849,501-1000
20723,2011-10,935.0,991.992871025572,56.99287102557196,501-1000
20723,2011-11,357.0,537.757195168947,180.75719516894696,101-500
20724,2011-07,1862.0,1265.512495946381,596.487504053619,1001-5000
20724,2011-08,1838.0,1543.8319126566068,294.16808734339315,1001-5000
20724,2011-09,1615.0,1717.8279843399896,102.8279843399896,1001-5000
20724,2011-10,2209.0,1964.239091920243,244.76090807975697,1001-5000
20724,2011-11,847.0,1167.3435187810826,320.3435187810826,501-1000
20725,2011-07,2152.0,1741.4702923856514,410.5297076143486,1001-5000
20725,2011-08,1710.0,1796.3878618144668,86.38786181446676,1001-5000
20725,2011-09,1355.0,1834.7143817954582,479.71438179545817,1001-5000
20725,2011-10,1992.0,1645.4609739134496,346.5390260865504,1001-5000
20725,2011-11,397.0,827.9511137857538,430.9511137857538,101-500
20726,2011-07,1149.0,984.0944379889052,164.90556201109484,1001-5000
20726,2011-08,876.0,1087.400568868848,211.40056886884804,501-1000
20726,2011-09,511.0,1014.7324641677118,503.7324641677118,501-1000
20726,2011-10,697.0,955.6337336441244,258.6337336441244,501-1000
20726,2011-11,196.0,461.2028675593815,265.2028675593815,101-500
20727,2011-07,1517.0,1047.8838963901435,469.1161036098565,1001-5000
20727,2011-08,1361.0,1489.5129315182833,128.51293151828327,1001-5000
20727,2011-09,1017.0,1425.378901750028,408.37890175002804,1001-5000
20727,2011-10,1207.0,1321.0153449903019,114.01534499030186,1001-5000
20727,2011-11,313.0,767.6450802458545,454.6450802458545,101-500
20728,2011-07,1538.0,1269.0337644197282,268.9662355802718,1001-5000
20728,2011-08,1030.0,1501.6431618674592,471.6431618674592,1001-5000
20728,2011-09,849.0,1227.1435570771635,378.14355707716345,501-1000
20728,2011-10,935.0,1140.410857855113,205.4108578551129,501-1000
20728,2011-11,120.0,791.1157204723355,671.1157204723355,101-500
20733,2011-07,124.0,86.88293730997582,37.117062690024184,101-500
20733,2011-08,46.0,135.84824219709424,89.84824219709424,11-50
20733,2011-09,43.0,93.20988162378607,50.209881623786075,11-50
20733,2011-10,63.0,96.73907292474779,33.73907292474779,51-100
20733,2011-11,26.0,55.831580903866744,29.831580903866744,11-50
20735,2011-07,0.0,56.37108802909405,56.37108802909405,0-10
20735,2011-10,6.0,38.0439981908105,32.0439981908105,0-10
20735,2011-11,6.0,25.45079108751518,19.45079108751518,0-10
20748,2011-09,4.0,18.880484830624948,14.880484830624948,0-10
20748,2011-10,14.0,18.880484830624948,4.8804848306249475,11-50
20749,2011-07,127.0,103.74251071424106,23.257489285758936,101-500
20749,2011-08,153.0,154.71665135013794,1.716651350137937,101-500
20749,2011-09,127.0,196.33692574401348,69.33692574401348,101-500
20749,2011-10,281.0,156.14504643970398,124.85495356029602,101-500
20749,2011-11,149.0,136.6186358725633,12.381364127436711,101-500
20750,2011-07,163.0,90.49123571580022,72.50876428419978,101-500
20750,2011-08,143.0,160.40725951868572,17.40725951868572,101-500
20750,2011-09,121.0,154.31382860035674,33.31382860035674,101-500
20750,2011-10,212.0,160.52773322334954,51.47226677665046,101-500
20750,2011-11,48.0,114.99092141902749,66.99092141902749,11-50
20751,2011-07,84.0,79.36957583623888,4.63042416376112,51-100
20751,2011-08,44.0,112.0219845899924,68.0219845899924,11-50
20751,2011-09,76.0,69.29907456647621,6.700925433523793,51-100
20751,2011-10,50.0,98.99222889610652,48.992228896106525,11-50
20751,2011-11,1.0,56.42736803158118,55.42736803158118,0-10
20752,2011-07,30.0,64.4592426303505,34.4592426303505,11-50
20752,2011-08,33.0,50.064832595214995,17.064832595214995,11-50
20752,2011-09,17.0,69.18785891232828,52.18785891232828,11-50
20752,2011-10,25.0,41.390782121348366,16.390782121348366,11-50
20754,2011-07,127.0,94.5303127473955,32.4696872526045,101-500
20754,2011-08,109.0,169.6225362653661,60.62253626536611,101-500
20754,2011-09,47.0,124.91008055474707,77.91008055474707,11-50
20754,2011-10,43.0,95.47497101468589,52.47497101468589,11-50
20755,2011-09,31.0,60.25251101631748,29.252511016317477,11-50
20755,2011-10,87.0,62.518812903432305,24.481187096567695,51-100
20755,2011-11,12.0,57.42824761115646,45.42824761115646,11-50
20756,2011-07,0.0,39.643726176702955,39.643726176702955,0-10
20756,2011-10,13.0,44.663591798500214,31.663591798500214,11-50
20757,2011-07,1.0,39.643726176702955,38.643726176702955,0-10
20757,2011-08,3.0,35.69166701496239,32.69166701496239,0-10
20757,2011-09,10.0,24.84014187935909,14.840141879359091,0-10
20757,2011-10,60.0,36.86889358311649,23.13110641688351,51-100
20758,2011-07,3.0,46.05437948071399,43.05437948071399,0-10
20758,2011-08,11.0,41.82036104052314,30.82036104052314,11-50
20758,2011-09,12.0,37.43301151000661,25.433011510006608,11-50
20758,2011-10,37.0,43.27954688712752,6.279546887127523,11-50
20758,2011-11,7.0,45.15054806272428,38.15054806272428,0-10
20759,2011-10,26.0,36.86889358311649,10.868893583116488,11-50
20759,2011-11,1.0,42.75876579145223,41.75876579145223,0-10
20760,2011-10,18.0,42.384478967413244,24.384478967413244,11-50
20761,2011-07,2.0,34.03585067662429,32.03585067662429,0-10
20761,2011-08,16.0,29.190456011020103,13.190456011020103,11-50
20761,2011-09,12.0,31.621570689220324,19.621570689220324,11-50
20761,2011-10,14.0,30.635694613072882,16.635694613072882,11-50
20761,2011-11,3.0,23.913889300041195,20.913889300041195,0-10
20762,2011-07,9.0,29.631319845561734,20.631319845561734,0-10
20762,2011-08,7.0,25.634946528954686,18.634946528954686,0-10
20762,2011-09,7.0,28.172133998957353,21.172133998957353,0-10
20762,2011-10,8.0,25.80400801203695,17.80400801203695,0-10
20762,2011-11,1.0,18.240098456576607,17.240098456576607,0-10
20763,2011-07,5.0,23.220666541550713,18.220666541550713,0-10
20763,2011-08,5.0,22.779802707009082,17.779802707009082,0-10
20763,2011-09,2.0,22.779802707009082,20.779802707009082,0-10
20763,2011-10,24.0,22.779802707009082,1.2201972929909175,11-50
20763,2011-11,1.0,35.961160655873186,34.961160655873186,0-10
20764,2011-07,15.0,26.73805028419226,11.738050284192258,11-50
20764,2011-08,11.0,26.408199250849368,15.408199250849368,11-50
20764,2011-09,11.0,29.631319845561734,18.631319845561734,11-50
20764,2011-10,26.0,27.577082953959163,1.577082953959163,11-50
20764,2011-11,7.0,32.80487954950077,25.804879549500768,0-10
20765,2011-07,13.0,27.374169063538808,14.374169063538808,11-50
20765,2011-08,5.0,27.785120051019764,22.785120051019764,0-10
20765,2011-09,10.0,26.73805028419226,16.73805028419226,0-10
20765,2011-10,12.0,25.65134294690099,13.65134294690099,11-50
20765,2011-11,1.0,17.088618803548403,16.088618803548403,0-10
20766,2011-07,15.0,25.634946528954686,10.634946528954686,11-50
20766,2011-08,5.0,28.822479238253344,23.822479238253344,0-10
20766,2011-09,15.0,29.190456011020103,14.190456011020103,11-50
20766,2011-10,14.0,26.80636808607464,12.806368086074642,11-50
20766,2011-11,2.0,23.913889300041195,21.913889300041195,0-10
20767,2011-07,56.0,55.32778926248647,0.6722107375135309,51-100
20767,2011-08,14.0,64.66116922191624,50.66116922191624,11-50
20767,2011-09,18.0,47.84058084675586,29.840580846755863,11-50
20767,2011-10,23.0,37.78816671882706,14.788166718827057,11-50
20767,2011-11,9.0,35.091673940890246,26.091673940890246,0-10
20768,2011-07,12.0,59.074730297351074,47.074730297351074,11-50
20768,2011-08,7.0,44.06120026299905,37.06120026299905,0-10
20768,2011-09,10.0,31.126485105741544,21.126485105741544,0-10
20768,2011-10,42.0,26.901004436991478,15.098995563008522,11-50
20768,2011-11,8.0,45.12767376312621,37.12767376312621,0-10
20769,2011-07,0.0,30.471737450441292,30.471737450441292,0-10
20769,2011-10,14.0,30.07356861521602,16.07356861521602,11-50
20769,2011-11,7.0,19.684707300268578,12.684707300268578,0-10
20770,2011-07,13.0,55.32778926248647,42.32778926248647,11-50
20770,2011-08,1.0,34.47790347811775,33.47790347811775,0-10
20770,2011-09,3.0,31.126485105741544,28.126485105741544,0-10
20770,2011-10,2.0,23.662915311205,21.662915311205,0-10
20771,2011-07,0.0,54.88554049283217,54.88554049283217,0-10
20771,2011-10,22.0,30.07356861521602,8.073568615216018,11-50
20771,2011-11,2.0,32.5300426843658,30.530042684365803,0-10
20772,2011-07,16.0,53.07063848046352,37.07063848046352,11-50
20772,2011-08,13.0,39.08229383316655,26.082293833166553,11-50
20772,2011-09,21.0,31.732691038027447,10.732691038027447,11-50
20772,2011-10,105.0,45.02048759476371,59.97951240523629,101-500
20772,2011-11,4.0,67.65520889628593,63.65520889628593,0-10
20773,2011-07,3.0,23.662915311205,20.662915311205,0-10
20773,2011-08,2.0,23.662915311205,21.662915311205,0-10
20774,2011-07,4.0,23.662915311205,19.662915311205,0-10
20774,2011-08,42.0,24.672983338771953,17.327016661228047,11-50
20774,2011-09,2.0,70.1124921910694,68.1124921910694,0-10
20775,2011-09,31.0,25.236188754124278,5.763811245875722,11-50
20775,2011-10,48.0,67.46796175331706,19.467961753317056,11-50
20775,2011-11,3.0,47.35753044846043,44.35753044846043,0-10
20777,2011-08,17.0,23.662915311205,6.662915311205001,11-50
20777,2011-09,34.0,54.20237936889515,20.20237936889515,11-50
20777,2011-10,56.0,67.76177606752802,11.761776067528018,51-100
20777,2011-11,14.0,56.33995704498567,42.33995704498567,11-50
20780,2011-11,2.0,15.385484807274446,13.385484807274446,0-10
20781,2011-10,10.0,18.880484830624948,8.880484830624948,0-10
20781,2011-11,3.0,15.385484807274446,12.385484807274446,0-10
20794,2011-07,0.0,26.077195298608974,26.077195298608974,0-10
20794,2011-10,5.0,19.32134866516658,14.321348665166578,0-10
20794,2011-11,6.0,17.109073783311608,11.109073783311608,0-10
20795,2011-09,0.0,24.83323917038098,24.83323917038098,0-10
20796,2011-09,1.0,32.818781055306346,31.818781055306346,0-10
20796,2011-10,4.0,30.07356861521602,26.07356861521602,0-10
20802,2011-07,82.0,50.064832595214995,31.935167404785005,51-100
20802,2011-08,36.0,82.58011692993617,46.58011692993617,11-50
20802,2011-09,10.0,57.37203428305349,47.37203428305349,0-10
20802,2011-10,30.0,43.934478758197116,13.934478758197116,11-50
20819,2011-07,0.0,19.32134866516658,19.32134866516658,0-10
20819,2011-10,25.0,18.880484830624948,6.1195151693750525,11-50
20821,2011-08,0.0,18.880484830624948,18.880484830624948,0-10
20828,2011-07,53.0,80.78884898214409,27.78884898214409,51-100
20828,2011-08,79.0,88.42210088358951,9.422100883589508,51-100
20828,2011-09,69.0,101.29656254414598,32.296562544145985,51-100
20828,2011-10,124.0,96.63204147473718,27.36795852526282,101-500
20828,2011-11,35.0,87.35686663176674,52.356866631766735,11-50
20829,2011-07,399.0,77.79287870972878,321.20712129027123,101-500
20829,2011-08,61.0,206.03750596789288,145.03750596789288,51-100
20829,2011-09,96.0,106.4848151249531,10.484815124953101,51-100
20829,2011-10,153.0,130.99260903957003,22.007390960429973,101-500
20829,2011-11,20.0,102.97514473847184,82.97514473847184,11-50
20830,2011-07,0.0,30.07356861521602,30.07356861521602,0-10
20831,2011-07,61.0,22.779802707009082,38.22019729299092,51-100
20831,2011-08,17.0,55.373282584956826,38.373282584956826,11-50
20831,2011-09,0.0,47.84058084675586,47.84058084675586,0-10
20832,2011-07,72.0,197.29270393634334,125.29270393634334,51-100
20832,2011-08,193.0,107.24956000029317,85.75043999970683,101-500
20832,2011-09,70.0,199.51111556812072,129.51111556812072,51-100
20832,2011-10,103.0,121.07352235437581,18.07352235437581,101-500
20832,2011-11,72.0,86.31609917733624,14.316099177336241,51-100
20836,2011-09,30.0,48.93685373270184,18.93685373270184,11-50
20836,2011-10,42.0,59.85434218109221,17.854342181092207,11-50
20837,2011-07,0.0,47.10729597123951,47.10729597123951,0-10
20838,2011-07,60.0,57.77020311827876,2.229796881721242,51-100
20838,2011-08,73.0,62.68633784266319,10.313662157336807,51-100
20838,2011-09,46.0,104.00116810227505,58.001168102275045,11-50
20838,2011-10,34.0,63.78228198368006,29.782281983680058,11-50
20838,2011-11,1.0,49.060856733556825,48.060856733556825,0-10
20839,2011-07,24.0,70.95080592323575,46.95080592323575,11-50
20839,2011-08,133.0,56.62476628901717,76.37523371098283,101-500
20839,2011-09,62.0,134.72575096294227,72.72575096294227,51-100
20839,2011-10,92.0,90.22686551477032,1.7731344852296758,51-100
20839,2011-11,33.0,64.29736776573459,31.29736776573459,11-50
20840,2011-07,15.0,93.96961195509192,78.96961195509192,11-50
20840,2011-08,39.0,61.97973649972253,22.979736499722527,11-50
20840,2011-09,33.0,50.00321681047173,17.003216810471727,11-50
20840,2011-10,30.0,57.5097489215902,27.5097489215902,11-50
20840,2011-11,41.0,43.46722126458635,2.4672212645863496,11-50
20846,2011-07,40.0,49.60504797524646,9.605047975246457,11-50
20846,2011-08,28.0,61.16285234239647,33.16285234239647,11-50
20846,2011-09,37.0,57.682600722233154,20.682600722233154,11-50
20846,2011-10,90.0,62.07387145008121,27.926128549918793,51-100
20846,2011-11,44.0,61.043576117424855,17.043576117424855,11-50
20847,2011-07,7.0,34.29882444703528,27.29882444703528,0-10
20847,2011-08,5.0,19.32134866516658,14.321348665166578,0-10
20847,2011-09,1.0,23.78987073457604,22.78987073457604,0-10
20847,2011-10,1.0,22.779802707009082,21.779802707009082,0-10
20848,2011-09,1.0,23.662915311205,22.662915311205,0-10
20848,2011-10,3.0,23.662915311205,20.662915311205,0-10
20856,2011-07,10.0,55.32778926248647,45.32778926248647,0-10
20866,2011-07,6.0,30.07356861521602,24.07356861521602,0-10
20866,2011-08,117.0,23.662915311205,93.337084688795,101-500
20866,2011-09,69.0,91.6908756010275,22.6908756010275,51-100
20866,2011-10,45.0,85.73554474759274,40.73554474759274,11-50
20866,2011-11,11.0,53.36991102806988,42.36991102806988,11-50
20867,2011-10,24.0,36.86889358311649,12.868893583116488,11-50
20867,2011-11,3.0,42.75876579145223,39.75876579145223,0-10
20868,2011-07,7.0,71.53044144884656,64.53044144884656,0-10
20868,2011-08,21.0,72.07298594106612,51.07298594106612,11-50
20868,2011-09,27.0,51.39961267588722,24.39961267588722,11-50
20868,2011-10,279.0,66.88924692212245,212.11075307787755,101-500
20868,2011-11,7.0,113.60233395654359,106.60233395654359,0-10
20869,2011-07,8.0,48.77560350434225,40.77560350434225,0-10
20869,2011-08,20.0,43.27954688712752,23.279546887127523,11-50
20869,2011-09,26.0,59.47656330351923,33.47656330351923,11-50
20869,2011-10,80.0,67.97816617463802,12.02183382536198,51-100
20869,2011-11,6.0,71.56003662792058,65.56003662792058,0-10
20886,2011-07,24.0,67.92006353039527,43.92006353039527,11-50
20886,2011-08,19.0,55.74711302630796,36.74711302630796,11-50
20886,2011-09,16.0,40.1352103236921,24.1352103236921,11-50
20886,2011-10,5.0,37.78816671882706,32.78816671882706,0-10
20893,2011-07,0.0,23.220666541550713,23.220666541550713,0-10
20893,2011-10,8.0,43.569150145762556,35.569150145762556,0-10
20893,2011-11,59.0,22.509659059755666,36.49034094024434,51-100
20894,2011-10,13.0,27.73127016441572,14.731270164415719,11-50
20894,2011-11,1.0,17.269329614920636,16.269329614920636,0-10
20897,2011-07,53.0,31.920047625155842,21.079952374844158,51-100
20898,2011-07,0.0,30.07356861521602,30.07356861521602,0-10
20902,2011-07,5.0,50.98622261644805,45.98622261644805,0-10
20903,2011-07,16.0,50.98622261644805,34.98622261644805,11-50
20903,2011-08,0.0,58.161240215850796,58.161240215850796,0-10
20914,2011-07,566.0,728.8028007141573,162.80280071415734,501-1000
20914,2011-08,521.0,625.2572156290522,104.25721562905221,501-1000
20914,2011-09,388.0,678.6257714593793,290.6257714593793,101-500
20914,2011-10,762.0,711.7164496131584,50.283550386841625,501-1000
20914,2011-11,147.0,382.6071773174752,235.6071773174752,101-500
20931,2011-07,0.0,35.32000772054642,35.32000772054642,0-10
20931,2011-10,110.0,29.190456011020103,80.8095439889799,101-500
20931,2011-11,19.0,71.03016812426793,52.03016812426793,11-50
20932,2011-07,0.0,30.07356861521602,30.07356861521602,0-10
20932,2011-10,77.0,47.51044627620286,29.489553723797137,51-100
20932,2011-11,39.0,49.98348551346895,10.983485513468949,11-50
20933,2011-11,1.0,16.09900575574465,15.099005755744649,0-10
20934,2011-07,8.0,18.880484830624948,10.880484830624948,0-10
20934,2011-08,8.0,19.32134866516658,11.321348665166578,0-10
20934,2011-09,13.0,21.735628652570554,8.735628652570554,11-50
20934,2011-10,2.0,22.90595251174654,20.90595251174654,0-10
20936,2011-08,32.0,22.779802707009082,9.220197292990918,11-50
20936,2011-09,0.0,43.96731898098783,43.96731898098783,0-10
20956,2011-07,65.0,30.07356861521602,34.92643138478398,51-100
20956,2011-08,185.0,57.517576663744336,127.48242333625566,101-500
20956,2011-09,122.0,162.67088801636504,40.67088801636504,101-500
20956,2011-10,237.0,130.99863666440416,106.00136333559584,101-500
20956,2011-11,30.0,107.97735977169808,77.97735977169808,11-50
20961,2011-07,72.0,51.62789303777998,20.372106962220023,51-100
20961,2011-08,52.0,86.13612104681619,34.136121046816186,51-100
20961,2011-09,108.0,82.90530830079335,25.09469169920665,101-500
20961,2011-10,252.0,131.91675837835234,120.08324162164766,101-500
20961,2011-11,90.0,94.59582964345971,4.595829643459709,51-100
20963,2011-07,89.0,50.08270116952205,38.91729883047795,51-100
20963,2011-08,88.0,96.50034724344042,8.500347243440416,51-100
20963,2011-09,90.0,103.72623333902025,13.726233339020254,51-100
20963,2011-10,275.0,118.15084385854242,156.84915614145757,101-500
20963,2011-11,63.0,142.08549058303242,79.08549058303242,51-100
20966,2011-07,5.0,23.662915311205,18.662915311205,0-10
20969,2011-07,365.0,102.39382508723776,262.60617491276224,101-500
20969,2011-08,151.0,242.45604402424928,91.45604402424928,101-500
20969,2011-09,689.0,178.84159326238685,510.1584067376132,501-1000
20969,2011-10,212.0,604.0934946613904,392.0934946613904,101-500
20969,2011-11,55.0,144.43989855087287,89.43989855087287,51-100
20970,2011-07,62.0,78.54433038634228,16.54433038634228,51-100
20970,2011-08,146.0,88.86239845471336,57.13760154528664,101-500
20970,2011-09,213.0,140.41211858981458,72.58788141018542,101-500
20970,2011-10,236.0,230.57115876023894,5.428841239761056,101-500
20970,2011-11,42.0,124.54902850769224,82.54902850769224,11-50
20971,2011-07,1173.0,279.1747171884338,893.8252828115662,1001-5000
20971,2011-08,608.0,618.6510020008642,10.651002000864196,501-1000
20971,2011-09,4872.0,634.7631645737862,4237.2368354262135,1001-5000
20971,2011-10,1389.0,7758.953156335407,6369.953156335407,1001-5000
20971,2011-11,380.0,1156.0141551911295,776.0141551911295,101-500
20972,2011-07,1087.0,465.9251370925615,621.0748629074385,1001-5000
20972,2011-08,863.0,749.9039105004605,113.09608949953952,501-1000
20972,2011-09,672.0,871.7723481875477,199.77234818754766,501-1000
20972,2011-10,1004.0,820.6495587234065,183.35044127659353,1001-5000
20972,2011-11,208.0,492.56142271899,284.56142271899,101-500
20973,2011-07,0.0,95.87638094640164,95.87638094640164,0-10
20973,2011-10,1649.0,543.6368715619033,1105.3631284380967,1001-5000
20973,2011-11,284.0,949.3573850783772,665.3573850783772,101-500
20974,2011-07,1093.0,471.73479241191967,621.2652075880803,1001-5000
20974,2011-08,353.0,623.8371208950207,270.8371208950207,101-500
20974,2011-09,897.0,605.200141755724,291.79985824427604,501-1000
20974,2011-10,610.0,813.7980621930126,203.79806219301258,501-1000
20974,2011-11,12.0,483.3706802729874,471.3706802729874,11-50
20975,2011-10,895.0,1041.6843346158757,146.68433461587574,501-1000
20975,2011-11,300.0,402.54705321497806,102.54705321497806,101-500
20977,2011-07,431.0,153.23457141216505,277.76542858783495,101-500
20977,2011-08,217.0,282.8904593699967,65.89045936999668,101-500
20977,2011-09,88.0,242.9096392949191,154.9096392949191,51-100
20977,2011-10,62.0,158.17911416515082,96.17911416515082,51-100
20978,2011-07,120.0,142.86903592737414,22.869035927374142,101-500
20978,2011-08,135.0,126.01666739739224,8.98333260260776,101-500
20978,2011-09,354.0,148.85602292600473,205.14397707399527,101-500
20978,2011-10,309.0,285.558827780609,23.441172219390978,101-500
20978,2011-11,73.0,184.956442064206,111.95644206420599,51-100
20979,2011-07,378.0,257.0491869523762,120.9508130476238,101-500
20979,2011-08,555.0,303.0686710229039,251.9313289770961,501-1000
20979,2011-09,365.0,440.2839444660457,75.28394446604568,101-500
20979,2011-10,485.0,376.4190911029447,108.58090889705528,101-500
20979,2011-11,40.0,273.5704443456502,233.57044434565017,11-50
20981,2011-07,169.0,197.77616698566916,28.776166985669164,101-500
20981,2011-08,282.0,188.64255941822688,93.35744058177312,101-500
20981,2011-09,133.0,260.92651145882445,127.92651145882445,101-500
20981,2011-10,393.0,193.49392245663398,199.50607754336602,101-500
20981,2011-11,51.0,186.97690703611934,135.97690703611934,51-100
20982,2011-07,166.0,100.61582127609309,65.38417872390691,101-500
20982,2011-08,249.0,165.123482659582,83.87651734041799,101-500
20982,2011-09,265.0,219.52187547138294,45.47812452861706,101-500
20982,2011-10,671.0,237.69354028065914,433.30645971934086,501-1000
20982,2011-11,103.0,255.35681240997718,152.35681240997718,101-500
20983,2011-07,235.0,169.70904101257955,65.29095898742045,101-500
20983,2011-08,371.0,221.47610688237978,149.52389311762022,101-500
20983,2011-09,239.0,317.1299682276638,78.12996822766382,101-500
20983,2011-10,586.0,257.34506728020637,328.65493271979363,501-1000
20983,2011-11,60.0,220.09887242768252,160.09887242768252,51-100
20984,2011-07,568.0,477.5576504055126,90.44234959448738,501-1000
20984,2011-08,1046.0,423.16724094733223,622.8327590526678,1001-5000
20984,2011-09,194.0,755.9267598824275,561.9267598824275,101-500
20985,2011-07,121.0,124.53198102494123,3.5319810249412313,101-500
20985,2011-08,50.0,119.05589166887155,69.05589166887155,11-50
20985,2011-09,133.0,85.45497490791743,47.54502509208257,101-500
20985,2011-10,76.0,143.2528768703618,67.2528768703618,51-100
20985,2011-11,31.0,69.95264271706841,38.952642717068414,11-50
20986,2011-07,12.0,110.88536816958964,98.88536816958964,11-50
20986,2011-08,12.0,59.869332550513235,47.869332550513235,11-50
20986,2011-09,225.0,37.284972430959925,187.71502756904007,101-500
20986,2011-10,169.0,161.77825292703952,7.221747072960483,101-500
20986,2011-11,17.0,113.74138145837665,96.74138145837665,11-50
20992,2011-07,589.0,296.0345464553273,292.9654535446727,501-1000
20992,2011-08,557.0,409.1644076241213,147.83559237587872,501-1000
20992,2011-09,439.0,466.22474685210216,27.224746852102157,101-500
20992,2011-10,1160.0,474.07733259233663,685.9226674076633,1001-5000
20992,2011-11,206.0,522.698778082257,316.69877808225704,101-500
20996,2011-07,381.0,279.291275142304,101.70872485769598,101-500
20996,2011-08,402.0,287.1328027807657,114.8671972192343,101-500
20996,2011-09,527.0,336.75155184761707,190.24844815238293,501-1000
20996,2011-10,449.0,445.7083309445264,3.291669055473619,101-500
20996,2011-11,186.0,248.34394085868414,62.343940858684135,101-500
20997,2011-07,16.0,29.169164962392475,13.169164962392475,11-50
20997,2011-08,5.0,36.293001458647225,31.293001458647225,0-10
20997,2011-09,2.0,29.190456011020103,27.190456011020103,0-10
20997,2011-10,7.0,22.779802707009082,15.779802707009082,0-10
20997,2011-11,5.0,17.23003042900965,12.230030429009648,0-10
20998,2011-07,21.0,37.592653190732506,16.592653190732506,11-50
20998,2011-08,0.0,45.02048759476371,45.02048759476371,0-10
21000,2011-07,10.0,23.662915311205,13.662915311205001,0-10
21000,2011-08,6.0,23.662915311205,17.662915311205,0-10
21000,2011-09,3.0,29.631319845561734,26.631319845561734,0-10
21000,2011-10,15.0,22.779802707009082,7.7798027070090825,11-50
21000,2011-11,2.0,13.701541046204454,11.701541046204454,0-10
21001,2011-07,5.0,20.327396980181238,15.327396980181238,0-10
21001,2011-08,6.0,18.880484830624948,12.880484830624948,0-10
21001,2011-09,2.0,19.32134866516658,17.32134866516658,0-10
21001,2011-10,15.0,18.880484830624948,3.8804848306249475,11-50
21001,2011-11,1.0,13.259292276550168,12.259292276550168,0-10
21003,2011-07,9.0,23.308902095489838,14.308902095489838,0-10
21003,2011-08,16.0,20.894622108085862,4.894622108085862,11-50
21003,2011-09,0.0,31.498615662548822,31.498615662548822,0-10
21012,2011-07,93.0,66.30319411789142,26.696805882108578,51-100
21012,2011-08,68.0,102.58079650975867,34.58079650975867,51-100
21012,2011-09,87.0,96.63204147473718,9.632041474737179,51-100
21012,2011-10,158.0,104.2057177665042,53.79428223349581,101-500
21012,2011-11,140.0,95.78307585290935,44.21692414709065,101-500
21014,2011-09,602.0,231.78788124822546,370.21211875177454,501-1000
21014,2011-10,307.0,423.1292217109918,116.12922171099183,101-500
21015,2011-07,16.0,39.643726176702955,23.643726176702955,11-50
21015,2011-08,211.0,43.09031835558093,167.90968164441907,101-500
21015,2011-09,434.0,177.6932203878941,256.3067796121059,101-500
21015,2011-10,624.0,315.4247502261424,308.5752497738576,501-1000
21015,2011-11,142.0,260.15261382722286,118.15261382722286,101-500
21025,2011-07,4.0,49.852508411329836,45.852508411329836,0-10
21025,2011-08,1.0,36.74458350548791,35.74458350548791,0-10
21025,2011-09,3.0,23.662915311205,20.662915311205,0-10
21025,2011-10,18.0,23.662915311205,5.662915311205001,11-50
21025,2011-11,4.0,18.51674364935011,14.516743649350111,0-10
21026,2011-07,15.0,31.250795183370133,16.250795183370133,11-50
21026,2011-08,0.0,37.70409511656704,37.70409511656704,0-10
21026,2011-11,7.0,42.046484839269056,35.046484839269056,0-10
21027,2011-07,3.0,46.05437948071399,43.05437948071399,0-10
21027,2011-08,9.0,36.86889358311649,27.86889358311649,0-10
21027,2011-09,5.0,36.86889358311649,31.86889358311649,0-10
21027,2011-10,8.0,41.82036104052314,33.82036104052314,0-10
21028,2011-07,1.0,48.67528184317574,47.67528184317574,0-10
21028,2011-08,7.0,25.893058369884606,18.893058369884606,0-10
21028,2011-09,10.0,35.69166701496239,25.69166701496239,0-10
21028,2011-10,18.0,26.246256781691233,8.246256781691233,11-50
21028,2011-11,3.0,23.18817441877701,20.18817441877701,0-10
21030,2011-07,10.0,47.10729597123951,37.10729597123951,0-10
21030,2011-08,1.0,37.92181007364201,36.92181007364201,0-10
21030,2011-09,4.0,42.10232031897342,38.10232031897342,0-10
21030,2011-10,17.0,24.84014187935909,7.840141879359091,11-50
21031,2011-10,10.0,23.662915311205,13.662915311205001,0-10
21032,2011-07,0.0,24.84014187935909,24.84014187935909,0-10
21032,2011-10,18.0,23.662915311205,5.662915311205001,11-50
21033,2011-07,218.0,338.89420846865147,120.89420846865147,101-500
21033,2011-08,1.0,240.12322126620333,239.12322126620333,0-10
21034,2011-07,84.0,157.83561721740472,73.83561721740472,51-100
21034,2011-08,165.0,135.0784753516519,29.92152464834811,101-500
21034,2011-09,218.0,253.41906006909926,35.41906006909926,101-500
21034,2011-10,349.0,369.59130275640007,20.59130275640007,101-500
21034,2011-11,80.0,298.99810171433637,218.99810171433637,51-100
21035,2011-07,107.0,263.1842414058876,156.18424140588758,101-500
21035,2011-08,116.0,202.4883989274783,86.4883989274783,101-500
21035,2011-09,151.0,166.00390657089957,15.003906570899574,101-500
21035,2011-10,325.0,172.70477351724637,152.29522648275363,101-500
21035,2011-11,122.0,194.29576054855892,72.29576054855892,101-500
21039,2011-07,43.0,31.605969533225487,11.394030466774513,11-50
21039,2011-08,22.0,50.98946587395612,28.98946587395612,11-50
21039,2011-09,54.0,56.14528186153323,2.1452818615332276,51-100
21039,2011-10,39.0,73.77385493292932,34.773854932929325,11-50
21039,2011-11,1.0,44.22312730875428,43.22312730875428,0-10
21041,2011-07,70.0,94.5982186368506,24.598218636850604,51-100
21041,2011-08,48.0,101.26385142496031,53.26385142496031,11-50
21041,2011-09,14.0,85.08889302361047,71.08889302361047,11-50
21041,2011-10,14.0,50.94010413195305,36.94010413195305,11-50
21042,2011-07,14.0,30.534505667304607,16.534505667304607,11-50
21042,2011-08,12.0,28.631397469642938,16.631397469642938,11-50
21042,2011-09,6.0,27.391124391988996,21.391124391988996,0-10
21042,2011-10,21.0,25.7320019691776,4.732001969177599,11-50
21042,2011-11,4.0,23.462270133897288,19.462270133897288,0-10
21051,2011-07,0.0,26.077195298608974,26.077195298608974,0-10
21055,2011-07,8.0,21.904690135652817,13.904690135652817,0-10
21055,2011-08,1.0,21.904690135652817,20.904690135652817,0-10
21055,2011-09,18.0,21.294764818028927,3.294764818028927,11-50
21055,2011-10,42.0,46.84527912994946,4.845279129949461,11-50
21055,2011-11,2.0,43.64465321227071,41.64465321227071,0-10
21056,2011-07,1.0,22.788545143096073,21.788545143096073,0-10
21056,2011-08,1.0,22.34768130855444,21.34768130855444,0-10
21056,2011-09,1.0,18.880484830624948,17.880484830624948,0-10
21056,2011-10,28.0,18.880484830624948,9.119515169375052,11-50
21056,2011-11,8.0,28.133448780073852,20.133448780073852,0-10
21058,2011-07,112.0,115.80965893697308,3.8096589369730793,101-500
21058,2011-08,138.0,113.84298957091039,24.15701042908961,101-500
21058,2011-09,62.0,153.82034040763273,91.82034040763273,51-100
21058,2011-10,35.0,104.68559239594062,69.68559239594062,11-50
21058,2011-11,5.0,57.27533888220951,52.27533888220951,0-10
21059,2011-07,45.0,91.6776779242691,46.677677924269105,11-50
21059,2011-08,60.0,75.47735884184148,15.477358841841479,51-100
21059,2011-09,52.0,79.44670301152283,27.44670301152283,51-100
21059,2011-10,43.0,75.3960432495828,32.3960432495828,11-50
21059,2011-11,7.0,59.604415469348005,52.604415469348005,0-10
21060,2011-07,40.0,81.92580615558548,41.92580615558548,11-50
21060,2011-08,29.0,68.98579554895622,39.98579554895622,11-50
21060,2011-09,33.0,67.75904312743599,34.75904312743599,11-50
21060,2011-10,34.0,61.28042502589245,27.28042502589245,11-50
21060,2011-11,19.0,47.448042542887144,28.448042542887144,11-50
21061,2011-07,29.0,83.550727412331,54.550727412331,11-50
21061,2011-08,74.0,68.98579554895622,5.014204451043781,51-100
21061,2011-09,3.0,78.481959205008,75.481959205008,0-10
21061,2011-10,47.0,60.44035318638146,13.440353186381458,11-50
21061,2011-11,14.0,47.291083787108,33.291083787108,11-50
21062,2011-07,36.0,94.92284797821148,58.92284797821148,11-50
21062,2011-08,64.0,68.98579554895622,4.985795548956219,51-100
21062,2011-09,18.0,79.20773757471156,61.20773757471156,11-50
21062,2011-10,43.0,60.44035318638146,17.440353186381458,11-50
21062,2011-11,12.0,50.47296210148401,38.47296210148401,11-50
21063,2011-07,48.0,85.45274574300831,37.45274574300831,11-50
21063,2011-08,21.0,75.3960432495828,54.3960432495828,11-50
21063,2011-09,35.0,66.6866629885953,31.6866629885953,11-50
21063,2011-10,33.0,59.85434218109221,26.854342181092207,11-50
21063,2011-11,16.0,52.65708017384281,36.65708017384281,11-50
21064,2011-07,3.0,22.907050209690503,19.907050209690503,0-10
21064,2011-08,56.0,25.29113813463597,30.70886186536403,51-100
21064,2011-09,20.0,68.67290287523794,48.67290287523794,11-50
21064,2011-10,67.0,52.13786269793878,14.862137302061221,51-100
21064,2011-11,101.0,49.64174982399267,51.35825017600733,101-500
21065,2011-07,2.0,24.00707958997658,22.00707958997658,0-10
21065,2011-08,7.0,26.344054625161487,19.344054625161487,0-10
21065,2011-09,11.0,20.496453272860588,9.496453272860588,11-50
21065,2011-10,43.0,22.070639227317653,20.929360772682347,11-50
21065,2011-11,23.0,45.091565361827,22.091565361827,11-50
21066,2011-07,16.0,37.3230924667991,21.323092466799103,11-50
21066,2011-08,25.0,36.90810202894446,11.908102028944462,11-50
21066,2011-09,34.0,59.28332154522398,25.283321545223977,11-50
21066,2011-10,487.0,49.666663759989724,437.3333362400103,101-500
21066,2011-11,1.0,204.26757714098952,203.26757714098952,0-10
21067,2011-07,0.0,54.65082861581605,54.65082861581605,0-10
21068,2011-07,38.0,38.75446494365877,0.7544649436587676,11-50
21068,2011-08,76.0,77.4953287546525,1.4953287546525047,51-100
21068,2011-09,66.0,98.51274446862259,32.512744468622586,51-100
21068,2011-10,650.0,93.09410085404062,556.9058991459594,501-1000
21068,2011-11,12.0,259.6076601504837,247.6076601504837,11-50
21069,2011-07,684.0,57.58241727891577,626.4175827210843,501-1000
21070,2011-07,16.0,39.51941609907438,23.519416099074377,11-50
21070,2011-08,25.0,30.490546015955314,5.490546015955314,11-50
21070,2011-09,270.0,48.638749750414746,221.36125024958525,101-500
21070,2011-10,553.0,207.54134709008676,345.4586529099132,501-1000
21070,2011-11,5.0,192.2194027723384,187.2194027723384,0-10
21071,2011-07,32.0,36.24053937340001,4.240539373400011,11-50
21071,2011-08,114.0,48.638749750414746,65.36125024958525,101-500
21071,2011-09,137.0,114.47526466000075,22.524735339999253,101-500
21078,2011-07,363.0,296.3142159504818,66.68578404951819,101-500
21078,2011-08,129.0,331.1702828931976,202.17028289319762,101-500
21078,2011-09,24.0,284.64470302598403,260.64470302598403,11-50
21080,2011-07,1017.0,944.6432554951282,72.35674450487181,1001-5000
21080,2011-08,1018.0,1122.4873784257875,104.48737842578748,1001-5000
21080,2011-09,792.0,1119.2808218075747,327.28082180757474,501-1000
21080,2011-10,882.0,1104.388742249586,222.3887422495859,501-1000
21080,2011-11,234.0,422.53111973147423,188.53111973147423,101-500
21084,2011-07,89.0,290.1110261412507,201.1110261412507,51-100
21084,2011-08,269.0,181.90255371842576,87.09744628157424,101-500
21084,2011-09,83.0,321.31221064622207,238.31221064622207,51-100
21084,2011-10,92.0,211.6732780094842,119.67327800948419,51-100
21084,2011-11,68.0,115.14875445112868,47.14875445112868,51-100
21086,2011-07,471.0,625.758164553682,154.75816455368204,101-500
21086,2011-08,777.0,582.5576332507175,194.44236674928254,501-1000
21086,2011-09,321.0,706.1642418851527,385.1642418851527,101-500
21086,2011-10,541.0,511.2326588149937,29.767341185006273,501-1000
21086,2011-11,39.0,307.53892619528034,268.53892619528034,11-50
21088,2011-07,193.0,205.27792622133995,12.277926221339953,101-500
21088,2011-08,135.0,209.3076353639458,74.30763536394579,101-500
21088,2011-09,4.0,194.6141997508152,190.6141997508152,0-10
21088,2011-10,58.0,121.06313648345801,63.06313648345801,51-100
21088,2011-11,25.0,61.51384035035884,36.51384035035884,11-50
21089,2011-07,23.0,89.88482419011262,66.88482419011262,11-50
21090,2011-07,108.0,287.8557198028009,179.85571980280088,101-500
21090,2011-08,164.0,231.95064347893657,67.95064347893657,101-500
21090,2011-09,97.0,258.35692714170483,161.35692714170483,51-100
21090,2011-10,86.0,206.6138963152157,120.6138963152157,51-100
21090,2011-11,26.0,107.2197620561031,81.2197620561031,11-50
21094,2011-07,666.0,878.1054049162813,212.10540491628126,501-1000
21094,2011-08,891.0,878.5847104407528,12.415289559247185,501-1000
21094,2011-09,486.0,963.3577341832673,477.3577341832673,101-500
21094,2011-10,346.0,789.2301972326452,443.2301972326452,101-500
21094,2011-11,62.0,371.32977538131854,309.32977538131854,51-100
21096,2011-07,102.0,209.7518784047809,107.75187840478091,101-500
21096,2011-08,47.0,156.16981515005057,109.16981515005057,11-50
21096,2011-09,4.0,114.97545390307627,110.97545390307627,0-10
21096,2011-10,26.0,88.4249945767487,62.4249945767487,11-50
21096,2011-11,2.0,53.23473567752625,51.23473567752625,0-10
21098,2011-07,164.0,41.710420322215256,122.28957967778474,101-500
21098,2011-08,1663.0,125.83256011617766,1537.1674398838222,1001-5000
21098,2011-09,607.0,1762.3442874080395,1155.3442874080395,501-1000
21098,2011-10,333.0,399.840435717907,66.84043571790698,101-500
21098,2011-11,189.0,224.109341024886,35.10934102488599,101-500
21106,2011-07,1.0,26.612804102328777,25.612804102328777,0-10
21106,2011-08,9.0,27.73127016441572,18.73127016441572,0-10
21106,2011-09,28.0,19.32134866516658,8.678651334833422,11-50
21106,2011-10,89.0,46.903264225820905,42.096735774179095,51-100
21106,2011-11,1.0,59.852901390548276,58.852901390548276,0-10
21107,2011-07,3.0,48.638749750414746,45.638749750414746,0-10
21107,2011-08,31.0,32.98858494163596,1.9885849416359633,11-50
21107,2011-09,73.0,39.62575233494941,33.37424766505059,51-100
21107,2011-10,163.0,69.29658053693413,93.70341946306587,101-500
21107,2011-11,241.0,88.51665133082733,152.48334866917267,101-500
21108,2011-07,50.0,131.35692072600898,81.35692072600898,11-50
21108,2011-08,81.0,101.22784222160594,20.22784222160594,51-100
21108,2011-09,709.0,185.1985822653874,523.8014177346126,501-1000
21108,2011-10,2354.0,551.3665639650602,1802.6334360349397,1001-5000
21108,2011-11,208.0,1280.1494676481423,1072.1494676481423,101-500
21109,2011-07,2.0,20.244951890681932,18.244951890681932,0-10
21109,2011-08,7.0,18.880484830624948,11.880484830624948,0-10
21109,2011-09,15.0,20.894622108085862,5.894622108085862,11-50
21109,2011-10,63.0,22.343844794338178,40.65615520566182,51-100
21109,2011-11,243.0,38.74684633167956,204.25315366832044,101-500
21110,2011-07,0.0,29.165608486271356,29.165608486271356,0-10
21110,2011-10,55.0,61.72613019716247,6.726130197162469,51-100
21111,2011-07,0.0,26.770306236868656,26.770306236868656,0-10
21111,2011-10,66.0,47.9766031152054,18.0233968847946,51-100
21111,2011-11,200.0,58.0195311432549,141.9804688567451,101-500
21112,2011-07,0.0,28.99657150944475,28.99657150944475,0-10
21112,2011-10,66.0,211.31114481238708,145.31114481238708,51-100
21112,2011-11,1.0,67.07479878526694,66.07479878526694,0-10
21114,2011-07,115.0,73.68863803181063,41.311361968189374,101-500
21114,2011-08,101.0,118.78937985393216,17.78937985393216,101-500
21114,2011-09,100.0,107.71259619091666,7.712596190916656,51-100
21114,2011-10,98.0,103.44236464373876,5.442364643738756,51-100
21114,2011-11,10.0,74.54300196761338,64.54300196761338,0-10
21115,2011-07,20.0,41.1261612382453,21.126161238245302,11-50
21115,2011-08,13.0,41.53632391115629,28.536323911156288,11-50
21115,2011-09,159.0,27.78929322721427,131.21070677278573,101-500
21115,2011-10,42.0,139.01868016191113,97.01868016191113,11-50
21115,2011-11,159.0,53.78446536619413,105.21553463380587,101-500
21116,2011-07,64.0,59.50111351362596,4.49888648637404,51-100
21116,2011-08,50.0,76.81546128561115,26.81546128561115,11-50
21116,2011-09,80.0,79.57210044081431,0.4278995591856898,51-100
21116,2011-10,196.0,114.33815157107944,81.66184842892056,101-500
21116,2011-11,2.0,111.1563194262148,109.1563194262148,0-10
21117,2011-07,0.0,46.05437948071399,46.05437948071399,0-10
21117,2011-10,41.0,43.27954688712752,2.2795468871275233,11-50
21121,2011-07,440.0,473.1747244085005,33.17472440850048,101-500
21121,2011-08,552.0,515.4571428785846,36.54285712141541,501-1000
21121,2011-09,730.0,640.9740867576866,89.02591324231344,501-1000
21121,2011-10,415.0,605.1812826117952,190.18128261179515,101-500
21121,2011-11,109.0,386.802996653665,277.802996653665,101-500
21122,2011-07,705.0,408.45931863839365,296.54068136160635,501-1000
21122,2011-08,289.0,521.7592800684358,232.75928006843583,101-500
21122,2011-09,420.0,375.48982648492466,44.51017351507534,101-500
21122,2011-10,303.0,456.2588213557388,153.2588213557388,101-500
21122,2011-11,108.0,268.2288937288257,160.2288937288257,101-500
21123,2011-07,177.0,80.74661081661324,96.25338918338676,101-500
21123,2011-08,34.0,182.31158281671378,148.31158281671378,11-50
21123,2011-09,185.0,102.54783634143016,82.45216365856984,101-500
21123,2011-10,102.0,190.96683991371305,88.96683991371305,101-500
21123,2011-11,47.0,82.95214397810413,35.95214397810413,11-50
21124,2011-07,646.0,299.0294416218661,346.9705583781339,501-1000
21124,2011-08,231.0,433.40614161551866,202.40614161551866,101-500
21124,2011-09,288.0,316.84939777568616,28.849397775686157,101-500
21124,2011-10,239.0,330.72469042137794,91.72469042137794,101-500
21124,2011-11,35.0,172.884300161766,137.884300161766,11-50
21125,2011-07,29.0,71.76062814254269,42.760628142542686,11-50
21125,2011-08,85.0,61.75990945337639,23.240090546623613,51-100
21125,2011-09,123.0,104.75445650355131,18.24554349644869,101-500
21125,2011-10,54.0,135.84824219709424,81.84824219709424,51-100
21125,2011-11,12.0,54.15601275991481,42.15601275991481,11-50
21126,2011-07,44.0,71.76062814254269,27.760628142542686,11-50
21126,2011-08,47.0,67.92963816333031,20.92963816333031,11-50
21126,2011-09,41.0,91.58496036704055,50.58496036704055,11-50
21126,2011-10,54.0,90.94474379324937,36.94474379324937,51-100
21126,2011-11,24.0,54.942406689389465,30.942406689389465,11-50
21128,2011-07,5.0,18.880484830624948,13.880484830624948,0-10
21128,2011-08,1.0,18.880484830624948,17.880484830624948,0-10
21128,2011-09,5.0,18.880484830624948,13.880484830624948,0-10
21128,2011-10,4.0,20.05558943831896,16.05558943831896,0-10
21128,2011-11,8.0,13.371347529813546,5.371347529813546,0-10
21129,2011-07,3.0,21.294764818028927,18.294764818028927,0-10
21129,2011-08,2.0,18.880484830624948,16.880484830624948,0-10
21129,2011-09,4.0,18.880484830624948,14.880484830624948,0-10
21129,2011-10,13.0,18.880484830624948,5.8804848306249475,11-50
21131,2011-09,10.0,18.880484830624948,8.880484830624948,0-10
21131,2011-10,2.0,19.32134866516658,17.32134866516658,0-10
21131,2011-11,30.0,19.782000833824558,10.217999166175442,11-50
21132,2011-07,0.0,22.779802707009082,22.779802707009082,0-10
21132,2011-10,5.0,19.32134866516658,14.321348665166578,0-10
21132,2011-11,2.0,16.225961179115693,14.225961179115693,0-10
21135,2011-07,204.0,141.83978460507197,62.16021539492803,101-500
21135,2011-08,80.0,192.95368621094127,112.95368621094127,51-100
21135,2011-09,123.0,136.40976284528742,13.409762845287418,101-500
21135,2011-10,1322.0,148.3419508601227,1173.6580491398772,1001-5000
21135,2011-11,42.0,770.3163773380838,728.3163773380838,11-50
21136,2011-07,191.0,337.73148555093377,146.73148555093377,101-500
21136,2011-08,516.0,300.77853246745457,215.22146753254543,501-1000
21136,2011-09,576.0,461.93114340583867,114.06885659416133,501-1000
21136,2011-10,561.0,475.57728294151764,85.42271705848236,501-1000
21136,2011-11,81.0,267.81500100785286,186.81500100785286,51-100
21137,2011-07,367.0,703.9227675305813,336.92276753058127,101-500
21137,2011-08,719.0,577.3970607820061,141.60293921799394,501-1000
21137,2011-09,632.0,676.2890640117706,44.28906401177062,501-1000
21137,2011-10,2228.0,658.9913798452051,1569.008620154795,1001-5000
21137,2011-11,1574.0,1216.5478292826144,357.45217071738557,1001-5000
21147,2011-08,15.0,23.662915311205,8.662915311205001,11-50
21147,2011-09,72.0,25.67534341280964,46.32465658719036,51-100
21147,2011-10,70.0,100.08124713885441,30.08124713885441,51-100
21147,2011-11,7.0,54.209838449830364,47.209838449830364,0-10
21154,2011-07,265.0,303.64005187479654,38.64005187479654,101-500
21154,2011-08,221.0,304.0380773115541,83.0380773115541,101-500
21154,2011-09,413.0,317.5145119360664,95.48548806393359,101-500
21154,2011-10,429.0,322.0522078996646,106.94779210033539,101-500
21154,2011-11,126.0,207.23157901891497,81.23157901891497,101-500
21155,2011-07,236.0,263.9909109446182,27.99091094461818,101-500
21155,2011-08,212.0,286.0900534816229,74.09005348162287,101-500
21155,2011-09,218.0,295.6527556814403,77.65275568144028,101-500
21155,2011-10,244.0,311.2561060984788,67.25610609847882,101-500
21155,2011-11,51.0,167.32668545000894,116.32668545000894,51-100
21156,2011-07,141.0,131.52988250081924,9.470117499180759,101-500
21156,2011-08,298.0,150.84286922323295,147.15713077676705,101-500
21156,2011-09,337.0,242.6687173353529,94.33128266464709,101-500
21156,2011-10,569.0,296.3950582388131,272.6049417611869,501-1000
21156,2011-11,129.0,244.73535967469445,115.73535967469445,101-500
21158,2011-07,290.0,153.27238981982018,136.72761018017982,101-500
21158,2011-08,215.0,235.09129099169752,20.09129099169752,101-500
21158,2011-09,355.0,236.39178373167852,118.60821626832148,101-500
21158,2011-10,221.0,301.89138321114825,80.89138321114825,101-500
21158,2011-11,37.0,131.24080407279249,94.24080407279249,11-50
21159,2011-07,232.0,135.07308444080562,96.92691555919438,101-500
21159,2011-08,136.0,186.88089486640547,50.88089486640547,101-500
21159,2011-09,280.0,183.35836898777512,96.64163101222488,101-500
21159,2011-10,161.0,235.62123472348043,74.62123472348043,101-500
21159,2011-11,32.0,111.61622411319172,79.61622411319172,11-50
21162,2011-07,305.0,156.9651907027021,148.0348092972979,101-500
21162,2011-08,163.0,266.0092803138065,103.00928031380653,101-500
21162,2011-09,371.0,190.43310140649254,180.56689859350746,101-500
21162,2011-10,229.0,298.41959620500626,69.41959620500626,101-500
21162,2011-11,64.0,116.39558712708586,52.39558712708586,51-100
21163,2011-07,291.0,195.1232105270689,95.87678947293111,101-500
21163,2011-08,225.0,235.09129099169752,10.09129099169752,101-500
21163,2011-09,250.0,225.03343588642383,24.96656411357617,101-500
21164,2011-07,143.0,130.33402198293908,12.665978017060922,101-500
21164,2011-08,68.0,187.49393168088713,119.49393168088713,51-100
21164,2011-09,73.0,109.55825129396126,36.55825129396126,51-100
21164,2011-10,88.0,107.83723712857275,19.837237128572752,51-100
21164,2011-11,65.0,77.97285128960897,12.972851289608968,51-100
21165,2011-07,408.0,343.2498498084378,64.75015019156223,101-500
21165,2011-08,662.0,322.8397570738199,339.1602429261801,501-1000
21165,2011-09,191.0,495.97146988328143,304.97146988328143,101-500
21165,2011-10,415.0,325.8794887815944,89.12051121840562,101-500
21165,2011-11,130.0,247.95628837027712,117.95628837027712,101-500
21166,2011-07,1.0,653.3753569111972,652.3753569111972,0-10
21166,2011-08,2073.0,185.45763939959565,1887.5423606004044,1001-5000
21166,2011-09,908.0,1216.0762253061957,308.07622530619574,501-1000
21166,2011-10,1340.0,1151.9070719648093,188.09292803519065,1001-5000
21166,2011-11,868.0,643.8664629241824,224.13353707581757,501-1000
21167,2011-07,87.0,130.74066721990613,43.74066721990613,51-100
21167,2011-08,132.0,106.75810583458043,25.241894165419566,101-500
21167,2011-09,182.0,143.18806775169915,38.81193224830085,101-500
21167,2011-10,211.0,169.01884001833167,41.98115998166833,101-500
21167,2011-11,241.0,111.18059470348891,129.8194052965111,101-500
21169,2011-07,79.0,300.4404814028913,221.4404814028913,51-100
21169,2011-08,757.0,158.91799256303165,598.0820074369683,501-1000
21169,2011-09,306.0,523.3740917450907,217.3740917450907,101-500
21169,2011-10,529.0,464.7479218861275,64.25207811387253,501-1000
21169,2011-11,254.0,260.1722247905479,6.172224790547887,101-500
21171,2011-07,4.0,73.78088564826007,69.78088564826007,0-10
21172,2011-07,566.0,279.38977501149554,286.61022498850446,501-1000
21172,2011-08,227.0,476.7953565181553,249.7953565181553,101-500
21172,2011-09,257.0,364.24473943459594,107.24473943459594,101-500
21172,2011-10,439.0,330.03152433135784,108.96847566864216,101-500
21172,2011-11,90.0,225.76963474298927,135.76963474298927,51-100
21174,2011-07,265.0,291.154303481624,26.154303481624027,101-500
21174,2011-08,684.0,294.40614692874004,389.59385307125996,501-1000
21174,2011-09,458.0,613.4008571383229,155.40085713832286,101-500
21174,2011-10,570.0,451.8089531926491,118.19104680735092,501-1000
21174,2011-11,321.0,244.84112894848334,76.15887105151666,101-500
21175,2011-07,463.0,1024.716927005369,561.7169270053689,101-500
21175,2011-08,1013.0,700.5696390918761,312.43036090812393,1001-5000
21175,2011-09,950.0,957.0347079857877,7.034707985787691,501-1000
21175,2011-10,1533.0,1070.3495567308157,462.6504432691843,1001-5000
21175,2011-11,278.0,625.2799537112234,347.27995371122336,101-500
21179,2011-07,512.0,519.8538276088735,7.85382760887353,501-1000
21179,2011-08,250.0,413.8524172924996,163.85241729249958,101-500
21181,2011-08,2534.0,102.37834228380771,2431.621657716192,1001-5000
21181,2011-09,2002.0,1880.9004707436886,121.09952925631137,1001-5000
21181,2011-10,989.0,1975.4260901060613,986.4260901060613,501-1000
21181,2011-11,711.0,544.6552783550704,166.34472164492956,501-1000
21187,2011-07,2.0,48.638749750414746,46.638749750414746,0-10
21188,2011-07,36.0,56.08423429434115,20.08423429434115,11-50
21189,2011-07,5.0,43.56940226901292,38.56940226901292,0-10
21189,2011-08,5.0,31.126485105741544,26.126485105741544,0-10
21189,2011-09,6.0,23.662915311205,17.662915311205,0-10
21189,2011-10,105.0,23.662915311205,81.337084688795,101-500
21189,2011-11,69.0,63.99384615442599,5.006153845574012,51-100
21191,2011-07,3.0,37.38999788360179,34.38999788360179,0-10
21191,2011-08,20.0,31.126485105741544,11.126485105741544,11-50
21191,2011-09,28.0,37.280618122237705,9.280618122237705,11-50
21191,2011-10,124.0,48.638749750414746,75.36125024958525,101-500
21191,2011-11,44.0,76.19397529288212,32.193975292882115,11-50
21192,2011-07,308.0,48.638749750414746,259.3612502495853,101-500
21192,2011-08,17.0,156.6411272257025,139.6411272257025,11-50
21192,2011-09,344.0,60.71542765748769,283.2845723425123,101-500
21192,2011-10,57.0,227.96270255940377,170.96270255940377,51-100
21194,2011-07,66.0,57.37203428305349,8.627965716946512,51-100
21194,2011-08,39.0,86.23385952548387,47.233859525483865,11-50
21194,2011-09,52.0,69.57568767360637,17.575687673606367,51-100
21194,2011-10,53.0,83.32165996476589,30.321659964765885,51-100
21194,2011-11,35.0,71.2370482240327,36.237048224032705,11-50
21196,2011-09,1.0,43.008283772473554,42.008283772473554,0-10
21196,2011-10,0.0,31.126485105741544,31.126485105741544,0-10
21197,2011-07,72.0,48.7995919208043,23.200408079195697,51-100
21197,2011-08,0.0,71.82124017542853,71.82124017542853,0-10
21197,2011-11,12.0,41.78217079235396,29.78217079235396,11-50
21198,2011-07,48.0,106.18741994473747,58.18741994473747,11-50
21198,2011-08,50.0,74.42685377848932,24.426853778489317,11-50
21198,2011-09,1.0,63.86359757593873,62.86359757593873,0-10
21198,2011-10,62.0,47.23437491446998,14.765625085530019,51-100
21198,2011-11,12.0,41.78217079235396,29.78217079235396,11-50
21199,2011-07,36.0,96.36524458189731,60.365244581897315,11-50
21199,2011-08,1.0,68.414774913088,67.414774913088,0-10
21199,2011-09,0.0,48.60910688842042,48.60910688842042,0-10
21200,2011-07,7.0,37.70154845313322,30.70154845313322,0-10
21200,2011-08,170.0,30.07356861521602,139.926431384784,101-500
21200,2011-09,162.0,116.54772065637603,45.45227934362397,101-500
21200,2011-10,290.0,116.03890097436488,173.96109902563512,101-500
21200,2011-11,6.0,102.6161950157984,96.6161950157984,0-10
21201,2011-07,68.0,72.31527298329272,4.315272983292715,51-100
21201,2011-08,164.0,76.3635783283623,87.6364216716377,101-500
21201,2011-09,154.0,121.53743521039922,32.462564789600776,101-500
21201,2011-10,294.0,117.67728222062668,176.3227177793733,101-500
21201,2011-11,19.0,97.46542109179723,78.46542109179723,11-50
21202,2011-07,0.0,30.679774547501896,30.679774547501896,0-10
21204,2011-07,37.0,83.41442169703018,46.41442169703018,11-50
21204,2011-08,53.0,57.37203428305349,4.3720342830534875,51-100
21204,2011-09,30.0,64.00131221447546,34.00131221447546,11-50
21204,2011-10,14.0,57.37203428305349,43.37203428305349,11-50
21204,2011-11,15.0,27.756098165086073,12.756098165086073,11-50
21205,2011-07,22.0,48.240580915189476,26.240580915189476,11-50
21205,2011-08,24.0,49.666663759989724,25.666663759989724,11-50
21205,2011-09,3.0,48.240580915189476,45.240580915189476,0-10
21205,2011-10,16.0,33.87169754583188,17.87169754583188,11-50
21205,2011-11,1.0,23.537304181366224,22.537304181366224,0-10
21206,2011-07,71.0,83.04098420964435,12.04098420964435,51-100
21206,2011-08,45.0,77.98849958510782,32.98849958510782,11-50
21206,2011-09,64.0,68.90090573125094,4.900905731250944,51-100
21206,2011-10,17.0,69.95840236839544,52.95840236839544,11-50
21207,2011-07,88.0,102.39382508723776,14.393825087237758,51-100
21207,2011-08,179.0,100.75910736334818,78.24089263665182,101-500
21207,2011-09,184.0,173.57798912911895,10.422010870881053,101-500
21207,2011-10,64.0,197.1062075439107,133.1062075439107,51-100
21207,2011-11,14.0,63.80089246747158,49.80089246747158,11-50
21208,2011-07,72.0,141.02600131388795,69.02600131388795,51-100
21208,2011-08,72.0,116.45268952208141,44.452689522081414,51-100
21208,2011-09,75.0,104.33854210052066,29.338542100520655,51-100
21208,2011-10,125.0,102.77136938570303,22.228630614296975,101-500
21208,2011-11,38.0,98.13846940844553,60.13846940844553,11-50
21209,2011-07,77.0,127.01326686120117,50.013266861201174,51-100
21209,2011-08,146.0,116.58505276395555,29.414947236044455,101-500
21209,2011-09,72.0,139.40422321994075,67.40422321994075,51-100
21209,2011-10,108.0,112.4674251151891,4.467425115189101,101-500
21209,2011-11,41.0,104.51258754483923,63.512587544839235,11-50
21210,2011-07,397.0,409.9895758237288,12.989575823728785,101-500
21210,2011-08,592.0,436.1699788112909,155.8300211887091,501-1000
21210,2011-09,426.0,546.6456741519305,120.6456741519305,101-500
21210,2011-10,865.0,353.4320706504883,511.5679293495117,501-1000
21210,2011-11,59.0,422.14756164124714,363.14756164124714,51-100
21211,2011-07,124.0,82.97970677646278,41.02029322353722,101-500
21211,2011-08,27.0,116.32704704475569,89.32704704475569,11-50
21211,2011-09,237.0,69.7256258278912,167.27437417210882,101-500
21211,2011-10,44.0,145.1673200533249,101.16732005332489,11-50
21212,2011-07,3013.0,2761.0942744136464,251.90572558635358,1001-5000
21212,2011-08,3425.0,3342.6975283272086,82.3024716727914,1001-5000
21212,2011-09,2075.0,2923.0491794458517,848.0491794458517,1001-5000
21212,2011-10,2621.0,2619.8360322024387,1.1639677975613267,1001-5000
21212,2011-11,459.0,1726.20470164066,1267.20470164066,101-500
21213,2011-07,1422.0,1294.6595233662729,127.34047663372712,1001-5000
21213,2011-08,2525.0,1376.2771889086284,1148.7228110913716,1001-5000
21213,2011-09,1404.0,1933.5431465159454,529.5431465159454,1001-5000
21213,2011-10,686.0,1721.4834665242925,1035.4834665242925,501-1000
21213,2011-11,142.0,612.423471734176,470.423471734176,101-500
21215,2011-07,130.0,94.99545071625869,35.00454928374131,101-500
21215,2011-08,86.0,143.9631228474746,57.96312284747461,51-100
21215,2011-09,129.0,126.0944821716429,2.9055178283571053,101-500
21215,2011-10,32.0,124.19971645640065,92.19971645640065,11-50
21215,2011-11,2.0,65.29479994632091,63.29479994632091,0-10
21216,2011-07,190.0,177.68775297690783,12.31224702309217,101-500
21216,2011-08,199.0,219.50235808992042,20.50235808992042,101-500
21216,2011-09,75.0,228.6379884570421,153.6379884570421,51-100
21216,2011-10,168.0,149.44825721206055,18.551742787939446,101-500
21216,2011-11,43.0,114.34914939427394,71.34914939427394,11-50
21217,2011-07,77.0,71.0299849618234,5.970015038176598,51-100
21217,2011-08,57.0,100.95678338812826,43.95678338812826,51-100
21217,2011-09,42.0,101.93599644585566,59.935996445855665,11-50
21217,2011-10,119.0,81.8257846330605,37.17421536693951,101-500
21217,2011-11,42.0,81.32487114342068,39.32487114342068,11-50
21218,2011-07,239.0,159.87071690657197,79.12928309342803,101-500
21218,2011-08,121.0,210.87517564837114,89.87517564837114,101-500
21218,2011-09,79.0,177.64612248266732,98.64612248266732,51-100
21218,2011-10,274.0,133.92090083442886,140.07909916557114,101-500
21218,2011-11,42.0,136.37222807004068,94.37222807004068,11-50
21219,2011-07,13.0,50.23768439585795,37.23768439585795,11-50
21219,2011-08,33.0,46.506655181875146,13.506655181875146,11-50
21219,2011-09,33.0,48.8116015510577,15.811601551057699,11-50
21219,2011-10,60.0,61.107573225249496,1.1075732252494959,51-100
21219,2011-11,5.0,42.45972356786929,37.45972356786929,0-10
21220,2011-07,32.0,48.8116015510577,16.8116015510577,11-50
21220,2011-08,23.0,61.346538662060766,38.346538662060766,11-50
21220,2011-09,16.0,59.40021644711422,43.40021644711422,11-50
21220,2011-10,48.0,38.77417779254992,9.22582220745008,11-50
21220,2011-11,12.0,39.14450750906207,27.144507509062073,11-50
21221,2011-07,26.0,46.05437948071399,20.05437948071399,11-50
21221,2011-08,20.0,60.25251101631748,40.25251101631748,11-50
21221,2011-09,2.0,58.2905420482412,56.2905420482412,0-10
21221,2011-10,11.0,43.15523680949894,32.15523680949894,11-50
21221,2011-11,2.0,17.71604017316028,15.71604017316028,0-10
21222,2011-07,16.0,43.569150145762556,27.569150145762556,11-50
21222,2011-08,22.0,51.42579472040771,29.42579472040771,11-50
21222,2011-09,18.0,59.85434218109221,41.85434218109221,11-50
21222,2011-10,28.0,49.816918422584436,21.816918422584436,11-50
21222,2011-11,7.0,35.091673940890246,28.091673940890246,0-10
21224,2011-07,31.0,100.13633684860915,69.13633684860915,11-50
21224,2011-08,71.0,71.22791587172239,0.22791587172238792,51-100
21224,2011-09,120.0,98.13974906675219,21.860250933247812,101-500
21224,2011-10,101.0,128.83969025881444,27.839690258814443,101-500
21224,2011-11,21.0,74.11655385199474,53.11655385199474,11-50
21226,2011-07,0.0,76.51498089568747,76.51498089568747,0-10
21231,2011-07,378.0,287.0934502092985,90.90654979070149,101-500
21231,2011-08,492.0,341.85714240146723,150.14285759853277,101-500
21231,2011-09,577.0,456.3597068094929,120.64029319050712,501-1000
21231,2011-10,741.0,506.59570031741964,234.40429968258036,501-1000
21231,2011-11,156.0,324.1831621007668,168.18316210076682,101-500
21232,2011-07,548.0,820.3220817339485,272.3220817339485,501-1000
21232,2011-08,971.0,848.7583292006026,122.24167079939741,501-1000
21232,2011-09,1060.0,892.169473807853,167.83052619214698,1001-5000
21232,2011-10,1503.0,978.2303078721532,524.7696921278468,1001-5000
21232,2011-11,570.0,612.3807033798329,42.38070337983288,501-1000
21238,2011-07,361.0,397.6356300185496,36.63563001854959,101-500
21238,2011-08,145.0,373.1165363980886,228.1165363980886,101-500
21238,2011-09,140.0,301.1152030362167,161.1152030362167,101-500
21238,2011-10,296.0,261.49397975038164,34.50602024961836,101-500
21238,2011-11,62.0,167.1822546216894,105.1822546216894,51-100
21239,2011-07,335.0,277.08631976571456,57.91368023428544,101-500
21239,2011-08,106.0,278.17341895861955,172.17341895861955,101-500
21239,2011-09,187.0,213.53864190456915,26.538641904569147,101-500
21239,2011-10,122.0,210.35717646735623,88.35717646735623,101-500
21239,2011-11,39.0,113.31649039637281,74.31649039637281,11-50
21240,2011-07,255.0,290.4246722354246,35.42467223542462,101-500
21240,2011-08,117.0,303.14699142730825,186.14699142730825,101-500
21240,2011-09,98.0,245.70615777854277,147.70615777854277,51-100
21240,2011-10,192.0,160.92606278939093,31.073937210609074,101-500
21240,2011-11,35.0,119.87680793740401,84.87680793740401,11-50
21242,2011-07,247.0,295.85113453075843,48.85113453075843,101-500
21242,2011-08,145.0,281.62781260692384,136.62781260692384,101-500
21242,2011-09,319.0,242.10637398310556,76.89362601689444,101-500
21242,2011-10,193.0,264.1742802416815,71.17428024168152,101-500
21242,2011-11,138.0,146.10721808840137,8.107218088401368,101-500
21243,2011-07,212.0,146.3250549464905,65.6749450535095,101-500
21243,2011-08,83.0,195.5865023725809,112.5865023725809,51-100
21243,2011-09,192.0,135.55241472619426,56.44758527380574,101-500
21243,2011-10,185.0,173.49683577135144,11.503164228648558,101-500
21243,2011-11,35.0,107.15937649305707,72.15937649305707,11-50
21244,2011-07,267.0,223.75357570192153,43.246424298078466,101-500
21244,2011-08,32.0,230.34409292906676,198.34409292906676,11-50
21244,2011-09,10.0,111.33960913001224,101.33960913001224,0-10
21244,2011-10,4.0,57.66705921991697,53.66705921991697,0-10
21244,2011-11,2.0,28.896231748520957,26.896231748520957,0-10
21245,2011-07,55.0,109.30564259986551,54.30564259986551,51-100
21245,2011-08,27.0,69.29907456647621,42.29907456647621,11-50
21245,2011-09,64.0,63.89061390081768,0.10938609918232345,51-100
21245,2011-10,43.0,63.39846867459328,20.398468674593282,11-50
21245,2011-11,113.0,49.64042793698309,63.35957206301691,101-500
21246,2011-07,63.0,56.31162333763243,6.688376662367567,51-100
21246,2011-08,1.0,80.7147791619953,79.7147791619953,0-10
21248,2011-07,50.0,30.490546015955314,19.509453984044686,11-50
21248,2011-08,6.0,55.50823157824705,49.50823157824705,0-10
21248,2011-09,12.0,48.411601482624086,36.411601482624086,11-50
21248,2011-10,37.0,38.79743039029289,1.797430390292888,11-50
21248,2011-11,14.0,35.091673940890246,21.091673940890246,11-50
21249,2011-07,170.0,57.77020311827876,112.22979688172124,101-500
21249,2011-08,34.0,149.21326004644524,115.21326004644524,11-50
21249,2011-09,45.0,64.32217156986084,19.322171569860842,11-50
21249,2011-10,71.0,96.45422375881131,25.45422375881131,51-100
21249,2011-11,9.0,53.94938425314181,44.94938425314181,0-10
21251,2011-07,24.0,47.34551299547519,23.34551299547519,11-50
21251,2011-08,16.0,49.666663759989724,33.666663759989724,11-50
21251,2011-09,7.0,40.1352103236921,33.1352103236921,0-10
21251,2011-10,20.0,31.126485105741544,11.126485105741544,11-50
21253,2011-07,4.0,28.570302834182627,24.570302834182627,0-10
21253,2011-08,25.0,23.831952288031584,1.1680477119684163,11-50
21253,2011-09,14.0,39.62575233494941,25.62575233494941,11-50
21253,2011-10,15.0,29.925524583982465,14.925524583982465,11-50
21253,2011-11,3.0,23.913889300041195,20.913889300041195,0-10
21257,2011-07,22.0,95.03537524236991,73.03537524236991,11-50
21257,2011-08,41.0,55.29439822073073,14.294398220730727,11-50
21257,2011-09,56.0,72.7309957187667,16.730995718766707,51-100
21257,2011-10,120.0,94.79428260631398,25.205717393686015,101-500
21257,2011-11,41.0,82.94979240016619,41.94979240016619,11-50
21258,2011-10,86.0,74.36160206740144,11.638397932598565,51-100
21258,2011-11,44.0,70.28680137634085,26.286801376340847,11-50
21259,2011-07,32.0,70.38976838803222,38.38976838803222,11-50
21259,2011-08,100.0,70.17994846452957,29.820051535470427,51-100
21259,2011-09,79.0,115.09551657680605,36.09551657680605,51-100
21259,2011-10,109.0,110.74958395742729,1.7495839574272907,101-500
21259,2011-11,47.0,87.2430843310804,40.2430843310804,11-50
21260,2011-07,26.0,129.2045748617119,103.2045748617119,11-50
21260,2011-08,146.0,68.93269430932865,77.06730569067135,101-500
21260,2011-09,94.0,145.56699387739033,51.56699387739033,51-100
21260,2011-10,56.0,116.55387544071382,60.553875440713824,51-100
21260,2011-11,13.0,59.770163823382866,46.770163823382866,11-50
21261,2011-09,31.0,76.45558772918889,45.45558772918889,11-50
21261,2011-10,17.0,55.317797391450924,38.317797391450924,11-50
21261,2011-11,1.0,33.44895403094095,32.44895403094095,0-10
21262,2011-07,20.0,47.23437491446998,27.23437491446998,11-50
21262,2011-08,44.0,38.77578338241751,5.224216617582492,11-50
21262,2011-09,47.0,73.33160616327504,26.33160616327504,11-50
21262,2011-10,83.0,81.28038704404783,1.7196129559521722,51-100
21262,2011-11,11.0,62.66849737417038,51.66849737417038,11-50
21263,2011-09,40.0,50.064832595214995,10.064832595214995,11-50
21263,2011-10,47.0,57.60393842946755,10.603938429467547,11-50
21263,2011-11,11.0,46.651039620180605,35.651039620180605,11-50
21264,2011-07,12.0,34.26709123002088,22.26709123002088,11-50
21264,2011-08,74.0,30.679774547501896,43.32022545249811,51-100
21264,2011-09,18.0,67.01309472970289,49.013094729702885,11-50
21264,2011-10,119.0,48.23874968198113,70.76125031801887,101-500
21264,2011-11,15.0,70.74864203615932,55.748642036159325,11-50
21265,2011-08,26.0,36.33708139307624,10.33708139307624,11-50
21265,2011-09,38.0,48.240580915189476,10.240580915189476,11-50
21265,2011-10,16.0,49.666663759989724,33.666663759989724,11-50
21265,2011-11,18.0,38.65175003454999,20.65175003454999,11-50
21269,2011-07,4.0,18.880484830624948,14.880484830624948,0-10
21269,2011-08,0.0,18.880484830624948,18.880484830624948,0-10
21270,2011-07,6.0,18.880484830624948,12.880484830624948,0-10
21270,2011-08,0.0,20.496453272860588,20.496453272860588,0-10
21270,2011-11,1.0,13.371347529813546,12.371347529813546,0-10
21272,2011-07,6.0,58.05374656041558,52.05374656041558,0-10
21277,2011-09,2.0,18.880484830624948,16.880484830624948,0-10
21277,2011-10,4.0,18.880484830624948,14.880484830624948,0-10
21279,2011-08,14.0,26.805270388130673,12.805270388130673,11-50
21279,2011-09,0.0,31.521878789930575,31.521878789930575,0-10
21280,2011-07,18.0,23.662915311205,5.662915311205001,11-50
21280,2011-08,0.0,30.490546015955314,30.490546015955314,0-10
21284,2011-07,2.0,34.472523608330675,32.472523608330675,0-10
21284,2011-08,14.0,31.126485105741544,17.126485105741544,11-50
21284,2011-09,24.0,25.67534341280964,1.6753434128096387,11-50
21284,2011-10,5.0,48.240580915189476,43.240580915189476,0-10
21284,2011-11,172.0,25.254871499845976,146.745128500154,101-500
21285,2011-07,0.0,30.07356861521602,30.07356861521602,0-10
21285,2011-10,34.0,41.95179676841426,7.951796768414262,11-50
21285,2011-11,229.0,43.95957960768895,185.04042039231103,101-500
21286,2011-11,158.0,39.670465359009626,118.32953464099037,101-500
21287,2011-07,96.0,129.17811805241897,33.17811805241897,51-100
21287,2011-08,264.0,123.86220723127204,140.13779276872796,101-500
21287,2011-09,114.0,170.21410982274475,56.214109822744746,101-500
21287,2011-10,564.0,138.62103222017657,425.3789677798234,501-1000
21287,2011-11,15.0,190.9717437337992,175.9717437337992,11-50
21288,2011-07,20.0,31.126485105741544,11.126485105741544,11-50
21288,2011-08,55.0,45.02048759476371,9.979512405236292,51-100
21288,2011-09,85.0,73.77385493292932,11.226145067070675,51-100
21288,2011-10,22.0,103.72623333902025,81.72623333902025,11-50
21288,2011-11,10.0,44.22312730875428,34.22312730875428,0-10
21289,2011-07,52.0,68.64125364008002,16.641253640080024,51-100
21289,2011-08,106.0,75.3960432495828,30.603956750417197,101-500
21289,2011-09,32.0,108.41190317222173,76.41190317222173,11-50
21289,2011-10,22.0,68.98579554895622,46.98579554895622,11-50
21289,2011-11,1.0,49.07691293445134,48.07691293445134,0-10
21291,2011-07,33.0,152.63645896323752,119.63645896323752,11-50
21291,2011-08,98.0,89.23943434524614,8.760565654753862,51-100
21291,2011-09,16.0,111.94917526001932,95.94917526001932,11-50
21291,2011-10,99.0,69.70408680404223,29.295913195957766,51-100
21292,2011-08,97.0,68.98579554895622,28.01420445104378,51-100
21292,2011-09,0.0,96.41171244419782,96.41171244419782,0-10
21293,2011-07,20.0,23.220666541550713,3.220666541550713,11-50
21293,2011-08,16.0,37.72286689189199,21.72286689189199,11-50
21293,2011-09,11.0,36.33708139307624,25.33708139307624,11-50
21293,2011-10,37.0,30.07356861521602,6.926431384783982,11-50
21293,2011-11,1.0,40.67667135972912,39.67667135972912,0-10
21294,2011-07,16.0,195.91939216051102,179.91939216051102,11-50
21294,2011-08,32.0,201.70947645733523,169.70947645733523,11-50
21294,2011-09,44.0,97.31674552906192,53.31674552906192,11-50
21306,2011-07,105.0,78.29779294875287,26.70220705124713,101-500
21306,2011-08,101.0,110.67437032793369,9.674370327933687,101-500
21306,2011-09,79.0,102.1238599476754,23.1238599476754,51-100
21306,2011-10,108.0,106.95794601262102,1.0420539873789778,101-500
21306,2011-11,3.0,95.03543844018984,92.03543844018984,0-10
21311,2011-07,179.0,134.13444308680144,44.86555691319856,101-500
21311,2011-08,32.0,172.3050479591446,140.3050479591446,11-50
21311,2011-09,7.0,135.3542049423948,128.3542049423948,0-10
21311,2011-10,45.0,73.83422685061416,28.834226850614158,11-50
21311,2011-11,2.0,55.901721578001556,53.901721578001556,0-10
21313,2011-07,249.0,224.23019025777847,24.769809742221526,101-500
21313,2011-08,266.0,200.7462033353813,65.2537966646187,101-500
21313,2011-09,293.0,243.7770077293904,49.22299227060961,101-500
21313,2011-10,293.0,250.22522726505076,42.77477273494924,101-500
21313,2011-11,62.0,138.48072470704153,76.48072470704153,51-100
21314,2011-07,228.0,272.9493940206093,44.949394020609304,101-500
21314,2011-08,490.0,280.78627340233663,209.21372659766337,101-500
21314,2011-09,314.0,479.61794044792276,165.61794044792276,101-500
21314,2011-10,403.0,347.45043481585014,55.549565184149856,101-500
21314,2011-11,226.0,213.1219799672662,12.878020032733787,101-500
21317,2011-08,29.0,19.890552858191906,9.109447141808094,11-50
21317,2011-09,7.0,39.22758349972414,32.22758349972414,0-10
21317,2011-10,25.0,28.477214409267923,3.4772144092679227,11-50
21317,2011-11,12.0,35.12668306170495,23.126683061704952,11-50
21326,2011-07,473.0,751.4960171053757,278.4960171053757,101-500
21326,2011-08,1627.0,708.4337370363104,918.5662629636896,1001-5000
21326,2011-09,679.0,1080.4887026250872,401.48870262508717,501-1000
21326,2011-10,1141.0,956.859404545202,184.14059545479802,1001-5000
21326,2011-11,600.0,563.7095535601856,36.290446439814446,501-1000
21327,2011-07,25.0,136.12506976346526,111.12506976346526,11-50
21327,2011-08,44.0,70.65689523585417,26.656895235854165,11-50
21327,2011-09,86.0,81.71851739549379,4.281482604506209,51-100
21327,2011-10,176.0,116.04643817431295,59.953561825687046,101-500
21327,2011-11,29.0,113.10903946055835,84.10903946055835,11-50
21328,2011-07,25.0,212.0214632748499,187.0214632748499,11-50
21328,2011-08,137.0,95.18818326773659,41.81181673226341,101-500
21328,2011-09,106.0,165.02573837316297,59.025738373162966,101-500
21328,2011-10,222.0,174.69678414827396,47.30321585172604,101-500
21328,2011-11,22.0,114.96636227462537,92.96636227462537,11-50
21329,2011-07,23.0,136.12506976346526,113.12506976346526,11-50
21329,2011-08,106.0,87.9912491825735,18.008750817426503,101-500
21329,2011-09,85.0,130.96055459735678,45.960554597356776,51-100
21329,2011-10,221.0,119.90805203051579,101.09194796948421,101-500
21329,2011-11,32.0,114.96636227462537,82.96636227462537,11-50
21331,2011-10,1.0,18.880484830624948,17.880484830624948,0-10
21340,2011-07,56.0,86.74767774872507,30.747677748725067,51-100
21340,2011-08,59.0,88.88008748600666,29.88008748600666,51-100
21340,2011-09,64.0,102.82521357804488,38.82521357804488,51-100
21340,2011-10,86.0,100.8387837468295,14.838783746829506,51-100
21340,2011-11,15.0,68.17700186343838,53.17700186343838,11-50
21344,2011-11,3.0,13.371347529813546,10.371347529813546,0-10
21351,2011-08,7.0,25.29113813463597,18.29113813463597,0-10
21351,2011-09,9.0,19.32134866516658,10.321348665166578,0-10
21351,2011-10,22.0,21.506521300427544,0.4934786995724565,11-50
21351,2011-11,7.0,31.90981162978648,24.90981162978648,0-10
21352,2011-07,8.0,18.880484830624948,10.880484830624948,0-10
21352,2011-08,121.0,20.496453272860588,100.50354672713941,101-500
21352,2011-09,131.0,116.24246010807548,14.757539891924523,101-500
21352,2011-10,22.0,138.09876431265454,116.09876431265454,11-50
21354,2011-07,0.0,26.76872686630619,26.76872686630619,0-10
21354,2011-10,96.0,62.3302125275775,33.6697874724225,51-100
21354,2011-11,24.0,71.49160226365218,47.49160226365218,11-50
21355,2011-07,18.0,44.97738237494272,26.97738237494272,11-50
21355,2011-08,5.0,43.09031835558093,38.09031835558093,0-10
21355,2011-09,7.0,43.27954688712752,36.27954688712752,0-10
21355,2011-10,16.0,36.86889358311649,20.86889358311649,11-50
21355,2011-11,3.0,31.841277343061872,28.841277343061872,0-10
21356,2011-07,39.0,29.78470662778762,9.215293372212379,11-50
21356,2011-08,102.0,49.20977038628297,52.79022961371703,101-500
21356,2011-09,75.0,129.6449141440757,54.6449141440757,51-100
21356,2011-10,157.0,108.87125941296294,48.12874058703706,101-500
21356,2011-11,67.0,96.86590915620246,29.865909156202463,51-100
21358,2011-07,42.0,31.126485105741544,10.873514894258456,11-50
21358,2011-08,29.0,51.56048650982434,22.560486509824337,11-50
21358,2011-09,42.0,85.57288150163923,43.57288150163923,11-50
21358,2011-10,59.0,85.5045111007223,26.504511100722297,51-100
21358,2011-11,9.0,52.589158346305695,43.589158346305695,0-10
21363,2011-07,4.0,32.53034832904621,28.530348329046213,0-10
21363,2011-08,6.0,25.29113813463597,19.29113813463597,0-10
21364,2011-07,0.0,18.880484830624948,18.880484830624948,0-10
21365,2011-07,80.0,86.7755522027487,6.775552202748699,51-100
21365,2011-08,48.0,94.64598865241182,46.645988652411816,11-50
21365,2011-09,11.0,63.78228198368006,52.78228198368006,11-50
21365,2011-10,20.0,68.6134948657601,48.6134948657601,11-50
21365,2011-11,52.0,40.96126527120504,11.038734728794957,51-100
21366,2011-07,0.0,50.98622261644805,50.98622261644805,0-10
21366,2011-10,4.0,18.880484830624948,14.880484830624948,0-10
21366,2011-11,3.0,13.371347529813546,10.371347529813546,0-10
21367,2011-07,4.0,63.48423698361069,59.48423698361069,0-10
21367,2011-08,13.0,41.888358933775926,28.888358933775926,11-50
21367,2011-09,15.0,45.32536282032207,30.32536282032207,11-50
21367,2011-10,12.0,44.1877647657245,32.1877647657245,11-50
21367,2011-11,13.0,23.514033827266818,10.514033827266818,11-50
21368,2011-07,4.0,70.89469243926888,66.89469243926888,0-10
21368,2011-08,19.0,53.91711063753331,34.91711063753331,11-50
21368,2011-09,8.0,50.982669665896424,42.982669665896424,0-10
21368,2011-10,10.0,51.570067032668256,41.570067032668256,0-10
21368,2011-11,12.0,25.448669127055087,13.448669127055087,11-50
21369,2011-07,12.0,48.7995919208043,36.7995919208043,11-50
21369,2011-08,26.0,43.27954688712752,17.279546887127523,11-50
21369,2011-09,1.0,59.85434218109221,58.85434218109221,0-10
21369,2011-10,2.0,47.07767581774337,45.07767581774337,0-10
21369,2011-11,12.0,23.03651110011118,11.03651110011118,11-50
21371,2011-07,77.0,87.17372103797396,10.173721037973962,51-100
21371,2011-08,14.0,89.43249978201415,75.43249978201415,11-50
21371,2011-09,10.0,57.414446677428785,47.414446677428785,0-10
21371,2011-10,4.0,51.651382624926924,47.651382624926924,0-10
21371,2011-11,38.0,29.322854326493637,8.677145673506363,11-50
21372,2011-07,5.0,46.45254831593926,41.45254831593926,0-10
21372,2011-08,15.0,49.42823128962718,34.42823128962718,11-50
21372,2011-09,8.0,45.11455057222521,37.11455057222521,0-10
21372,2011-10,11.0,50.11898170691747,39.11898170691747,11-50
21373,2011-07,51.0,82.08488849059547,31.084888490595475,51-100
21373,2011-08,46.0,84.48020403664617,38.48020403664617,11-50
21373,2011-09,61.0,84.87837287187143,23.878372871871434,51-100
21373,2011-10,112.0,85.56768796701756,26.432312032982438,101-500
21373,2011-11,73.0,78.78193103022527,5.781931030225266,51-100
21374,2011-07,5.0,66.85711111452999,61.857111114529985,0-10
21374,2011-08,54.0,60.44035318638146,6.440353186381458,51-100
21374,2011-09,4.0,62.60322713985884,58.60322713985884,0-10
21374,2011-10,27.0,59.26312661822735,32.26312661822735,11-50
21374,2011-11,36.0,36.974430061395694,0.9744300613956938,11-50
21375,2011-07,3.0,19.890552858191906,16.890552858191906,0-10
21375,2011-08,4.0,18.880484830624948,14.880484830624948,0-10
21375,2011-09,1.0,18.880484830624948,17.880484830624948,0-10
21375,2011-10,1.0,18.880484830624948,17.880484830624948,0-10
21375,2011-11,3.0,13.371347529813546,10.371347529813546,0-10
21376,2011-10,2.0,18.880484830624948,16.880484830624948,0-10
21376,2011-11,2.0,13.371347529813546,11.371347529813546,0-10
21377,2011-07,8.0,26.077195298608974,18.077195298608974,0-10
21377,2011-08,3.0,24.672983338771953,21.672983338771953,0-10
21377,2011-09,12.0,26.077195298608974,14.077195298608974,11-50
21377,2011-10,12.0,26.008343778074988,14.008343778074988,11-50
21377,2011-11,25.0,23.115864992041544,1.8841350079584558,11-50
21378,2011-07,1.0,30.07356861521602,29.07356861521602,0-10
21378,2011-08,0.0,23.662915311205,23.662915311205,0-10
21378,2011-11,35.0,22.509659059755666,12.490340940244334,11-50
21379,2011-07,2.0,31.732691038027447,29.732691038027447,0-10
21379,2011-08,1.0,31.126485105741544,30.126485105741544,0-10
21379,2011-09,38.0,23.662915311205,14.337084688794999,11-50
21379,2011-10,8.0,43.96731898098783,35.96731898098783,0-10
21379,2011-11,27.0,34.838168284727324,7.838168284727324,11-50
21380,2011-07,435.0,171.03535081711146,263.96464918288854,101-500
21380,2011-08,91.0,283.3985364222058,192.39853642220578,51-100
21380,2011-09,246.0,156.78266113826268,89.21733886173732,101-500
21380,2011-10,95.0,216.06826046095418,121.06826046095418,51-100
21380,2011-11,6.0,122.52612393907035,116.52612393907035,0-10
21381,2011-07,81.0,162.28031543187905,81.28031543187905,51-100
21381,2011-08,166.0,110.25680086263252,55.74319913736748,101-500
21381,2011-09,71.0,170.00022331007293,99.00022331007293,51-100
21381,2011-10,86.0,107.04659715325417,21.04659715325417,51-100
21381,2011-11,10.0,77.84278063034527,67.84278063034527,0-10
21382,2011-07,108.0,200.2090249630735,92.20902496307349,101-500
21382,2011-08,241.0,149.63021084174727,91.36978915825273,101-500
21382,2011-09,86.0,167.33433528315453,81.33433528315453,51-100
21382,2011-10,62.0,124.99950954196585,62.99950954196585,51-100
21382,2011-11,3.0,63.96410243906793,60.96410243906793,0-10
21383,2011-07,2.0,87.44259873838163,85.44259873838163,0-10
21383,2011-08,6.0,71.60284437743138,65.60284437743138,0-10
21383,2011-09,4.0,39.286277133699,35.286277133699,0-10
21383,2011-10,54.0,37.92181007364201,16.078189926357993,51-100
21383,2011-11,18.0,39.5192451626499,21.519245162649902,11-50
21385,2011-07,125.0,298.94742611396106,173.94742611396106,101-500
21385,2011-08,245.0,265.32223491126547,20.32223491126547,101-500
21385,2011-09,249.0,289.2843266316579,40.284326631657905,101-500
21385,2011-10,121.0,267.5656773500671,146.56567735006712,101-500
21385,2011-11,45.0,161.15368900049916,116.15368900049916,11-50
21386,2011-07,24.0,102.40238158525469,78.40238158525469,11-50
21386,2011-08,24.0,87.1370079214051,63.1370079214051,11-50
21386,2011-09,110.0,69.48556461169692,40.514435388303085,101-500
21386,2011-10,76.0,110.50672641932336,34.50672641932336,51-100
21386,2011-11,76.0,80.07186863700169,4.071868637001685,51-100
21389,2011-07,33.0,109.440300120168,76.440300120168,11-50
21389,2011-08,31.0,80.14828674000614,49.14828674000614,11-50
21389,2011-09,6.0,71.76819378183943,65.76819378183943,0-10
21389,2011-10,22.0,48.44214287780035,26.44214287780035,11-50
21389,2011-11,14.0,40.17542432096598,26.17542432096598,11-50
21390,2011-07,192.0,285.52840449631583,93.52840449631583,101-500
21390,2011-08,632.0,272.00975701639317,359.99024298360683,501-1000
21390,2011-09,439.0,436.0454894648832,2.9545105351168104,101-500
21390,2011-10,179.0,276.7505723037605,97.75057230376052,101-500
21390,2011-11,45.0,170.23928605998785,125.23928605998785,11-50
21391,2011-07,201.0,200.2090249630735,0.7909750369265112,101-500
21391,2011-08,33.0,433.0360492723624,400.0360492723624,11-50
21391,2011-09,9.0,124.12529037641309,115.12529037641309,0-10
21391,2011-10,1.0,76.91719565026632,75.91719565026632,0-10
21394,2011-07,587.0,422.3616593442009,164.63834065579908,501-1000
21394,2011-08,449.0,508.6308852276947,59.630885227694705,101-500
21394,2011-09,21.0,531.7986569930689,510.7986569930689,11-50
21394,2011-10,28.0,260.05276386632397,232.05276386632397,11-50
21395,2011-07,471.0,450.5190399182133,20.48096008178669,101-500
21395,2011-08,0.0,423.6405575422846,423.6405575422846,0-10
21400,2011-07,115.0,130.74066721990613,15.740667219906129,101-500
21400,2011-08,111.0,122.89745007610713,11.897450076107134,101-500
21400,2011-09,109.0,144.34788469917828,35.34788469917828,101-500
21400,2011-10,90.0,152.14536854183063,62.145368541830635,51-100
21400,2011-11,8.0,104.48970831527447,96.48970831527447,0-10
21401,2011-07,101.0,148.18164612436883,47.181646124368825,101-500
21401,2011-08,133.0,128.59080452140893,4.409195478591073,101-500
21401,2011-09,91.0,155.05385854061518,64.05385854061518,51-100
21401,2011-10,70.0,218.73557075515495,148.73557075515495,51-100
21401,2011-11,36.0,97.39551645099137,61.395516450991366,11-50
21402,2011-07,128.0,163.35211321362698,35.35211321362698,101-500
21402,2011-08,152.0,156.84005380551008,4.840053805510081,101-500
21402,2011-09,70.0,155.5972989808451,85.5972989808451,51-100
21402,2011-10,213.0,123.3797403751631,89.6202596248369,101-500
21402,2011-11,5.0,104.67186062431695,99.67186062431695,0-10
21403,2011-07,175.0,273.9056752939345,98.90567529393451,101-500
21403,2011-08,213.0,176.34612989583587,36.65387010416413,101-500
21403,2011-09,67.0,188.0684067160538,121.0684067160538,51-100
21403,2011-10,271.0,151.4082808475515,119.59171915244849,101-500
21403,2011-11,6.0,197.946857476744,191.946857476744,0-10
21407,2011-07,21.0,39.08272309433482,18.082723094334817,11-50
21407,2011-08,50.0,59.801947265838564,9.801947265838564,11-50
21407,2011-09,18.0,69.4322882868909,51.432288286890895,11-50
21407,2011-10,4.0,67.3617759990944,63.361775999094405,0-10
21408,2011-07,19.0,27.663771048505634,8.663771048505634,11-50
21408,2011-08,15.0,32.393683582263094,17.393683582263094,11-50
21408,2011-09,23.0,27.578480979117412,4.578480979117412,11-50
21408,2011-10,27.0,63.4202094214896,36.4202094214896,11-50
21408,2011-11,106.0,32.80487954950077,73.19512045049923,101-500
21411,2011-07,33.0,50.98622261644805,17.986222616448053,11-50
21411,2011-08,47.0,71.93510031866747,24.935100318667466,11-50
21411,2011-09,52.0,70.85837113169114,18.858371131691143,51-100
21411,2011-10,71.0,93.51722653285253,22.517226532852533,51-100
21411,2011-11,301.0,59.71834293909833,241.28165706090167,101-500
21415,2011-07,26.0,43.12690137610827,17.126901376108272,11-50
21415,2011-08,37.0,48.240580915189476,11.240580915189476,11-50
21415,2011-09,27.0,49.666663759989724,22.666663759989724,11-50
21415,2011-10,15.0,55.74711302630796,40.74711302630796,11-50
21415,2011-11,37.0,27.756098165086073,9.243901834913927,11-50
21417,2011-07,15.0,48.638749750414746,33.638749750414746,11-50
21417,2011-08,39.0,32.57479528045609,6.425204719543913,11-50
21417,2011-09,10.0,48.240580915189476,38.240580915189476,0-10
21417,2011-10,22.0,43.45499433071318,21.454994330713177,11-50
21417,2011-11,143.0,40.6325914253001,102.36740857469991,101-500
21418,2011-09,7.0,23.78987073457604,16.78987073457604,0-10
21418,2011-10,0.0,19.32134866516658,19.32134866516658,0-10
21420,2011-07,4.0,18.880484830624948,14.880484830624948,0-10
21420,2011-08,2.0,23.662915311205,21.662915311205,0-10
21420,2011-09,1.0,23.662915311205,22.662915311205,0-10
21420,2011-10,4.0,18.880484830624948,14.880484830624948,0-10
21420,2011-11,28.0,13.371347529813546,14.628652470186454,11-50
21422,2011-07,17.0,73.95423881415793,56.95423881415793,11-50
21422,2011-08,338.0,69.13306616817401,268.866933831826,101-500
21422,2011-09,459.0,167.21768260358579,291.7823173964142,101-500
21422,2011-10,24.0,270.673008796589,246.673008796589,11-50
21424,2011-07,26.0,44.50737298677684,18.507372986776844,11-50
21424,2011-08,28.0,45.18640023656555,17.186400236565547,11-50
21424,2011-09,41.0,45.723265949176586,4.723265949176586,11-50
21425,2011-09,6.0,19.32134866516658,13.321348665166578,0-10
21425,2011-10,16.0,25.634946528954686,9.634946528954686,11-50
21425,2011-11,6.0,22.213115512024764,16.213115512024764,0-10
21426,2011-07,2.0,47.84058084675586,45.84058084675586,0-10
21426,2011-08,13.0,30.243372501545622,17.243372501545622,11-50
21426,2011-09,30.0,27.061260268600506,2.938739731399494,11-50
21426,2011-10,36.0,47.798332145535184,11.798332145535184,11-50
21426,2011-11,1.0,41.849780094786475,40.849780094786475,0-10
21427,2011-08,12.0,19.32134866516658,7.321348665166578,11-50
21427,2011-09,18.0,24.83323917038098,6.833239170380981,11-50
21427,2011-10,19.0,36.33708139307624,17.33708139307624,11-50
21427,2011-11,6.0,29.171340672841158,23.171340672841158,0-10
21428,2011-07,50.0,77.85237122383388,27.852371223833885,11-50
21428,2011-08,88.0,71.01900345026603,16.980996549733973,51-100
21428,2011-09,116.0,100.39302547904121,15.606974520958786,101-500
21428,2011-10,170.0,116.77288871124058,53.22711128875942,101-500
21428,2011-11,20.0,107.78101820614478,87.78101820614478,11-50
21429,2011-07,191.0,180.51782053306118,10.482179466938817,101-500
21429,2011-08,220.0,172.78734915380036,47.21265084619964,101-500
21429,2011-09,188.0,223.40901511817626,35.40901511817626,101-500
21429,2011-10,318.0,219.62502767388995,98.37497232611005,101-500
21429,2011-11,103.0,202.02077240851222,99.02077240851222,101-500
21430,2011-07,636.0,189.99672018945694,446.00327981054306,501-1000
21430,2011-08,239.0,421.7472524322853,182.74725243228528,101-500
21430,2011-09,187.0,291.16192790966505,104.16192790966505,101-500
21430,2011-10,183.0,268.5671387266687,85.5671387266687,101-500
21430,2011-11,40.0,167.50262064254701,127.50262064254701,11-50
21439,2011-07,41.0,114.03301635961522,73.03301635961522,11-50
21439,2011-08,4.0,80.21440037617445,76.21440037617445,0-10
21439,2011-09,29.0,53.1982123758579,24.1982123758579,11-50
21439,2011-10,186.0,49.30097517922759,136.69902482077242,101-500
21439,2011-11,20.0,90.19985469904034,70.19985469904034,11-50
21441,2011-09,16.0,37.92181007364201,21.921810073642007,11-50
21441,2011-10,19.0,48.04178581298757,29.04178581298757,11-50
21441,2011-11,140.0,35.10447124969654,104.89552875030347,101-500
21442,2011-07,1.0,62.629174774678674,61.629174774678674,0-10
21442,2011-08,30.0,45.90044924958927,15.900449249589272,11-50
21442,2011-09,15.0,42.96506617393677,27.96506617393677,11-50
21442,2011-10,17.0,47.91978006017203,30.91978006017203,11-50
21442,2011-11,140.0,35.10447124969654,104.89552875030347,101-500
21446,2011-07,12.0,53.30286793730733,41.30286793730733,11-50
21446,2011-08,92.0,31.732691038027447,60.26730896197255,51-100
21446,2011-09,15.0,96.02086281595648,81.02086281595648,11-50
21446,2011-10,52.0,58.958313442828484,6.958313442828484,51-100
21446,2011-11,12.0,39.62399193654601,27.623991936546012,11-50
21447,2011-07,108.0,107.38897933142655,0.6110206685734454,101-500
21447,2011-08,41.0,134.63481102221553,93.63481102221553,11-50
21448,2011-07,14.0,35.132847101578854,21.132847101578854,11-50
21448,2011-08,6.0,32.57479528045609,26.574795280456087,0-10
21448,2011-09,5.0,30.07356861521602,25.07356861521602,0-10
21452,2011-07,78.0,64.19878843366195,13.801211566338054,51-100
21452,2011-08,34.0,98.51274446862259,64.51274446862259,11-50
21452,2011-09,57.0,57.37203428305349,0.3720342830534875,51-100
21452,2011-10,76.0,84.66184880173874,8.661848801738742,51-100
21452,2011-11,26.0,65.86686985511633,39.866869855116335,11-50
21454,2011-07,8.0,73.86083794462702,65.86083794462702,0-10
21454,2011-08,7.0,45.69693043771002,38.69693043771002,0-10
21454,2011-09,4.0,41.700557121102975,37.700557121102975,0-10
21454,2011-10,4.0,37.87896161068345,33.87896161068345,0-10
21454,2011-11,7.0,23.03651110011118,16.03651110011118,0-10
21455,2011-07,14.0,75.16693422210565,61.16693422210565,11-50
21455,2011-08,1.0,66.32287505551075,65.32287505551075,0-10
21455,2011-09,10.0,45.69693043771002,35.69693043771002,0-10
21455,2011-10,3.0,37.92181007364201,34.92181007364201,0-10
21455,2011-11,6.0,29.447164404122223,23.447164404122223,0-10
21458,2011-08,0.0,23.662915311205,23.662915311205,0-10
21462,2011-07,3.0,25.321330197094486,22.321330197094486,0-10
21462,2011-08,19.0,25.29113813463597,6.291138134635968,11-50
21462,2011-09,3.0,27.722252812836178,24.722252812836178,0-10
21462,2011-10,5.0,25.29113813463597,20.29113813463597,0-10
21462,2011-11,91.0,14.546452137507549,76.45354786249246,51-100
21463,2011-07,26.0,44.29718310437633,18.29718310437633,11-50
21463,2011-08,118.0,64.84629226628985,53.15370773371015,101-500
21463,2011-09,65.0,110.13369801396232,45.13369801396232,51-100
21463,2011-10,104.0,85.52919059473432,18.470809405265683,101-500
21463,2011-11,23.0,80.83314839304228,57.83314839304228,11-50
21464,2011-07,8.0,35.397933538932946,27.397933538932946,0-10
21464,2011-08,20.0,30.029488680787008,10.029488680787008,11-50
21464,2011-09,31.0,41.268171552560965,10.268171552560965,11-50
21464,2011-10,39.0,67.31952729787373,28.319527297873734,11-50
21464,2011-11,3.0,36.07550801603621,33.07550801603621,0-10
21465,2011-07,20.0,60.897619358233506,40.897619358233506,11-50
21465,2011-08,18.0,53.44798046594701,35.44798046594701,11-50
21465,2011-09,20.0,37.34591794917277,17.345917949172772,11-50
21465,2011-10,12.0,44.57823882510942,32.57823882510942,11-50
21465,2011-11,6.0,22.353056519623486,16.353056519623486,0-10
21466,2011-07,16.0,74.44593923418955,58.44593923418955,11-50
21466,2011-08,10.0,46.21565959001035,36.21565959001035,0-10
21466,2011-09,7.0,31.08240517131253,24.08240517131253,0-10
21466,2011-10,28.0,30.684236336087256,2.684236336087256,11-50
21466,2011-11,9.0,30.988062429376008,21.988062429376008,0-10
21467,2011-07,51.0,68.84640023900629,17.846400239006286,51-100
21467,2011-08,7.0,64.63968494611105,57.639684946111046,0-10
21467,2011-09,6.0,47.23437491446998,41.23437491446998,0-10
21467,2011-10,3.0,22.83124533281534,19.83124533281534,0-10
21467,2011-11,2.0,16.268809642074253,14.268809642074253,0-10
21468,2011-07,0.0,60.897619358233506,60.897619358233506,0-10
21468,2011-10,3.0,19.93340132115047,16.93340132115047,0-10
21469,2011-07,9.0,98.98446904581392,89.98446904581392,0-10
21469,2011-08,10.0,47.23437491446998,37.23437491446998,0-10
21469,2011-09,7.0,26.686019173733854,19.686019173733854,0-10
21469,2011-10,3.0,28.23183060925941,25.23183060925941,0-10
21469,2011-11,7.0,16.225961179115693,9.225961179115693,0-10
21470,2011-07,15.0,88.74861648496451,73.74861648496451,11-50
21470,2011-08,27.0,47.84058084675586,20.840580846755863,11-50
21470,2011-09,12.0,67.31952729787373,55.319527297873734,11-50
21470,2011-10,24.0,53.556849860802004,29.556849860802004,11-50
21470,2011-11,9.0,32.80487954950077,23.804879549500768,0-10
21471,2011-07,93.0,95.15508200145021,2.155082001450211,51-100
21471,2011-08,21.0,118.15084385854242,97.15084385854242,11-50
21471,2011-09,35.0,76.43804836257199,41.43804836257199,11-50
21471,2011-10,26.0,69.60572755506895,43.60572755506895,11-50
21471,2011-11,13.0,43.96267311206572,30.962673112065723,11-50
21473,2011-07,3.0,18.880484830624948,15.880484830624948,0-10
21473,2011-08,2.0,18.880484830624948,16.880484830624948,0-10
21473,2011-09,2.0,18.880484830624948,16.880484830624948,0-10
21473,2011-10,1.0,18.880484830624948,17.880484830624948,0-10
21476,2011-07,2.0,19.890552858191906,17.890552858191906,0-10
21476,2011-08,0.0,18.880484830624948,18.880484830624948,0-10
21479,2011-07,423.0,54.88554049283217,368.11445950716785,101-500
21479,2011-08,238.0,219.68181367765183,18.31818632234817,101-500
21479,2011-09,381.0,259.7953308059396,121.20466919406039,101-500
21479,2011-10,911.0,500.96412739133575,410.03587260866425,501-1000
21479,2011-11,322.0,477.06077750383326,155.06077750383326,101-500
21481,2011-07,448.0,72.31527298329272,375.68472701670726,101-500
21481,2011-08,355.0,272.8939910961694,82.10600890383063,101-500
21481,2011-09,372.0,333.74399761004605,38.25600238995395,101-500
21481,2011-10,537.0,421.8894584036078,115.11054159639218,501-1000
21481,2011-11,189.0,274.85502148098124,85.85502148098124,101-500
21484,2011-07,38.0,27.578480979117412,10.421519020882588,11-50
21484,2011-08,211.0,63.4202094214896,147.5797905785104,101-500
21484,2011-09,228.0,190.2903292346942,37.70967076530579,101-500
21484,2011-10,450.0,267.7397705192671,182.2602294807329,101-500
21484,2011-11,111.0,231.4111456001597,120.4111456001597,101-500
21485,2011-07,88.0,112.30775033670135,24.307750336701346,51-100
21485,2011-08,919.0,114.33815157107944,804.6618484289206,501-1000
21485,2011-09,281.0,683.275864189001,402.275864189001,101-500
21485,2011-10,770.0,444.7208332757104,325.2791667242896,501-1000
21485,2011-11,168.0,374.2929139954079,206.2929139954079,101-500
21494,2011-07,103.0,94.39954501368723,8.60045498631277,101-500
21494,2011-08,138.0,117.49214785883017,20.507852141169835,101-500
21494,2011-09,545.0,154.35724468185285,390.6427553181471,501-1000
21494,2011-10,388.0,517.0031654929506,129.00316549295064,101-500
21494,2011-11,112.0,208.77435182985076,96.77435182985076,101-500
21495,2011-07,250.0,476.75878788284075,226.75878788284075,101-500
21495,2011-08,550.0,347.9478212508243,202.0521787491757,501-1000
21495,2011-09,700.0,497.83569622394197,202.16430377605803,501-1000
21495,2011-10,1075.0,558.4082683408544,516.5917316591456,1001-5000
21495,2011-11,150.0,442.6481991996018,292.6481991996018,101-500
21497,2011-07,1550.0,502.91529965804136,1047.0847003419585,1001-5000
21497,2011-08,625.0,964.3089902841758,339.3089902841758,501-1000
21497,2011-09,1575.0,786.9458052348261,788.0541947651739,1001-5000
21497,2011-10,925.0,1103.4527753052278,178.45277530522776,501-1000
21497,2011-11,425.0,528.9775024061593,103.97750240615926,101-500
21498,2011-07,625.0,880.4849954755733,255.48499547557333,501-1000
21498,2011-08,1100.0,865.0749739123576,234.92502608764244,1001-5000
21498,2011-09,875.0,982.4467571433653,107.44675714336529,501-1000
21498,2011-10,1200.0,924.2229155645632,275.7770844354368,1001-5000
21498,2011-11,375.0,564.5119921398268,189.51199213982682,101-500
21499,2011-07,525.0,554.3321779490092,29.33217794900918,501-1000
21499,2011-08,800.0,642.7917134942755,157.20828650572446,501-1000
21499,2011-09,425.0,653.8764554070907,228.8764554070907,101-500
21499,2011-10,825.0,599.3256752972196,225.67432470278038,501-1000
21499,2011-11,100.0,455.6688648398885,355.6688648398885,51-100
21500,2011-07,650.0,485.6035904263156,164.39640957368442,501-1000
21500,2011-08,725.0,563.6718677417509,161.32813225824907,501-1000
21500,2011-09,450.0,625.7868297434527,175.7868297434527,101-500
21500,2011-10,650.0,539.7810788317463,110.2189211682537,501-1000
21500,2011-11,125.0,312.23360808870024,187.23360808870024,101-500
21503,2011-07,25.0,184.43924093271065,159.43924093271065,11-50
21503,2011-08,50.0,90.74974889349365,40.749748893493646,11-50
21503,2011-09,25.0,94.04905492416451,69.04905492416451,11-50
21503,2011-10,50.0,81.98289536369786,31.982895363697864,11-50
21504,2011-07,144.0,150.60755757586955,6.607557575869549,101-500
21504,2011-08,228.0,151.28717553257712,76.71282446742288,101-500
21504,2011-09,323.0,191.0681361464819,131.9318638535181,101-500
21504,2011-10,126.0,249.51895968413987,123.51895968413987,101-500
21504,2011-11,72.0,110.50643330328862,38.50643330328862,51-100
21506,2011-07,215.0,314.430728262048,99.43072826204798,101-500
21506,2011-08,360.0,306.6884478411099,53.311552158890095,101-500
21506,2011-09,820.0,378.2593309049396,441.7406690950604,501-1000
21506,2011-10,430.0,554.8169497357497,124.81694973574974,101-500
21506,2011-11,367.0,248.97200662477601,118.02799337522399,101-500
21507,2011-07,162.0,259.1035804309784,97.10358043097841,101-500
21507,2011-08,201.0,222.14984744368832,21.149847443688316,101-500
21507,2011-09,307.0,224.1360322948821,82.86396770511789,101-500
21507,2011-10,470.0,324.3687711936106,145.6312288063894,101-500
21507,2011-11,116.0,263.27885540260144,147.27885540260144,101-500
21508,2011-07,277.0,213.7435123590292,63.25648764097079,101-500
21508,2011-08,111.0,224.24686679769593,113.24686679769593,101-500
21508,2011-09,185.0,196.79677292897446,11.796772928974463,101-500
21508,2011-10,203.0,220.9709147448513,17.970914744851314,101-500
21508,2011-11,64.0,136.6850687674125,72.6850687674125,51-100
21509,2011-07,300.0,314.61757202166064,14.617572021660635,101-500
21509,2011-08,369.0,330.6411764145344,38.358823585465586,101-500
21509,2011-09,295.0,358.16132565646086,63.16132565646086,101-500
21509,2011-10,300.0,309.1783292920146,9.17832929201461,101-500
21509,2011-11,91.0,210.24724769053688,119.24724769053688,51-100
21519,2011-07,399.0,263.46887858305564,135.53112141694436,101-500
21519,2011-08,290.0,310.2495863004541,20.249586300454098,101-500
21519,2011-09,192.0,298.47144920042507,106.47144920042507,101-500
21519,2011-10,365.0,262.9594451313058,102.04055486869419,101-500
21519,2011-11,37.0,196.78318512939126,159.78318512939126,11-50
21520,2011-07,38.0,68.90502757588108,30.90502757588108,11-50
21520,2011-08,36.0,67.57999733941274,31.579997339412742,11-50
21520,2011-09,25.0,76.83009667188063,51.830096671880625,11-50
21520,2011-10,14.0,76.83009667188063,62.830096671880625,11-50
21520,2011-11,1.0,40.92683239695667,39.92683239695667,0-10
21523,2011-07,143.0,459.79484901226306,316.79484901226306,101-500
21523,2011-08,465.0,259.2211575859706,205.77884241402938,101-500
21523,2011-09,138.0,445.21824441110596,307.21824441110596,101-500
21523,2011-10,226.0,322.43267733744085,96.43267733744085,101-500
21523,2011-11,52.0,177.9397434316548,125.93974343165479,51-100
21524,2011-07,156.0,117.63131616359311,38.36868383640689,101-500
21524,2011-08,356.0,166.8171954567238,189.1828045432762,101-500
21524,2011-09,96.0,320.4637764240521,224.46377642405213,51-100
21524,2011-10,150.0,159.43440095987862,9.434400959878616,101-500
21524,2011-11,39.0,103.15432737232932,64.15432737232932,11-50
21528,2011-07,17.0,52.4123054612483,35.4123054612483,11-50
21528,2011-08,11.0,43.2806205652566,32.2806205652566,11-50
21528,2011-09,22.0,27.18308729492839,5.1830872949283915,11-50
21528,2011-10,10.0,43.89901426915106,33.89901426915106,0-10
21528,2011-11,1.0,21.673949994116978,20.673949994116978,0-10
21530,2011-07,26.0,139.60420555254785,113.60420555254785,11-50
21530,2011-08,107.0,74.64077294878716,32.35922705121284,101-500
21530,2011-09,66.0,108.89418997193921,42.89418997193921,51-100
21530,2011-10,81.0,109.60695428014357,28.60695428014357,51-100
21530,2011-11,4.0,70.91481404852365,66.91481404852365,0-10
21531,2011-07,106.0,131.6329180910175,25.6329180910175,101-500
21531,2011-08,63.0,128.0773468152261,65.0773468152261,51-100
21531,2011-09,278.0,107.98952537559533,170.01047462440465,101-500
21531,2011-10,106.0,210.88567211889873,104.88567211889873,101-500
21531,2011-11,10.0,87.77239484820555,77.77239484820555,0-10
21533,2011-07,122.0,181.77494421401215,59.77494421401215,101-500
21533,2011-08,62.0,154.25373678649098,92.25373678649098,51-100
21533,2011-09,71.0,108.07812823456463,37.07812823456463,51-100
21533,2011-10,75.0,104.91376197329899,29.91376197329899,51-100
21533,2011-11,29.0,70.63951734591457,41.63951734591457,11-50
21534,2011-07,32.0,65.51319237902725,33.513192379027245,11-50
21534,2011-08,16.0,52.81207400155421,36.81207400155421,11-50
21534,2011-09,37.0,36.191812512878954,0.8081874871210459,11-50
21534,2011-10,24.0,63.4202094214896,39.4202094214896,11-50
21534,2011-11,9.0,41.31977044667867,32.31977044667867,0-10
21535,2011-07,210.0,205.99418573983047,4.0058142601695295,101-500
21535,2011-08,119.0,229.7609562358384,110.76095623583839,101-500
21535,2011-09,394.0,185.7014482728467,208.2985517271533,101-500
21535,2011-10,132.0,300.7211814468516,168.72118144685157,101-500
21535,2011-11,28.0,130.01637803153622,102.01637803153622,11-50
21537,2011-07,6.0,47.84058084675586,41.84058084675586,0-10
21537,2011-08,4.0,31.1637207635712,27.1637207635712,0-10
21537,2011-09,12.0,23.8327191975346,11.832719197534601,11-50
21537,2011-10,50.0,24.3909904007267,25.6090095992733,11-50
21537,2011-11,12.0,44.03428204850377,32.03428204850377,11-50
21539,2011-07,128.0,104.62446248967123,23.37553751032877,101-500
21539,2011-08,131.0,135.65477358486478,4.654773584864785,101-500
21539,2011-09,88.0,142.1999203476657,54.19992034766571,51-100
21539,2011-10,1.0,112.00795383758205,111.00795383758205,0-10
21544,2011-07,320.0,156.40785491804263,163.59214508195737,101-500
21544,2011-08,218.0,249.59422431137176,31.59422431137176,101-500
21544,2011-09,176.0,198.2558124218341,22.255812421834094,101-500
21544,2011-10,213.0,203.78991666914538,9.210083330854616,101-500
21544,2011-11,115.0,127.25367200237478,12.253672002374785,101-500
21555,2011-07,2.0,30.471737450441292,28.471737450441292,0-10
21555,2011-08,6.0,24.672983338771953,18.672983338771953,0-10
21555,2011-09,15.0,24.838019918899004,9.838019918899004,11-50
21555,2011-10,17.0,25.67534341280964,8.675343412809639,11-50
21555,2011-11,4.0,23.18817441877701,19.18817441877701,0-10
21556,2011-07,28.0,67.99788406827282,39.997884068272825,11-50
21556,2011-08,1.0,53.97240594865449,52.97240594865449,0-10
21556,2011-09,0.0,39.20535374407164,39.20535374407164,0-10
21557,2011-07,48.0,50.98622261644805,2.986222616448053,11-50
21557,2011-08,4.0,62.15736072693454,58.15736072693454,0-10
21557,2011-09,20.0,43.90116705449096,23.901167054490962,11-50
21557,2011-10,35.0,36.00749017929837,1.0074901792983724,11-50
21557,2011-11,11.0,32.80487954950077,21.804879549500768,11-50
21558,2011-07,180.0,150.38706875634324,29.61293124365676,101-500
21558,2011-08,168.0,209.16831485760636,41.16831485760636,101-500
21558,2011-09,225.0,185.49541224671205,39.50458775328795,101-500
21558,2011-10,216.0,259.2038408624085,43.203840862408526,101-500
21558,2011-11,15.0,135.931013427583,120.931013427583,11-50
21559,2011-07,295.0,310.1222536286502,15.122253628650185,101-500
21559,2011-08,274.0,324.4466289309942,50.44662893099422,101-500
21559,2011-09,436.0,391.17359216083844,44.82640783916156,101-500
21559,2011-10,257.0,344.214358545106,87.214358545106,101-500
21559,2011-11,42.0,187.86081987023837,145.86081987023837,11-50
21561,2011-07,250.0,76.10121824888435,173.89878175111565,101-500
21561,2011-08,36.0,178.13225147007918,142.13225147007918,11-50
21561,2011-09,223.0,99.56610037711683,123.43389962288317,101-500
21561,2011-10,39.0,182.44931376668163,143.44931376668163,11-50
21561,2011-11,15.0,65.74439937843671,50.74439937843671,11-50
21562,2011-07,12.0,63.215185779967925,51.215185779967925,11-50
21562,2011-08,84.0,49.486575935360264,34.513424064639736,51-100
21562,2011-09,13.0,86.54244929412278,73.54244929412278,11-50
21562,2011-10,25.0,60.44035318638146,35.44035318638146,11-50
21563,2011-07,11.0,87.09298361306332,76.09298361306332,11-50
21563,2011-08,60.0,48.59884197452697,11.40115802547303,51-100
21563,2011-09,12.0,79.76818074467899,67.76818074467899,11-50
21563,2011-10,127.0,49.205047906812844,77.79495209318716,101-500
21563,2011-11,613.0,79.88561636685128,533.1143836331487,501-1000
21564,2011-07,11.0,44.45936909822432,33.45936909822432,11-50
21564,2011-08,25.0,31.126485105741544,6.126485105741544,11-50
21564,2011-09,7.0,48.196500980760455,41.196500980760455,0-10
21564,2011-10,23.0,33.87169754583188,10.871697545831879,11-50
21564,2011-11,597.0,37.41347745309443,559.5865225469056,501-1000
21576,2011-07,29.0,59.074730297351074,30.074730297351074,11-50
21576,2011-08,8.0,56.14528186153323,48.14528186153323,0-10
21576,2011-09,28.0,33.87169754583188,5.8716975458318785,11-50
21576,2011-10,18.0,46.3815989683918,28.3815989683918,11-50
21576,2011-11,13.0,32.969469603457014,19.969469603457014,11-50
21577,2011-07,32.0,136.12506976346526,104.12506976346526,11-50
21577,2011-08,17.0,60.47155756825066,43.47155756825066,11-50
21577,2011-09,56.0,47.0519587766816,8.948041223318398,51-100
21577,2011-10,53.0,78.04029932319328,25.04029932319328,51-100
21577,2011-11,11.0,49.64042793698309,38.64042793698309,11-50
21578,2011-07,119.0,134.29119991378917,15.291199913789171,101-500
21578,2011-08,3.0,131.81767333591634,128.81767333591634,0-10
21578,2011-09,6.0,61.652221089837994,55.652221089837994,0-10
21578,2011-10,1.0,39.19997387428456,38.19997387428456,0-10
21578,2011-11,1.0,18.516389306327152,17.516389306327152,0-10
21579,2011-07,12.0,34.07435285296261,22.074352852962612,11-50
21579,2011-08,14.0,30.679774547501896,16.679774547501896,11-50
21579,2011-09,15.0,32.57479528045609,17.574795280456087,11-50
21579,2011-10,5.0,31.521878789930575,26.521878789930575,0-10
21579,2011-11,18.0,22.509659059755666,4.509659059755666,11-50
21580,2011-07,6.0,62.76595097268805,56.76595097268805,0-10
21580,2011-08,5.0,43.45499433071318,38.45499433071318,0-10
21580,2011-09,15.0,25.89093640942452,10.89093640942452,11-50
21580,2011-10,17.0,26.728259903335157,9.728259903335157,11-50
21580,2011-11,1.0,28.773171837615887,27.773171837615887,0-10
21581,2011-07,5.0,68.72304112660804,63.72304112660804,0-10
21581,2011-08,45.0,47.23437491446998,2.2343749144699814,11-50
21581,2011-09,22.0,70.1124921910694,48.11249219106941,11-50
21581,2011-10,18.0,55.74711302630796,37.74711302630796,11-50
21581,2011-11,1.0,30.2242571633667,29.2242571633667,0-10
21584,2011-07,159.0,61.75919189170927,97.24080810829074,101-500
21584,2011-08,78.0,112.28552133579623,34.28552133579623,51-100
21584,2011-09,85.0,100.13766572536811,15.137665725368109,51-100
21584,2011-10,159.0,115.43781010371693,43.56218989628307,101-500
21584,2011-11,44.0,98.01976845236666,54.01976845236666,11-50
21586,2011-07,30.0,46.21565959001035,16.215659590010347,11-50
21586,2011-08,18.0,48.638749750414746,30.638749750414746,11-50
21586,2011-09,0.0,40.1352103236921,40.1352103236921,0-10
21588,2011-07,42.0,50.064832595214995,8.064832595214995,11-50
21588,2011-08,240.0,55.678742625391024,184.321257374609,101-500
21588,2011-09,123.0,184.63762423212606,61.63762423212606,101-500
21588,2011-10,561.0,137.32151502355381,423.67848497644616,501-1000
21588,2011-11,227.0,224.9419305908197,2.058069409180291,101-500
21591,2011-07,8.0,59.43580519621113,51.43580519621113,0-10
21591,2011-08,115.0,41.909363503965274,73.09063649603473,101-500
21591,2011-09,464.0,103.13786919136938,360.86213080863064,101-500
21591,2011-10,475.0,361.996529537871,113.00347046212897,101-500
21591,2011-11,61.0,238.94258933016056,177.94258933016056,51-100
21592,2011-07,87.0,104.76814679883226,17.768146798832262,51-100
21592,2011-08,97.0,118.51091012274341,21.51091012274341,51-100
21592,2011-09,140.0,123.8681959824034,16.131804017596593,101-500
21592,2011-10,459.0,160.55916494861071,298.4408350513893,101-500
21592,2011-11,561.0,184.84471528989633,376.1552847101037,501-1000
21609,2011-07,54.0,69.255256574535,15.255256574534997,51-100
21613,2011-07,2.0,23.662915311205,21.662915311205,0-10
21613,2011-08,0.0,23.662915311205,23.662915311205,0-10
21615,2011-07,6.0,28.614382768611634,22.614382768611634,0-10
21615,2011-08,10.0,23.662915311205,13.662915311205001,0-10
21615,2011-09,126.0,23.220666541550713,102.77933345844929,101-500
21615,2011-10,472.0,122.39892876648256,349.6010712335175,101-500
21615,2011-11,24.0,223.84385215853013,199.84385215853013,11-50
21616,2011-07,3.0,28.614382768611634,25.614382768611634,0-10
21616,2011-08,1.0,23.662915311205,22.662915311205,0-10
21616,2011-09,143.0,22.779802707009082,120.22019729299092,101-500
21616,2011-10,457.0,132.45600930110427,324.54399069889575,101-500
21616,2011-11,58.0,191.27910171564906,133.27910171564906,51-100
21617,2011-07,5.0,43.96757110423819,38.96757110423819,0-10
21617,2011-08,14.0,30.07356861521602,16.07356861521602,11-50
21617,2011-09,118.0,26.80636808607464,91.19363191392536,101-500
21617,2011-10,165.0,114.03301589034646,50.96698410965354,101-500
21618,2011-07,1.0,43.42428974037323,42.42428974037323,0-10
21618,2011-08,0.0,30.07356861521602,30.07356861521602,0-10
21619,2011-07,6.0,26.077195298608974,20.077195298608974,0-10
21619,2011-08,4.0,23.662915311205,19.662915311205,0-10
21619,2011-09,191.0,22.779802707009082,168.22019729299092,101-500
21619,2011-10,510.0,189.37406478243818,320.62593521756185,501-1000
21619,2011-11,69.0,178.889345858605,109.889345858605,51-100
21620,2011-07,11.0,50.09740631834906,39.09740631834906,11-50
21620,2011-08,2.0,43.45499433071318,41.45499433071318,0-10
21620,2011-09,110.0,30.243372501545622,79.75662749845438,101-500
21620,2011-10,337.0,121.70283052813528,215.29716947186472,101-500
21620,2011-11,150.0,169.6038950519721,19.603895051972103,101-500
21621,2011-07,236.0,197.21081737923865,38.78918262076135,101-500
21621,2011-08,155.0,252.22859303533843,97.22859303533843,101-500
21621,2011-09,104.0,212.27874448860777,108.27874448860777,101-500
21621,2011-10,120.0,165.38816674923405,45.388166749234045,101-500
21621,2011-11,32.0,101.77484318304745,69.77484318304745,11-50
21622,2011-07,8.0,40.12178647073416,32.12178647073416,0-10
21622,2011-08,12.0,25.325732613098733,13.325732613098733,11-50
21622,2011-09,12.0,23.958869002272056,11.958869002272056,11-50
21622,2011-10,3.0,26.736376736688747,23.736376736688747,0-10
21622,2011-11,4.0,19.782000833824558,15.782000833824558,0-10
21623,2011-07,14.0,93.69998855271338,79.69998855271338,11-50
21623,2011-08,71.0,76.9307610537135,5.930761053713496,51-100
21623,2011-09,18.0,83.38126956415289,65.38126956415289,11-50
21623,2011-10,173.0,65.39303519917236,107.60696480082764,101-500
21623,2011-11,68.0,105.13366634859939,37.13366634859939,51-100
21624,2011-07,11.0,19.93340132115047,8.93340132115047,11-50
21624,2011-08,12.0,21.458740034975975,9.458740034975975,11-50
21624,2011-09,20.0,26.736376736688747,6.736376736688747,11-50
21624,2011-10,27.0,40.48340742063077,13.483407420630769,11-50
21624,2011-11,10.0,32.80487954950077,22.804879549500768,0-10
21625,2011-07,19.0,59.50111351362596,40.50111351362596,11-50
21625,2011-08,16.0,37.63872466243525,21.63872466243525,11-50
21625,2011-09,33.0,33.44660007278864,0.446600072788641,11-50
21625,2011-10,42.0,63.4202094214896,21.420209421489602,11-50
21625,2011-11,7.0,38.28379596247285,31.28379596247285,0-10
21626,2011-07,3.0,47.727701736308305,44.727701736308305,0-10
21626,2011-08,24.0,39.20535374407164,15.205353744071637,11-50
21626,2011-09,18.0,47.727701736308305,29.727701736308305,11-50
21626,2011-10,12.0,40.1352103236921,28.1352103236921,11-50
21627,2011-07,9.0,20.33141669273354,11.33141669273354,0-10
21627,2011-08,6.0,19.32134866516658,13.321348665166578,0-10
21627,2011-09,4.0,24.272816122573214,20.272816122573214,0-10
21628,2011-07,11.0,19.32134866516658,8.321348665166578,11-50
21628,2011-08,0.0,22.299746579460663,22.299746579460663,0-10
21628,2011-11,1.0,19.782000833824558,18.782000833824558,0-10
21629,2011-07,3.0,19.32134866516658,16.32134866516658,0-10
21629,2011-08,5.0,18.880484830624948,13.880484830624948,0-10
21629,2011-09,14.0,20.05558943831896,6.055589438318961,11-50
21629,2011-10,21.0,22.50888137446523,1.5088813744652292,11-50
21629,2011-11,2.0,28.133700903324215,26.133700903324215,0-10
21630,2011-09,29.0,18.880484830624948,10.119515169375052,11-50
21630,2011-10,5.0,39.62575233494941,34.62575233494941,0-10
21630,2011-11,1.0,22.527213273914867,21.527213273914867,0-10
21633,2011-07,2.0,34.26752049118914,32.26752049118914,0-10
21633,2011-08,0.0,25.29113813463597,25.29113813463597,0-10
21634,2011-07,24.0,148.73453590006687,124.73453590006687,11-50
21634,2011-08,24.0,280.24387199554945,256.24387199554945,11-50
21634,2011-09,48.0,103.56527880289049,55.56527880289049,11-50
21636,2011-07,116.0,134.983901604141,18.98390160414101,101-500
21636,2011-08,182.0,168.81429543089212,13.185704569107884,101-500
21636,2011-09,122.0,181.63405982905863,59.63405982905863,101-500
21636,2011-10,140.0,158.37631677550638,18.376316775506382,101-500
21636,2011-11,29.0,95.06914885594304,66.06914885594304,11-50
21637,2011-07,0.0,52.764602816813856,52.764602816813856,0-10
21638,2011-08,62.0,35.32000772054642,26.67999227945358,51-100
21638,2011-09,8.0,60.20974993451079,52.20974993451079,0-10
21638,2011-10,59.0,47.23437491446998,11.765625085530019,51-100
21638,2011-11,3.0,39.789334057246116,36.789334057246116,0-10
21640,2011-09,166.0,55.97022218533437,110.02977781466564,101-500
21640,2011-10,121.0,126.59050228688092,5.59050228688092,101-500
21640,2011-11,30.0,80.0296150866012,50.0296150866012,11-50
21641,2011-07,126.0,172.4177316058822,46.41773160588221,101-500
21641,2011-08,626.0,127.84310150172017,498.1568984982798,501-1000
21642,2011-07,168.0,431.9924099052083,263.9924099052083,101-500
21642,2011-08,240.0,131.16534461615092,108.83465538384908,101-500
21642,2011-09,667.0,454.693521536919,212.30647846308102,501-1000
21642,2011-10,459.0,501.4929831793437,42.492983179343696,101-500
21642,2011-11,18.0,212.21997894162382,194.21997894162382,11-50
21643,2011-07,95.0,55.74711302630796,39.25288697369204,51-100
21643,2011-08,49.0,89.97667263294107,40.976672632941074,11-50
21643,2011-09,14.0,73.51583467080455,59.51583467080455,11-50
21643,2011-10,106.0,48.891085910108025,57.108914089891975,101-500
21644,2011-09,4.0,36.86889358311649,32.86889358311649,0-10
21644,2011-10,18.0,36.86889358311649,18.86889358311649,11-50
21647,2011-07,18.0,23.662915311205,5.662915311205001,11-50
21647,2011-08,18.0,30.490546015955314,12.490546015955314,11-50
21647,2011-09,1.0,36.33708139307624,35.33708139307624,0-10
21647,2011-10,8.0,30.07356861521602,22.07356861521602,0-10
21648,2011-07,37.0,48.67528184317574,11.675281843175739,11-50
21648,2011-08,83.0,43.569150145762556,39.430849854237444,51-100
21648,2011-09,175.0,82.97828576516143,92.02171423483857,101-500
21648,2011-10,93.0,127.24948097149125,34.24948097149125,51-100
21648,2011-11,3.0,69.49709071660894,66.49709071660894,0-10
21650,2011-07,467.0,288.4124549501823,178.58754504981772,101-500
21650,2011-08,229.0,374.87478273111805,145.87478273111805,101-500
21650,2011-09,303.0,212.53369994101052,90.46630005898948,101-500
21650,2011-10,386.0,276.6776101163775,109.32238988362252,101-500
21650,2011-11,94.0,204.45713966114766,110.45713966114766,51-100
21654,2011-07,20.0,166.07927004778645,146.07927004778645,11-50
21654,2011-08,4.0,115.55152061696057,111.55152061696057,0-10
21658,2011-07,3.0,92.23500293576635,89.23500293576635,0-10
21666,2011-09,10.0,61.28042502589245,51.28042502589245,0-10
21666,2011-10,83.0,54.80333097606388,28.196669023936117,51-100
21666,2011-11,24.0,70.2904561573327,46.2904561573327,11-50
21668,2011-07,487.0,382.33356478240086,104.66643521759914,101-500
21668,2011-08,581.0,526.3017187356672,54.69828126433276,501-1000
21668,2011-09,368.0,556.9818045897325,188.98180458973252,101-500
21668,2011-10,438.0,456.40064757866537,18.40064757866537,101-500
21668,2011-11,39.0,316.5724628132712,277.5724628132712,11-50
21669,2011-07,483.0,318.937351064315,164.062648935685,101-500
21669,2011-08,671.0,471.01390284259327,199.98609715740673,501-1000
21669,2011-09,306.0,626.4914709517005,320.49147095170053,101-500
21669,2011-10,437.0,446.7259760184289,9.725976018428923,101-500
21669,2011-11,43.0,287.12747612845743,244.12747612845743,11-50
21670,2011-07,320.0,295.3779285095928,24.622071490407222,101-500
21670,2011-08,546.0,323.0912831400914,222.90871685990862,501-1000
21670,2011-09,272.0,440.491960137326,168.49196013732598,101-500
21670,2011-10,515.0,348.97987021004434,166.02012978995566,501-1000
21670,2011-11,23.0,217.10345472237,194.10345472237,11-50
21671,2011-07,432.0,318.7057570686123,113.29424293138771,101-500
21671,2011-08,367.0,350.05307841502116,16.94692158497884,101-500
21671,2011-09,259.0,358.28786879974473,99.28786879974473,101-500
21671,2011-10,404.0,332.95128714378075,71.04871285621925,101-500
21671,2011-11,123.0,221.67994986034267,98.67994986034267,101-500
21672,2011-07,512.0,281.1831719176194,230.8168280823806,501-1000
21672,2011-08,542.0,479.4437106237643,62.556289376235725,501-1000
21672,2011-09,308.0,505.78182378339704,197.78182378339704,101-500
21672,2011-10,212.0,439.51849612492515,227.51849612492515,101-500
21672,2011-11,66.0,183.25720104249254,117.25720104249254,51-100
21673,2011-07,136.0,280.9437822538552,144.9437822538552,101-500
21673,2011-08,397.0,279.9855148489484,117.01448515105159,101-500
21673,2011-09,399.0,326.9746590944097,72.02534090559033,101-500
21673,2011-10,268.0,363.4210960603819,95.4210960603819,101-500
21673,2011-11,28.0,177.1716188401161,149.1716188401161,11-50
21675,2011-07,0.0,63.88191069935474,63.88191069935474,0-10
21675,2011-10,88.0,72.73273658382084,15.267263416179162,51-100
21675,2011-11,18.0,65.61849639037723,47.61849639037723,11-50
21676,2011-09,10.0,59.85434218109221,49.85434218109221,0-10
21676,2011-10,26.0,41.8097387369084,15.8097387369084,11-50
21676,2011-11,2.0,35.091673940890246,33.091673940890246,0-10
21677,2011-07,36.0,73.12509520259965,37.12509520259965,11-50
21677,2011-08,63.0,61.0691590360861,1.9308409639139015,51-100
21677,2011-09,82.0,96.54209152143089,14.54209152143089,51-100
21677,2011-10,119.0,93.95523823512151,25.044761764878487,101-500
21677,2011-11,12.0,78.36511027994418,66.36511027994418,11-50
21678,2011-07,7.0,46.05437948071399,39.05437948071399,0-10
21678,2011-08,13.0,36.86889358311649,23.86889358311649,11-50
21678,2011-09,7.0,38.44307953757357,31.443079537573567,0-10
21678,2011-10,31.0,43.27954688712752,12.279546887127523,11-50
21678,2011-11,2.0,42.360596956226956,40.360596956226956,0-10
21679,2011-07,28.0,91.89593453016221,63.89593453016221,11-50
21679,2011-08,110.0,76.14150943875696,33.858490561243045,101-500
21679,2011-09,149.0,102.80877070800776,46.191229291992244,101-500
21679,2011-10,155.0,148.83189166199026,6.168108338009745,101-500
21679,2011-11,34.0,93.76953930121925,59.769539301219254,11-50
21680,2011-07,46.0,61.938424357388385,15.938424357388385,11-50
21680,2011-08,231.0,67.69067272651905,163.30932727348096,101-500
21680,2011-09,75.0,170.46244567448275,95.46244567448275,51-100
21680,2011-10,103.0,101.50325298962538,1.4967470103746194,101-500
21680,2011-11,41.0,78.5921784112302,37.59217841123019,11-50
21682,2011-07,6.0,25.7320019691776,19.7320019691776,0-10
21682,2011-08,8.0,21.735628652570554,13.735628652570554,0-10
21682,2011-09,49.0,20.496453272860588,28.503546727139412,11-50
21682,2011-10,16.0,48.90951415018572,32.90951415018572,11-50
21682,2011-11,1.0,39.396404521190696,38.396404521190696,0-10
21683,2011-07,31.0,43.52507021133354,12.525070211333542,11-50
21683,2011-08,38.0,50.064832595214995,12.064832595214995,11-50
21683,2011-09,67.0,50.064832595214995,16.935167404785005,51-100
21683,2011-10,10.0,73.20355624261279,63.20355624261279,0-10
21683,2011-11,6.0,39.670465359009626,33.670465359009626,0-10
21684,2011-07,115.0,63.88890242273461,51.11109757726539,101-500
21684,2011-08,17.0,104.99685113816705,87.99685113816705,11-50
21684,2011-09,32.0,47.84058084675586,15.840580846755863,11-50
21684,2011-10,50.0,63.69926679588942,13.699266795889422,11-50
21684,2011-11,13.0,44.60669074931012,31.60669074931012,11-50
21686,2011-09,1.0,18.880484830624948,17.880484830624948,0-10
21688,2011-07,7.0,55.07290172269253,48.07290172269253,0-10
21688,2011-08,17.0,31.1637207635712,14.163720763571199,11-50
21688,2011-09,13.0,32.11128176439355,19.111281764393553,11-50
21688,2011-10,31.0,30.23752577784761,0.7624742221523917,11-50
21689,2011-09,17.0,22.779802707009082,5.7798027070090825,11-50
21689,2011-10,3.0,30.048297246301026,27.048297246301026,0-10
21689,2011-11,6.0,21.62654645555975,15.626546455559751,0-10
21693,2011-07,11.0,31.126485105741544,20.126485105741544,11-50
21693,2011-08,26.0,25.279949728620622,0.7200502713793782,11-50
21693,2011-09,79.0,47.798332145535184,31.201667854464816,51-100
21693,2011-10,46.0,73.30926888519103,27.30926888519103,11-50
21693,2011-11,12.0,54.259127130990265,42.259127130990265,11-50
21694,2011-07,0.0,116.131430701195,116.131430701195,0-10
21694,2011-10,32.0,26.687863019480208,5.312136980519792,11-50
21694,2011-11,6.0,36.0052405903022,30.0052405903022,0-10
21695,2011-07,31.0,23.662915311205,7.337084688794999,11-50
21695,2011-08,12.0,43.569150145762556,31.569150145762556,11-50
21695,2011-09,67.0,33.42498698759222,33.57501301240778,51-100
21695,2011-10,49.0,64.83962116906329,15.839621169063292,11-50
21695,2011-11,1.0,54.259127130990265,53.259127130990265,0-10
21696,2011-07,12.0,49.666663759989724,37.666663759989724,11-50
21696,2011-08,13.0,44.06120026299905,31.06120026299905,11-50
21696,2011-09,2.0,31.732691038027447,29.732691038027447,0-10
21696,2011-10,14.0,30.243372501545622,16.243372501545622,11-50
21698,2011-07,29.0,71.53044144884656,42.53044144884656,11-50
21698,2011-08,50.0,79.73220796511033,29.732207965110334,11-50
21698,2011-09,53.0,67.29250389129379,14.29250389129379,51-100
21698,2011-10,56.0,74.99787441435754,18.99787441435754,51-100
21698,2011-11,29.0,60.23685332943743,31.23685332943743,11-50
21700,2011-07,198.0,184.7223539320184,13.277646067981607,101-500
21700,2011-08,6.0,193.716360675401,187.716360675401,0-10
21700,2011-09,27.0,104.24105924477773,77.24105924477773,11-50
21700,2011-10,2.0,78.70935004297473,76.70935004297473,0-10
21700,2011-11,14.0,38.57894953297782,24.578949532977823,11-50
21703,2011-07,503.0,786.5310867133195,283.5310867133195,501-1000
21703,2011-08,1624.0,796.1131242206555,827.8868757793445,1001-5000
21703,2011-09,466.0,1026.7660210552503,560.7660210552503,101-500
21703,2011-10,1711.0,888.2401843106173,822.7598156893827,1001-5000
21703,2011-11,142.0,710.376694075201,568.376694075201,101-500
21704,2011-07,305.0,362.63533946815437,57.63533946815437,101-500
21704,2011-08,408.0,356.96443713149716,51.035562868502836,101-500
21704,2011-09,569.0,415.92261466252876,153.07738533747124,501-1000
21704,2011-10,744.0,505.57380811211675,238.42619188788325,501-1000
21704,2011-11,74.0,300.41618715421697,226.41618715421697,51-100
21705,2011-07,94.0,44.06120026299905,49.93879973700095,51-100
21705,2011-08,52.0,105.49195713080626,53.491957130806256,51-100
21705,2011-09,94.0,64.63968494611105,29.360315053888954,51-100
21705,2011-10,142.0,111.6022734695091,30.3977265304909,101-500
21705,2011-11,834.0,95.5221245185333,738.4778754814668,501-1000
21706,2011-07,39.0,66.39399451217842,27.393994512178423,11-50
21706,2011-08,35.0,76.89322943539203,41.89322943539203,11-50
21706,2011-09,26.0,53.66947696398521,27.66947696398521,11-50
21706,2011-10,18.0,52.81207400155421,34.81207400155421,11-50
21706,2011-11,9.0,30.68267521206754,21.68267521206754,0-10
21707,2011-07,14.0,52.87635046179164,38.87635046179164,11-50
21707,2011-08,7.0,33.8248424603666,26.824842460366597,0-10
21707,2011-09,7.0,26.784918459703118,19.784918459703118,0-10
21707,2011-10,27.0,22.55943779095306,4.440562209046941,11-50
21707,2011-11,8.0,29.143516807640815,21.143516807640815,0-10
21708,2011-07,29.0,55.48679409833549,26.486794098335487,11-50
21708,2011-08,18.0,48.638749750414746,30.638749750414746,11-50
21708,2011-09,42.0,35.793643677653684,6.206356322346316,11-50
21708,2011-10,12.0,49.91109313455238,37.91109313455238,11-50
21708,2011-11,1.0,35.218855102208614,34.218855102208614,0-10
21709,2011-07,13.0,37.75165802658154,24.751658026581538,11-50
21709,2011-08,13.0,30.679774547501896,17.679774547501896,11-50
21709,2011-09,10.0,27.78929322721427,17.78929322721427,0-10
21709,2011-10,13.0,25.7320019691776,12.732001969177599,11-50
21709,2011-11,1.0,21.227239435877333,20.227239435877333,0-10
21710,2011-07,22.0,30.029488680787008,8.029488680787008,11-50
21710,2011-08,8.0,48.240580915189476,40.240580915189476,0-10
21710,2011-09,14.0,25.7320019691776,11.732001969177599,11-50
21710,2011-10,10.0,23.7480567541752,13.748056754175199,0-10
21711,2011-07,14.0,25.926138104222115,11.926138104222115,11-50
21711,2011-08,6.0,31.079630020276277,25.079630020276277,0-10
21711,2011-09,41.0,25.7320019691776,15.267998030822401,11-50
21711,2011-10,7.0,41.79941992689475,34.79941992689475,0-10
21713,2011-07,18.0,108.48836331826269,90.48836331826269,11-50
21713,2011-08,24.0,64.15718459551299,40.15718459551299,11-50
21713,2011-09,11.0,54.009641606484145,43.009641606484145,11-50
21713,2011-10,21.0,39.16127380964262,18.161273809642623,11-50
21713,2011-11,4.0,38.16990215439217,34.16990215439217,0-10
21714,2011-07,143.0,219.03957876969685,76.03957876969685,101-500
21714,2011-08,50.0,189.1915643032584,139.1915643032584,11-50
21714,2011-09,39.0,97.10515581435196,58.10515581435196,11-50
21714,2011-10,54.0,78.72080875977457,24.72080875977457,51-100
21714,2011-11,41.0,52.16783220297676,11.167832202976761,11-50
21715,2011-07,81.0,147.40044300486426,66.40044300486426,51-100
21715,2011-08,36.0,116.91827529008405,80.91827529008405,11-50
21715,2011-09,30.0,93.20983318414919,63.20983318414919,11-50
21715,2011-10,56.0,65.88849990667792,9.888499906677922,51-100
21715,2011-11,4.0,45.05928284744444,41.05928284744444,0-10
21716,2011-07,116.0,166.92961512935213,50.92961512935213,101-500
21716,2011-08,14.0,141.96276286599252,127.96276286599252,11-50
21716,2011-09,17.0,64.15718459551299,47.15718459551299,11-50
21716,2011-10,101.0,47.83368670511978,53.16631329488022,101-500
21716,2011-11,9.0,60.88810148535935,51.88810148535935,0-10
21718,2011-07,156.0,154.83829792527888,1.16170207472112,101-500
21718,2011-08,15.0,178.63173248304813,163.63173248304813,11-50
21718,2011-09,23.0,70.12126574049519,47.12126574049519,11-50
21718,2011-10,48.0,68.60807044702116,20.608070447021163,11-50
21718,2011-11,20.0,40.73122267243721,20.731222672437212,11-50
21719,2011-07,24.0,65.87582177090516,41.87582177090516,11-50
21719,2011-08,39.0,55.49735925902218,16.497359259022183,11-50
21719,2011-09,4.0,61.28042502589245,57.28042502589245,0-10
21719,2011-10,28.0,55.483746034470556,27.483746034470556,11-50
21719,2011-11,4.0,36.974430061395694,32.974430061395694,0-10
21721,2011-07,5.0,62.629174774678674,57.629174774678674,0-10
21721,2011-08,0.0,44.33246337765304,44.33246337765304,0-10
21722,2011-07,6.0,46.45254831593926,40.45254831593926,0-10
21722,2011-08,2.0,41.82036104052314,39.82036104052314,0-10
21722,2011-09,7.0,35.69166701496239,28.69166701496239,0-10
21722,2011-10,5.0,24.84014187935909,19.84014187935909,0-10
21722,2011-11,3.0,24.044457167218045,21.044457167218045,0-10
21723,2011-07,1.0,69.57087360776246,68.57087360776246,0-10
21723,2011-08,1.0,43.15523680949894,42.15523680949894,0-10
21723,2011-09,13.0,24.715831801730513,11.715831801730513,11-50
21723,2011-10,20.0,25.404259806249208,5.4042598062492075,11-50
21723,2011-11,2.0,41.74894988713562,39.74894988713562,0-10
21724,2011-07,24.0,69.83327802386593,45.83327802386593,11-50
21724,2011-08,15.0,67.36087429221072,52.360874292210724,11-50
21724,2011-09,17.0,47.91978006017203,30.91978006017203,11-50
21724,2011-10,93.0,49.98977022322739,43.01022977677261,51-100
21724,2011-11,3.0,57.42824761115646,54.42824761115646,0-10
21725,2011-07,7.0,61.59026452322241,54.59026452322241,0-10
21725,2011-08,2.0,43.64171296036275,41.64171296036275,0-10
21725,2011-09,3.0,38.24112768391869,35.24112768391869,0-10
21725,2011-10,15.0,36.86889358311649,21.86889358311649,11-50
21726,2011-07,1.0,48.7995919208043,47.7995919208043,0-10
21726,2011-08,2.0,36.86889358311649,34.86889358311649,0-10
21726,2011-09,7.0,36.86889358311649,29.86889358311649,0-10
21726,2011-10,22.0,38.0439981908105,16.0439981908105,11-50
21726,2011-11,13.0,41.18549234853294,28.18549234853294,11-50
21730,2011-07,10.0,39.38568419378574,29.385684193785742,0-10
21730,2011-08,32.0,26.784918459703118,5.215081540296882,11-50
21730,2011-09,15.0,43.89901426915106,28.89901426915106,11-50
21730,2011-10,84.0,30.978441074508005,53.021558925491995,51-100
21730,2011-11,14.0,59.463272554315196,45.463272554315196,11-50
21731,2011-07,2338.0,814.3556247560933,1523.6443752439068,1001-5000
21731,2011-08,1350.0,1342.151704073686,7.848295926313995,1001-5000
21731,2011-09,969.0,1527.1208231325056,558.1208231325056,501-1000
21731,2011-10,1879.0,1159.3208560564863,719.6791439435137,1001-5000
21731,2011-11,485.0,704.502214830698,219.502214830698,101-500
21733,2011-07,198.0,541.5024451559148,343.50244515591476,101-500
21733,2011-08,624.0,297.14554002984283,326.85445997015717,501-1000
21733,2011-09,476.0,618.1494121563123,142.14941215631234,101-500
21733,2011-10,1546.0,596.8223737201693,949.1776262798307,1001-5000
21733,2011-11,270.0,585.829505378921,315.829505378921,101-500
21735,2011-07,14.0,46.58066891160758,32.58066891160758,11-50
21735,2011-08,10.0,28.631397469642938,18.631397469642938,0-10
21738,2011-08,0.0,23.662915311205,23.662915311205,0-10
21739,2011-07,26.0,20.491672524342565,5.508327475657435,11-50
21739,2011-08,41.0,48.638749750414746,7.638749750414746,11-50
21739,2011-09,43.0,72.93479994719287,29.93479994719287,11-50
21739,2011-10,69.0,81.28038704404783,12.280387044047828,51-100
21739,2011-11,23.0,61.6085498871402,38.6085498871402,11-50
21741,2011-07,14.0,23.220666541550713,9.220666541550713,11-50
21741,2011-08,14.0,26.6854114403766,12.685411440376601,11-50
21741,2011-09,18.0,31.079630020276277,13.079630020276277,11-50
21741,2011-10,9.0,36.33708139307624,27.33708139307624,0-10
21742,2011-07,6.0,23.308902095489838,17.308902095489838,0-10
21742,2011-08,22.0,21.735628652570554,0.2643713474294458,11-50
21742,2011-09,19.0,39.62575233494941,20.62575233494941,11-50
21742,2011-10,68.0,51.516709899376366,16.483290100623634,51-100
21742,2011-11,20.0,42.791590690576854,22.791590690576854,11-50
21743,2011-07,6.0,47.84058084675586,41.84058084675586,0-10
21743,2011-08,2.0,28.14520502033824,26.14520502033824,0-10
21744,2011-08,45.0,25.67534341280964,19.32465658719036,11-50
21744,2011-09,162.0,73.93285976877836,88.06714023122164,101-500
21744,2011-10,252.0,165.93597147345739,86.06402852654261,101-500
21745,2011-07,77.0,66.30319411789142,10.696805882108578,51-100
21745,2011-08,133.0,98.99222889610652,34.007771103893475,101-500
21745,2011-09,95.0,152.0438904046928,57.0438904046928,51-100
21745,2011-10,96.0,125.54739956154732,29.547399561547323,51-100
21745,2011-11,56.0,78.86482130216157,22.864821302161573,51-100
21746,2011-07,482.0,331.9613306832857,150.03866931671428,101-500
21746,2011-08,19.0,410.435846302812,391.435846302812,11-50
21746,2011-09,33.0,147.57111285825636,114.57111285825636,11-50
21746,2011-10,52.0,150.77449446924552,98.77449446924552,51-100
21747,2011-07,70.0,68.42457745482214,1.575422545177858,51-100
21747,2011-08,1.0,78.89982784774867,77.89982784774867,0-10
21747,2011-09,10.0,49.58485304824983,39.58485304824983,0-10
21747,2011-10,14.0,25.195316229214455,11.195316229214455,11-50
21749,2011-07,36.0,189.2933924656649,153.2933924656649,11-50
21749,2011-08,6.0,108.80981600583316,102.80981600583316,0-10
21749,2011-09,2.0,63.83692165106337,61.83692165106337,0-10
21749,2011-10,18.0,36.01356914495248,18.013569144952477,11-50
21750,2011-07,7.0,33.87169754583188,26.87169754583188,0-10
21750,2011-08,0.0,24.715831801730513,24.715831801730513,0-10
21754,2011-07,161.0,207.5051705873185,46.5051705873185,101-500
21754,2011-08,197.0,226.1530375824872,29.1530375824872,101-500
21754,2011-09,154.0,261.839353266161,107.83935326616103,101-500
21754,2011-10,236.0,252.72834820392725,16.728348203927254,101-500
21754,2011-11,58.0,121.48847799268154,63.48847799268154,51-100
21755,2011-07,124.0,142.88084958414964,18.880849584149644,101-500
21755,2011-08,171.0,195.11146382643366,24.111463826433663,101-500
21755,2011-09,112.0,213.75497143925256,101.75497143925256,101-500
21755,2011-10,180.0,170.35281362091584,9.647186379084161,101-500
21755,2011-11,34.0,116.61259621714498,82.61259621714498,11-50
21756,2011-07,30.0,64.5386157813955,34.53861578139551,11-50
21756,2011-08,38.0,74.18878451091365,36.18878451091365,11-50
21756,2011-09,39.0,66.21075932634682,27.210759326346817,11-50
21756,2011-10,63.0,71.93510031866747,8.935100318667466,51-100
21756,2011-11,24.0,54.048677323455564,30.048677323455564,11-50
21758,2011-07,4.0,19.890552858191906,15.890552858191906,0-10
21758,2011-08,0.0,18.880484830624948,18.880484830624948,0-10
21758,2011-11,1.0,14.982535223531153,13.982535223531153,0-10
21761,2011-09,0.0,18.880484830624948,18.880484830624948,0-10
21770,2011-07,106.0,318.57153420723057,212.57153420723057,101-500
21770,2011-08,219.0,180.63108392669076,38.36891607330924,101-500
21770,2011-09,137.0,245.2032580559185,108.2032580559185,101-500
21770,2011-10,146.0,241.28144315703756,95.28144315703756,101-500
21770,2011-11,93.0,114.77723549294441,21.777235492944413,51-100
21773,2011-07,14.0,65.40901547919398,51.40901547919398,11-50
21773,2011-08,20.0,35.71817655577169,15.718176555771691,11-50
21773,2011-09,57.0,44.62231875953844,12.377681240461563,51-100
21773,2011-10,142.0,76.6758322631363,65.3241677368637,101-500
21773,2011-11,7.0,86.49849182447791,79.49849182447791,0-10
21774,2011-07,16.0,42.72365408184155,26.723654081841552,11-50
21774,2011-08,135.0,55.85827654541477,79.14172345458523,101-500
21774,2011-09,124.0,136.55962081261842,12.55962081261842,101-500
21774,2011-10,59.0,127.11464850949942,68.11464850949942,51-100
21774,2011-11,11.0,59.59374869329533,48.59374869329533,11-50
21775,2011-07,10.0,43.45499433071318,33.45499433071318,0-10
21775,2011-08,31.0,27.299173272216752,3.700826727783248,11-50
21775,2011-09,52.0,67.76177606752802,15.761776067528018,51-100
21775,2011-10,46.0,75.19993777772957,29.199937777729573,11-50
21775,2011-11,4.0,48.27596087692613,44.27596087692613,0-10
21784,2011-07,2.0,18.880484830624948,16.880484830624948,0-10
21784,2011-08,1.0,18.880484830624948,17.880484830624948,0-10
21786,2011-07,81.0,138.23495119662797,57.234951196627975,51-100
21786,2011-08,286.0,145.68370969558111,140.31629030441889,101-500
21786,2011-09,80.0,237.28586266913453,157.28586266913453,51-100
21786,2011-10,159.0,138.20010625908645,20.799893740913546,101-500
21786,2011-11,82.0,102.441619446493,20.441619446492993,51-100
21787,2011-07,737.0,258.7439181050534,478.2560818949466,501-1000
21787,2011-08,2456.0,473.824068568005,1982.175931431995,1001-5000
21787,2011-09,916.0,1022.5734848109533,106.57348481095335,501-1000
21787,2011-10,1641.0,869.045623700939,771.954376299061,1001-5000
21787,2011-11,1249.0,697.6662198948077,551.3337801051923,1001-5000
21788,2011-07,157.0,133.72501873550993,23.274981264490066,101-500
21788,2011-08,101.0,131.04659567187576,30.046595671875764,101-500
21788,2011-09,215.0,130.4415816860159,84.5584183139841,101-500
21788,2011-10,45.0,158.82700756070693,113.82700756070693,11-50
21788,2011-11,48.0,70.71530369922623,22.715303699226226,11-50
21789,2011-07,136.0,109.79535970732601,26.204640292673986,101-500
21789,2011-08,147.0,149.08637945925068,2.0863794592506792,101-500
21789,2011-09,94.0,153.82034040763273,59.82034040763273,51-100
21789,2011-10,44.0,110.72898573842343,66.72898573842343,11-50
21789,2011-11,25.0,63.671747362637646,38.671747362637646,11-50
21790,2011-07,773.0,893.3248513938179,120.32485139381788,501-1000
21790,2011-08,2422.0,972.3203443041332,1449.6796556958668,1001-5000
21790,2011-09,1590.0,1329.0846147945545,260.91538520544555,1001-5000
21790,2011-10,2738.0,1929.7729544708186,808.2270455291814,1001-5000
21790,2011-11,667.0,1267.6082088828275,600.6082088828275,501-1000
21791,2011-07,1094.0,299.74322666167,794.25677333833,1001-5000
21791,2011-08,697.0,721.8236141357424,24.823614135742446,501-1000
21791,2011-09,680.0,679.9830191453751,0.016980854624875974,501-1000
21791,2011-10,1509.0,779.9280376541642,729.0719623458358,1001-5000
21791,2011-11,393.0,643.777735115983,250.77773511598298,101-500
21792,2011-07,1.0,71.82831056971011,70.82831056971011,0-10
21793,2011-07,47.0,48.23874968198113,1.2387496819811332,11-50
21793,2011-08,14.0,73.33160616327504,59.33160616327504,11-50
21793,2011-09,51.0,47.84058084675586,3.159419153244137,51-100
21793,2011-10,45.0,54.20857984616177,9.208579846161769,11-50
21793,2011-11,1.0,46.99752527159605,45.99752527159605,0-10
21794,2011-07,59.0,78.52741138366602,19.52741138366602,51-100
21794,2011-08,38.0,90.96139818870756,52.96139818870756,11-50
21794,2011-09,73.0,78.257696495449,5.257696495448997,51-100
21801,2011-07,100.0,54.178203474259774,45.821796525740226,51-100
21801,2011-08,307.0,121.9512059767216,185.0487940232784,101-500
21801,2011-09,25.0,281.93318128636383,256.93318128636383,11-50
21802,2011-07,154.0,94.72609462774113,59.27390537225887,101-500
21802,2011-08,317.0,165.27073847685665,151.72926152314335,101-500
21802,2011-09,572.0,301.0837183083438,270.9162816916562,501-1000
21802,2011-10,71.0,447.78378139309734,376.78378139309734,51-100
21803,2011-07,109.0,54.178203474259774,54.821796525740226,101-500
21803,2011-08,282.0,128.32056479352661,153.67943520647339,101-500
21803,2011-09,556.0,236.80637824165058,319.1936217583494,501-1000
21803,2011-10,566.0,439.49552002266137,126.50447997733863,501-1000
21803,2011-11,12.0,206.8338015544195,194.8338015544195,11-50
21804,2011-10,139.0,74.37510853843264,64.62489146156736,101-500
21804,2011-11,4.0,102.55844648837525,98.55844648837525,0-10
21807,2011-07,36.0,64.50829455587827,28.508294555878265,11-50
21807,2011-08,46.0,76.83009667188063,30.830096671880625,11-50
21807,2011-09,60.0,82.84217553728195,22.842175537281946,51-100
21807,2011-10,12.0,88.43644096370882,76.43644096370882,11-50
21808,2011-10,65.0,79.73094508684933,14.730945086849331,51-100
21808,2011-11,6.0,52.27489360383556,46.27489360383556,0-10
21809,2011-07,52.0,63.233765654657816,11.233765654657816,51-100
21809,2011-08,668.0,63.955133784323,604.044866215677,501-1000
21809,2011-09,874.0,465.24023519721413,408.75976480278587,501-1000
21809,2011-10,128.0,504.90992522276895,376.90992522276895,101-500
21809,2011-11,33.0,134.48714929982702,101.48714929982702,11-50
21810,2011-08,495.0,60.44035318638146,434.55964681361854,101-500
21810,2011-09,1392.0,374.8615741628915,1017.1384258371086,1001-5000
21810,2011-10,3177.0,1013.568266343001,2163.431733656999,1001-5000
21810,2011-11,539.0,1585.7347377904568,1046.7347377904568,501-1000
21811,2011-07,188.0,60.60791876973606,127.39208123026394,101-500
21811,2011-08,797.0,168.42387657141168,628.5761234285883,501-1000
21811,2011-09,2010.0,476.1658754207113,1533.8341245792888,1001-5000
21811,2011-10,1416.0,1532.5315115608494,116.53151156084937,1001-5000
21812,2011-07,7.0,19.890552858191906,12.890552858191906,0-10
21812,2011-08,37.0,19.32134866516658,17.67865133483342,11-50
21812,2011-09,112.0,59.75884667962964,52.24115332037036,101-500
21812,2011-10,136.0,113.4148208752568,22.585179124743206,101-500
21812,2011-11,13.0,93.28543191907599,80.28543191907599,11-50
21813,2011-08,40.0,38.05247889203013,1.9475211079698695,11-50
21813,2011-09,136.0,65.44754587179317,70.55245412820683,101-500
21813,2011-10,195.0,153.61019993547976,41.389800064520244,101-500
21813,2011-11,75.0,114.3775795034622,39.3775795034622,51-100
21814,2011-10,33.0,36.1781431658262,3.1781431658261994,11-50
21815,2011-09,19.0,42.588796469837234,23.588796469837234,11-50
21815,2011-10,19.0,47.67508267954334,28.675082679543337,11-50
21816,2011-10,6.0,42.588796469837234,36.588796469837234,0-10
21817,2011-10,170.0,371.79898422633187,201.79898422633187,101-500
21818,2011-08,310.0,65.86642104649356,244.13357895350646,101-500
21818,2011-09,644.0,277.8383265555095,366.1616734444905,501-1000
21818,2011-10,1253.0,443.47903673824794,809.5209632617521,1001-5000
21818,2011-11,84.0,632.2163373572662,548.2163373572662,51-100
21819,2011-08,227.0,60.44035318638146,166.55964681361854,101-500
21819,2011-09,483.0,158.16908893578065,324.8309110642193,101-500
21819,2011-10,1462.0,378.0872519875798,1083.9127480124203,1001-5000
21819,2011-11,126.0,514.099213668017,388.099213668017,101-500
21820,2011-07,8.0,22.064945967261846,14.064945967261846,0-10
21820,2011-08,12.0,25.7320019691776,13.732001969177599,11-50
21820,2011-09,46.0,24.47922595466582,21.52077404533418,11-50
21820,2011-10,146.0,50.30926196977765,95.69073803022235,101-500
21820,2011-11,14.0,93.01787160018682,79.01787160018682,11-50
21821,2011-08,24.0,44.366076755818234,20.366076755818234,11-50
21821,2011-09,42.0,49.22441499033544,7.22441499033544,11-50
21821,2011-10,125.0,56.49206565339301,68.50793434660699,101-500
21821,2011-11,1.0,80.19988594735551,79.19988594735551,0-10
21822,2011-10,443.0,102.97750045103284,340.0224995489672,101-500
21822,2011-11,101.0,171.5784553088957,70.57845530889571,101-500
21823,2011-07,53.0,24.84014187935909,28.15985812064091,51-100
21823,2011-08,590.0,60.339203279649276,529.6607967203507,501-1000
21823,2011-09,648.0,399.04643648370717,248.95356351629283,501-1000
21823,2011-10,3.0,498.2150201285089,495.2150201285089,0-10
21824,2011-08,402.0,60.58967460860216,341.41032539139786,101-500
21824,2011-09,1041.0,307.4707300024551,733.5292699975448,1001-5000
21824,2011-10,363.0,765.1058795140142,402.1058795140142,101-500
21828,2011-07,2.0,57.3869754926339,55.3869754926339,0-10
21828,2011-08,8.0,33.28972274761852,25.28972274761852,0-10
21828,2011-09,52.0,36.8667716226564,15.133228377343599,51-100
21828,2011-10,85.0,81.82127747389912,3.1787225261008842,51-100
21828,2011-11,22.0,65.13361813422028,43.133618134220285,11-50
21829,2011-07,550.0,804.0904828410362,254.0904828410362,501-1000
21829,2011-08,381.0,752.047448212472,371.047448212472,101-500
21829,2011-09,963.0,649.0670034099661,313.9329965900339,501-1000
21830,2011-07,265.0,194.33976156234385,70.66023843765615,101-500
21830,2011-08,192.0,223.0310511679744,31.031051167974397,101-500
21830,2011-09,101.0,198.11431869117206,97.11431869117206,101-500
21830,2011-10,1.0,161.80712378491515,160.80712378491515,0-10
21832,2011-07,53.0,57.77020311827876,4.770203118278758,51-100
21832,2011-08,77.0,81.75987147153177,4.759871471531767,51-100
21832,2011-09,77.0,100.13766572536811,23.13766572536811,51-100
21832,2011-10,172.0,100.13766572536811,71.86233427463189,101-500
21832,2011-11,13.0,111.57553418188655,98.57553418188655,11-50
21833,2011-07,192.0,73.42494693985111,118.57505306014889,101-500
21833,2011-08,468.0,141.43645895344054,326.56354104655946,101-500
21833,2011-09,379.0,318.96066120716654,60.03933879283346,101-500
21833,2011-10,378.0,276.06799235857426,101.93200764142574,101-500
21833,2011-11,84.0,213.4237492402785,129.4237492402785,51-100
21841,2011-07,1.0,22.779802707009082,21.779802707009082,0-10
21841,2011-08,12.0,22.779802707009082,10.779802707009082,11-50
21841,2011-09,39.0,24.3909904007267,14.6090095992733,11-50
21841,2011-10,16.0,47.798332145535184,31.798332145535184,11-50
21843,2011-07,137.0,181.77494421401215,44.77494421401215,101-500
21843,2011-08,99.0,165.40991224660044,66.40991224660044,51-100
21843,2011-09,103.0,142.5892608341299,39.5892608341299,101-500
21843,2011-10,437.0,141.33569035144788,295.66430964855215,101-500
21843,2011-11,88.0,186.80284949097202,98.80284949097202,51-100
21844,2011-07,121.0,137.47078873393733,16.470788733937326,101-500
21844,2011-08,69.0,143.23208584972642,74.23208584972642,51-100
21844,2011-09,332.0,99.71599859519344,232.28400140480656,101-500
21844,2011-10,112.0,175.32459268813946,63.32459268813946,101-500
21844,2011-11,2.0,92.87611849572781,90.87611849572781,0-10
21845,2011-07,202.0,174.2203952030461,27.77960479695389,101-500
21845,2011-08,174.0,186.88573776346092,12.885737763460924,101-500
21845,2011-09,102.0,192.96511330508267,90.96511330508267,101-500
21845,2011-10,108.0,174.1709113338246,66.17091133382459,101-500
21846,2011-07,1.0,54.88554049283217,53.88554049283217,0-10
21846,2011-08,6.0,32.818781055306346,26.818781055306346,0-10
21846,2011-09,5.0,19.32134866516658,14.321348665166578,0-10
21846,2011-10,26.0,18.880484830624948,7.1195151693750525,11-50
21846,2011-11,6.0,28.133448780073852,22.133448780073852,0-10
21847,2011-10,2.0,18.880484830624948,16.880484830624948,0-10
21849,2011-07,0.0,38.81576582573313,38.81576582573313,0-10
21849,2011-10,16.0,18.880484830624948,2.8804848306249475,11-50
21849,2011-11,3.0,22.213115512024764,19.213115512024764,0-10
21850,2011-07,1.0,57.837510221876876,56.837510221876876,0-10
21850,2011-08,1.0,52.342743350485165,51.342743350485165,0-10
21850,2011-09,4.0,19.93340132115047,15.93340132115047,0-10
21850,2011-10,11.0,19.93340132115047,8.93340132115047,11-50
21850,2011-11,4.0,9.966436480100448,5.966436480100448,0-10
21851,2011-07,1.0,44.977387008554786,43.977387008554786,0-10
21851,2011-08,5.0,30.07356861521602,25.07356861521602,0-10
21851,2011-09,5.0,18.880484830624948,13.880484830624948,0-10
21851,2011-10,5.0,18.880484830624948,13.880484830624948,0-10
21851,2011-11,1.0,14.546452137507549,13.546452137507549,0-10
21864,2011-07,28.0,75.21725031349969,47.21725031349969,11-50
21864,2011-08,13.0,59.99207314076672,46.99207314076672,11-50
21864,2011-09,86.0,34.87607231334302,51.12392768665698,51-100
21864,2011-10,26.0,96.02086281595648,70.02086281595648,11-50
21864,2011-11,60.0,44.22312730875428,15.776872691245721,51-100
21865,2011-07,12.0,62.83432137360497,50.83432137360497,11-50
21865,2011-08,5.0,34.47790347811775,29.477903478117753,0-10
21865,2011-09,5.0,31.126485105741544,26.126485105741544,0-10
21865,2011-10,22.0,24.838019918899004,2.838019918899004,11-50
21865,2011-11,6.0,30.420243171463333,24.420243171463333,0-10
21866,2011-07,19.0,72.406809191677,53.406809191677,11-50
21866,2011-08,47.0,62.68247350914764,15.682473509147641,11-50
21866,2011-09,46.0,84.8718746801108,38.87187468011081,11-50
21866,2011-10,65.0,82.90530830079335,17.90530830079335,51-100
21866,2011-11,25.0,51.00529359423745,26.00529359423745,11-50
21867,2011-07,11.0,69.41742087487451,58.41742087487451,11-50
21867,2011-08,5.0,59.26312661822735,54.26312661822735,0-10
21867,2011-09,18.0,31.126485105741544,13.126485105741544,11-50
21867,2011-10,33.0,33.11673594940015,0.11673594940015164,11-50
21867,2011-11,12.0,38.55675370046979,26.55675370046979,11-50
21868,2011-07,2.0,287.79089444477154,285.79089444477154,0-10
21868,2011-08,9.0,111.26562270126708,102.26562270126708,0-10
21868,2011-09,2.0,60.97252836018189,58.97252836018189,0-10
21868,2011-10,137.0,40.96503660235911,96.0349633976409,101-500
21868,2011-11,5.0,88.94952393853184,83.94952393853184,0-10
21871,2011-07,1009.0,275.75094619548656,733.2490538045134,1001-5000
21871,2011-08,695.0,543.7001961975621,151.29980380243785,501-1000
21871,2011-09,217.0,673.0320709129026,456.03207091290255,101-500
21871,2011-10,747.0,379.11390786169324,367.88609213830676,501-1000
21871,2011-11,131.0,407.0576245179117,276.0576245179117,101-500
21872,2011-07,50.0,49.224760755704004,0.7752392442959959,11-50
21872,2011-08,152.0,55.13031304329999,96.86968695670001,101-500
21872,2011-09,161.0,154.58206344986507,6.417936550134925,101-500
21872,2011-10,495.0,145.84846976227018,349.15153023772984,101-500
21872,2011-11,49.0,198.02067076393527,149.02067076393527,11-50
21873,2011-07,4.0,70.28297750501498,66.28297750501498,0-10
21873,2011-08,678.0,32.303711673895656,645.6962883261043,501-1000
21873,2011-09,22.0,384.0748162847101,362.0748162847101,11-50
21873,2011-10,33.0,110.7317047885982,77.7317047885982,11-50
21873,2011-11,12.0,227.75346092610772,215.75346092610772,11-50
21874,2011-07,92.0,117.0511175887228,25.051117588722803,51-100
21874,2011-08,919.0,123.58668608985509,795.4133139101449,501-1000
21874,2011-09,65.0,495.4617513341762,430.4617513341762,51-100
21874,2011-10,661.0,108.84785206009153,552.1521479399084,501-1000
21874,2011-11,82.0,281.01861907552666,199.01861907552666,51-100
21875,2011-07,632.0,62.07714582378559,569.9228541762144,501-1000
21875,2011-08,42.0,512.9824504530973,470.9824504530973,11-50
21875,2011-09,67.0,130.92500051900183,63.92500051900183,51-100
21875,2011-10,108.0,184.84554319714024,76.84554319714024,101-500
21875,2011-11,73.0,94.69237016247125,21.69237016247125,51-100
21876,2011-07,75.0,105.59451541036147,30.594515410361467,51-100
21876,2011-08,736.0,117.7640981673526,618.2359018326474,501-1000
21876,2011-09,181.0,446.80785180297096,265.80785180297096,101-500
21876,2011-10,245.0,221.19022715003504,23.809772849964958,101-500
21876,2011-11,92.0,123.38687313266257,31.386873132662572,51-100
21877,2011-07,231.0,313.8295239420106,82.82952394201061,101-500
21877,2011-08,1333.0,295.22166789450586,1037.7783321054942,1001-5000
21877,2011-09,229.0,677.9624593204867,448.9624593204867,101-500
21877,2011-10,378.0,381.94216782031634,3.9421678203163424,101-500
21877,2011-11,77.0,336.56138815552947,259.56138815552947,51-100
21878,2011-07,102.0,316.72116297164285,214.72116297164285,101-500
21878,2011-08,17.0,219.71927107435107,202.71927107435107,11-50
21878,2011-09,12.0,107.08765179412941,95.08765179412941,11-50
21878,2011-10,40.0,61.77480820292868,21.774808202928682,11-50
21878,2011-11,6.0,49.095432427316474,43.095432427316474,0-10
21879,2011-07,3.0,52.230139921382396,49.230139921382396,0-10
21879,2011-08,12.0,51.00520204544804,39.00520204544804,11-50
21879,2011-09,50.0,45.15866666832712,4.841333331672878,11-50
21879,2011-10,7.0,73.34299013831999,66.34299013831999,0-10
21879,2011-11,15.0,46.607970703376154,31.607970703376154,11-50
21880,2011-07,75.0,110.72586083513909,35.72586083513909,51-100
21880,2011-08,165.0,120.50389216764762,44.49610783235238,101-500
21880,2011-09,242.0,185.65997762795035,56.340022372049646,101-500
21880,2011-10,124.0,229.32433015984395,105.32433015984395,101-500
21880,2011-11,17.0,97.6720702748001,80.6720702748001,11-50
21881,2011-07,12.0,85.32454546876542,73.32454546876542,11-50
21881,2011-08,24.0,67.49466204235159,43.49466204235159,11-50
21881,2011-09,28.0,68.94446439946971,40.94446439946971,11-50
21881,2011-10,32.0,63.04306092117469,31.043060921174693,11-50
21881,2011-11,15.0,48.519928020879114,33.519928020879114,11-50
21882,2011-07,17.0,39.643726176702955,22.643726176702955,11-50
21882,2011-08,27.0,50.12522309661116,23.12522309661116,11-50
21882,2011-09,19.0,67.57999733941274,48.57999733941274,11-50
21882,2011-10,50.0,55.39561865425495,5.395618654254953,11-50
21883,2011-07,18.0,88.86866288312787,70.86866288312787,11-50
21883,2011-08,99.0,60.46063782163823,38.53936217836177,51-100
21883,2011-09,113.0,114.22555081840109,1.2255508184010893,101-500
21883,2011-10,97.0,128.83969025881444,31.839690258814443,51-100
21883,2011-11,14.0,72.12375433394561,58.12375433394561,11-50
21884,2011-07,5.0,100.57718393065922,95.57718393065922,0-10
21884,2011-08,48.0,61.80482024643843,13.804820246438432,11-50
21884,2011-09,7.0,69.42932549802676,62.429325498026756,0-10
21884,2011-10,28.0,61.80482024643843,33.80482024643843,11-50
21884,2011-11,13.0,44.12323285150921,31.123232851509208,11-50
21888,2011-07,57.0,132.66048708388547,75.66048708388547,51-100
21888,2011-08,362.0,90.77043006035777,271.22956993964226,101-500
21888,2011-09,175.0,286.35352099279964,111.35352099279964,101-500
21888,2011-10,306.0,259.2614549401682,46.73854505983178,101-500
21888,2011-11,3.0,189.0403892010617,186.0403892010617,0-10
21889,2011-07,328.0,261.50441461926425,66.49558538073575,101-500
21889,2011-08,878.0,289.0255990955031,588.9744009044969,501-1000
21889,2011-09,959.0,686.4233143759934,272.5766856240066,501-1000
21889,2011-10,1463.0,874.1060940435485,588.8939059564515,1001-5000
21889,2011-11,307.0,506.75075016040876,199.75075016040876,101-500
21890,2011-07,9.0,131.86757809276824,122.86757809276824,0-10
21890,2011-08,92.0,74.95093528218638,17.04906471781362,51-100
21890,2011-09,105.0,118.04173949263071,13.041739492630711,101-500
21890,2011-10,152.0,136.86836034955704,15.131639650442963,101-500
21890,2011-11,33.0,105.25066618311449,72.25066618311449,11-50
21891,2011-07,559.0,530.6299267599304,28.370073240069587,501-1000
21891,2011-08,732.0,527.2289948271886,204.77100517281144,501-1000
21891,2011-09,817.0,698.9470713937002,118.05292860629982,501-1000
21891,2011-10,1422.0,908.4333185555034,513.5666814444966,1001-5000
21891,2011-11,569.0,551.8860598353226,17.113940164677388,501-1000
21892,2011-07,139.0,242.72250932214862,103.72250932214862,101-500
21892,2011-08,230.0,205.1596912957054,24.840308704294614,101-500
21892,2011-09,413.0,264.59671376877293,148.40328623122707,101-500
21892,2011-10,614.0,393.6317972036644,220.3682027963356,501-1000
21892,2011-11,211.0,236.83322554011923,25.83322554011923,101-500
21894,2011-07,41.0,48.92579568560762,7.925795685607618,11-50
21894,2011-08,34.0,51.98752195005409,17.987521950054088,11-50
21894,2011-09,35.0,56.14528186153323,21.145281861533228,11-50
21894,2011-10,70.0,75.2683081786465,5.268308178646507,51-100
21894,2011-11,5.0,59.37185728768288,54.37185728768288,0-10
21896,2011-07,10.0,54.45189037613843,44.45189037613843,0-10
21896,2011-08,8.0,39.20535374407164,31.205353744071637,0-10
21896,2011-09,4.0,36.46014130398131,32.46014130398131,0-10
21896,2011-10,25.0,27.44166235866595,2.441662358665951,11-50
21896,2011-11,2.0,30.420243171463333,28.420243171463333,0-10
21899,2011-07,110.0,260.77579307502293,150.77579307502293,101-500
21899,2011-08,177.0,216.97945835383996,39.97945835383996,101-500
21899,2011-09,115.0,269.8196397570476,154.81963975704758,101-500
21899,2011-10,127.0,218.6116225873552,91.61162258735521,101-500
21899,2011-11,74.0,153.7845748316816,79.7845748316816,51-100
21900,2011-07,175.0,297.3136536016491,122.3136536016491,101-500
21900,2011-08,242.0,312.0567485924363,70.05674859243629,101-500
21900,2011-09,142.0,314.03363574745964,172.03363574745964,101-500
21900,2011-10,173.0,279.91783693567066,106.91783693567066,101-500
21900,2011-11,83.0,139.52319978541323,56.523199785413226,51-100
21901,2011-07,91.0,200.39237722704704,109.39237722704704,51-100
21901,2011-08,181.0,138.8204781737325,42.17952182626749,101-500
21901,2011-09,105.0,216.05938060823337,111.05938060823337,101-500
21901,2011-10,130.0,149.4205994959318,19.42059949593181,101-500
21901,2011-11,65.0,93.16302173738808,28.16302173738808,51-100
21902,2011-07,131.0,189.26006206021904,58.26006206021904,101-500
21902,2011-08,155.0,169.7256554388021,14.725655438802107,101-500
21902,2011-09,91.0,175.47637856041774,84.47637856041774,51-100
21902,2011-10,156.0,134.76088759882293,21.239112401177067,101-500
21902,2011-11,39.0,113.0550729144998,74.0550729144998,11-50
21903,2011-07,68.0,110.28962649492591,42.28962649492591,51-100
21903,2011-08,91.0,116.49249422557203,25.49249422557203,51-100
21903,2011-09,40.0,114.93142899285581,74.93142899285581,11-50
21903,2011-10,103.0,86.63644748053675,16.363552519463255,101-500
21903,2011-11,61.0,75.67293280354272,14.672932803542722,51-100
21905,2011-07,133.0,132.75205641375302,0.24794358624697566,101-500
21905,2011-08,83.0,146.83235800024943,63.83235800024943,51-100
21905,2011-09,67.0,120.75557827758723,53.75557827758723,51-100
21905,2011-10,110.0,108.34627415939966,1.6537258406003446,101-500
21905,2011-11,74.0,80.48591266879974,6.485912668799742,51-100
21906,2011-07,21.0,64.38147448056961,43.38147448056961,11-50
21906,2011-08,120.0,71.26088901505203,48.73911098494797,101-500
21906,2011-09,22.0,110.13369801396232,88.13369801396232,11-50
21906,2011-10,18.0,73.56002157541299,55.56002157541299,11-50
21906,2011-11,7.0,23.99289961418254,16.99289961418254,0-10
21907,2011-07,298.0,280.46389611552974,17.536103884470265,101-500
21907,2011-08,165.0,293.55233094346437,128.55233094346437,101-500
21907,2011-09,121.0,231.3921109166591,110.3921109166591,101-500
21907,2011-10,94.0,202.868091048994,108.86809104899399,51-100
21907,2011-11,77.0,110.07465176560136,33.07465176560136,51-100
21908,2011-07,316.0,230.24888248434456,85.75111751565544,101-500
21908,2011-08,258.0,288.5665200231833,30.566520023183273,101-500
21908,2011-09,723.0,307.6228481630936,415.3771518369064,501-1000
21908,2011-10,248.0,611.2109262094843,363.21092620948434,101-500
21908,2011-11,230.0,177.09861496009532,52.90138503990468,101-500
21912,2011-07,126.0,211.33079375132723,85.33079375132723,101-500
21912,2011-08,108.0,144.98323882467602,36.98323882467602,101-500
21912,2011-09,138.0,149.58798359508455,11.587983595084552,101-500
21912,2011-10,176.0,198.8065310340817,22.8065310340817,101-500
21912,2011-11,292.0,115.47945958599364,176.52054041400635,101-500
21913,2011-07,15.0,63.24543540017199,48.24543540017199,11-50
21913,2011-08,19.0,48.23874968198113,29.238749681981133,11-50
21913,2011-09,50.0,33.44660007278864,16.55339992721136,11-50
21913,2011-10,25.0,69.4322882868909,44.432288286890895,11-50
21913,2011-11,6.0,44.22312730875428,38.22312730875428,0-10
21914,2011-07,483.0,397.6356300185496,85.36436998145041,101-500
21914,2011-08,820.0,462.58825295870025,357.41174704129975,501-1000
21914,2011-09,868.0,757.5525288297247,110.44747117027532,501-1000
21914,2011-10,1662.0,937.0640213874783,724.9359786125217,1001-5000
21914,2011-11,478.0,630.6871766987799,152.68717669877992,101-500
21915,2011-07,1953.0,917.9224115257806,1035.0775884742193,1001-5000
21915,2011-08,3020.0,1392.9208934993455,1627.0791065006545,1001-5000
21915,2011-09,3319.0,2250.833142020262,1068.1668579797379,1001-5000
21915,2011-10,3644.0,2576.8361165813903,1067.1638834186097,1001-5000
21915,2011-11,1122.0,1332.3908586874184,210.39085868741836,1001-5000
21916,2011-07,274.0,406.16637331422385,132.16637331422385,101-500
21916,2011-08,576.0,355.4842056937965,220.51579430620347,501-1000
21916,2011-09,373.0,509.93431116932516,136.93431116932516,101-500
21916,2011-10,231.0,386.20877573350265,155.20877573350265,101-500
21916,2011-11,94.0,163.9680768075613,69.96807680756129,51-100
21917,2011-07,98.0,356.4782151079278,258.4782151079278,51-100
21917,2011-08,647.0,218.40013150708648,428.5998684929135,501-1000
21917,2011-09,558.0,492.05329863234965,65.94670136765035,501-1000
21917,2011-10,215.0,439.7409428661889,224.7409428661889,101-500
21917,2011-11,63.0,187.182476436845,124.18247643684501,51-100
21918,2011-07,554.0,809.6012086277559,255.6012086277559,501-1000
21918,2011-08,392.0,830.0092043426315,438.0092043426315,101-500
21918,2011-09,366.0,669.3241199450426,303.32411994504264,101-500
21918,2011-10,425.0,563.1031461280816,138.10314612808156,101-500
21918,2011-11,94.0,339.0509774558003,245.0509774558003,51-100
21922,2011-07,78.0,101.57335669597427,23.57335669597427,51-100
21922,2011-08,11.0,108.41938622392992,97.41938622392992,11-50
21922,2011-09,17.0,57.20844717538638,40.20844717538638,11-50
21922,2011-10,6.0,39.66947340321762,33.66947340321762,0-10
21922,2011-11,8.0,26.609437357131473,18.609437357131473,0-10
21925,2011-07,37.0,71.76062814254269,34.760628142542686,11-50
21925,2011-08,28.0,68.47749299173117,40.47749299173117,11-50
21925,2011-09,9.0,67.36087429221072,58.360874292210724,0-10
21925,2011-10,1.0,47.07767581774337,46.07767581774337,0-10
21925,2011-11,4.0,29.040895048043357,25.040895048043357,0-10
21926,2011-07,14.0,76.14778575119848,62.147785751198484,11-50
21926,2011-08,67.0,60.44035318638146,6.559646813618542,51-100
21926,2011-09,4.0,74.88240279956815,70.88240279956815,0-10
21926,2011-10,25.0,60.44035318638146,35.44035318638146,11-50
21926,2011-11,8.0,42.2281821913692,34.2281821913692,0-10
21927,2011-07,75.0,85.93223017049225,10.932230170492247,51-100
21927,2011-08,87.0,109.35074384044688,22.35074384044688,51-100
21927,2011-09,33.0,112.45982702661509,79.45982702661509,11-50
21927,2011-10,39.0,71.22791587172239,32.22791587172239,11-50
21927,2011-11,11.0,42.39780866867919,31.39780866867919,11-50
21928,2011-07,1087.0,816.8765813928231,270.12341860717686,1001-5000
21928,2011-08,1063.0,984.1595091618939,78.84049083810612,1001-5000
21928,2011-09,583.0,1072.5130113218204,489.5130113218204,501-1000
21928,2011-10,765.0,900.3699391196334,135.3699391196334,501-1000
21928,2011-11,302.0,487.50748924984146,185.50748924984146,101-500
21929,2011-07,1065.0,919.0299700431481,145.97002995685193,1001-5000
21929,2011-08,822.0,1057.5476365316317,235.54763653163172,501-1000
21929,2011-09,741.0,1003.561007115883,262.56100711588294,501-1000
21929,2011-10,716.0,955.5150585411634,239.5150585411634,501-1000
21929,2011-11,195.0,434.117685665498,239.11768566549802,101-500
21930,2011-07,507.0,482.9677473836294,24.032252616370613,501-1000
21930,2011-08,1181.0,541.4682237348316,639.5317762651684,1001-5000
21930,2011-09,286.0,951.4666591749606,665.4666591749606,101-500
21930,2011-10,617.0,506.7699208008654,110.2300791991346,501-1000
21930,2011-11,298.0,317.0713270321442,19.07132703214421,101-500
21931,2011-07,1644.0,1028.2774843991153,615.7225156008847,1001-5000
21931,2011-08,1292.0,1364.8284369927424,72.82843699274235,1001-5000
21931,2011-09,1278.0,1376.7387015280804,98.73870152808036,1001-5000
21931,2011-10,1177.0,1577.7798655467075,400.77986554670747,1001-5000
21931,2011-11,363.0,1034.9206470300655,671.9206470300655,101-500
21932,2011-07,311.0,362.06829781419725,51.06829781419725,101-500
21932,2011-08,100.0,391.8640611353055,291.8640611353055,51-100
21932,2011-09,102.0,223.7945048610014,121.7945048610014,101-500
21932,2011-10,182.0,201.44848437516683,19.448484375166828,101-500
21932,2011-11,51.0,171.83243497569663,120.83243497569663,51-100
21933,2011-07,251.0,333.37239330487574,82.37239330487574,101-500
21933,2011-08,96.0,337.96395866763214,241.96395866763214,51-100
21933,2011-09,84.0,219.48207255571415,135.48207255571415,51-100
21933,2011-10,131.0,178.19013774380866,47.19013774380866,101-500
21933,2011-11,53.0,155.9541369370939,102.95413693709389,51-100
21934,2011-07,108.0,210.4485960902698,102.4485960902698,101-500
21934,2011-08,172.0,149.55568066765764,22.44431933234236,101-500
21934,2011-09,200.0,226.48777633221582,26.487776332215816,101-500
21934,2011-10,492.0,242.50277823757935,249.49722176242065,101-500
21934,2011-11,103.0,218.21868646060742,115.21868646060742,101-500
21935,2011-07,164.0,310.19830395932996,146.19830395932996,101-500
21935,2011-08,270.0,220.59266172515035,49.40733827484965,101-500
21935,2011-09,302.0,306.8287193316826,4.828719331682578,101-500
21935,2011-10,546.0,373.1243686734208,172.8756313265792,501-1000
21935,2011-11,172.0,239.69205821189092,67.69205821189092,101-500
21936,2011-07,335.0,531.942972130826,196.94297213082598,101-500
21936,2011-08,138.0,521.0542517985649,383.0542517985649,101-500
21936,2011-09,93.0,332.7950093536491,239.7950093536491,51-100
21936,2011-10,45.0,204.13269641967432,159.13269641967432,11-50
21936,2011-11,38.0,87.43899718980694,49.43899718980694,11-50
21942,2011-07,0.0,68.40719517906565,68.40719517906565,0-10
21942,2011-10,83.0,59.68149038044925,23.318509619550753,51-100
21942,2011-11,14.0,59.53804712405894,45.53804712405894,11-50
21943,2011-07,0.0,68.40719517906565,68.40719517906565,0-10
21943,2011-10,6.0,44.663591798500214,38.663591798500214,0-10
21943,2011-11,2.0,27.9773562539031,25.9773562539031,0-10
21944,2011-07,27.0,75.02052764997029,48.02052764997029,11-50
21944,2011-08,16.0,67.36087429221072,51.360874292210724,11-50
21944,2011-09,8.0,51.473211610159204,43.473211610159204,0-10
21944,2011-10,72.0,43.421444269968305,28.578555730031695,51-100
21944,2011-11,47.0,45.28635505999328,1.7136449400067235,11-50
21945,2011-07,0.0,74.41927404446697,74.41927404446697,0-10
21945,2011-10,80.0,67.23888774604005,12.76111225395995,51-100
21945,2011-11,8.0,71.49868432088384,63.49868432088384,0-10
21946,2011-07,0.0,52.10985516151358,52.10985516151358,0-10
21946,2011-10,3.0,37.43301151000661,34.43301151000661,0-10
21946,2011-11,6.0,29.447164404122223,23.447164404122223,0-10
21947,2011-07,1.0,36.46014130398131,35.46014130398131,0-10
21947,2011-08,33.0,27.2575254299416,5.742474570058398,11-50
21947,2011-09,56.0,55.01005961102234,0.9899403889776579,51-100
21947,2011-10,60.0,78.10191510793655,18.10191510793655,51-100
21947,2011-11,7.0,56.952034185531176,49.952034185531176,0-10
21948,2011-07,22.0,49.603216742038114,27.603216742038114,11-50
21948,2011-08,18.0,48.638749750414746,30.638749750414746,11-50
21948,2011-09,44.0,37.78816671882706,6.211833281172943,11-50
21948,2011-10,48.0,73.77385493292932,25.773854932929325,11-50
21948,2011-11,5.0,46.651039620180605,41.651039620180605,0-10
21949,2011-07,2.0,65.14674904373702,63.14674904373702,0-10
21949,2011-08,4.0,44.81946139077016,40.81946139077016,0-10
21949,2011-09,71.0,24.715831801730513,46.284168198269484,51-100
21949,2011-10,52.0,82.47475830495624,30.47475830495624,51-100
21949,2011-11,10.0,48.27596087692613,38.27596087692613,0-10
21955,2011-07,39.0,94.059899528932,55.05989952893199,11-50
21955,2011-08,117.0,218.14602469168602,101.14602469168602,101-500
21955,2011-09,30.0,121.28616622201355,91.28616622201355,11-50
21955,2011-10,27.0,84.72251276646291,57.72251276646291,11-50
21955,2011-11,14.0,41.603221688810244,27.603221688810244,11-50
21967,2011-07,171.0,346.3322555364803,175.33225553648032,101-500
21967,2011-08,304.0,357.69701520778864,53.69701520778864,101-500
21967,2011-09,404.0,457.0194945412328,53.0194945412328,101-500
21967,2011-10,277.0,332.38625369553984,55.386253695539835,101-500
21967,2011-11,39.0,157.42202290523934,118.42202290523934,11-50
21972,2011-07,19.0,75.91372729018416,56.913727290184156,11-50
21972,2011-08,17.0,51.473211610159204,34.473211610159204,11-50
21972,2011-09,14.0,37.96101851947001,23.96101851947001,11-50
21972,2011-10,57.0,43.912796566923184,13.087203433076816,51-100
21972,2011-11,1.0,48.02965109333319,47.02965109333319,0-10
21973,2011-07,16.0,62.524435362677636,46.524435362677636,11-50
21973,2011-08,19.0,43.45248442881619,24.45248442881619,11-50
21973,2011-09,2.0,49.2990198059371,47.2990198059371,0-10
21973,2011-10,5.0,42.588796469837234,37.588796469837234,0-10
21974,2011-07,153.0,159.52896516631182,6.528965166311821,101-500
21974,2011-08,339.0,178.64746619841017,160.35253380158983,101-500
21974,2011-09,193.0,301.2533847597961,108.25338475979612,101-500
21974,2011-10,276.0,230.8518196055098,45.1481803944902,101-500
21974,2011-11,58.0,139.97864898675758,81.97864898675758,51-100
21975,2011-07,1523.0,1287.7743579300477,235.2256420699523,1001-5000
21975,2011-08,1895.0,1555.6678204587347,339.3321795412653,1001-5000
21975,2011-09,470.0,1714.7445902522693,1244.7445902522693,101-500
21975,2011-10,756.0,985.9888469175755,229.98884691757553,501-1000
21975,2011-11,106.0,628.4767731037363,522.4767731037363,101-500
21976,2011-07,656.0,314.6062552434075,341.3937447565925,501-1000
21976,2011-08,399.0,487.49540865485994,88.49540865485994,101-500
21976,2011-09,389.0,473.5955189694091,84.59551896940911,101-500
21976,2011-10,271.0,446.31286493907766,175.31286493907766,101-500
21976,2011-11,91.0,192.68242998715002,101.68242998715002,51-100
21977,2011-07,2282.0,2709.340818342897,427.3408183428969,1001-5000
21977,2011-08,2257.0,2387.0972950714704,130.0972950714704,1001-5000
21977,2011-09,1417.0,2170.374239152125,753.374239152125,1001-5000
21977,2011-10,1426.0,1894.81153763061,468.81153763061,1001-5000
21977,2011-11,234.0,981.0707847439334,747.0707847439334,101-500
21980,2011-07,187.0,551.1072907817623,364.10729078176234,101-500
21980,2011-08,671.0,386.1391118581897,284.8608881418103,501-1000
21980,2011-09,869.0,581.7350747387486,287.2649252612514,501-1000
21980,2011-10,326.0,635.8476109008233,309.84761090082327,101-500
21980,2011-11,90.0,316.54297629077234,226.54297629077234,51-100
21981,2011-07,334.0,378.9423585765213,44.942358576521315,101-500
21981,2011-08,524.0,433.4105148880588,90.5894851119412,501-1000
21981,2011-09,212.0,559.9655725948743,347.9655725948743,101-500
21981,2011-10,252.0,329.19533938727113,77.19533938727113,101-500
21981,2011-11,68.0,184.93969266385767,116.93969266385767,51-100
21982,2011-07,377.0,454.2483283023227,77.2483283023227,101-500
21982,2011-08,402.0,529.4925031347647,127.49250313476466,101-500
21982,2011-09,330.0,479.4428633426294,149.44286334262938,101-500
21982,2011-10,924.0,458.05661243300887,465.94338756699113,501-1000
21982,2011-11,118.0,412.0876593142309,294.0876593142309,101-500
21983,2011-07,177.0,205.1465289786597,28.14652897865969,101-500
21983,2011-08,184.0,192.5658037410849,8.565803741084892,101-500
21983,2011-09,359.0,174.49397559219506,184.50602440780494,101-500
21983,2011-10,177.0,288.5756616185813,111.57566161858131,101-500
21983,2011-11,56.0,143.76908918647672,87.76908918647672,51-100
21984,2011-07,230.0,268.6311157682153,38.631115768215295,101-500
21984,2011-08,507.0,289.1010496046751,217.8989503953249,501-1000
21984,2011-09,255.0,395.6035847796454,140.60358477964542,101-500
21984,2011-10,142.0,275.35387732922186,133.35387732922186,101-500
21984,2011-11,41.0,160.07865759646432,119.07865759646432,11-50
21985,2011-07,788.0,568.3260596373067,219.67394036269332,501-1000
21985,2011-08,952.0,713.7133930984995,238.28660690150048,501-1000
21985,2011-09,467.0,709.6034983956388,242.60349839563878,101-500
21985,2011-10,500.0,722.672304169542,222.67230416954203,101-500
21985,2011-11,93.0,356.6137646215262,263.6137646215262,51-100
21986,2011-07,478.0,302.50623100409535,175.49376899590465,101-500
21986,2011-08,263.0,467.6698989611968,204.6698989611968,101-500
21986,2011-09,294.0,274.5803451136566,19.41965488634338,101-500
21986,2011-10,144.0,306.3980746123523,162.39807461235227,101-500
21986,2011-11,34.0,146.32551212232786,112.32551212232786,11-50
21987,2011-07,135.0,134.6086125430284,0.39138745697158583,101-500
21987,2011-08,165.0,180.73167355168766,15.731673551687663,101-500
21987,2011-09,160.0,167.50172466045512,7.501724660455125,101-500
21987,2011-10,381.0,180.0781175230735,200.9218824769265,101-500
21987,2011-11,16.0,193.57312410862758,177.57312410862758,11-50
21988,2011-07,134.0,201.78101624478907,67.78101624478907,101-500
21988,2011-08,136.0,194.75412036880454,58.754120368804536,101-500
21988,2011-09,156.0,182.25104262124728,26.25104262124728,101-500
21988,2011-10,337.0,189.61544469263583,147.38455530736417,101-500
21988,2011-11,15.0,175.3860158524001,160.3860158524001,11-50
21989,2011-07,185.0,235.66674539830592,50.66674539830592,101-500
21989,2011-08,169.0,220.69119875348656,51.69119875348656,101-500
21989,2011-09,169.0,222.69725190800017,53.69725190800017,101-500
21989,2011-10,193.0,216.33981961820933,23.339819618209333,101-500
21989,2011-11,26.0,127.10557868900317,101.10557868900317,11-50
21990,2011-07,68.0,205.48635552866256,137.48635552866256,51-100
21990,2011-08,158.0,152.63219862106908,5.3678013789309205,101-500
21990,2011-09,252.0,179.52667644478893,72.47332355521107,101-500
21990,2011-10,342.0,265.1184565701624,76.88154342983762,101-500
21990,2011-11,95.0,203.17939197721464,108.17939197721464,51-100
21991,2011-07,91.0,109.96959236247098,18.969592362470976,51-100
21991,2011-08,56.0,104.2057177665042,48.20571776650419,51-100
21991,2011-09,44.0,86.28677005848427,42.286770058484265,11-50
21991,2011-10,126.0,83.38479272827729,42.61520727172271,101-500
21991,2011-11,36.0,82.43657854681283,46.436578546812825,11-50
21992,2011-07,150.0,204.73597604735306,54.73597604735306,101-500
21992,2011-08,412.0,189.10417901469376,222.89582098530624,101-500
21992,2011-09,267.0,394.07102779374117,127.07102779374117,101-500
21992,2011-10,153.0,308.808778032678,155.808778032678,101-500
21993,2011-07,144.0,236.48241321483772,92.48241321483772,101-500
21993,2011-08,202.0,184.52932917270365,17.470670827296345,101-500
21993,2011-09,195.0,245.00989235909506,50.00989235909506,101-500
21993,2011-10,435.0,238.08975198868225,196.91024801131775,101-500
21993,2011-11,133.0,190.87377508355897,57.87377508355897,101-500
22023,2011-07,111.0,129.75072426269463,18.750724262694632,101-500
22023,2011-08,103.0,143.76894512728234,40.768945127282336,101-500
22023,2011-09,41.0,148.44357325750565,107.44357325750565,11-50
22023,2011-10,129.0,95.43444331423417,33.56555668576583,101-500
22023,2011-11,15.0,92.91476035994698,77.91476035994698,11-50
22024,2011-07,110.0,186.27347898805823,76.27347898805823,101-500
22024,2011-08,238.0,171.79974648720423,66.20025351279577,101-500
22024,2011-09,163.0,230.62071765529464,67.62071765529464,101-500
22024,2011-10,203.0,183.93265101666418,19.06734898333582,101-500
22024,2011-11,35.0,113.2677341613352,78.2677341613352,11-50
22025,2011-07,88.0,181.93389474476382,93.93389474476382,51-100
22025,2011-08,69.0,148.299919936959,79.29991993695899,51-100
22025,2011-09,257.0,111.01898914079864,145.98101085920138,101-500
22025,2011-10,109.0,167.4187493048428,58.418749304842805,101-500
22025,2011-11,18.0,91.14085275528555,73.14085275528555,11-50
22026,2011-07,182.0,192.01043675692173,10.010436756921735,101-500
22026,2011-08,156.0,188.61585654743425,32.61585654743425,101-500
22026,2011-09,108.0,183.98922235143482,75.98922235143482,101-500
22026,2011-10,143.0,160.81647381517962,17.81647381517962,101-500
22026,2011-11,20.0,102.12812461588025,82.12812461588025,11-50
22027,2011-07,232.0,350.8655423307743,118.8655423307743,101-500
22027,2011-08,511.0,317.97173983758177,193.02826016241823,501-1000
22027,2011-09,392.0,467.9247577667755,75.92475776677549,101-500
22027,2011-10,477.0,377.7485248040458,99.25147519595419,101-500
22027,2011-11,100.0,281.1265325445993,181.12653254459929,51-100
22028,2011-07,306.0,249.20902069578364,56.790979304216364,101-500
22028,2011-08,331.0,311.6863425297611,19.313657470238923,101-500
22028,2011-09,172.0,330.8738192225234,158.87381922252342,101-500
22028,2011-10,406.0,266.72008642592886,139.27991357407114,101-500
22028,2011-11,41.0,194.7160500545316,153.7160500545316,11-50
22029,2011-07,526.0,680.60394571045,154.60394571045003,501-1000
22029,2011-08,817.0,657.1058297489316,159.89417025106843,501-1000
22029,2011-09,837.0,781.4982016844214,55.50179831557864,501-1000
22029,2011-10,676.0,729.22135313458,53.22135313458,501-1000
22029,2011-11,364.0,387.5503093024431,23.55030930244311,101-500
22030,2011-07,746.0,493.67163508513755,252.32836491486245,501-1000
22030,2011-08,255.0,556.1220008793742,301.12200087937424,101-500
22030,2011-09,0.0,407.3465890983232,407.3465890983232,0-10
22031,2011-07,36.0,100.15662148386588,64.15662148386588,11-50
22031,2011-08,26.0,80.6184283036409,54.6184283036409,11-50
22031,2011-09,12.0,77.30958109936456,65.30958109936456,11-50
22031,2011-10,51.0,54.80333097606388,3.803330976063883,51-100
22031,2011-11,26.0,57.31239692127395,31.31239692127395,11-50
22032,2011-07,48.0,88.52814320197807,40.52814320197807,11-50
22032,2011-08,37.0,86.63050716904222,49.63050716904222,11-50
22032,2011-09,36.0,80.6184283036409,44.6184283036409,11-50
22032,2011-10,50.0,76.83009667188063,26.830096671880625,11-50
22033,2011-07,0.0,94.36247091701902,94.36247091701902,0-10
22035,2011-07,114.0,169.55732245585267,55.55732245585267,101-500
22035,2011-08,87.0,163.43042252756908,76.43042252756908,51-100
22035,2011-09,5.0,119.70962879497156,114.70962879497156,0-10
22037,2011-07,220.0,331.4066079045247,111.40660790452472,101-500
22037,2011-08,537.0,316.4699108166784,220.5300891833216,501-1000
22037,2011-09,205.0,483.1369388623906,278.1369388623906,101-500
22037,2011-10,310.0,328.1656717661349,18.165671766134892,101-500
22037,2011-11,301.0,241.31176449755557,59.68823550244443,101-500
22038,2011-07,0.0,102.40238158525469,102.40238158525469,0-10
22038,2011-10,50.0,80.6184283036409,30.618428303640897,11-50
22038,2011-11,25.0,59.22653126937946,34.22653126937946,11-50
22039,2011-09,25.0,126.49116892627171,101.49116892627171,11-50
22040,2011-07,150.0,91.24929125016959,58.75070874983041,101-500
22040,2011-08,25.0,138.04048203466382,113.04048203466382,11-50
22040,2011-09,50.0,81.98289536369786,31.982895363697864,11-50
22040,2011-10,50.0,91.5530931989294,41.5530931989294,11-50
22041,2011-07,222.0,265.6979188779839,43.69791887798391,101-500
22041,2011-08,431.0,265.57178155975544,165.42821844024456,101-500
22041,2011-09,405.0,324.1808134522845,80.8191865477155,101-500
22041,2011-10,644.0,337.80442260706786,306.19557739293214,501-1000
22041,2011-11,57.0,278.95599289822565,221.95599289822565,51-100
22042,2011-07,0.0,76.48757260323687,76.48757260323687,0-10
22042,2011-10,73.0,91.58763832343256,18.587638323432557,51-100
22042,2011-11,48.0,75.59994616153905,27.59994616153905,11-50
22043,2011-07,50.0,76.36690879840049,26.366908798400488,11-50
22043,2011-08,254.0,86.63050716904222,167.36949283095777,101-500
22043,2011-09,356.0,166.93926487735885,189.06073512264115,101-500
22043,2011-10,434.0,290.3964805790689,143.6035194209311,101-500
22043,2011-11,50.0,190.75202919450766,140.75202919450766,11-50
22044,2011-08,168.0,91.58763832343256,76.41236167656744,101-500
22044,2011-09,444.0,142.66706070312094,301.3329392968791,101-500
22044,2011-10,36.0,261.9252856700524,225.9252856700524,11-50
22045,2011-07,275.0,514.4217641322892,239.42176413228924,101-500
22045,2011-08,550.0,400.07697128800027,149.92302871199973,501-1000
22045,2011-09,1025.0,566.6240006958113,458.37599930418867,1001-5000
22045,2011-10,875.0,642.9108317112216,232.0891682887784,501-1000
22045,2011-11,150.0,419.24343279257477,269.24343279257477,101-500
22046,2011-07,200.0,188.67079955454696,11.32920044545304,101-500
22046,2011-08,200.0,188.0684067160538,11.9315932839462,101-500
22046,2011-09,175.0,192.6477178538541,17.64771785385409,101-500
22046,2011-10,275.0,179.07328672999535,95.92671327000465,101-500
22046,2011-11,75.0,129.64205350694806,54.64205350694806,51-100
22047,2011-07,375.0,266.82392017011756,108.17607982988244,101-500
22047,2011-08,250.0,232.36697821852448,17.63302178147552,101-500
22047,2011-09,325.0,275.6863788119169,49.31362118808312,101-500
22047,2011-10,500.0,252.62861909054357,247.37138090945643,101-500
22047,2011-11,50.0,170.83960436298293,120.83960436298293,11-50
22048,2011-07,0.0,154.29832283468383,154.29832283468383,0-10
22048,2011-10,75.0,94.04605732522752,19.046057325227522,51-100
22048,2011-11,25.0,85.85306455130507,60.85306455130507,11-50
22050,2011-07,100.0,140.36286333138918,40.36286333138918,51-100
22050,2011-08,100.0,136.37452348805806,36.37452348805806,51-100
22050,2011-09,150.0,134.50792570697257,15.492074293027429,101-500
22050,2011-10,50.0,141.49630526205613,91.49630526205613,11-50
22050,2011-11,25.0,79.88329993655694,54.88329993655694,11-50
22051,2011-07,50.0,107.03419153547782,57.03419153547782,11-50
22051,2011-08,25.0,107.31776684109653,82.31776684109653,11-50
22051,2011-09,75.0,90.36164634878561,15.361646348785612,51-100
22051,2011-10,125.0,90.67953683879114,34.32046316120886,101-500
22055,2011-07,22.0,96.98611030168257,74.98611030168257,11-50
22055,2011-08,131.0,69.01400990158733,61.98599009841267,101-500
22055,2011-09,31.0,105.02292130425737,74.02292130425737,11-50
22055,2011-10,82.0,67.0339367359395,14.966063264060494,51-100
22055,2011-11,270.0,56.59199724267083,213.40800275732917,101-500
22057,2011-07,6.0,83.58398584584629,77.58398584584629,0-10
22057,2011-08,4.0,58.572376200937065,54.572376200937065,0-10
22057,2011-09,40.0,25.195316229214455,14.804683770785545,11-50
22057,2011-10,67.0,52.127598225193054,14.872401774806946,51-100
22057,2011-11,176.0,52.87656439249514,123.12343560750486,101-500
22059,2011-07,46.0,83.04098420964435,37.04098420964435,11-50
22059,2011-08,18.0,71.6773165673493,53.677316567349294,11-50
22059,2011-09,44.0,66.19895696851852,22.198956968518516,11-50
22059,2011-10,135.0,56.01529567587303,78.98470432412697,101-500
22059,2011-11,504.0,86.23093150558874,417.7690684944113,501-1000
22061,2011-07,2.0,57.887518614038605,55.887518614038605,0-10
22061,2011-08,5.0,43.90116705449096,38.90116705449096,0-10
22061,2011-09,23.0,19.93340132115047,3.0665986788495303,11-50
22061,2011-10,45.0,40.48315529738041,4.5168447026195935,11-50
22061,2011-11,220.0,36.8577131176726,183.1422868823274,101-500
22062,2011-07,12.0,77.35152066494821,65.35152066494821,11-50
22062,2011-08,70.0,63.00670041974591,6.993299580254089,51-100
22062,2011-09,34.0,87.50058810687317,53.50058810687317,11-50
22063,2011-07,47.0,80.95977570219372,33.959775702193724,11-50
22063,2011-08,3.0,82.90530830079335,79.90530830079335,0-10
22063,2011-09,15.0,47.71385934195392,32.71385934195392,11-50
22063,2011-10,26.0,24.817369662647017,1.1826303373529825,11-50
22063,2011-11,202.0,39.981448480331935,162.01855151966805,101-500
22064,2011-07,40.0,101.93503709660536,61.935037096605356,11-50
22064,2011-08,65.0,93.20983318414919,28.20983318414919,51-100
22064,2011-09,69.0,93.23375420824793,24.23375420824793,51-100
22064,2011-10,232.0,110.5771675667754,121.4228324332246,101-500
22064,2011-11,409.0,109.358891082803,299.641108917197,101-500
22065,2011-07,36.0,32.06381945887461,3.9361805411253883,11-50
22065,2011-08,1292.0,48.638749750414746,1243.3612502495853,1001-5000
22065,2011-09,2857.0,1144.646632262308,1712.353367737692,1001-5000
22065,2011-10,1804.0,2694.3740672557647,890.3740672557647,1001-5000
22065,2011-11,527.0,1234.2184956933381,707.2184956933381,501-1000
22066,2011-07,63.0,193.44786313584743,130.44786313584743,51-100
22066,2011-08,238.0,136.40622804534428,101.59377195465572,101-500
22066,2011-09,182.0,224.3320740265459,42.33207402654591,101-500
22066,2011-10,401.0,206.4527231445544,194.5472768554456,101-500
22066,2011-11,16.0,190.7651244120501,174.7651244120501,11-50
22067,2011-07,68.0,35.32000772054642,32.67999227945358,51-100
22067,2011-08,7.0,67.01309472970289,60.013094729702885,0-10
22067,2011-09,31.0,47.23437491446998,16.23437491446998,11-50
22067,2011-10,52.0,45.456871436038725,6.543128563961275,51-100
22067,2011-11,52.0,46.55375660792646,5.446243392073541,51-100
22068,2011-07,3.0,61.33986812788779,58.33986812788779,0-10
22068,2011-08,30.0,43.45499433071318,13.454994330713177,11-50
22068,2011-09,76.0,62.6480965284468,13.3519034715532,51-100
22068,2011-10,56.0,92.43229520230433,36.43229520230433,51-100
22068,2011-11,170.0,51.1779382071331,118.82206179286689,101-500
22069,2011-07,5.0,33.216949890531616,28.216949890531616,0-10
22069,2011-08,22.0,30.07356861521602,8.073568615216018,11-50
22069,2011-09,41.0,63.090345298101084,22.090345298101084,11-50
22069,2011-10,75.0,71.50871710239262,3.491282897607377,51-100
22069,2011-11,119.0,64.24194859837081,54.75805140162919,101-500
22070,2011-07,87.0,55.07290172269253,31.927098277307472,51-100
22070,2011-08,53.0,76.45558772918889,23.455587729188892,51-100
22070,2011-09,59.0,64.63968494611105,5.639684946111046,51-100
22070,2011-10,529.0,83.3632949032105,445.6367050967895,501-1000
22070,2011-11,8.0,210.74395255664376,202.74395255664376,0-10
22071,2011-07,8.0,25.19408269441306,17.19408269441306,0-10
22071,2011-08,48.0,23.220666541550713,24.779333458449287,11-50
22071,2011-09,46.0,48.052111187754726,2.0521111877547256,11-50
22071,2011-10,507.0,82.90530830079335,424.09469169920663,501-1000
22071,2011-11,9.0,171.43295128624743,162.43295128624743,0-10
22072,2011-07,26.0,62.225867134318044,36.225867134318044,11-50
22072,2011-08,15.0,46.6895641740083,31.689564174008297,11-50
22072,2011-09,39.0,34.87775895089213,4.1222410491078705,11-50
22072,2011-10,40.0,48.196500980760455,8.196500980760455,11-50
22072,2011-11,205.0,48.581372306072886,156.4186276939271,101-500
22074,2011-07,42.0,28.99657150944475,13.003428490555251,11-50
22074,2011-08,57.0,70.1124921910694,13.112492191069407,51-100
22074,2011-09,89.0,84.75338501012303,4.246614989876974,51-100
22074,2011-10,79.0,123.87327969781632,44.873279697816315,51-100
22074,2011-11,186.0,65.80031719432922,120.19968280567078,101-500
22075,2011-09,99.0,184.63762423212606,85.63762423212606,51-100
22075,2011-10,343.0,141.03014781132836,201.96985218867164,101-500
22075,2011-11,511.0,191.7488814352633,319.25111856473666,501-1000
22076,2011-07,83.0,48.638749750414746,34.361250249585254,51-100
22076,2011-08,122.0,96.02086281595648,25.979137184043523,101-500
22076,2011-09,131.0,147.26169486829548,16.26169486829548,101-500
22076,2011-10,152.0,158.72529509893462,6.725295098934623,101-500
22076,2011-11,353.0,90.55153891633428,262.44846108366573,101-500
22077,2011-07,849.0,563.1347343089795,285.86526569102045,501-1000
22077,2011-08,1110.0,780.8940650561304,329.10593494386956,1001-5000
22077,2011-09,1212.0,918.8287176619244,293.17128233807557,1001-5000
22077,2011-10,1177.0,1211.3042465512742,34.30424655127422,1001-5000
22077,2011-11,287.0,726.7542700455245,439.75427004552455,101-500
22078,2011-09,126.0,169.61240283086616,43.61240283086616,101-500
22078,2011-10,213.0,185.05519878551976,27.944801214480236,101-500
22078,2011-11,40.0,111.14465016928473,71.14465016928473,11-50
22079,2011-07,96.0,128.41555060210604,32.41555060210604,51-100
22079,2011-08,91.0,121.70798799842106,30.70798799842106,51-100
22079,2011-09,323.0,114.93142899285581,208.0685710071442,101-500
22079,2011-10,172.0,323.3872515793259,151.3872515793259,101-500
22079,2011-11,68.0,119.51521287748496,51.515212877484956,51-100
22080,2011-08,122.0,202.2427668509229,80.24276685092289,101-500
22080,2011-09,274.0,142.8492910859966,131.1507089140034,101-500
22080,2011-10,215.0,281.0266575664375,66.0266575664375,101-500
22080,2011-11,59.0,130.8359072189481,71.83590721894811,51-100
22081,2011-07,47.0,76.42841164967182,29.428411649671816,11-50
22081,2011-08,63.0,82.90530830079335,19.90530830079335,51-100
22081,2011-09,99.0,88.86239845471336,10.137601545286643,51-100
22081,2011-10,69.0,111.12278904202516,42.12278904202516,51-100
22081,2011-11,35.0,55.57430550988734,20.57430550988734,11-50
22082,2011-07,176.0,158.37004417074505,17.629955829254953,101-500
22082,2011-08,318.0,209.16831485760636,108.83168514239364,101-500
22082,2011-09,260.0,291.67950853497115,31.67950853497115,101-500
22082,2011-10,394.0,306.82563653389076,87.17436346610924,101-500
22082,2011-11,114.0,213.25776040677155,99.25776040677155,101-500
22083,2011-07,297.0,302.453125282293,5.453125282293001,101-500
22083,2011-08,429.0,369.858884856893,59.141115143107015,101-500
22083,2011-09,304.0,415.2281012596628,111.22810125966282,101-500
22083,2011-10,653.0,420.5060545124698,232.4939454875302,501-1000
22083,2011-11,181.0,302.1358067909954,121.13580679099539,101-500
22084,2011-07,6.0,115.54696682244618,109.54696682244618,0-10
22084,2011-08,11.0,66.23564390137652,55.23564390137652,11-50
22084,2011-09,0.0,54.75831950470136,54.75831950470136,0-10
22085,2011-07,70.0,64.4592426303505,5.540757369649498,51-100
22085,2011-08,51.0,68.91866200198707,17.918662001987073,51-100
22085,2011-09,18.0,65.14674904373702,47.14674904373702,11-50
22085,2011-10,28.0,48.71823410946507,20.718234109465072,11-50
22085,2011-11,11.0,40.6325914253001,29.6325914253001,11-50
22086,2011-07,488.0,265.05159776896437,222.94840223103563,101-500
22086,2011-08,2103.0,353.44714401402194,1749.552855985978,1001-5000
22086,2011-09,3426.0,1440.5885445404977,1985.4114554595023,1001-5000
22086,2011-10,7898.0,3268.465710826445,4629.5342891735545,5000+
22086,2011-11,2088.0,2272.988730548874,184.98873054887417,1001-5000
22089,2011-07,83.0,166.5267923795709,83.5267923795709,51-100
22089,2011-08,101.0,126.20289633123298,25.202896331232978,101-500
22089,2011-09,18.0,123.6948342956493,105.6948342956493,11-50
22089,2011-10,111.0,59.880725300514996,51.119274699485004,101-500
22089,2011-11,6.0,68.88633069372855,62.88633069372855,0-10
22090,2011-07,667.0,927.1276502316415,260.1276502316415,501-1000
22090,2011-08,381.0,857.2082120835792,476.20821208357916,101-500
22090,2011-09,233.0,681.1537383640721,448.15373836407207,101-500
22090,2011-10,327.0,448.3740025879853,121.37400258798527,101-500
22090,2011-11,110.0,367.77088143273625,257.77088143273625,101-500
22091,2011-07,316.0,164.61662491990995,151.38337508009005,101-500
22091,2011-08,98.0,273.1951224463637,175.1951224463637,51-100
22091,2011-09,696.0,271.33594704027684,424.66405295972316,501-1000
22091,2011-10,338.0,513.4826626637016,175.4826626637016,101-500
22091,2011-11,11.0,202.44910498803242,191.44910498803242,11-50
22092,2011-08,163.0,106.2786214070965,56.721378592903505,101-500
22092,2011-09,72.0,165.52782717890858,93.52782717890858,51-100
22092,2011-10,155.0,117.47775234450063,37.52224765549937,101-500
22092,2011-11,7.0,93.22857624927086,86.22857624927086,0-10
22093,2011-07,194.0,251.90731051513794,57.90731051513794,101-500
22093,2011-08,190.0,199.91142712879093,9.911427128790933,101-500
22093,2011-09,571.0,213.28539850554876,357.71460149445124,501-1000
22093,2011-10,287.0,447.2780697110588,160.27806971105878,101-500
22093,2011-11,57.0,152.02996668634995,95.02996668634995,51-100
22094,2011-07,320.0,195.60269495455285,124.39730504544715,101-500
22094,2011-08,567.0,272.30890210783315,294.69109789216685,501-1000
22094,2011-09,174.0,407.1506459135415,233.1506459135415,101-500
22094,2011-10,525.0,244.61813359959547,280.38186640040453,501-1000
22094,2011-11,56.0,194.93698701091984,138.93698701091984,51-100
22095,2011-07,33.0,103.44981788327777,70.44981788327777,11-50
22095,2011-08,143.0,80.6184283036409,62.3815716963591,101-500
22095,2011-09,224.0,150.44732705792052,73.55267294207948,101-500
22095,2011-10,409.0,186.10994825433676,222.89005174566324,101-500
22095,2011-11,156.0,199.69923587690724,43.69923587690724,101-500
22096,2011-07,86.0,105.96635305685571,19.96635305685571,51-100
22096,2011-08,646.0,112.45982702661509,533.5401729733849,501-1000
22096,2011-09,106.0,464.4324875965249,358.4324875965249,101-500
22096,2011-10,168.0,152.861608364137,15.138391635863002,101-500
22096,2011-11,224.0,146.16757375806648,77.83242624193352,101-500
22097,2011-07,224.0,205.98366704930163,18.01633295069837,101-500
22097,2011-08,109.0,203.62415026516402,94.62415026516402,101-500
22097,2011-09,514.0,276.06340467807365,237.93659532192635,501-1000
22097,2011-10,147.0,421.97848278474623,274.97848278474623,101-500
22097,2011-11,222.0,126.34397815683201,95.65602184316799,101-500
22098,2011-07,196.0,165.97870778221863,30.021292217781365,101-500
22098,2011-08,233.0,172.8777545304195,60.12224546958049,101-500
22098,2011-09,847.0,321.31971890270637,525.6802810972936,501-1000
22098,2011-10,226.0,554.8169497357497,328.81694973574974,101-500
22098,2011-11,63.0,143.5549552583211,80.55495525832109,51-100
22099,2011-07,269.0,171.45177294534363,97.54822705465637,101-500
22099,2011-08,173.0,254.24182801367743,81.24182801367743,101-500
22099,2011-09,440.0,292.1004877764465,147.89951222355347,101-500
22099,2011-10,124.0,303.1898046984416,179.1898046984416,101-500
22099,2011-11,21.0,113.8083806356293,92.8083806356293,11-50
22100,2011-08,77.0,152.27482997800274,75.27482997800274,51-100
22100,2011-09,79.0,103.1285858733008,24.128585873300807,51-100
22100,2011-10,195.0,119.95831377271234,75.04168622728766,101-500
22100,2011-11,110.0,84.35008058304591,25.64991941695409,101-500
22101,2011-07,64.0,95.30661673994074,31.306616739940736,51-100
22101,2011-08,68.0,70.70567036243176,2.7056703624317606,51-100
22101,2011-09,693.0,82.26495888010585,610.7350411198942,501-1000
22101,2011-10,102.0,391.213519810192,289.213519810192,101-500
22101,2011-11,16.0,82.03006889912133,66.03006889912133,11-50
22102,2011-07,0.0,31.126485105741544,31.126485105741544,0-10
22102,2011-10,22.0,1629.927451731809,1607.927451731809,11-50
22103,2011-07,57.0,61.34720879452353,4.347208794523532,51-100
22103,2011-08,0.0,52.79765418872774,52.79765418872774,0-10
22104,2011-07,4.0,37.728907838163316,33.728907838163316,0-10
22104,2011-08,31.0,32.11249617946442,1.1124961794644221,11-50
22104,2011-09,35.0,43.96731898098783,8.967318980987827,11-50
22104,2011-10,22.0,50.064832595214995,28.064832595214995,11-50
22104,2011-11,11.0,42.59820605200875,31.59820605200875,11-50
22105,2011-07,3.0,26.246999184938577,23.246999184938577,0-10
22105,2011-08,4.0,22.779802707009082,18.779802707009082,0-10
22105,2011-09,491.0,22.779802707009082,468.2201972929909,101-500
22105,2011-10,4.0,249.66617640276544,245.66617640276544,0-10
22105,2011-11,3.0,59.292979855302896,56.292979855302896,0-10
22106,2011-07,13.0,18.880484830624948,5.8804848306249475,11-50
22106,2011-08,8.0,20.491672524342565,12.491672524342565,0-10
22106,2011-09,251.0,25.7320019691776,225.2679980308224,101-500
22106,2011-10,14.0,136.23290553402092,122.23290553402092,11-50
22106,2011-11,9.0,51.03362100515327,42.03362100515327,0-10
22107,2011-07,11.0,19.32134866516658,8.321348665166578,11-50
22107,2011-08,56.0,21.458740034975975,34.541259965024025,51-100
22107,2011-09,71.0,90.17870958552024,19.178709585520238,51-100
22107,2011-10,162.0,109.21270050671843,52.787299493281566,101-500
22107,2011-11,134.0,98.78771428834658,35.21228571165342,101-500
22108,2011-09,10.0,25.358057911360106,15.358057911360106,0-10
22108,2011-10,27.0,30.471737450441292,3.4717374504412923,11-50
22108,2011-11,41.0,35.091673940890246,5.908326059109754,11-50
22109,2011-07,45.0,88.74365811067553,43.743658110675526,11-50
22109,2011-08,120.0,87.87686772918883,32.12313227081117,101-500
22109,2011-09,162.0,118.68029627979459,43.31970372020541,101-500
22109,2011-10,248.0,161.75473498595377,86.24526501404623,101-500
22109,2011-11,165.0,113.44897562859106,51.55102437140894,101-500
22110,2011-07,57.0,25.634946528954686,31.365053471045314,51-100
22110,2011-08,77.0,71.43919769738359,5.560802302616409,51-100
22110,2011-09,134.0,96.80445786538907,37.19554213461093,101-500
22110,2011-10,277.0,189.87231420340973,87.12768579659027,101-500
22110,2011-11,106.0,120.83602155352901,14.836021553529008,101-500
22111,2011-07,145.0,100.5114610700597,44.488538929940304,101-500
22111,2011-08,1088.0,152.7812449938472,935.2187550061528,1001-5000
22111,2011-09,441.0,922.9281530633926,481.92815306339264,101-500
22111,2011-10,982.0,495.4673276491077,486.5326723508923,501-1000
22111,2011-11,407.0,729.0590496179432,322.0590496179432,101-500
22112,2011-07,253.0,172.5460537428286,80.4539462571714,101-500
22112,2011-08,753.0,209.73450121897034,543.2654987810297,501-1000
22112,2011-09,838.0,729.7833139823591,108.21668601764088,501-1000
22112,2011-10,1600.0,866.6075708606937,733.3924291393063,1001-5000
22112,2011-11,575.0,1162.0889316503865,587.0889316503865,501-1000
22113,2011-07,145.0,80.32028297572245,64.67971702427755,101-500
22113,2011-08,457.0,153.8777602543689,303.1222397456311,101-500
22113,2011-09,551.0,479.34389553956015,71.65610446043985,501-1000
22113,2011-10,681.0,701.7570155356115,20.75701553561146,501-1000
22113,2011-11,127.0,340.3363690412839,213.3363690412839,101-500
22114,2011-09,905.0,1173.8799723937875,268.8799723937875,501-1000
22114,2011-10,1815.0,822.7837144800302,992.2162855199698,1001-5000
22114,2011-11,608.0,1490.9978395108176,882.9978395108176,501-1000
22115,2011-07,197.0,250.30788495958313,53.307884959583134,101-500
22115,2011-08,221.0,187.36433677306104,33.63566322693896,101-500
22115,2011-09,275.0,232.5427333365207,42.45726666347929,101-500
22115,2011-10,204.0,267.87875376212395,63.87875376212395,101-500
22115,2011-11,73.0,130.3933464309611,57.39334643096109,51-100
22116,2011-07,99.0,90.39363435921385,8.606365640786152,51-100
22116,2011-08,97.0,119.85638272962,22.856382729619995,51-100
22116,2011-09,35.0,120.33586715710393,85.33586715710393,11-50
22116,2011-10,93.0,87.67728718586869,5.322712814131307,51-100
22116,2011-11,13.0,68.24344797871979,55.243447978719786,11-50
22117,2011-07,249.0,30.07356861521602,218.926431384784,101-500
22117,2011-08,785.0,130.91775089483036,654.0822491051697,501-1000
22117,2011-09,15.0,419.9368949359265,404.9368949359265,11-50
22117,2011-10,12.0,75.97391234710459,63.97391234710459,11-50
22117,2011-11,5.0,80.0423148658356,75.0423148658356,0-10
22118,2011-08,31.0,23.831952288031584,7.168047711968416,11-50
22118,2011-09,25.0,41.08440890288372,16.084408902883723,11-50
22118,2011-10,31.0,64.84629226628985,33.84629226628985,11-50
22118,2011-11,90.0,34.230962394301024,55.769037605698976,51-100
22119,2011-07,25.0,22.90595251174654,2.0940474882534588,11-50
22119,2011-08,26.0,44.29718310437633,18.29718310437633,11-50
22119,2011-09,37.0,64.84629226628985,27.84629226628985,11-50
22119,2011-10,30.0,64.84629226628985,34.84629226628985,11-50
22119,2011-11,135.0,41.31977044667867,93.68022955332134,101-500
22120,2011-07,29.0,61.12603477037147,32.12603477037147,11-50
22120,2011-08,26.0,71.93510031866747,45.935100318667466,11-50
22120,2011-09,28.0,64.84629226628985,36.84629226628985,11-50
22120,2011-10,80.0,64.84629226628985,15.15370773371015,51-100
22120,2011-11,6.0,52.67633245971716,46.67633245971716,0-10
22121,2011-07,33.0,44.50737298677684,11.507372986776844,11-50
22121,2011-08,34.0,44.29718310437633,10.29718310437633,11-50
22121,2011-09,51.0,64.84629226628985,13.84629226628985,51-100
22121,2011-10,87.0,91.89230527610701,4.89230527610701,51-100
22121,2011-11,8.0,74.5869378014765,66.5869378014765,0-10
22123,2011-07,30.0,61.46532173216705,31.465321732167048,11-50
22123,2011-08,41.0,57.77020311827876,16.770203118278758,11-50
22123,2011-09,57.0,72.93479994719287,15.934799947192872,51-100
22123,2011-10,54.0,84.1823643742548,30.182364374254803,51-100
22123,2011-11,111.0,48.27596087692613,62.72403912307387,101-500
22124,2011-07,12.0,24.838019918899004,12.838019918899004,11-50
22124,2011-08,10.0,30.182875463012895,20.182875463012895,0-10
22124,2011-09,15.0,30.471737450441292,15.471737450441292,11-50
22124,2011-10,14.0,51.0430739422691,37.0430739422691,11-50
22124,2011-11,58.0,18.372971815631345,39.627028184368655,51-100
22128,2011-07,24.0,103.27389910028792,79.27389910028792,11-50
22128,2011-08,390.0,93.5879566658178,296.4120433341822,101-500
22128,2011-09,84.0,189.06357497828256,105.06357497828256,51-100
22128,2011-10,133.0,109.81501901007901,23.184980989920987,101-500
22129,2011-07,34.0,62.59395633446658,28.593956334466583,11-50
22129,2011-08,46.0,65.01514657868903,19.015146578689027,11-50
22129,2011-09,81.0,84.02599902620082,3.0259990262008216,51-100
22129,2011-10,295.0,102.10131208227473,192.89868791772528,101-500
22129,2011-11,22.0,117.5407074968994,95.5407074968994,11-50
22130,2011-07,227.0,64.05525761947891,162.9447423805211,101-500
22130,2011-08,258.0,140.14758277593813,117.85241722406187,101-500
22130,2011-09,360.0,194.8416739790087,165.1583260209913,101-500
22130,2011-10,960.0,293.84258304739797,666.157416952602,501-1000
22130,2011-11,54.0,339.7007489432017,285.7007489432017,51-100
22131,2011-07,215.0,94.95920906999912,120.04079093000088,101-500
22131,2011-08,136.0,179.2775585627202,43.2775585627202,101-500
22131,2011-09,254.0,153.90877688235193,100.09122311764807,101-500
22131,2011-10,201.0,221.2847534998468,20.2847534998468,101-500
22131,2011-11,32.0,124.51460669182833,92.51460669182833,11-50
22132,2011-07,19.0,87.44259873838163,68.44259873838163,11-50
22132,2011-08,8.0,80.01682745586696,72.01682745586696,0-10
22132,2011-09,162.0,44.03988179558802,117.96011820441197,101-500
22132,2011-10,153.0,135.66432792305,17.335672076950004,101-500
22132,2011-11,21.0,90.98177209087721,69.98177209087721,11-50
22133,2011-07,6.0,72.83251362053461,66.83251362053461,0-10
22133,2011-08,80.0,43.82895345226563,36.17104654773437,51-100
22133,2011-09,124.0,73.23647375698323,50.76352624301677,101-500
22133,2011-10,37.0,118.03440382289098,81.03440382289098,11-50
22133,2011-11,21.0,48.73871213168601,27.738712131686007,11-50
22134,2011-07,27.0,99.27040114533531,72.27040114533531,11-50
22134,2011-08,7.0,80.36934223714687,73.36934223714687,0-10
22134,2011-09,48.0,54.79476390024252,6.794763900242522,11-50
22134,2011-10,59.0,88.14272067238261,29.14272067238261,51-100
22134,2011-11,313.0,63.24368296083226,249.75631703916775,101-500
22135,2011-07,22.0,75.24662999885561,53.24662999885561,11-50
22135,2011-08,52.0,86.33186705511092,34.33186705511092,51-100
22135,2011-09,43.0,91.80408341424256,48.804083414242555,11-50
22135,2011-10,65.0,104.84251437847075,39.84251437847075,51-100
22135,2011-11,34.0,62.671015723656694,28.671015723656694,11-50
22136,2011-07,13.0,25.886155660906496,12.886155660906496,11-50
22136,2011-08,6.0,30.679774547501896,24.679774547501896,0-10
22136,2011-09,14.0,30.07356861521602,16.07356861521602,11-50
22136,2011-10,0.0,27.248616855728923,27.248616855728923,0-10
22138,2011-07,244.0,265.23297372113456,21.232973721134556,101-500
22138,2011-08,793.0,294.32149798312446,498.67850201687554,501-1000
22138,2011-09,626.0,772.6974229331009,146.69742293310094,501-1000
22138,2011-10,1145.0,775.3639431596088,369.63605684039123,1001-5000
22138,2011-11,277.0,876.7733368194936,599.7733368194936,101-500
22139,2011-07,372.0,339.2678255360696,32.73217446393039,101-500
22139,2011-08,363.0,410.38543485490845,47.38543485490845,101-500
22139,2011-09,575.0,473.0394407231751,101.96055927682488,501-1000
22139,2011-10,830.0,702.1188829265084,127.88111707349162,501-1000
22139,2011-11,199.0,606.9241529968581,407.9241529968581,101-500
22141,2011-07,114.0,95.7155791465484,18.284420853451607,101-500
22141,2011-08,357.0,120.10609657121962,236.8939034287804,101-500
22141,2011-09,811.0,356.0905022432707,454.9094977567293,501-1000
22141,2011-10,969.0,879.4437185432467,89.55628145675325,501-1000
22141,2011-11,138.0,633.4449363612539,495.4449363612539,101-500
22142,2011-07,97.0,98.62940649660173,1.6294064966017316,51-100
22142,2011-08,646.0,93.45841929284617,552.5415807071538,501-1000
22142,2011-09,1215.0,589.4617799399931,625.5382200600069,1001-5000
22142,2011-10,888.0,1206.1569274111023,318.1569274111023,501-1000
22142,2011-11,148.0,436.63044944470585,288.63044944470585,101-500
22144,2011-07,141.0,133.62355533380932,7.376444666190679,101-500
22144,2011-08,559.0,140.41211858981458,418.58788141018545,501-1000
22144,2011-09,1094.0,560.5768229721608,533.4231770278392,1001-5000
22144,2011-10,1428.0,1299.6368914123527,128.36310858764728,1001-5000
22144,2011-11,274.0,829.622709348622,555.622709348622,101-500
22147,2011-07,802.0,266.5394580825712,535.4605419174288,501-1000
22147,2011-08,593.0,504.4054165286742,88.59458347132579,501-1000
22147,2011-09,2278.0,595.3598890922966,1682.6401109077033,1001-5000
22147,2011-10,72.0,1719.781934729464,1647.781934729464,51-100
22147,2011-11,33.0,222.31468752892678,189.31468752892678,11-50
22148,2011-07,12.0,35.13045654075656,23.130456540756562,11-50
22148,2011-08,12.0,36.13097651360295,24.130976513602953,11-50
22148,2011-09,4.0,36.013430745741665,32.013430745741665,0-10
22148,2011-10,15.0,30.07356861521602,15.073568615216018,11-50
22148,2011-11,12.0,18.111433857349297,6.111433857349297,11-50
22149,2011-07,755.0,362.0667764414555,392.9332235585445,501-1000
22149,2011-08,570.0,540.3528553269917,29.647144673008256,501-1000
22149,2011-09,1754.0,615.008551669644,1138.991448330356,1001-5000
22149,2011-10,40.0,1326.212572745662,1286.212572745662,11-50
22150,2011-07,308.0,184.08074384697784,123.91925615302216,101-500
22150,2011-08,271.0,278.2725959302404,7.2725959302404135,101-500
22150,2011-09,304.0,273.68762493302387,30.31237506697613,101-500
22150,2011-10,419.0,388.92816327323465,30.071836726765355,101-500
22150,2011-11,219.0,198.8349076615219,20.165092338478104,101-500
22151,2011-07,1673.0,1401.634422415534,271.3655775844661,1001-5000
22151,2011-08,1060.0,1989.5133536307549,929.5133536307549,1001-5000
22151,2011-09,608.0,1211.1784145298732,603.1784145298732,501-1000
22151,2011-10,687.0,1015.0931056153568,328.09310561535676,501-1000
22151,2011-11,311.0,526.668982336739,215.66898233673896,101-500
22152,2011-07,109.0,95.08033361028097,13.919666389719026,101-500
22152,2011-08,176.0,123.17869591698064,52.821304083019356,101-500
22152,2011-09,355.0,169.01884001833167,185.98115998166833,101-500
22152,2011-10,931.0,286.29665386875257,644.7033461312474,501-1000
22152,2011-11,30.0,351.7984917967128,321.7984917967128,11-50
22153,2011-07,292.0,53.780034639034504,238.2199653609655,101-500
22153,2011-08,485.0,168.93378137004757,316.06621862995246,101-500
22153,2011-09,487.0,358.9367149655999,128.0632850344001,101-500
22153,2011-10,814.0,487.1222831984718,326.8777168015282,501-1000
22153,2011-11,294.0,376.65944617084904,82.65944617084904,101-500
22154,2011-07,243.0,74.84781853465259,168.1521814653474,101-500
22154,2011-08,402.0,155.41539512188683,246.58460487811317,101-500
22154,2011-09,539.0,296.2742132041625,242.7257867958375,501-1000
22154,2011-10,1083.0,537.227029363353,545.772970636647,1001-5000
22154,2011-11,247.0,534.6212699968644,287.6212699968644,101-500
22155,2011-07,156.0,54.622138881463165,101.37786111853683,101-500
22155,2011-08,356.0,126.49116892627171,229.5088310737283,101-500
22155,2011-09,498.0,273.1967708315973,224.8032291684027,101-500
22155,2011-10,846.0,393.5057918896356,452.4942081103644,501-1000
22155,2011-11,167.0,355.33340048529357,188.33340048529357,101-500
22156,2011-07,288.0,223.23102176694528,64.76897823305472,101-500
22156,2011-08,147.0,220.27710972203965,73.27710972203965,101-500
22156,2011-09,185.0,179.06795046603116,5.932049533968836,101-500
22156,2011-10,263.0,204.31895476313775,58.681045236862246,101-500
22156,2011-11,87.0,128.98936054437542,41.989360544375415,51-100
22158,2011-07,416.0,48.638749750414746,367.3612502495853,101-500
22158,2011-08,304.0,232.3175420088027,71.68245799119731,101-500
22158,2011-09,687.0,294.9163714718799,392.0836285281201,501-1000
22158,2011-10,1295.0,615.7580817318976,679.2419182681024,1001-5000
22158,2011-11,132.0,544.0152383904137,412.01523839041374,101-500
22161,2011-07,468.0,281.9432653619741,186.0567346380259,101-500
22161,2011-08,692.0,386.7687494135581,305.2312505864419,501-1000
22161,2011-09,1145.0,528.0900062574932,616.9099937425068,1001-5000
22161,2011-10,626.0,901.0175192645595,275.0175192645595,501-1000
22161,2011-11,145.0,384.43856959888546,239.43856959888546,101-500
22162,2011-07,4.0,30.07356861521602,26.07356861521602,0-10
22162,2011-08,0.0,26.077195298608974,26.077195298608974,0-10
22163,2011-07,7.0,23.662915311205,16.662915311205,0-10
22163,2011-08,101.0,23.662915311205,77.337084688795,101-500
22163,2011-09,267.0,101.83059438894631,165.1694056110537,101-500
22163,2011-10,393.0,208.9564826222364,184.0435173777636,101-500
22163,2011-11,50.0,206.9255155554202,156.9255155554202,11-50
22165,2011-07,16.0,28.233228634417664,12.233228634417664,11-50
22165,2011-08,15.0,33.04843123756337,18.04843123756337,11-50
22165,2011-09,17.0,46.70150729623069,29.701507296230687,11-50
22165,2011-10,22.0,51.516709899376366,29.516709899376366,11-50
22165,2011-11,197.0,32.80487954950077,164.19512045049925,101-500
22166,2011-07,8.0,18.880484830624948,10.880484830624948,0-10
22166,2011-08,8.0,20.496453272860588,12.496453272860588,0-10
22166,2011-09,8.0,23.308902095489838,15.308902095489838,0-10
22166,2011-10,11.0,23.308902095489838,12.308902095489838,11-50
22166,2011-11,99.0,12.380716467504413,86.61928353249559,51-100
22167,2011-07,11.0,40.135639584860364,29.135639584860364,11-50
22167,2011-08,5.0,27.18308729492839,22.18308729492839,0-10
22167,2011-09,11.0,25.29113813463597,14.291138134635968,11-50
22167,2011-10,20.0,21.458740034975975,1.4587400349759747,11-50
22167,2011-11,7.0,28.133700903324215,21.133700903324215,0-10
22169,2011-07,88.0,92.14563693520395,4.145636935203953,51-100
22169,2011-08,229.0,119.90199683349195,109.09800316650805,101-500
22169,2011-09,106.0,226.62104994308308,120.62104994308308,101-500
22169,2011-10,123.0,172.00106384984232,49.001063849842325,101-500
22169,2011-11,59.0,90.93980099649424,31.93980099649424,51-100
22170,2011-07,86.0,85.2947027074488,0.7052972925511938,51-100
22170,2011-08,197.0,115.22736870326865,81.77263129673135,101-500
22170,2011-09,45.0,165.97988584362193,120.97988584362193,11-50
22170,2011-10,110.0,97.48848990647456,12.511510093525445,101-500
22170,2011-11,44.0,90.77216669775184,46.77216669775184,11-50
22171,2011-07,105.0,275.25891893338456,170.25891893338456,101-500
22171,2011-08,29.0,178.83340383206445,149.83340383206445,11-50
22171,2011-09,10.0,106.95180594305707,96.95180594305707,0-10
22171,2011-10,101.0,47.14195421680572,53.85804578319428,101-500
22171,2011-11,39.0,80.46909395956419,41.46909395956419,11-50
22173,2011-07,308.0,198.85872184446592,109.14127815553408,101-500
22173,2011-08,169.0,305.70953791930543,136.70953791930543,101-500
22173,2011-09,176.0,251.66718967907556,75.66718967907556,101-500
22173,2011-10,319.0,250.88072681122802,68.11927318877198,101-500
22173,2011-11,69.0,196.65589375312376,127.65589375312376,51-100
22174,2011-07,55.0,157.1860316260483,102.1860316260483,51-100
22174,2011-08,219.0,102.31072263513747,116.68927736486253,101-500
22174,2011-09,190.0,215.50458261155873,25.50458261155873,101-500
22174,2011-10,417.0,203.57896541972613,213.42103458027387,101-500
22174,2011-11,86.0,201.37986022064675,115.37986022064675,51-100
22175,2011-07,38.0,37.38999788360179,0.6100021163982134,11-50
22175,2011-08,39.0,48.638749750414746,9.638749750414746,11-50
22175,2011-09,154.0,75.2683081786465,78.7316918213535,101-500
22175,2011-10,292.0,159.52603553541925,132.47396446458075,101-500
22175,2011-11,64.0,137.43276281696768,73.43276281696768,51-100
22176,2011-07,40.0,32.13254651080181,7.867453489198191,11-50
22176,2011-08,50.0,67.76177606752802,17.761776067528018,11-50
22176,2011-09,142.0,81.28038704404783,60.71961295595217,101-500
22178,2011-07,2136.0,2022.2787056849036,113.72129431509643,1001-5000
22178,2011-08,1250.0,2162.0781613953236,912.0781613953236,1001-5000
22178,2011-09,3320.0,1683.5125164940382,1636.4874835059618,1001-5000
22178,2011-10,1806.0,2576.2695820674426,770.2695820674426,1001-5000
22178,2011-11,990.0,1342.9319288670804,352.9319288670804,501-1000
22179,2011-07,23.0,72.44150470149673,49.441504701496726,11-50
22179,2011-08,103.0,73.29956737872443,29.700432621275567,101-500
22179,2011-09,73.0,121.46487539361108,48.46487539361108,51-100
22179,2011-10,138.0,107.24395970679636,30.75604029320364,101-500
22179,2011-11,64.0,95.58689780101928,31.586897801019276,51-100
22180,2011-07,16.0,44.28153635124661,28.281536351246608,11-50
22180,2011-08,24.0,33.44660007278864,9.446600072788641,11-50
22180,2011-09,53.0,63.4202094214896,10.420209421489602,51-100
22180,2011-10,1.0,70.85837113169114,69.85837113169114,0-10
22181,2011-07,1.0,71.06987772525238,70.06987772525238,0-10
22181,2011-08,59.0,51.054561807296494,7.945438192703506,51-100
22181,2011-09,32.0,54.462463840031305,22.462463840031305,11-50
22181,2011-10,137.0,68.98579554895622,68.01420445104378,101-500
22182,2011-07,3.0,110.42741348396441,107.42741348396441,0-10
22182,2011-08,22.0,47.23437491446998,25.23437491446998,11-50
22182,2011-09,29.0,50.538164715838455,21.538164715838455,11-50
22182,2011-10,18.0,44.29718310437633,26.29718310437633,11-50
22182,2011-11,80.0,30.68267521206754,49.31732478793246,51-100
22185,2011-07,114.0,84.15111727151944,29.84888272848056,101-500
22185,2011-08,87.0,130.69129552761555,43.69129552761555,51-100
22185,2011-09,118.0,110.25680086263252,7.743199137367483,101-500
22185,2011-10,197.0,128.7925379542264,68.20746204577361,101-500
22185,2011-11,299.0,107.67999866269022,191.32000133730978,101-500
22186,2011-08,224.0,23.662915311205,200.337084688795,101-500
22186,2011-09,245.0,179.53546045010083,65.46453954989917,101-500
22186,2011-10,288.0,256.9917729350078,31.008227064992184,101-500
22186,2011-11,42.0,151.03264774303327,109.03264774303327,11-50
22187,2011-08,140.0,21.66677713203657,118.33322286796343,101-500
22187,2011-09,441.0,141.64514810540695,299.354851894593,101-500
22187,2011-10,565.0,346.6395654986608,218.36043450133923,501-1000
22187,2011-11,36.0,242.60111998337922,206.60111998337922,11-50
22188,2011-07,79.0,185.0173085901964,106.0173085901964,51-100
22188,2011-08,367.0,211.52316346734003,155.47683653265997,101-500
22188,2011-09,154.0,270.41756887369036,116.41756887369036,101-500
22188,2011-10,232.0,213.7538768983653,18.24612310163471,101-500
22188,2011-11,352.0,128.60648664719332,223.39351335280668,101-500
22189,2011-07,220.0,476.65977836535853,256.65977836535853,101-500
22189,2011-08,525.0,370.91141871427567,154.08858128572433,501-1000
22189,2011-09,588.0,532.9116988313652,55.08830116863476,501-1000
22189,2011-10,458.0,601.1653848713994,143.1653848713994,101-500
22189,2011-11,405.0,266.1642414515355,138.83575854846453,101-500
22190,2011-07,8.0,54.73214420807472,46.73214420807472,0-10
22190,2011-08,55.0,47.23437491446998,7.765625085530019,51-100
22190,2011-09,11.0,52.39367783379313,41.39367783379313,11-50
22190,2011-10,55.0,47.23437491446998,7.765625085530019,51-100
22190,2011-11,141.0,39.14450750906207,101.85549249093793,101-500
22191,2011-07,485.0,113.89496045148616,371.10503954851384,101-500
22191,2011-08,123.0,326.29656554282644,203.29656554282644,101-500
22191,2011-09,121.0,205.50976468771987,84.50976468771987,101-500
22191,2011-10,98.0,241.1986627074774,143.1986627074774,51-100
22191,2011-11,28.0,88.73231379249081,60.732313792490814,11-50
22192,2011-07,88.0,135.9177716351328,47.917771635132794,51-100
22192,2011-08,121.0,117.46406130272597,3.535938697274034,101-500
22192,2011-09,85.0,146.8227408292706,61.8227408292706,51-100
22192,2011-10,71.0,119.37969422600783,48.37969422600783,51-100
22192,2011-11,33.0,73.68367455620208,40.68367455620208,11-50
22193,2011-07,83.0,116.50890916387561,33.508909163875614,51-100
22193,2011-08,319.0,126.29101495568844,192.70898504431156,101-500
22193,2011-09,170.0,351.9358307293822,181.9358307293822,101-500
22193,2011-10,116.0,230.24937605005314,114.24937605005314,101-500
22193,2011-11,60.0,93.56080916213054,33.56080916213054,51-100
22194,2011-07,2.0,18.880484830624948,16.880484830624948,0-10
22195,2011-07,81.0,63.67514214412966,17.32485785587034,51-100
22195,2011-08,78.0,106.25363760501392,28.25363760501392,51-100
22195,2011-09,276.0,104.2899912481073,171.7100087518927,101-500
22195,2011-10,294.0,240.43202473589557,53.56797526410443,101-500
22195,2011-11,92.0,153.22013321924285,61.220133219242854,51-100
22196,2011-07,127.0,134.51445447795857,7.514454477958566,101-500
22196,2011-08,183.0,157.7425930611517,25.257406938848305,101-500
22196,2011-09,407.0,199.42413965576384,207.57586034423616,101-500
22196,2011-10,423.0,301.52246882736523,121.47753117263477,101-500
22196,2011-11,182.0,187.95352134620572,5.953521346205719,101-500
22197,2011-07,5421.0,2241.116024171422,3179.883975828578,5000+
22197,2011-08,4196.0,4791.777238081464,595.777238081464,1001-5000
22197,2011-09,5903.0,4894.52769809167,1008.4723019083303,5000+
22197,2011-10,12452.0,6782.600911595697,5669.399088404303,5000+
22197,2011-11,6217.0,4121.538434381057,2095.4615656189426,5000+
22199,2011-07,18.0,50.09115469673376,32.09115469673376,11-50
22199,2011-08,43.0,40.091130389263085,2.9088696107369145,11-50
22199,2011-09,21.0,51.16666493220864,30.16666493220864,11-50
22199,2011-10,35.0,51.37034440362425,16.37034440362425,11-50
22199,2011-11,93.0,34.649425171235954,58.350574828764046,51-100
22200,2011-07,18.0,25.976077852394727,7.976077852394727,11-50
22200,2011-08,53.0,33.25108654469409,19.74891345530591,51-100
22200,2011-09,25.0,69.4322882868909,44.432288286890895,11-50
22200,2011-10,34.0,54.43699525829974,20.43699525829974,11-50
22200,2011-11,44.0,34.230962394301024,9.769037605698976,11-50
22201,2011-07,14.0,23.7644531721215,9.764453172121499,11-50
22201,2011-08,28.0,29.025393128673706,1.0253931286737057,11-50
22201,2011-09,2.0,43.89901426915106,41.89901426915106,0-10
22201,2011-10,9.0,29.089267065251835,20.089267065251835,0-10
22201,2011-11,28.0,17.23003042900965,10.769969570990352,11-50
22203,2011-07,8.0,52.4123054612483,44.4123054612483,0-10
22203,2011-08,19.0,33.87169754583188,14.871697545831879,11-50
22203,2011-09,20.0,50.31247560787898,30.31247560787898,11-50
22203,2011-10,33.0,63.70126514222268,30.70126514222268,11-50
22203,2011-11,76.0,32.80487954950077,43.19512045049923,51-100
22204,2011-07,12.0,54.88554049283217,42.88554049283217,11-50
22204,2011-08,1.0,33.82315582281749,32.82315582281749,0-10
22204,2011-09,14.0,26.344054625161487,12.344054625161487,11-50
22204,2011-10,4.0,22.50888137446523,18.50888137446523,0-10
22204,2011-11,23.0,21.228912983380845,1.7710870166191555,11-50
22207,2011-07,64.0,64.8319937467156,0.8319937467155967,51-100
22207,2011-08,93.0,86.89365765479128,6.106342345208716,51-100
22207,2011-09,195.0,100.39302547904121,94.60697452095879,101-500
22207,2011-10,188.0,165.0906687114327,22.9093312885673,101-500
22207,2011-11,95.0,125.96944174745039,30.96944174745039,51-100
22208,2011-07,91.0,204.86407121111142,113.86407121111142,51-100
22208,2011-08,150.0,140.62838871811516,9.371611281884839,101-500
22208,2011-09,111.0,183.4367992861429,72.4367992861429,101-500
22208,2011-10,367.0,143.5497650437988,223.4502349562012,101-500
22208,2011-11,56.0,174.88559378578867,118.88559378578867,51-100
22209,2011-07,128.0,129.199692194525,1.1996921945249994,101-500
22209,2011-08,106.0,160.6417276549559,54.6417276549559,101-500
22209,2011-09,58.0,131.37985410413222,73.37985410413222,51-100
22209,2011-10,88.0,105.78280509496678,17.782805094966776,51-100
22209,2011-11,93.0,77.06883829567388,15.931161704326115,51-100
22210,2011-07,44.0,145.10182262380957,101.10182262380957,11-50
22210,2011-08,327.0,76.11449311387801,250.885506886122,101-500
22210,2011-09,69.0,291.76074804736686,222.76074804736686,51-100
22210,2011-10,155.0,121.62358477251479,33.37641522748521,101-500
22210,2011-11,101.0,92.50889755876878,8.49110244123122,101-500
22211,2011-07,41.0,183.9667973309627,142.9667973309627,11-50
22211,2011-08,88.0,101.65086580300905,13.650865803009054,51-100
22211,2011-09,104.0,124.64427542457608,20.64427542457608,101-500
22211,2011-10,202.0,126.225741546425,75.774258453575,101-500
22211,2011-11,16.0,106.93484263928693,90.93484263928693,11-50
22212,2011-07,147.0,97.78908789789534,49.21091210210466,101-500
22212,2011-08,80.0,162.801149018043,82.80114901804299,51-100
22212,2011-09,117.0,123.7224425271868,6.7224425271868,101-500
22212,2011-10,130.0,147.77806031291865,17.778060312918655,101-500
22212,2011-11,82.0,95.34286352046541,13.342863520465414,51-100
22214,2011-07,14.0,28.614382768611634,14.614382768611634,11-50
22214,2011-08,2.0,25.67534341280964,23.67534341280964,0-10
22214,2011-09,4.0,30.07356861521602,26.07356861521602,0-10
22214,2011-10,2.0,22.779802707009082,20.779802707009082,0-10
22214,2011-11,26.0,15.215893151548743,10.784106848451257,11-50
22215,2011-07,8.0,25.7320019691776,17.7320019691776,0-10
22215,2011-08,46.0,26.784918459703118,19.215081540296882,11-50
22215,2011-09,15.0,48.90951415018572,33.90951415018572,11-50
22215,2011-10,11.0,41.1261612382453,30.126161238245302,11-50
22215,2011-11,91.0,21.673949994116978,69.32605000588302,51-100
22216,2011-07,7.0,83.30642601191683,76.30642601191683,0-10
22216,2011-08,3.0,59.74960276909117,56.74960276909117,0-10
22216,2011-09,29.0,39.41136252869292,10.41136252869292,11-50
22216,2011-10,16.0,53.317056386680996,37.317056386680996,11-50
22216,2011-11,190.0,37.676831889143905,152.3231681108561,101-500
22217,2011-07,10.0,76.51093595478548,66.51093595478548,0-10
22217,2011-08,13.0,48.891085910108025,35.891085910108025,11-50
22217,2011-09,30.0,43.76144274178481,13.761442741784812,11-50
22217,2011-10,93.0,49.20977038628297,43.79022961371703,51-100
22217,2011-11,365.0,64.02985139084034,300.97014860915965,101-500
22219,2011-07,329.0,304.8764447787073,24.12355522129269,101-500
22219,2011-08,317.0,322.7905767890715,5.790576789071508,101-500
22219,2011-09,185.0,407.0753624000553,222.07536240005533,101-500
22219,2011-10,683.0,285.28118573572885,397.71881426427115,501-1000
22219,2011-11,60.0,277.21488935938237,217.21488935938237,51-100
22220,2011-07,11.0,20.33141669273354,9.33141669273354,11-50
22220,2011-08,12.0,22.468808062542927,10.468808062542927,11-50
22220,2011-09,9.0,26.736376736688747,17.736376736688747,0-10
22220,2011-10,27.0,26.130170804402873,0.8698291955971271,11-50
22220,2011-11,85.0,31.90981162978648,53.090188370213525,51-100
22221,2011-07,8.0,25.29113813463597,17.29113813463597,0-10
22221,2011-08,3.0,19.32134866516658,16.32134866516658,0-10
22221,2011-09,10.0,21.294764818028927,11.294764818028927,0-10
22221,2011-10,6.0,20.894622108085862,14.894622108085862,0-10
22221,2011-11,37.0,20.222864668366185,16.777135331633815,11-50
22222,2011-07,38.0,72.28852596142137,34.28852596142137,11-50
22222,2011-08,33.0,65.73550939847908,32.73550939847908,11-50
22222,2011-09,41.0,71.93510031866747,30.935100318667466,11-50
22222,2011-10,41.0,68.59323330115446,27.593233301154456,11-50
22222,2011-11,6.0,51.85365157614139,45.85365157614139,0-10
22223,2011-07,6.0,28.477214409267923,22.477214409267923,0-10
22223,2011-08,4.0,19.32134866516658,15.321348665166578,0-10
22223,2011-09,10.0,18.880484830624948,8.880484830624948,0-10
22223,2011-10,9.0,19.32134866516658,10.321348665166578,0-10
22223,2011-11,4.0,20.222864668366185,16.222864668366185,0-10
22224,2011-07,26.0,75.31059008661444,49.31059008661444,11-50
22224,2011-08,48.0,67.51342116342344,19.513421163423445,11-50
22224,2011-09,39.0,76.12215606813227,37.12215606813227,11-50
22224,2011-10,77.0,59.99207314076672,17.00792685923328,51-100
22224,2011-11,31.0,57.455008503772724,26.455008503772724,11-50
22227,2011-07,109.0,205.13850200168352,96.13850200168352,101-500
22227,2011-08,169.0,153.61269776482249,15.387302235177515,101-500
22227,2011-09,134.0,196.23977150937293,62.23977150937293,101-500
22227,2011-10,233.0,174.35854331527645,58.64145668472355,101-500
22227,2011-11,69.0,107.91080711091097,38.910807110910966,51-100
22228,2011-07,3.0,133.3802768163086,130.3802768163086,0-10
22228,2011-08,20.0,71.60284437743138,51.60284437743138,11-50
22228,2011-09,111.0,59.959151294181694,51.040848705818306,101-500
22228,2011-10,33.0,110.74569185613463,77.74569185613463,11-50
22228,2011-11,29.0,67.18421465586087,38.18421465586087,11-50
22229,2011-07,13.0,91.87327525678181,78.87327525678181,11-50
22229,2011-08,12.0,73.4374530011231,61.4374530011231,11-50
22229,2011-09,86.0,52.058118535973556,33.941881464026444,51-100
22229,2011-10,8.0,94.66627328766855,86.66627328766855,0-10
22229,2011-11,3.0,58.24060345806085,55.24060345806085,0-10
22230,2011-07,5.0,205.94527444850178,200.94527444850178,0-10
22230,2011-08,7.0,107.77000190301595,100.77000190301595,0-10
22230,2011-09,361.0,63.187471239535576,297.81252876046443,101-500
22230,2011-10,71.0,204.78720753081697,133.78720753081697,51-100
22230,2011-11,6.0,73.14577700807762,67.14577700807762,0-10
22231,2011-07,126.0,151.0176582237491,25.017658223749095,101-500
22231,2011-08,31.0,136.90516014739126,105.90516014739126,11-50
22231,2011-09,82.0,93.98612550104306,11.986125501043063,51-100
22231,2011-10,59.0,112.39328432028866,53.39328432028866,51-100
22231,2011-11,29.0,59.730872185847325,30.730872185847325,11-50
22232,2011-07,52.0,145.10182262380957,93.10182262380957,51-100
22232,2011-08,40.0,80.15198697206478,40.151986972064776,11-50
22232,2011-09,106.0,85.08179044405783,20.91820955594217,101-500
22232,2011-10,58.0,116.49516973195742,58.49516973195742,51-100
22232,2011-11,49.0,74.50353361476698,25.50353361476698,11-50
22233,2011-07,24.0,111.54978951981037,87.54978951981037,11-50
22233,2011-08,43.0,82.4623797911818,39.4623797911818,11-50
22233,2011-09,94.0,67.77198831877773,26.22801168122227,51-100
22233,2011-10,19.0,110.1258109151524,91.1258109151524,11-50
22233,2011-11,43.0,57.36919182269823,14.369191822698227,11-50
22236,2011-07,45.0,28.036350574726292,16.963649425273708,11-50
22236,2011-08,9.0,46.64789922791771,37.64789922791771,0-10
22236,2011-09,10.0,40.12178647073416,30.121786470734158,0-10
22236,2011-10,46.0,25.723901448324007,20.276098551675993,11-50
22241,2011-07,1.0,39.167301711175895,38.167301711175895,0-10
22241,2011-08,6.0,47.18061985261558,41.18061985261558,0-10
22241,2011-09,5.0,47.18061985261558,42.18061985261558,0-10
22241,2011-10,15.0,37.05613407501937,22.056134075019372,11-50
22243,2011-07,6.0,170.22401116254196,164.22401116254196,0-10
22243,2011-08,20.0,57.207885388813644,37.207885388813644,11-50
22243,2011-09,2.0,48.74344147339597,46.74344147339597,0-10
22243,2011-10,27.0,41.37130595843799,14.371305958437993,11-50
22244,2011-07,343.0,96.34322277307882,246.65677722692118,101-500
22244,2011-08,139.0,236.5783113991557,97.5783113991557,101-500
22246,2011-07,29.0,68.72304112660804,39.72304112660804,11-50
22246,2011-08,2.0,57.37203428305349,55.37203428305349,0-10
22246,2011-09,32.0,33.87169754583188,1.8716975458318785,11-50
22246,2011-10,53.0,44.38247317376454,8.617526826235462,51-100
22247,2011-07,0.0,52.83912100470452,52.83912100470452,0-10
22248,2011-07,0.0,75.16693422210565,75.16693422210565,0-10
22248,2011-10,17.0,31.06156665182354,14.06156665182354,11-50
22248,2011-11,1.0,35.10447124969654,34.10447124969654,0-10
22249,2011-07,0.0,73.7408513773054,73.7408513773054,0-10
22250,2011-07,1.0,107.87367086307862,106.87367086307862,0-10
22250,2011-08,3.0,68.52686023588814,65.52686023588814,0-10
22250,2011-09,2.0,35.23078473610179,33.23078473610179,0-10
22250,2011-10,7.0,24.715831801730513,17.715831801730513,0-10
22250,2011-11,2.0,16.09900575574465,14.099005755744649,0-10
22251,2011-07,2.0,129.83706032056375,127.83706032056375,0-10
22251,2011-08,2.0,70.42561780927728,68.42561780927728,0-10
22251,2011-09,4.0,35.23078473610179,31.23078473610179,0-10
22251,2011-10,23.0,24.715831801730513,1.7158318017305128,11-50
22251,2011-11,3.0,36.40340942552747,33.40340942552747,0-10
22252,2011-07,68.0,106.89747854251182,38.89747854251182,51-100
22252,2011-08,34.0,86.42629516488304,52.426295164883044,11-50
22252,2011-09,63.0,74.13990810666346,11.139908106663455,51-100
22252,2011-10,82.0,79.20773757471156,2.792262425288442,51-100
22252,2011-11,12.0,71.15639186060653,59.15639186060653,11-50
22254,2011-07,17.0,33.44977906109711,16.44977906109711,11-50
22254,2011-08,8.0,30.490546015955314,22.490546015955314,0-10
22254,2011-09,11.0,31.250795183370133,20.250795183370133,11-50
22254,2011-10,30.0,38.67006492925648,8.670064929256483,11-50
22254,2011-11,24.0,40.67667135972912,16.67667135972912,11-50
22255,2011-07,26.0,40.005892249938185,14.005892249938185,11-50
22255,2011-08,32.0,54.890329829600276,22.890329829600276,11-50
22255,2011-09,26.0,60.58967460860216,34.58967460860216,11-50
22255,2011-10,100.0,61.28042502589245,38.71957497410755,51-100
22255,2011-11,24.0,63.75097083953081,39.75097083953081,11-50
22260,2011-07,13.0,27.2575254299416,14.257525429941602,11-50
22260,2011-08,7.0,38.79747857006359,31.79747857006359,0-10
22260,2011-09,10.0,43.27954688712752,33.27954688712752,0-10
22260,2011-10,35.0,37.18608923293307,2.186089232933071,11-50
22260,2011-11,7.0,39.127774336338014,32.127774336338014,0-10
22261,2011-09,8.0,43.27954688712752,35.27954688712752,0-10
22261,2011-10,26.0,36.1781431658262,10.1781431658262,11-50
22261,2011-11,8.0,36.87062355431509,28.870623554315088,0-10
22262,2011-07,84.0,67.27208055562814,16.727919444371864,51-100
22262,2011-08,15.0,96.77522408318022,81.77522408318022,11-50
22262,2011-09,67.0,69.70408680404223,2.704086804042234,51-100
22262,2011-10,45.0,75.3618872270521,30.361887227052094,11-50
22262,2011-11,8.0,52.3120612723739,44.3120612723739,0-10
22263,2011-07,24.0,23.662915311205,0.33708468879499875,11-50
22263,2011-08,4.0,42.96506617393677,38.96506617393677,0-10
22263,2011-09,2.0,46.024759327217836,44.024759327217836,0-10
22263,2011-10,16.0,35.69166701496239,19.69166701496239,11-50
22263,2011-11,1.0,25.07093053928246,24.07093053928246,0-10
22265,2011-07,0.0,42.625227654175575,42.625227654175575,0-10
22266,2011-07,64.0,125.1879501174054,61.18795011740541,51-100
22266,2011-08,96.0,126.92480531057883,30.924805310578833,51-100
22266,2011-09,785.0,129.4627600889862,655.5372399110138,501-1000
22266,2011-10,137.0,445.26533459482755,308.26533459482755,101-500
22266,2011-11,76.0,98.11011941477595,22.11011941477595,51-100
22267,2011-07,1.0,87.28440921519582,86.28440921519582,0-10
22267,2011-08,30.0,73.4374530011231,43.4374530011231,11-50
22267,2011-09,172.0,62.21294638977574,109.78705361022426,101-500
22267,2011-10,70.0,136.27186015243612,66.27186015243612,51-100
22267,2011-11,49.0,79.48393431644377,30.483934316443765,11-50
22268,2011-07,310.0,281.90901013717286,28.090989862827143,101-500
22268,2011-08,56.0,358.1567718607722,302.1567718607722,51-100
22268,2011-09,227.0,145.8748625631755,81.1251374368245,101-500
22268,2011-10,98.0,238.6352352511367,140.6352352511367,51-100
22269,2011-07,44.0,107.29418165111112,63.29418165111112,11-50
22269,2011-08,102.0,102.6922112460747,0.6922112460747059,101-500
22269,2011-09,268.0,109.4801095672945,158.5198904327055,101-500
22269,2011-10,94.0,201.4301053868325,107.43010538683251,51-100
22269,2011-11,34.0,89.6210433360117,55.621043336011695,11-50
22270,2011-10,6.0,29.190456011020103,23.190456011020103,0-10
22271,2011-07,94.0,88.99807436356436,5.001925636435644,51-100
22271,2011-08,180.0,121.70798799842106,58.29201200157894,101-500
22271,2011-09,218.0,194.97942756097936,23.02057243902064,101-500
22271,2011-10,269.0,243.88710933795787,25.112890662042133,101-500
22273,2011-07,612.0,92.73891435698035,519.2610856430197,501-1000
22273,2011-08,186.0,374.25704760652076,188.25704760652076,101-500
22273,2011-09,2451.0,227.32302070507242,2223.6769792949276,1001-5000
22273,2011-10,302.0,1441.5126247578485,1139.5126247578485,101-500
22273,2011-11,66.0,270.5873015985899,204.58730159858987,51-100
22274,2011-07,78.0,73.72297624801126,4.277023751988736,51-100
22274,2011-08,142.0,103.66685702632982,38.33314297367018,101-500
22274,2011-09,170.0,155.74827888694657,14.251721113053435,101-500
22274,2011-10,252.0,171.89229527218882,80.10770472781118,101-500
22274,2011-11,57.0,117.07995221659087,60.07995221659087,51-100
22276,2011-07,11.0,33.87169754583188,22.87169754583188,11-50
22276,2011-08,20.0,26.412205873356076,6.412205873356076,11-50
22276,2011-09,12.0,43.96757110423819,31.96757110423819,11-50
22276,2011-10,3.0,31.07794338272717,28.07794338272717,0-10
22276,2011-11,6.0,22.509659059755666,16.509659059755666,0-10
22277,2011-07,33.0,61.33986812788779,28.33986812788779,11-50
22277,2011-08,26.0,75.2683081786465,49.26830817864651,11-50
22277,2011-09,127.0,69.18785891232828,57.81214108767172,101-500
22277,2011-10,25.0,131.85651581016756,106.85651581016756,11-50
22277,2011-11,13.0,44.22312730875428,31.22312730875428,11-50
22278,2011-07,31.0,70.94342757388758,39.943427573887575,11-50
22278,2011-08,39.0,74.44082370856417,35.44082370856417,11-50
22278,2011-09,39.0,64.84629226628985,25.84629226628985,11-50
22278,2011-10,71.0,71.93510031866747,0.935100318667466,51-100
22278,2011-11,25.0,58.093421682352805,33.093421682352805,11-50
22279,2011-07,50.0,129.1532117368697,79.15321173686971,11-50
22279,2011-08,7.0,91.72695248959305,84.72695248959305,0-10
22279,2011-09,20.0,50.255552970165006,30.255552970165006,11-50
22279,2011-10,146.0,52.19305910007598,93.80694089992403,101-500
22279,2011-11,27.0,83.12547847476569,56.125478474765686,11-50
22280,2011-07,2.0,107.96122190615823,105.96122190615823,0-10
22280,2011-08,9.0,59.74261104571129,50.74261104571129,0-10
22280,2011-09,11.0,26.37254279736855,15.37254279736855,11-50
22280,2011-10,47.0,42.260168889784666,4.739831110215334,11-50
22280,2011-11,7.0,39.14450750906207,32.14450750906207,0-10
22282,2011-07,5.0,20.496453272860588,15.496453272860588,0-10
22282,2011-08,11.0,20.05558943831896,9.055589438318961,11-50
22282,2011-09,18.0,22.316142997406967,4.316142997406967,11-50
22282,2011-10,22.0,51.516709899376366,29.516709899376366,11-50
22282,2011-11,3.0,32.80487954950077,29.804879549500768,0-10
22283,2011-07,14.0,33.44660007278864,19.44660007278864,11-50
22283,2011-08,13.0,27.578480979117412,14.578480979117412,11-50
22283,2011-09,27.0,26.736376736688747,0.26362326331125274,11-50
22283,2011-10,22.0,63.4202094214896,41.4202094214896,11-50
22283,2011-11,7.0,34.230962394301024,27.230962394301024,0-10
22284,2011-07,7.0,55.47939320767112,48.47939320767112,0-10
22284,2011-08,42.0,36.46014130398131,5.53985869601869,11-50
22284,2011-09,76.0,50.78065949109382,25.21934050890618,51-100
22284,2011-10,43.0,79.38971815150929,36.389718151509285,11-50
22284,2011-11,13.0,53.860958295764995,40.860958295764995,11-50
22285,2011-07,25.0,53.57423711342922,28.57423711342922,11-50
22285,2011-08,73.0,55.00031995822946,17.99968004177054,51-100
22285,2011-09,13.0,69.40547579933485,56.40547579933485,11-50
22285,2011-10,21.0,47.84058084675586,26.840580846755863,11-50
22285,2011-11,13.0,37.53789363156202,24.53789363156202,11-50
22286,2011-07,184.0,148.98672794348693,35.013272056513074,101-500
22286,2011-08,17.0,159.76361792925644,142.76361792925644,11-50
22286,2011-09,204.0,112.24004522259347,91.75995477740653,101-500
22286,2011-10,61.0,162.97528020248734,101.97528020248734,51-100
22286,2011-11,1.0,93.11784956081604,92.11784956081604,0-10
22287,2011-07,10.0,120.87038429977706,110.87038429977706,0-10
22287,2011-08,13.0,109.74677277239844,96.74677277239844,11-50
22287,2011-09,147.0,50.28002235954902,96.71997764045098,101-500
22287,2011-10,66.0,112.52869793553573,46.52869793553573,51-100
22287,2011-11,1.0,74.79093966095643,73.79093966095643,0-10
22288,2011-08,1.0,46.86906540304188,45.86906540304188,0-10
22288,2011-09,0.0,42.10232031897342,42.10232031897342,0-10
22289,2011-07,6.0,47.43842439208668,41.43842439208668,0-10
22289,2011-08,0.0,43.27954688712752,43.27954688712752,0-10
22291,2011-07,38.0,111.42714641739626,73.42714641739626,11-50
22291,2011-08,54.0,79.45753632271584,25.45753632271584,51-100
22291,2011-09,0.0,78.67847975060181,78.67847975060181,0-10
22292,2011-07,24.0,72.66907562713396,48.669075627133964,11-50
22292,2011-08,28.0,65.92333080684193,37.92333080684193,11-50
22292,2011-09,3.0,65.92333080684193,62.92333080684193,0-10
22292,2011-10,9.0,46.38692540045308,37.38692540045308,0-10
22293,2011-07,76.0,95.15847809104011,19.15847809104011,51-100
22293,2011-08,35.0,96.49906930985638,61.49906930985638,11-50
22293,2011-09,7.0,79.93702075019978,72.93702075019978,0-10
22293,2011-10,8.0,57.814173672875285,49.814173672875285,0-10
22294,2011-07,324.0,296.0695686594784,27.93043134052158,101-500
22294,2011-08,874.0,337.240745544169,536.7592544558311,501-1000
22294,2011-09,430.0,571.5308271729032,141.53082717290317,101-500
22294,2011-10,428.0,468.10636419770873,40.10636419770873,101-500
22294,2011-11,105.0,282.301076597965,177.301076597965,101-500
22295,2011-07,135.0,165.86834852023537,30.868348520235372,101-500
22295,2011-08,275.0,162.8259316008833,112.17406839911669,101-500
22295,2011-09,173.0,220.3056891193871,47.3056891193871,101-500
22295,2011-10,337.0,205.442097845728,131.557902154272,101-500
22295,2011-11,48.0,179.09550166770998,131.09550166770998,11-50
22296,2011-07,205.0,249.3388960803349,44.338896080334905,101-500
22296,2011-08,231.0,259.1257052309377,28.125705230937683,101-500
22296,2011-09,132.0,289.6664492727464,157.66644927274638,101-500
22296,2011-10,202.0,246.47167213518284,44.47167213518284,101-500
22296,2011-11,50.0,146.6426401839681,96.6426401839681,11-50
22297,2011-07,492.0,273.5932849620502,218.40671503794982,101-500
22297,2011-08,281.0,373.6362152836791,92.63621528367912,101-500
22297,2011-09,304.0,336.9227589206668,32.92275892066681,101-500
22297,2011-10,314.0,376.4997790724842,62.499779072484216,101-500
22297,2011-11,91.0,240.51145504637972,149.51145504637972,51-100
22299,2011-07,10.0,42.394045538068546,32.394045538068546,0-10
22299,2011-08,32.0,33.87169754583188,1.8716975458318785,11-50
22299,2011-09,115.0,48.240580915189476,66.75941908481053,101-500
22299,2011-10,260.0,95.35223834288745,164.64776165711254,101-500
22299,2011-11,529.0,93.90174084012456,435.09825915987545,501-1000
22300,2011-07,55.0,74.45318712418344,19.453187124183444,51-100
22300,2011-08,66.0,84.26977536085032,18.269775360850318,51-100
22300,2011-09,96.0,94.45856791409759,1.5414320859024144,51-100
22300,2011-10,524.0,111.12278904202516,412.87721095797485,501-1000
22300,2011-11,52.0,188.2340340504658,136.2340340504658,51-100
22301,2011-07,142.0,135.05548452964933,6.944515470350666,101-500
22301,2011-08,186.0,143.70191036829746,42.29808963170254,101-500
22301,2011-09,100.0,164.84157867435223,64.84157867435223,51-100
22301,2011-10,527.0,125.59197615332577,401.4080238466742,501-1000
22301,2011-11,59.0,215.64059558693597,156.64059558693597,51-100
22302,2011-07,127.0,133.2380816057339,6.238081605733896,101-500
22302,2011-08,119.0,144.33437124333355,25.33437124333355,101-500
22302,2011-09,167.0,132.67814182484372,34.32185817515628,101-500
22302,2011-10,588.0,163.44275910308355,424.5572408969165,501-1000
22302,2011-11,64.0,194.80788764527313,130.80788764527313,51-100
22303,2011-07,112.0,181.89681790121983,69.89681790121983,101-500
22303,2011-08,106.0,152.7487873317103,46.748787331710304,101-500
22303,2011-09,199.0,148.79123831869404,50.20876168130596,101-500
22303,2011-10,629.0,175.56483542634717,453.43516457365286,501-1000
22303,2011-11,72.0,256.56713195277047,184.56713195277047,51-100
22304,2011-07,41.0,44.62231875953844,3.6223187595384374,11-50
22304,2011-08,21.0,52.38569078527936,31.38569078527936,11-50
22304,2011-09,0.0,53.84614930117228,53.84614930117228,0-10
22305,2011-07,9.0,53.97240594865449,44.97240594865449,0-10
22305,2011-08,8.0,35.23616460588887,27.236164605888867,0-10
22305,2011-09,13.0,31.03176631919414,18.03176631919414,11-50
22305,2011-10,23.0,27.247519157784957,4.247519157784957,11-50
22305,2011-11,12.0,40.67667135972912,28.67667135972912,11-50
22306,2011-08,240.0,38.27511575243527,201.72488424756472,101-500
22306,2011-09,337.0,174.87870233986462,162.12129766013538,101-500
22306,2011-10,406.0,301.4881301339374,104.51186986606263,101-500
22306,2011-11,62.0,205.84593487127367,143.84593487127367,51-100
22307,2011-09,151.0,158.66495467915024,7.664954679150242,101-500
22307,2011-10,302.0,155.2602339796177,146.7397660203823,101-500
22307,2011-11,30.0,178.35864504997573,148.35864504997573,11-50
22308,2011-07,3.0,47.63254374969525,44.63254374969525,0-10
22308,2011-08,12.0,25.725899829297468,13.725899829297468,11-50
22308,2011-09,22.0,27.0171803341715,5.017180334171499,11-50
22308,2011-10,42.0,48.196500980760455,6.1965009807604545,11-50
22308,2011-11,14.0,38.70225873940779,24.70225873940779,11-50
22309,2011-07,22.0,29.190456011020103,7.190456011020103,11-50
22309,2011-08,124.0,43.52507021133354,80.47492978866646,101-500
22309,2011-09,42.0,122.84117753613684,80.84117753613684,11-50
22309,2011-10,47.0,82.90530830079335,35.90530830079335,11-50
22309,2011-11,12.0,48.279910011744796,36.279910011744796,11-50
22310,2011-07,2.0,43.96731898098783,41.96731898098783,0-10
22310,2011-08,64.0,42.40207784018768,21.59792215981232,51-100
22310,2011-09,39.0,76.06958234498939,37.069582344989385,11-50
22310,2011-10,234.0,76.89322943539203,157.10677056460798,101-500
22310,2011-11,14.0,93.90174084012456,79.90174084012456,11-50
22311,2011-07,15.0,48.23874968198113,33.23874968198113,11-50
22311,2011-08,155.0,37.728907838163316,117.27109216183669,101-500
22311,2011-09,71.0,137.61007502007473,66.61007502007473,51-100
22311,2011-10,410.0,95.26757441468021,314.7324255853198,101-500
22311,2011-11,161.0,166.4133345749072,5.413334574907196,101-500
22312,2011-07,20.0,32.57479528045609,12.574795280456087,11-50
22312,2011-08,26.0,44.62231875953844,18.622318759538437,11-50
22312,2011-09,38.0,48.638749750414746,10.638749750414746,11-50
22312,2011-10,161.0,68.74561014267398,92.25438985732602,101-500
22312,2011-11,49.0,95.03603110653624,46.03603110653624,11-50
22313,2011-07,11.0,30.07356861521602,19.07356861521602,11-50
22313,2011-08,6.0,29.178500695501747,23.178500695501747,0-10
22313,2011-09,283.0,30.07356861521602,252.926431384784,101-500
22313,2011-10,42.0,153.55644581165686,111.55644581165686,11-50
22313,2011-11,30.0,58.6347417555586,28.6347417555586,11-50
22314,2011-07,20.0,40.1352103236921,20.1352103236921,11-50
22314,2011-08,17.0,44.62231875953844,27.622318759538437,11-50
22314,2011-09,70.0,37.38999788360179,32.61000211639821,51-100
22314,2011-10,42.0,85.6938722771619,43.6938722771619,11-50
22314,2011-11,105.0,48.27596087692613,56.72403912307387,101-500
22315,2011-07,121.0,143.26795277413348,22.267952774133477,101-500
22315,2011-08,136.0,135.84824219709424,0.15175780290576313,101-500
22315,2011-09,31.0,142.5289152522613,111.5289152522613,11-50
22315,2011-10,70.0,73.61647289194596,3.6164728919459606,51-100
22315,2011-11,3.0,51.962926138437645,48.962926138437645,0-10
22316,2011-07,101.0,68.90125733281864,32.098742667181355,101-500
22316,2011-08,2.0,96.01354360897255,94.01354360897255,0-10
22316,2011-09,2.0,69.70408680404223,67.70408680404223,0-10
22316,2011-10,28.0,51.228725578041946,23.228725578041946,11-50
22316,2011-11,3.0,37.36970765035918,34.36970765035918,0-10
22317,2011-07,8.0,34.47809944627858,26.478099446278577,0-10
22317,2011-08,8.0,29.631319845561734,21.631319845561734,0-10
22317,2011-09,23.0,25.634946528954686,2.6349465289546856,11-50
22317,2011-10,11.0,65.06237651585077,54.06237651585077,11-50
22318,2011-07,25.0,64.4592426303505,39.4592426303505,11-50
22318,2011-08,18.0,46.60406808232777,28.60406808232777,11-50
22318,2011-09,39.0,39.692961554037815,0.6929615540378151,11-50
22318,2011-10,11.0,67.76177606752802,56.76177606752802,11-50
22318,2011-11,3.0,36.28925361047809,33.28925361047809,0-10
22319,2011-07,96.0,83.39326089722736,12.606739102772636,51-100
22319,2011-08,36.0,104.61685203000226,68.61685203000226,11-50
22319,2011-09,121.0,80.6184283036409,40.3815716963591,101-500
22319,2011-10,60.0,127.01055802027376,67.01055802027376,51-100
22319,2011-11,624.0,73.0925206633417,550.9074793366583,501-1000
22320,2011-07,19.0,34.30400303521964,15.304003035219637,11-50
22320,2011-08,10.0,33.44660007278864,23.44660007278864,0-10
22320,2011-09,41.0,26.784918459703118,14.215081540296882,11-50
22320,2011-10,23.0,67.16715045635421,44.16715045635421,11-50
22320,2011-11,3.0,41.31977044667867,38.31977044667867,0-10
22321,2011-07,52.0,69.59222708772471,17.59222708772471,51-100
22321,2011-08,97.0,65.92170016364051,31.07829983635949,51-100
22321,2011-09,27.0,102.04254435541672,75.04254435541672,11-50
22321,2011-10,81.0,70.35026260901319,10.649737390986814,51-100
22321,2011-11,3.0,57.9077320386404,54.9077320386404,0-10
22322,2011-07,17.0,80.96312036223244,63.963120362232445,11-50
22322,2011-08,16.0,61.80482024643843,45.80482024643843,11-50
22322,2011-09,12.0,50.66348686599409,38.66348686599409,11-50
22322,2011-10,6.0,44.33246337765304,38.33246337765304,0-10
22324,2011-07,15.0,50.064832595214995,35.064832595214995,11-50
22324,2011-08,83.0,44.06120026299905,38.93879973700095,51-100
22324,2011-09,33.0,96.02086281595648,63.02086281595648,11-50
22324,2011-10,12.0,57.77020311827876,45.77020311827876,11-50
22324,2011-11,6.0,27.14050424039844,21.14050424039844,0-10
22325,2011-07,21.0,39.62600445819977,18.626004458199773,11-50
22325,2011-08,8.0,39.62600445819977,31.626004458199773,0-10
22325,2011-09,16.0,26.784918459703118,10.784918459703118,11-50
22325,2011-10,31.0,31.189449290765715,0.18944929076571526,11-50
22326,2011-07,1045.0,552.6585275074818,492.34147249251816,1001-5000
22326,2011-08,597.0,777.0873622113165,180.08736221131653,501-1000
22326,2011-09,905.0,764.3542491054055,140.64575089459447,501-1000
22326,2011-10,952.0,1017.7472997625271,65.74729976252706,501-1000
22326,2011-11,272.0,487.1358407920697,215.1358407920697,101-500
22327,2011-07,139.0,98.98446904581392,40.015530954186076,101-500
22327,2011-08,111.0,159.03187281207616,48.03187281207616,101-500
22327,2011-09,147.0,135.44908720365183,11.550912796348172,101-500
22327,2011-10,155.0,160.90239144465383,5.90239144465383,101-500
22327,2011-11,51.0,102.22680880861394,51.22680880861394,51-100
22328,2011-07,397.0,329.65769253746083,67.34230746253917,101-500
22328,2011-08,439.0,448.54553758568346,9.545537585683462,101-500
22328,2011-09,391.0,507.99302671511396,116.99302671511396,101-500
22328,2011-10,546.0,510.75687708157614,35.243122918423865,501-1000
22328,2011-11,104.0,297.6991973384555,193.69919733845552,101-500
22329,2011-07,85.0,163.13146830696382,78.13146830696382,51-100
22329,2011-08,195.0,120.72216053981717,74.27783946018283,101-500
22329,2011-09,41.0,206.5521046162285,165.5521046162285,11-50
22329,2011-10,89.0,100.04558480460076,11.045584804600765,51-100
22329,2011-11,12.0,67.53216170561254,55.53216170561254,11-50
22331,2011-07,116.0,86.78155457805639,29.218445421943613,101-500
22331,2011-08,164.0,112.4256721729332,51.574327827066796,101-500
22331,2011-09,258.0,156.86937339947107,101.13062660052893,101-500
22331,2011-10,146.0,192.19462616764199,46.194626167641985,101-500
22331,2011-11,19.0,104.29668866071535,85.29668866071535,11-50
22332,2011-07,49.0,77.88687165193711,28.886871651937113,11-50
22332,2011-08,50.0,85.25593959129674,35.25593959129674,11-50
22332,2011-09,130.0,84.26977536085032,45.73022463914968,101-500
22332,2011-10,90.0,138.09876431265454,48.09876431265454,51-100
22332,2011-11,8.0,62.66849737417038,54.66849737417038,0-10
22333,2011-07,292.0,291.291256877057,0.7087431229430194,101-500
22333,2011-08,507.0,311.0004519843414,195.9995480156586,501-1000
22333,2011-09,254.0,402.0631280638893,148.06312806388928,101-500
22333,2011-10,400.0,323.5891340807107,76.41086591928928,101-500
22333,2011-11,21.0,229.79073364990228,208.79073364990228,11-50
22334,2011-07,53.0,48.59884197452697,4.4011580254730305,51-100
22334,2011-08,22.0,56.01529567587303,34.01529567587303,11-50
22334,2011-09,59.0,58.736501343110454,0.26349865688954566,51-100
22334,2011-10,57.0,58.410208908454024,1.410208908454024,51-100
22334,2011-11,8.0,56.50996151622908,48.50996151622908,0-10
22335,2011-07,430.0,167.19000360011384,262.80999639988613,101-500
22335,2011-08,142.0,242.9327116845614,100.93271168456141,101-500
22335,2011-09,178.0,189.26990089385401,11.269900893854015,101-500
22335,2011-10,152.0,211.44441522675044,59.444415226750436,101-500
22335,2011-11,64.0,126.54258393588492,62.54258393588492,51-100
22336,2011-07,300.0,59.52459098075366,240.47540901924634,101-500
22336,2011-08,987.0,198.99365083949593,788.0063491605041,501-1000
22336,2011-09,845.0,497.2244202412457,347.7755797587543,501-1000
22337,2011-08,44.0,169.18358229377088,125.18358229377088,11-50
22337,2011-09,216.0,95.79552953406326,120.20447046593674,101-500
22337,2011-10,255.0,231.07634435520936,23.923655644790642,101-500
22337,2011-11,4.0,132.193465967613,128.193465967613,0-10
22338,2011-08,433.0,46.024759327217836,386.97524067278215,101-500
22338,2011-09,1535.0,279.5837825257085,1255.4162174742914,1001-5000
22338,2011-10,2000.0,1141.653252464374,858.346747535626,1001-5000
22338,2011-11,545.0,739.2469033296918,194.2469033296918,501-1000
22339,2011-10,546.0,803.4366833358026,257.4366833358026,501-1000
22340,2011-09,294.0,174.48740276274205,119.51259723725795,101-500
22340,2011-10,722.0,269.9479906187784,452.0520093812216,501-1000
22340,2011-11,156.0,292.17239785223865,136.17239785223865,101-500
22341,2011-07,31.0,37.38999788360179,6.3899978836017866,11-50
22341,2011-08,53.0,48.638749750414746,4.361250249585254,51-100
22341,2011-09,14.0,56.076911460616294,42.076911460616294,11-50
22341,2011-10,11.0,47.84058084675586,36.84058084675586,11-50
22341,2011-11,5.0,23.56257555028119,18.56257555028119,0-10
22342,2011-07,87.0,116.51620008080852,29.516200080808517,51-100
22342,2011-08,147.0,93.95523823512151,53.04476176487849,101-500
22342,2011-09,110.0,123.40588893514803,13.405888935148027,101-500
22342,2011-10,62.0,117.89423279451036,55.89423279451036,51-100
22342,2011-11,8.0,79.50104387898796,71.50104387898796,0-10
22343,2011-07,29.0,109.17280484314396,80.17280484314396,11-50
22343,2011-08,48.0,70.82974703649712,22.829747036497125,11-50
22343,2011-09,72.0,73.81108350905798,1.8110835090579798,51-100
22343,2011-10,56.0,97.90004036905759,41.90004036905759,51-100
22343,2011-11,372.0,62.472732024857024,309.527267975143,101-500
22344,2011-07,40.0,69.16666571440055,29.16666571440055,11-50
22344,2011-08,25.0,67.36087429221072,42.360874292210724,11-50
22344,2011-09,0.0,67.36087429221072,67.36087429221072,0-10
22345,2011-07,24.0,50.696814487153894,26.696814487153894,11-50
22345,2011-08,12.0,59.85434218109221,47.85434218109221,11-50
22345,2011-09,2.0,47.07767581774337,45.07767581774337,0-10
22345,2011-10,18.0,44.33246337765304,26.332463377653042,11-50
22345,2011-11,240.0,29.257935872575633,210.74206412742436,101-500
22346,2011-07,24.0,62.40782349773109,38.40782349773109,11-50
22346,2011-08,0.0,61.28042502589245,61.28042502589245,0-10
22348,2011-07,227.0,308.9866523627004,81.9866523627004,101-500
22348,2011-08,223.0,286.98819366909447,63.98819366909447,101-500
22348,2011-09,311.0,274.1697217986299,36.830278201370106,101-500
22348,2011-10,462.0,314.57908656305267,147.42091343694733,101-500
22348,2011-11,50.0,196.6904663030781,146.6904663030781,11-50
22349,2011-07,8.0,190.6732046120749,182.6732046120749,0-10
22349,2011-08,94.0,43.171621696373215,50.828378303626785,51-100
22349,2011-09,103.0,104.3816552822357,1.3816552822356982,101-500
22349,2011-10,37.0,124.91008055474707,87.91008055474707,11-50
22349,2011-11,9.0,56.44265997422349,47.44265997422349,0-10
22350,2011-07,15.0,163.0613562118812,148.0613562118812,11-50
22350,2011-08,80.0,58.209911928483116,21.790088071516884,51-100
22350,2011-09,60.0,106.7084705964592,46.70847059645919,51-100
22350,2011-10,33.0,101.54663157726155,68.54663157726155,11-50
22350,2011-11,19.0,56.44265997422349,37.44265997422349,11-50
22352,2011-07,244.0,213.44164796758375,30.558352032416252,101-500
22352,2011-08,389.0,249.80435312641018,139.19564687358982,101-500
22352,2011-09,315.0,385.28544344830044,70.28544344830044,101-500
22352,2011-10,181.0,312.75360877258777,131.75360877258777,101-500
22352,2011-11,38.0,167.3562045726715,129.3562045726715,11-50
22354,2011-07,60.0,64.33272456317097,4.33272456317097,51-100
22354,2011-08,37.0,71.58332362514096,34.58332362514096,11-50
22354,2011-09,48.0,59.134670178335725,11.134670178335725,11-50
22354,2011-10,16.0,59.79045109178722,43.79045109178722,11-50
22354,2011-11,1.0,41.24350487917359,40.24350487917359,0-10
22355,2011-07,1474.0,1140.2309261996897,333.76907380031025,1001-5000
22355,2011-08,1201.0,1338.5731806534552,137.5731806534552,1001-5000
22355,2011-09,1557.0,1378.1283511271974,178.87164887280255,1001-5000
22355,2011-10,2088.0,1782.267206828939,305.7327931710611,1001-5000
22355,2011-11,1131.0,1191.6817320893392,60.68173208933922,1001-5000
22356,2011-07,1046.0,757.6696866070772,288.3303133929228,1001-5000
22356,2011-08,744.0,941.9014935588322,197.90149355883216,501-1000
22356,2011-09,769.0,981.3008880457897,212.30088804578975,501-1000
22356,2011-10,1384.0,929.4670315319328,454.5329684680672,1001-5000
22356,2011-11,266.0,564.4222798581047,298.42227985810473,101-500
22357,2011-07,19.0,44.25951814709304,25.25951814709304,11-50
22357,2011-08,14.0,52.56962638990191,38.56962638990191,11-50
22357,2011-09,24.0,28.631397469642938,4.631397469642938,11-50
22357,2011-10,79.0,63.89127884993551,15.10872115006449,51-100
22357,2011-11,31.0,55.8747049406631,24.8747049406631,11-50
22358,2011-07,33.0,94.90714206224054,61.90714206224054,11-50
22358,2011-08,38.0,78.257696495449,40.257696495449,11-50
22358,2011-09,24.0,70.58956163021492,46.58956163021492,11-50
22358,2011-10,63.0,75.2683081786465,12.268308178646507,51-100
22358,2011-11,25.0,47.43093869952383,22.43093869952383,11-50
22359,2011-07,17.0,31.126485105741544,14.126485105741544,11-50
22359,2011-08,17.0,36.73525022830151,19.73525022830151,11-50
22359,2011-09,16.0,37.592653190732506,21.592653190732506,11-50
22359,2011-10,15.0,36.293001458647225,21.293001458647225,11-50
22359,2011-11,3.0,19.425888306156867,16.425888306156867,0-10
22360,2011-07,45.0,71.6773165673493,26.677316567349294,11-50
22360,2011-08,77.0,93.57621344129674,16.576213441296744,51-100
22360,2011-09,88.0,98.51274446862259,10.512744468622586,51-100
22360,2011-10,50.0,121.82368495379765,71.82368495379765,11-50
22360,2011-11,19.0,56.90685245906512,37.90685245906512,11-50
22361,2011-07,24.0,86.26039907533094,62.26039907533094,11-50
22361,2011-08,55.0,73.25911814760596,18.25911814760596,51-100
22361,2011-09,65.0,84.80349722372937,19.803497223729366,51-100
22361,2011-10,75.0,102.80752454675158,27.80752454675158,51-100
22361,2011-11,15.0,68.10356245457365,53.10356245457365,11-50
22362,2011-07,15.0,32.97296411568136,17.972964115681357,11-50
22362,2011-08,28.0,28.631397469642938,0.6313974696429376,11-50
22362,2011-09,35.0,63.4202094214896,28.420209421489602,11-50
22362,2011-10,31.0,68.74561014267398,37.74561014267398,11-50
22362,2011-11,5.0,42.59820605200875,37.59820605200875,0-10
22363,2011-07,10.0,57.11158008636493,47.11158008636493,0-10
22363,2011-08,15.0,33.87169754583188,18.87169754583188,11-50
22363,2011-09,20.0,32.97296411568136,12.972964115681357,11-50
22363,2011-10,8.0,45.8778905571947,37.8778905571947,0-10
22363,2011-11,7.0,22.06794565314775,15.06794565314775,0-10
22364,2011-07,68.0,47.84058084675586,20.159419153244137,51-100
22364,2011-08,99.0,67.01309472970289,31.986905270297115,51-100
22364,2011-09,37.0,111.12278904202516,74.12278904202516,11-50
22364,2011-10,40.0,78.73718092293294,38.737180922932936,11-50
22364,2011-11,11.0,43.07769047949269,32.07769047949269,11-50
22365,2011-07,60.0,50.98622261644805,9.013777383551947,51-100
22365,2011-08,301.0,83.9042693379888,217.0957306620112,101-500
22365,2011-09,16.0,247.83993067712495,231.83993067712495,11-50
22365,2011-10,135.0,57.38221979750867,77.61778020249133,101-500
22365,2011-11,14.0,78.8018391604837,64.8018391604837,11-50
22366,2011-07,19.0,59.50111351362596,40.50111351362596,11-50
22366,2011-08,216.0,44.138023527687594,171.8619764723124,101-500
22366,2011-09,98.0,172.36551729329685,74.36551729329685,51-100
22366,2011-10,82.0,117.99644769610056,35.99644769610056,51-100
22366,2011-11,4.0,71.83727975782534,67.83727975782534,0-10
22367,2011-07,369.0,197.37067839771092,171.62932160228908,101-500
22367,2011-08,372.0,284.150328555334,87.849671444666,101-500
22367,2011-09,325.0,335.1092194152453,10.10921941524532,101-500
22367,2011-10,675.0,391.53469426799165,283.46530573200835,501-1000
22367,2011-11,133.0,306.63280615412134,173.63280615412134,101-500
22371,2011-07,60.0,95.27154666685048,35.27154666685048,51-100
22371,2011-08,83.0,102.19907030746462,19.199070307464623,51-100
22371,2011-09,134.0,117.46406130272597,16.535938697274034,101-500
22371,2011-10,175.0,150.9473751441711,24.052624855828896,101-500
22371,2011-11,53.0,113.8590041934675,60.8590041934675,51-100
22372,2011-07,14.0,35.714432640745436,21.714432640745436,11-50
22372,2011-08,33.0,32.33520181793255,0.6647981820674502,11-50
22372,2011-09,31.0,67.31952729787373,36.319527297873734,11-50
22372,2011-10,49.0,64.84629226628985,15.84629226628985,11-50
22372,2011-11,13.0,45.07073605707096,32.07073605707096,11-50
22374,2011-07,43.0,72.36951041868782,29.369510418687824,11-50
22374,2011-08,60.0,81.28038704404783,21.280387044047828,51-100
22374,2011-09,83.0,84.78507147113997,1.7850714711399718,51-100
22374,2011-10,75.0,114.33815157107944,39.338151571079436,51-100
22374,2011-11,11.0,65.86686985511633,54.866869855116335,11-50
22375,2011-07,16.0,54.88554049283217,38.88554049283217,11-50
22375,2011-08,56.0,37.63872466243525,18.36127533756475,51-100
22375,2011-09,36.0,76.23358349348202,40.233583493482016,11-50
22375,2011-10,36.0,73.56002157541299,37.56002157541299,11-50
22375,2011-11,12.0,41.31977044667867,29.319770446678667,11-50
22376,2011-07,6.0,42.88085202495068,36.88085202495068,0-10
22376,2011-08,28.0,30.684236336087256,2.684236336087256,11-50
22376,2011-09,38.0,44.38247317376454,6.382473173764538,11-50
22376,2011-10,28.0,65.72709439944103,37.72709439944103,11-50
22376,2011-11,8.0,42.59820605200875,34.59820605200875,0-10
22377,2011-07,75.0,110.25455348316697,35.25455348316697,51-100
22377,2011-08,64.0,100.13766572536811,36.13766572536811,51-100
22377,2011-09,52.0,90.70634994225426,38.70634994225426,51-100
22377,2011-10,19.0,84.74925978833426,65.74925978833426,11-50
22377,2011-11,6.0,42.03930718657776,36.03930718657776,0-10
22378,2011-07,102.0,195.89632536854353,93.89632536854353,101-500
22378,2011-08,51.0,134.8624741151407,83.86247411514071,51-100
22378,2011-09,9.0,102.23147053829602,93.23147053829602,0-10
22378,2011-10,89.0,62.050389925063264,26.949610074936736,51-100
22378,2011-11,17.0,60.8549990259904,43.8549990259904,11-50
22379,2011-07,398.0,548.0855907977283,150.0855907977283,101-500
22379,2011-08,648.0,503.5189128564987,144.48108714350133,501-1000
22379,2011-09,1018.0,669.9585150224262,348.04148497757376,1001-5000
22379,2011-10,396.0,816.1307342666405,420.1307342666405,101-500
22379,2011-11,150.0,297.1778679666621,147.17786796666212,101-500
22380,2011-07,89.0,83.04098420964435,5.95901579035565,51-100
22380,2011-08,73.0,110.25680086263252,37.25680086263252,51-100
22380,2011-09,107.0,100.78436699747637,6.2156330025236315,101-500
22380,2011-10,107.0,135.44908720365183,28.44908720365183,101-500
22380,2011-11,115.0,86.32148675434364,28.67851324565636,101-500
22381,2011-07,217.0,250.07546478811815,33.075464788118154,101-500
22381,2011-08,257.0,278.72143378985163,21.72143378985163,101-500
22381,2011-09,691.0,261.53466560309863,429.46533439690137,501-1000
22381,2011-10,161.0,533.7378740804163,372.7378740804163,101-500
22381,2011-11,67.0,175.82634030116236,108.82634030116236,51-100
22382,2011-07,1378.0,911.4154875016886,466.58451249831137,1001-5000
22382,2011-08,953.0,1053.4454146503895,100.44541465038947,501-1000
22382,2011-09,789.0,1079.6292587434468,290.6292587434468,501-1000
22382,2011-10,1529.0,1116.5979119786061,412.40208802139387,1001-5000
22382,2011-11,143.0,849.4777224405041,706.4777224405041,101-500
22383,2011-07,1732.0,1362.985317297783,369.014682702217,1001-5000
22383,2011-08,1002.0,1656.8364088108633,654.8364088108633,1001-5000
22383,2011-09,706.0,1131.89068573685,425.89068573684995,501-1000
22383,2011-10,947.0,1038.1128025178673,91.1128025178673,501-1000
22383,2011-11,161.0,628.7473050914954,467.7473050914954,101-500
22384,2011-07,1361.0,1304.4901837614048,56.50981623859525,1001-5000
22384,2011-08,800.0,1325.5164732108678,525.5164732108678,501-1000
22384,2011-09,447.0,1117.1062399360721,670.1062399360721,101-500
22384,2011-10,912.0,847.0533308383391,64.9466691616609,501-1000
22384,2011-11,131.0,603.0107565380116,472.0107565380116,101-500
22385,2011-07,1097.0,635.4578301936816,461.5421698063184,1001-5000
22385,2011-08,1002.0,814.0865616848178,187.91343831518225,1001-5000
22385,2011-09,470.0,979.342394945492,509.34239494549195,101-500
22385,2011-10,773.0,761.6587795949688,11.341220405031208,501-1000
22385,2011-11,351.0,517.4765412285032,166.47654122850315,101-500
22386,2011-07,2281.0,1644.5412927435025,636.4587072564975,1001-5000
22386,2011-08,2711.0,1939.790243618464,771.209756381536,1001-5000
22386,2011-09,3206.0,2220.018544634792,985.9814553652081,1001-5000
22386,2011-10,1641.0,3343.6595915239604,1702.6595915239604,1001-5000
22386,2011-11,459.0,1267.6179829900245,808.6179829900245,101-500
22389,2011-08,17.0,25.843307197947937,8.843307197947937,11-50
22389,2011-09,118.0,36.33708139307624,81.66291860692377,101-500
22389,2011-10,17.0,94.95406950766218,77.95406950766218,11-50
22389,2011-11,48.0,40.67484012652078,7.3251598734792225,11-50
22390,2011-07,8.0,32.818781055306346,24.818781055306346,0-10
22390,2011-08,10.0,23.662915311205,13.662915311205001,0-10
22390,2011-09,12.0,26.077195298608974,14.077195298608974,11-50
22390,2011-10,25.0,30.679774547501896,5.679774547501896,11-50
22390,2011-11,50.0,40.423697249986226,9.576302750013774,11-50
22391,2011-07,0.0,23.220666541550713,23.220666541550713,0-10
22391,2011-10,11.0,23.662915311205,12.662915311205001,11-50
22391,2011-11,39.0,18.80421638346672,20.19578361653328,11-50
22393,2011-07,8.0,42.365167977515505,34.365167977515505,0-10
22393,2011-08,8.0,31.126485105741544,23.126485105741544,0-10
22393,2011-09,34.0,25.634946528954686,8.365053471045314,11-50
22393,2011-10,31.0,47.239001930822795,16.239001930822795,11-50
22393,2011-11,246.0,48.581372306072886,197.4186276939271,101-500
22394,2011-07,0.0,19.32134866516658,19.32134866516658,0-10
22394,2011-10,11.0,23.662915311205,12.662915311205001,11-50
22394,2011-11,25.0,17.230942940547436,7.769057059452564,11-50
22395,2011-07,1.0,19.32134866516658,18.32134866516658,0-10
22395,2011-08,0.0,23.78987073457604,23.78987073457604,0-10
22395,2011-11,80.0,20.208428343303733,59.79157165669626,51-100
22396,2011-07,123.0,104.48864833433939,18.511351665660612,101-500
22396,2011-08,127.0,146.53691722408576,19.536917224085755,101-500
22396,2011-09,123.0,162.67514558494827,39.67514558494827,101-500
22396,2011-10,132.0,151.69102978179308,19.691029781793077,101-500
22396,2011-11,52.0,95.3457310538509,43.3457310538509,51-100
22398,2011-07,279.0,276.07634453054294,2.92365546945706,101-500
22398,2011-08,408.0,235.09129099169752,172.90870900830248,101-500
22398,2011-09,362.0,326.91965285822175,35.08034714177825,101-500
22398,2011-10,376.0,334.1209181615419,41.87908183845809,101-500
22398,2011-11,162.0,200.25412790130085,38.25412790130085,101-500
22399,2011-07,125.0,85.47285003721157,39.52714996278843,101-500
22399,2011-08,28.0,123.0673213863544,95.0673213863544,11-50
22399,2011-09,39.0,78.83909879709611,39.83909879709611,11-50
22399,2011-10,5.0,68.19717347888195,63.19717347888195,0-10
22399,2011-11,24.0,42.325080194231944,18.325080194231944,11-50
22400,2011-07,186.0,271.0578475371179,85.05784753711788,101-500
22400,2011-08,167.0,199.91142712879093,32.91142712879093,101-500
22400,2011-09,173.0,197.76443417717013,24.76443417717013,101-500
22400,2011-10,248.0,215.8669449053706,32.13305509462941,101-500
22400,2011-11,36.0,112.0743119050383,76.0743119050383,11-50
22402,2011-07,200.0,271.5373319646018,71.53733196460178,101-500
22402,2011-08,178.0,191.17501667402422,13.17501667402422,101-500
22402,2011-09,253.0,216.0809578910936,36.91904210890641,101-500
22402,2011-10,245.0,232.58644008621712,12.413559913782876,101-500
22402,2011-11,59.0,125.5552207613162,66.5552207613162,51-100
22403,2011-07,149.0,223.17821015933933,74.17821015933933,101-500
22403,2011-08,121.0,141.98680304169818,20.98680304169818,101-500
22403,2011-09,103.0,149.52366765445004,46.52366765445004,101-500
22403,2011-10,117.0,167.83332607881533,50.83332607881533,101-500
22403,2011-11,25.0,91.08562409274758,66.08562409274758,11-50
22405,2011-07,24.0,37.38999788360179,13.389997883601787,11-50
22405,2011-08,24.0,48.8116015510577,24.8116015510577,11-50
22405,2011-09,6.0,61.346538662060766,55.346538662060766,0-10
22405,2011-10,22.0,33.87169754583188,11.871697545831879,11-50
22405,2011-11,99.0,36.974430061395694,62.025569938604306,51-100
22406,2011-07,14.0,23.662915311205,9.662915311205001,11-50
22406,2011-08,7.0,26.246364048677872,19.246364048677872,0-10
22406,2011-09,29.0,42.10232031897342,13.102320318973419,11-50
22406,2011-10,43.0,54.7109396956793,11.7109396956793,11-50
22406,2011-11,93.0,40.57059035386233,52.42940964613767,51-100
22407,2011-08,3.0,36.86889358311649,33.86889358311649,0-10
22407,2011-09,0.0,38.10594700236637,38.10594700236637,0-10
22408,2011-07,13.0,38.46649960854886,25.466499608548858,11-50
22408,2011-08,2.0,25.404259806249208,23.404259806249208,0-10
22408,2011-09,27.0,43.27954688712752,16.279546887127523,11-50
22408,2011-10,26.0,53.43678616810306,27.436786168103062,11-50
22408,2011-11,36.0,42.10275420452937,6.102754204529369,11-50
22409,2011-07,38.0,24.715831801730513,13.284168198269487,11-50
22409,2011-08,30.0,44.53833961685605,14.53833961685605,11-50
22409,2011-09,23.0,67.75904312743599,44.75904312743599,11-50
22409,2011-10,4.0,60.58967460860216,56.58967460860216,0-10
22409,2011-11,3.0,30.50008089464775,27.50008089464775,0-10
22410,2011-07,2.0,44.877152912559886,42.877152912559886,0-10
22410,2011-08,45.0,24.84014187935909,20.15985812064091,11-50
22410,2011-09,16.0,62.84219257667011,46.84219257667011,11-50
22410,2011-10,8.0,57.55366087647744,49.55366087647744,0-10
22410,2011-11,82.0,24.94675545922932,57.05324454077068,51-100
22411,2011-07,1371.0,882.704892241685,488.295107758315,1001-5000
22411,2011-08,1753.0,1209.6951365414327,543.3048634585673,1001-5000
22411,2011-09,745.0,1604.9729941909407,859.9729941909407,501-1000
22411,2011-10,1475.0,1150.2643292909695,324.7356707090305,1001-5000
22411,2011-11,497.0,752.047740033304,255.04774003330397,101-500
22412,2011-07,93.0,85.68604422588396,7.313955774116039,51-100
22412,2011-08,117.0,113.03267141946667,3.9673285805333336,101-500
22412,2011-09,34.0,120.58558099870356,86.58558099870356,11-50
22412,2011-10,20.0,86.63644748053675,66.63644748053675,11-50
22413,2011-07,183.0,410.09198314203445,227.09198314203445,101-500
22413,2011-08,290.0,229.7609562358384,60.23904376416161,101-500
22413,2011-09,225.0,273.3427639767436,48.34276397674358,101-500
22413,2011-10,126.0,295.775823494412,169.775823494412,101-500
22413,2011-11,1450.0,156.0692940473066,1293.9307059526934,1001-5000
22414,2011-07,8.0,19.32134866516658,11.321348665166578,0-10
22414,2011-08,122.0,20.894622108085862,101.10537789191415,101-500
22414,2011-09,16.0,116.24246010807548,100.24246010807548,11-50
22414,2011-10,17.0,44.50737298677684,27.507372986776844,11-50
22414,2011-11,16.0,23.99289961418254,7.992899614182541,11-50
22416,2011-07,15.0,54.543426584522706,39.543426584522706,11-50
22416,2011-08,65.0,52.5626858411215,12.4373141588785,51-100
22416,2011-09,31.0,71.8954376788758,40.895437678875794,11-50
22416,2011-10,30.0,68.12219333102296,38.122193331022956,11-50
22416,2011-11,18.0,42.10275420452937,24.10275420452937,11-50
22417,2011-07,637.0,706.2586053599262,69.25860535992615,501-1000
22417,2011-08,560.0,758.5079140442606,198.5079140442606,501-1000
22417,2011-09,763.0,826.9263897783444,63.9263897783444,501-1000
22417,2011-10,673.0,688.7632975286042,15.763297528604198,501-1000
22417,2011-11,149.0,405.348707229092,256.348707229092,101-500
22418,2011-07,614.0,436.9892156143133,177.0107843856867,501-1000
22418,2011-08,578.0,467.3757533419794,110.62424665802058,501-1000
22418,2011-09,839.0,554.2730601337233,284.72693986627667,501-1000
22418,2011-10,805.0,713.8070498951494,91.19295010485064,501-1000
22418,2011-11,110.0,456.45923072468736,346.45923072468736,101-500
22419,2011-07,291.0,211.1817143694967,79.81828563050331,101-500
22419,2011-08,128.0,246.2057648950514,118.2057648950514,101-500
22419,2011-09,367.0,216.34944377629574,150.65055622370426,101-500
22419,2011-10,637.0,319.08685880670436,317.91314119329564,501-1000
22419,2011-11,184.0,266.8725701261871,82.8725701261871,101-500
22420,2011-07,163.0,144.5838180817729,18.416181918227096,101-500
22420,2011-08,67.0,242.84717118237174,175.84717118237174,51-100
22420,2011-09,132.0,145.4197428315224,13.419742831522399,101-500
22420,2011-10,329.0,165.5390508959893,163.4609491040107,101-500
22420,2011-11,31.0,191.6496509060606,160.6496509060606,11-50
22421,2011-07,68.0,182.07811685524047,114.07811685524047,51-100
22421,2011-08,566.0,119.48228843350365,446.51771156649636,501-1000
22421,2011-09,217.0,441.12901980672615,224.12901980672615,101-500
22421,2011-10,517.0,228.99491655115236,288.00508344884764,501-1000
22421,2011-11,85.0,183.27108068895922,98.27108068895922,51-100
22422,2011-07,45.0,81.74205117762536,36.742051177625356,11-50
22422,2011-08,49.0,93.20988162378607,44.209881623786075,11-50
22422,2011-09,93.0,91.58496036704055,1.4150396329594486,51-100
22422,2011-10,210.0,112.45982702661509,97.54017297338491,101-500
22422,2011-11,538.0,91.580819303029,446.419180696971,501-1000
22423,2011-07,842.0,1121.8621658726345,279.8621658726345,501-1000
22423,2011-08,774.0,970.1897385736947,196.18973857369474,501-1000
22423,2011-09,1081.0,960.7994965263154,120.20050347368465,1001-5000
22423,2011-10,1052.0,1362.4527456515743,310.45274565157433,1001-5000
22423,2011-11,449.0,837.984791663607,388.984791663607,101-500
22424,2011-07,51.0,99.94617479707378,48.94617479707378,51-100
22424,2011-08,99.0,95.77091072509872,3.229089274901284,51-100
22424,2011-09,81.0,129.03386034431168,48.03386034431168,51-100
22424,2011-10,73.0,165.20433688775287,92.20433688775287,51-100
22424,2011-11,21.0,64.20871973080183,43.20871973080183,11-50
22425,2011-07,37.0,52.4123054612483,15.412305461248302,11-50
22425,2011-08,33.0,64.84629226628985,31.84629226628985,11-50
22425,2011-09,39.0,52.81207400155421,13.812074001554208,11-50
22425,2011-10,44.0,64.84629226628985,20.84629226628985,11-50
22425,2011-11,6.0,45.37260401485052,39.37260401485052,0-10
22426,2011-07,58.0,86.17550484059998,28.175504840599984,51-100
22426,2011-08,71.0,84.71934696422943,13.71934696422943,51-100
22426,2011-09,58.0,94.65912017539326,36.659120175393255,51-100
22426,2011-10,47.0,83.83854483107825,36.83854483107825,11-50
22426,2011-11,9.0,49.25120946384222,40.25120946384222,0-10
22427,2011-07,237.0,244.14201929269848,7.142019292698478,101-500
22427,2011-08,158.0,262.2390353551897,104.23903535518969,101-500
22427,2011-09,175.0,223.9768922624602,48.97689226246021,101-500
22427,2011-10,12.0,226.74466009425768,214.74466009425768,11-50
22428,2011-07,35.0,44.29718310437633,9.29718310437633,11-50
22428,2011-08,11.0,63.4202094214896,52.4202094214896,11-50
22428,2011-09,26.0,40.51995530595943,14.519955305959428,11-50
22428,2011-10,20.0,63.4202094214896,43.4202094214896,11-50
22428,2011-11,4.0,31.931829833940046,27.931829833940046,0-10
22429,2011-07,79.0,106.68404044901857,27.684040449018568,51-100
22429,2011-08,90.0,115.7911266123557,25.791126612355697,51-100
22429,2011-09,149.0,122.08745625391104,26.912543746088957,101-500
22429,2011-10,73.0,158.50850194529656,85.50850194529656,51-100
22429,2011-11,18.0,74.90411559395687,56.904115593956874,11-50
22430,2011-07,35.0,74.06642595824225,39.06642595824225,11-50
22430,2011-08,27.0,80.48833389788247,53.48833389788247,11-50
22430,2011-09,30.0,55.03394402404218,25.033944024042178,11-50
22430,2011-10,40.0,66.21075932634682,26.210759326346817,11-50
22430,2011-11,2.0,35.595429454358005,33.595429454358005,0-10
22431,2011-07,141.0,249.7612589311664,108.7612589311664,101-500
22431,2011-08,33.0,244.4983213746349,211.4983213746349,11-50
22431,2011-09,40.0,108.93110289777368,68.93110289777368,11-50
22431,2011-10,130.0,84.30962956101392,45.69037043898608,101-500
22431,2011-11,16.0,97.37653377389084,81.37653377389084,11-50
22432,2011-07,95.0,177.62164568677366,82.62164568677366,51-100
22432,2011-08,28.0,144.5932332500104,116.5932332500104,11-50
22432,2011-09,27.0,97.84383507688787,70.84383507688787,11-50
22432,2011-10,61.0,56.45553026787399,4.544469732126011,51-100
22432,2011-11,61.0,49.63143615008329,11.368563849916711,51-100
22433,2011-07,60.0,128.08799907926027,68.08799907926027,51-100
22433,2011-08,29.0,117.96187117418702,88.96187117418702,11-50
22433,2011-09,17.0,89.11276210086122,72.11276210086122,11-50
22433,2011-10,115.0,46.72443831958813,68.27556168041187,101-500
22433,2011-11,7.0,75.85457526861792,68.85457526861792,0-10
22434,2011-07,28.0,75.21725031349969,47.21725031349969,11-50
22434,2011-08,45.0,64.28878273604293,19.288782736042933,11-50
22434,2011-09,85.0,58.29878148310428,26.70121851689572,51-100
22434,2011-10,61.0,102.10131208227473,41.10131208227473,51-100
22434,2011-11,24.0,51.529561150990055,27.529561150990055,11-50
22435,2011-07,299.0,230.13364316455392,68.86635683544608,101-500
22435,2011-08,65.0,219.52095107115827,154.52095107115827,51-100
22435,2011-09,98.0,128.62793066115788,30.627930661157876,51-100
22435,2011-10,252.0,141.71304902439306,110.28695097560694,101-500
22435,2011-11,143.0,110.81304525725173,32.18695474274827,101-500
22436,2011-07,155.0,193.46731549770732,38.46731549770732,101-500
22436,2011-08,171.0,197.25843432476535,26.258434324765346,101-500
22436,2011-09,145.0,203.28272075874287,58.28272075874287,101-500
22436,2011-10,330.0,192.98946763485225,137.01053236514775,101-500
22436,2011-11,44.0,183.27268544343087,139.27268544343087,11-50
22437,2011-07,404.0,204.09572980621365,199.90427019378635,101-500
22437,2011-08,173.0,261.5842484216646,88.5842484216646,101-500
22437,2011-09,256.0,231.05007404877944,24.949925951220564,101-500
22437,2011-10,256.0,227.09525407494777,28.904745925052225,101-500
22437,2011-11,71.0,160.73444569815683,89.73444569815683,51-100
22438,2011-07,11.0,32.71856711417488,21.71856711417488,11-50
22438,2011-08,4.0,31.126485105741544,27.126485105741544,0-10
22438,2011-09,13.0,30.07356861521602,17.07356861521602,11-50
22438,2011-10,44.0,24.83323917038098,19.16676082961902,11-50
22438,2011-11,597.0,39.14450750906207,557.8554924909379,501-1000
22439,2011-07,72.0,179.0839909854118,107.08399098541179,51-100
22439,2011-08,294.0,128.11791901302846,165.88208098697154,101-500
22439,2011-09,99.0,227.49523944150178,128.49523944150178,51-100
22439,2011-10,182.0,151.78246555491182,30.217534445088177,101-500
22439,2011-11,70.0,110.7558646330271,40.7558646330271,51-100
22440,2011-07,101.0,416.82163409560667,315.82163409560667,101-500
22440,2011-08,85.0,303.48448149686004,218.48448149686004,51-100
22440,2011-09,126.0,212.0292060770892,86.02920607708921,101-500
22440,2011-10,298.0,282.8216660453396,15.178333954660388,101-500
22440,2011-11,40.0,128.06635445079957,88.06635445079957,11-50
22441,2011-07,22.0,65.82370969040748,43.82370969040748,11-50
22441,2011-08,94.0,77.11225966618741,16.887740333812587,51-100
22441,2011-09,129.0,105.49195713080626,23.508042869193744,101-500
22441,2011-10,165.0,138.09876431265454,26.901235687345462,101-500
22441,2011-11,59.0,106.70689663485236,47.706896634852356,51-100
22442,2011-07,0.0,18.880484830624948,18.880484830624948,0-10
22442,2011-11,193.0,21.227239435877333,171.77276056412268,101-500
22443,2011-07,2.0,29.089267065251835,27.089267065251835,0-10
22445,2011-07,27.0,24.451014997179964,2.548985002820036,11-50
22445,2011-08,25.0,67.76177606752802,42.76177606752802,11-50
22445,2011-09,42.0,50.064832595214995,8.064832595214995,11-50
22445,2011-10,60.0,74.75768900807529,14.757689008075289,51-100
22445,2011-11,10.0,55.327112928785645,45.327112928785645,0-10
22446,2011-07,12.0,24.83323917038098,12.833239170380981,11-50
22446,2011-08,35.0,31.07794338272717,3.9220566172728297,11-50
22446,2011-09,64.0,67.76177606752802,3.761776067528018,51-100
22446,2011-10,82.0,87.23747719796783,5.237477197967834,51-100
22446,2011-11,109.0,71.6921300682258,37.307869931774206,101-500
22447,2011-07,1.0,24.83323917038098,23.83323917038098,0-10
22447,2011-08,1.0,30.07356861521602,29.07356861521602,0-10
22447,2011-09,2.0,18.880484830624948,16.880484830624948,0-10
22447,2011-10,3.0,23.662915311205,20.662915311205,0-10
22447,2011-11,19.0,16.09900575574465,2.900994244255351,11-50
22448,2011-07,6.0,38.05247889203013,32.05247889203013,0-10
22448,2011-08,7.0,32.818781055306346,25.818781055306346,0-10
22448,2011-09,22.0,23.662915311205,1.6629153112050012,11-50
22448,2011-10,14.0,43.404113565635505,29.404113565635505,11-50
22448,2011-11,39.0,24.356138069695476,14.643861930304524,11-50
22449,2011-07,44.0,61.33986812788779,17.33986812788779,11-50
22449,2011-08,70.0,82.90530830079335,12.905308300793351,51-100
22449,2011-09,64.0,107.58777924997291,43.58777924997291,51-100
22449,2011-10,28.0,88.86239845471336,60.86239845471336,11-50
22450,2011-07,0.0,31.66565062364934,31.66565062364934,0-10
22450,2011-10,20.0,26.077195298608974,6.077195298608974,11-50
22452,2011-07,64.0,48.638749750414746,15.361250249585254,51-100
22452,2011-08,89.0,81.15702793164958,7.84297206835042,51-100
22452,2011-09,135.0,117.67135943105848,17.328640568941523,101-500
22452,2011-10,24.0,153.8777602543689,129.8777602543689,11-50
22452,2011-11,2.0,50.03463504533419,48.03463504533419,0-10
22453,2011-07,39.0,31.66565062364934,7.334349376350659,11-50
22453,2011-08,18.0,48.240580915189476,30.240580915189476,11-50
22453,2011-09,8.0,46.21565959001035,38.21565959001035,0-10
22453,2011-10,31.0,31.126485105741544,0.12648510574154415,11-50
22453,2011-11,37.0,32.392274389213014,4.607725610786986,11-50
22454,2011-07,2.0,23.662915311205,21.662915311205,0-10
22454,2011-08,3.0,24.672983338771953,21.672983338771953,0-10
22454,2011-09,14.0,23.662915311205,9.662915311205001,11-50
22454,2011-10,16.0,25.67534341280964,9.675343412809639,11-50
22456,2011-07,129.0,154.80094648922793,25.800946489227925,101-500
22456,2011-08,159.0,158.04380401309314,0.956195986906863,101-500
22456,2011-09,204.0,210.3820607788485,6.382060778848512,101-500
22456,2011-10,145.0,222.34320007797615,77.34320007797615,101-500
22456,2011-11,27.0,110.45384834806403,83.45384834806403,11-50
22457,2011-07,547.0,803.1654775652424,256.16547756524244,501-1000
22457,2011-08,676.0,801.6136474410137,125.61364744101365,501-1000
22457,2011-09,736.0,831.4543444468121,95.45434444681212,501-1000
22457,2011-10,804.0,980.6666993656816,176.66669936568155,501-1000
22457,2011-11,928.0,488.067690917337,439.932309082663,501-1000
22460,2011-07,134.0,199.00900041837446,65.00900041837446,101-500
22460,2011-08,211.0,187.62865990519185,23.371340094808147,101-500
22460,2011-09,179.0,206.41149773325722,27.41149773325722,101-500
22460,2011-10,377.0,220.2550670749447,156.7449329250553,101-500
22460,2011-11,67.0,204.92285710307118,137.92285710307118,51-100
22461,2011-07,40.0,82.39070497131547,42.39070497131547,11-50
22464,2011-07,202.0,248.07243409203187,46.07243409203187,101-500
22464,2011-08,254.0,234.7446001423663,19.255399857633705,101-500
22464,2011-09,241.0,273.74797242016024,32.74797242016024,101-500
22464,2011-10,347.0,275.8877222969958,71.11227770300422,101-500
22464,2011-11,473.0,200.3689513469291,272.63104865307093,101-500
22465,2011-07,54.0,87.09298361306332,33.092983613063325,51-100
22465,2011-08,252.0,69.77855899396015,182.22144100603987,101-500
22465,2011-09,245.0,185.11710865961,59.88289134038999,101-500
22465,2011-10,310.0,219.16334913629086,90.83665086370914,101-500
22465,2011-11,447.0,192.84242254835848,254.15757745164152,101-500
22466,2011-07,107.0,110.76415339332794,3.7641533933279447,101-500
22466,2011-08,235.0,137.361967856375,97.638032143625,101-500
22466,2011-09,218.0,209.43596704972035,8.564032950279653,101-500
22466,2011-10,442.0,219.04303832584222,222.95696167415778,101-500
22466,2011-11,93.0,205.8972204417079,112.8972204417079,51-100
22467,2011-07,380.0,547.4422592805971,167.4422592805971,101-500
22467,2011-08,825.0,503.8241657279981,321.1758342720019,501-1000
22467,2011-09,816.0,819.7184389178178,3.7184389178178208,501-1000
22467,2011-10,1007.0,776.8742654365244,230.1257345634756,1001-5000
22467,2011-11,284.0,468.61336103449435,184.61336103449435,101-500
22468,2011-07,10.0,52.4123054612483,42.4123054612483,0-10
22468,2011-08,45.0,29.928299735018733,15.071700264981267,11-50
22468,2011-09,54.0,69.4322882868909,15.432288286890895,51-100
22468,2011-10,90.0,77.94717918406879,12.052820815931213,51-100
22468,2011-11,8.0,68.17700186343838,60.17700186343838,0-10
22469,2011-07,600.0,1214.0733541186664,614.0733541186664,501-1000
22469,2011-08,1923.0,946.6978381087663,976.3021618912337,1001-5000
22469,2011-09,1135.0,1441.8026799302195,306.8026799302195,1001-5000
22469,2011-10,2625.0,1757.5859658079937,867.4140341920063,1001-5000
22469,2011-11,166.0,870.012472860015,704.012472860015,101-500
22470,2011-07,283.0,702.5545510299198,419.5545510299198,101-500
22470,2011-08,1135.0,419.3711230360764,715.6288769639236,1001-5000
22470,2011-09,623.0,938.2165999197424,315.2165999197424,501-1000
22470,2011-10,1716.0,926.7284192990885,789.2715807009115,1001-5000
22470,2011-11,106.0,722.9311049037643,616.9311049037643,101-500
22471,2011-09,57.0,19.32134866516658,37.67865133483342,51-100
22471,2011-10,23.0,49.54987655812467,26.549876558124673,11-50
22471,2011-11,52.0,42.9446917034242,9.055308296575802,51-100
22472,2011-07,7.0,25.29113813463597,18.29113813463597,0-10
22472,2011-08,2.0,20.496453272860588,18.496453272860588,0-10
22472,2011-09,15.0,19.890552858191906,4.890552858191906,11-50
22472,2011-10,32.0,23.7644531721215,8.235546827878501,11-50
22472,2011-11,72.0,32.80487954950077,39.19512045049923,51-100
22473,2011-07,2.0,18.880484830624948,16.880484830624948,0-10
22473,2011-08,4.0,18.880484830624948,14.880484830624948,0-10
22473,2011-09,30.0,18.880484830624948,11.119515169375052,11-50
22473,2011-10,35.0,58.74877865206268,23.748778652062683,11-50
22473,2011-11,42.0,34.230962394301024,7.769037605698976,11-50
22474,2011-07,6.0,25.29113813463597,19.29113813463597,0-10
22474,2011-08,6.0,19.32134866516658,13.321348665166578,0-10
22474,2011-09,23.0,19.32134866516658,3.6786513348334218,11-50
22474,2011-10,44.0,58.74877865206268,14.748778652062683,11-50
22474,2011-11,67.0,36.8577131176726,30.142286882327397,51-100
22475,2011-07,16.0,21.904690135652817,5.904690135652817,11-50
22475,2011-08,8.0,30.13653280024016,22.13653280024016,0-10
22475,2011-09,61.0,26.130170804402873,34.86982919559713,51-100
22475,2011-10,71.0,73.13222765878797,2.1322276587879685,51-100
22475,2011-11,49.0,59.71834293909833,10.718342939098328,11-50
22476,2011-07,6.0,27.722252812836178,21.722252812836178,0-10
22476,2011-08,8.0,25.7320019691776,17.7320019691776,0-10
22476,2011-09,40.0,20.496453272860588,19.503546727139412,11-50
22476,2011-10,45.0,42.04003232235338,2.959967677646617,11-50
22476,2011-11,628.0,45.37260401485052,582.6273959851495,501-1000
22477,2011-07,29.0,72.09911994534282,43.09911994534282,11-50
22477,2011-08,13.0,54.54996299558981,41.54996299558981,11-50
22477,2011-09,23.0,41.71919597553635,18.71919597553635,11-50
22477,2011-10,110.0,73.09543226576776,36.904567734232245,101-500
22477,2011-11,7.0,67.65520889628593,60.65520889628593,0-10
22478,2011-07,27.0,88.93727699111828,61.93727699111828,11-50
22478,2011-08,102.0,74.79896109441464,27.201038905585364,101-500
22478,2011-09,41.0,100.4292093924429,59.4292093924429,11-50
22478,2011-10,61.0,88.05572062644195,27.055720626441953,51-100
22478,2011-11,46.0,51.533510285808724,5.533510285808724,11-50
22479,2011-07,37.0,74.554045416819,37.554045416818994,11-50
22479,2011-08,10.0,65.9800361150622,55.980036115062205,0-10
22479,2011-09,17.0,65.92470622028547,48.92470622028547,11-50
22479,2011-10,19.0,55.1505746208242,36.1505746208242,11-50
22479,2011-11,11.0,30.2242571633667,19.2242571633667,11-50
22480,2011-07,43.0,69.04301498044187,26.043014980441868,11-50
22481,2011-07,60.0,88.50785856672134,28.50785856672134,51-100
22481,2011-08,44.0,80.59213984078441,36.59213984078441,11-50
22481,2011-09,58.0,75.3960432495828,17.396043249582803,51-100
22481,2011-10,52.0,93.48697869771786,41.48697869771786,51-100
22481,2011-11,139.0,51.74104063650568,87.25895936349431,101-500
22483,2011-07,32.0,50.46061970446911,18.46061970446911,11-50
22483,2011-08,20.0,67.76177606752802,47.76177606752802,11-50
22483,2011-09,101.0,48.623102997285024,52.376897002714976,101-500
22483,2011-10,109.0,105.04970836115197,3.9502916388480287,101-500
22483,2011-11,64.0,82.30967350156023,18.309673501560226,51-100
22485,2011-07,32.0,67.13811363577277,35.13811363577277,11-50
22485,2011-08,56.0,77.49894558107998,21.49894558107998,51-100
22485,2011-09,16.0,73.76034846189812,57.76034846189812,11-50
22485,2011-10,58.0,44.905541822002114,13.094458177997886,51-100
22485,2011-11,26.0,39.759690447879585,13.759690447879585,11-50
22486,2011-09,3.0,20.894622108085862,17.894622108085862,0-10
22486,2011-10,5.0,18.880484830624948,13.880484830624948,0-10
22486,2011-11,21.0,13.371347529813546,7.628652470186454,11-50
22487,2011-07,51.0,83.33692392005717,32.336923920057174,51-100
22487,2011-08,58.0,95.77091072509872,37.770910725098716,51-100
22487,2011-09,63.0,100.02036352257379,37.02036352257379,51-100
22487,2011-10,65.0,103.07547634628682,38.07547634628682,51-100
22487,2011-11,16.0,60.52218850317919,44.52218850317919,11-50
22488,2011-07,321.0,250.71792395260653,70.28207604739347,101-500
22488,2011-08,228.0,309.48123972065883,81.48123972065883,101-500
22488,2011-09,344.0,286.0811782754448,57.91882172455519,101-500
22488,2011-10,323.0,310.6138588957522,12.386141104247827,101-500
22488,2011-11,37.0,193.94061951448498,156.94061951448498,11-50
22489,2011-07,408.0,886.0275240904048,478.02752409040477,101-500
22489,2011-08,939.0,665.9853513523384,273.0146486476616,501-1000
22489,2011-09,999.0,955.9944011732501,43.00559882674986,501-1000
22489,2011-10,999.0,1005.5978593956814,6.597859395681439,501-1000
22489,2011-11,417.0,442.50357436400765,25.503574364007648,101-500
22491,2011-07,263.0,291.3078587018596,28.307858701859573,101-500
22491,2011-08,195.0,301.90492691278075,106.90492691278075,101-500
22491,2011-09,223.0,303.95313419466436,80.95313419466436,101-500
22491,2011-10,477.0,318.9416413703984,158.05835862960163,101-500
22491,2011-11,31.0,286.5689721776999,255.5689721776999,11-50
22492,2011-07,1589.0,1719.648831053919,130.6488310539189,1001-5000
22492,2011-08,3373.0,1606.4478954339986,1766.5521045660014,1001-5000
22492,2011-09,3215.0,2178.080375068685,1036.919624931315,1001-5000
22492,2011-10,3188.0,2447.1779891217893,740.8220108782107,1001-5000
22492,2011-11,292.0,1958.5450690514942,1666.5450690514942,101-500
22493,2011-07,835.0,123.83114512989637,711.1688548701036,501-1000
22493,2011-08,103.0,467.8076863841648,364.8076863841648,101-500
22493,2011-09,185.0,157.94024293607353,27.05975706392647,101-500
22493,2011-10,204.0,211.21238394973957,7.212383949739575,101-500
22493,2011-11,99.0,169.215809242651,70.215809242651,51-100
22494,2011-07,46.0,127.37070501203583,81.37070501203583,11-50
22494,2011-08,91.0,88.42210088358951,2.5778991164104923,51-100
22494,2011-09,45.0,111.40775016272116,66.40775016272116,11-50
22494,2011-10,94.0,88.42210088358951,5.577899116410492,51-100
22494,2011-11,15.0,74.79487785549364,59.79487785549364,11-50
22495,2011-07,3.0,30.07356861521602,27.07356861521602,0-10
22495,2011-08,29.0,24.672983338771953,4.327016661228047,11-50
22495,2011-09,15.0,62.6480965284468,47.6480965284468,11-50
22495,2011-10,25.0,33.8248424603666,8.824842460366597,11-50
22495,2011-11,98.0,35.091673940890246,62.908326059109754,51-100
22496,2011-07,8.0,24.838019918899004,16.838019918899004,0-10
22496,2011-08,18.0,30.07356861521602,12.073568615216018,11-50
22496,2011-09,26.0,34.47809944627858,8.478099446278577,11-50
22496,2011-10,25.0,67.76177606752802,42.76177606752802,11-50
22496,2011-11,111.0,36.517756785690494,74.4822432143095,101-500
22497,2011-07,20.0,26.344054625161487,6.344054625161487,11-50
22497,2011-08,19.0,34.954573688772854,15.954573688772854,11-50
22497,2011-09,8.0,32.393683582263094,24.393683582263094,0-10
22497,2011-10,5.0,25.7320019691776,20.7320019691776,0-10
22497,2011-11,1.0,17.630173138952713,16.630173138952713,0-10
22498,2011-07,19.0,81.08323972781099,62.08323972781099,11-50
22498,2011-08,8.0,44.905541822002114,36.905541822002114,0-10
22498,2011-09,15.0,26.784918459703118,11.784918459703118,11-50
22498,2011-10,17.0,26.37424668762,9.374246687620001,11-50
22498,2011-11,3.0,20.901380027387532,17.901380027387532,0-10
22499,2011-07,35.0,238.743888663875,203.743888663875,11-50
22499,2011-08,28.0,100.96810541802266,72.96810541802266,11-50
22499,2011-09,21.0,100.96622331271193,79.96622331271193,11-50
22499,2011-10,46.0,68.45837295110395,22.458372951103954,11-50
22499,2011-11,23.0,45.00912027232769,22.009120272327692,11-50
22500,2011-07,9.0,26.344054625161487,17.344054625161487,0-10
22500,2011-08,11.0,20.894622108085862,9.894622108085862,11-50
22500,2011-09,12.0,25.235102884688605,13.235102884688605,11-50
22500,2011-10,11.0,26.736376736688747,15.736376736688747,11-50
22500,2011-11,91.0,19.969890558623298,71.03010944137671,51-100
22501,2011-07,35.0,221.19505940980537,186.19505940980537,11-50
22501,2011-08,8.0,121.69554350768783,113.69554350768783,0-10
22501,2011-09,45.0,73.22768823898207,28.22768823898207,11-50
22501,2011-10,16.0,56.95823896028869,40.95823896028869,11-50
22502,2011-07,29.0,196.32408363390272,167.32408363390272,11-50
22502,2011-08,7.0,105.37474003466778,98.37474003466778,0-10
22503,2011-07,4.0,25.528387920229484,21.528387920229484,0-10
22503,2011-08,0.0,25.29113813463597,25.29113813463597,0-10
22504,2011-07,4.0,75.87274135439812,71.87274135439812,0-10
22504,2011-08,0.0,43.90116705449096,43.90116705449096,0-10
22504,2011-11,3.0,32.54334159121871,29.543341591218713,0-10
22505,2011-07,42.0,104.3813803972123,62.3813803972123,11-50
22505,2011-08,97.0,87.87686772918883,9.123132270811169,51-100
22505,2011-09,107.0,110.58620588278929,3.5862058827892866,101-500
22505,2011-10,152.0,138.04633085422697,13.953669145773034,101-500
22505,2011-11,23.0,102.4832057091005,79.4832057091005,11-50
22507,2011-07,123.0,197.47007223675854,74.47007223675854,101-500
22507,2011-08,541.0,189.14096132097234,351.85903867902766,501-1000
22507,2011-09,110.0,511.9319325680951,401.9319325680951,101-500
22507,2011-10,186.0,209.0388983312943,23.03889833129429,101-500
22507,2011-11,50.0,116.7712949825282,66.7712949825282,11-50
22508,2011-07,71.0,66.39399451217842,4.606005487821577,51-100
22508,2011-08,818.0,106.76029477989057,711.2397052201094,501-1000
22508,2011-09,82.0,483.22130044807625,401.22130044807625,51-100
22508,2011-10,138.0,118.94848103422372,19.051518965776282,101-500
22508,2011-11,26.0,127.36043581773097,101.36043581773097,11-50
22509,2011-07,3.0,18.880484830624948,15.880484830624948,0-10
22509,2011-08,5.0,18.880484830624948,13.880484830624948,0-10
22509,2011-09,7.0,18.880484830624948,11.880484830624948,0-10
22509,2011-10,13.0,20.894622108085862,7.894622108085862,11-50
22509,2011-11,111.0,11.58271043995327,99.41728956004673,101-500
22510,2011-07,0.0,22.779802707009082,22.779802707009082,0-10
22510,2011-10,16.0,25.566095008420703,9.566095008420703,11-50
22510,2011-11,28.0,28.330923067961603,0.33092306796160287,11-50
22511,2011-07,3.0,22.779802707009082,19.779802707009082,0-10
22511,2011-08,0.0,22.779802707009082,22.779802707009082,0-10
22511,2011-11,30.0,35.961160655873186,5.961160655873186,11-50
22512,2011-07,4.0,18.880484830624948,14.880484830624948,0-10
22512,2011-08,8.0,22.779802707009082,14.779802707009082,0-10
22512,2011-09,7.0,19.32134866516658,12.321348665166578,0-10
22512,2011-10,12.0,22.20669808101646,10.206698081016459,11-50
22512,2011-11,26.0,18.61462000834841,7.38537999165159,11-50
22513,2011-07,10.0,22.779802707009082,12.779802707009082,0-10
22513,2011-08,13.0,24.395771149244723,11.395771149244723,11-50
22513,2011-09,13.0,26.736376736688747,13.736376736688747,11-50
22513,2011-10,10.0,26.736376736688747,16.736376736688747,0-10
22513,2011-11,58.0,20.62103350359146,37.37896649640854,51-100
22514,2011-07,4.0,38.64556968125805,34.64556968125805,0-10
22514,2011-08,3.0,31.126485105741544,28.126485105741544,0-10
22514,2011-09,4.0,23.662915311205,19.662915311205,0-10
22514,2011-10,23.0,23.662915311205,0.6629153112050012,11-50
22514,2011-11,14.0,30.420243171463333,16.420243171463333,11-50
22515,2011-07,1.0,28.469497131392743,27.469497131392743,0-10
22515,2011-08,4.0,31.126485105741544,27.126485105741544,0-10
22515,2011-09,6.0,22.779802707009082,16.779802707009082,0-10
22515,2011-10,18.0,23.662915311205,5.662915311205001,11-50
22515,2011-11,5.0,18.51674364935011,13.516743649350111,0-10
22516,2011-07,6.0,27.13011178913449,21.13011178913449,0-10
22516,2011-08,0.0,24.715831801730513,24.715831801730513,0-10
22517,2011-07,7.0,26.901004436991478,19.901004436991478,0-10
22517,2011-08,4.0,23.662915311205,19.662915311205,0-10
22517,2011-09,3.0,24.672983338771953,21.672983338771953,0-10
22517,2011-10,13.0,23.662915311205,10.662915311205001,11-50
22517,2011-11,6.0,18.191460112871756,12.191460112871756,0-10
22522,2011-07,18.0,90.31330862206461,72.31330862206461,11-50
22522,2011-08,5.0,55.32342642146716,50.32342642146716,0-10
22522,2011-09,34.0,45.69693043771002,11.696930437710023,11-50
22522,2011-10,18.0,55.37227386402827,37.37227386402827,11-50
22522,2011-11,1.0,45.38121828185591,44.38121828185591,0-10
22523,2011-07,18.0,88.07723189129985,70.07723189129985,11-50
22523,2011-08,5.0,58.068638861557474,53.068638861557474,0-10
22523,2011-09,37.0,45.69693043771002,8.696930437710023,11-50
22523,2011-10,27.0,56.94554730694755,29.945547306947553,11-50
22523,2011-11,13.0,46.063285811588315,33.063285811588315,11-50
22526,2011-07,2.0,24.67098495779849,22.67098495779849,0-10
22526,2011-08,6.0,25.29113813463597,19.29113813463597,0-10
22526,2011-09,10.0,20.496453272860588,10.496453272860588,0-10
22526,2011-10,7.0,20.894622108085862,13.894622108085862,0-10
22526,2011-11,4.0,20.62103350359146,16.62103350359146,0-10
22529,2011-07,72.0,74.84781853465259,2.847818534652589,51-100
22529,2011-08,35.0,79.54689533374903,44.546895333749035,11-50
22529,2011-09,249.0,81.01659713886616,167.98340286113384,101-500
22529,2011-10,160.0,165.25533892982804,5.255338929828042,101-500
22529,2011-11,54.0,97.25990001852242,43.259900018522416,51-100
22530,2011-07,167.0,117.97883700166145,49.02116299833855,101-500
22530,2011-08,535.0,177.1148560297952,357.8851439702048,501-1000
22530,2011-09,475.0,407.70784524506706,67.29215475493294,101-500
22530,2011-10,744.0,395.6035847796454,348.3964152203546,501-1000
22530,2011-11,76.0,270.8470187617664,194.84701876176638,51-100
22531,2011-07,82.0,249.19385647604153,167.19385647604153,51-100
22531,2011-08,311.0,174.77709325481305,136.22290674518695,101-500
22531,2011-09,239.0,318.84207357420536,79.84207357420536,101-500
22531,2011-10,448.0,294.2182204333247,153.7817795666753,101-500
22531,2011-11,64.0,216.98570665318502,152.98570665318502,51-100
22532,2011-07,36.0,160.35766855344693,124.35766855344693,11-50
22532,2011-08,258.0,139.93351608019512,118.06648391980488,101-500
22532,2011-09,125.0,180.563015704516,55.563015704516005,101-500
22532,2011-10,69.0,160.43130291547948,91.43130291547948,51-100
22532,2011-11,34.0,70.06761372197697,36.06761372197697,11-50
22533,2011-07,5.0,163.22828497530372,158.22828497530372,0-10
22533,2011-08,230.0,243.60208696528036,13.602086965280364,101-500
22533,2011-09,64.0,189.05547002956098,125.05547002956098,51-100
22533,2011-10,72.0,146.43662586903696,74.43662586903696,51-100
22533,2011-11,6.0,145.79566985691994,139.79566985691994,0-10
22534,2011-07,170.0,266.72415217263926,96.72415217263926,101-500
22534,2011-08,625.0,279.8774551590879,345.1225448409121,501-1000
22534,2011-09,546.0,493.4612552161477,52.53874478385228,501-1000
22534,2011-10,507.0,521.4713270485855,14.471327048585522,501-1000
22534,2011-11,111.0,223.36673570586294,112.36673570586294,101-500
22535,2011-07,100.0,161.7990579747811,61.79905797478111,51-100
22535,2011-08,392.0,145.4671867249128,246.5328132750872,101-500
22535,2011-09,168.0,299.3058165435368,131.30581654353682,101-500
22535,2011-10,181.0,210.2043791920318,29.20437919203181,101-500
22535,2011-11,36.0,124.32248187288985,88.32248187288985,11-50
22536,2011-07,107.0,266.01882284404996,159.01882284404996,101-500
22536,2011-08,468.0,230.06748455979488,237.93251544020512,101-500
22536,2011-09,276.0,377.2775269716759,101.27752697167591,101-500
22536,2011-10,116.0,339.39699536339504,223.39699536339504,101-500
22536,2011-11,56.0,152.9809499376734,96.98094993767339,51-100
22537,2011-07,164.0,103.07839475068492,60.92160524931508,101-500
22537,2011-08,190.0,172.78512776250204,17.214872237497957,101-500
22537,2011-09,270.0,195.33211599099064,74.66788400900936,101-500
22537,2011-10,338.0,274.2435150629875,63.75648493701249,101-500
22537,2011-11,40.0,200.34398868152942,160.34398868152942,11-50
22538,2011-07,3.0,74.84781853465259,71.84781853465259,0-10
22538,2011-08,23.0,45.77131292099892,22.771312920998923,11-50
22538,2011-09,5.0,61.7334619622918,56.7334619622918,0-10
22538,2011-10,12.0,51.00520204544804,39.00520204544804,11-50
22538,2011-11,48.0,32.8995576282411,15.100442371758902,11-50
22539,2011-07,58.0,116.85618279550923,58.85618279550923,51-100
22539,2011-08,331.0,84.05917393659921,246.94082606340078,101-500
22539,2011-09,420.0,240.5761759639509,179.4238240360491,101-500
22539,2011-10,359.0,287.5378027493957,71.46219725060428,101-500
22539,2011-11,348.0,194.78019527000322,153.21980472999678,101-500
22540,2011-07,269.0,116.58713074679115,152.41286925320884,101-500
22540,2011-08,45.0,193.06216910794186,148.06216910794186,11-50
22540,2011-09,74.0,118.20511441134968,44.20511441134968,51-100
22540,2011-10,128.0,123.21232570867214,4.7876742913278605,101-500
22540,2011-11,251.0,92.74638308290102,158.25361691709898,101-500
22541,2011-07,5.0,50.26624931308992,45.26624931308992,0-10
22541,2011-08,12.0,47.011932292019516,35.011932292019516,11-50
22541,2011-09,49.0,46.5231337283841,2.476866271615897,11-50
22541,2011-10,31.0,73.59207620481402,42.59207620481402,11-50
22541,2011-11,7.0,66.78604582063561,59.78604582063561,0-10
22543,2011-07,25.0,101.97264096668736,76.97264096668736,11-50
22543,2011-08,52.0,122.09742072435394,70.09742072435394,51-100
22543,2011-09,267.0,76.6048742129894,190.3951257870106,101-500
22543,2011-10,10.0,166.54109604213357,156.54109604213357,0-10
22543,2011-11,126.0,83.28272585232229,42.71727414767771,101-500
22544,2011-07,371.0,129.8670064724687,241.1329935275313,101-500
22544,2011-08,370.0,238.0913364928182,131.9086635071818,101-500
22544,2011-09,406.0,293.63376753086345,112.36623246913655,101-500
22544,2011-10,484.0,296.15772031276555,187.84227968723445,101-500
22544,2011-11,597.0,263.89364365914463,333.10635634085537,501-1000
22545,2011-07,56.0,85.37730795973062,29.377307959730615,51-100
22545,2011-08,76.0,94.52499041004157,18.524990410041568,51-100
22545,2011-09,247.0,102.69005379344435,144.30994620655565,101-500
22545,2011-10,48.0,166.93926487735885,118.93926487735885,11-50
22545,2011-11,168.0,73.48290753634708,94.51709246365292,101-500
22546,2011-07,76.0,91.73862050833961,15.738620508339608,51-100
22546,2011-08,55.0,88.58063417759476,33.58063417759476,51-100
22546,2011-09,362.0,94.44422616045279,267.5557738395472,101-500
22546,2011-10,323.0,276.9233541980996,46.07664580190038,101-500
22546,2011-11,127.0,192.9756409779125,65.97564097791249,101-500
22547,2011-07,83.0,76.61045442993483,6.389545570065167,51-100
22547,2011-08,33.0,92.40912250564561,59.40912250564561,11-50
22547,2011-09,9.0,80.1303768003356,71.1303768003356,0-10
22547,2011-10,56.0,55.68098423877309,0.31901576122690756,51-100
22547,2011-11,181.0,49.310184076889804,131.6898159231102,101-500
22548,2011-07,72.0,186.95672456546177,114.95672456546177,51-100
22548,2011-08,605.0,136.06231837137096,468.93768162862904,501-1000
22548,2011-09,113.0,429.5957679548188,316.5957679548188,101-500
22548,2011-10,75.0,179.28205821590615,104.28205821590615,51-100
22549,2011-07,63.0,161.52413965165616,98.52413965165616,51-100
22549,2011-08,277.0,107.33010807911843,169.66989192088158,101-500
22549,2011-09,343.0,250.97950274660943,92.02049725339057,101-500
22549,2011-10,757.0,297.5229024666369,459.4770975333631,501-1000
22549,2011-11,201.0,305.9469527993484,104.94695279934842,101-500
22550,2011-07,15.0,112.89428684389524,97.89428684389524,11-50
22550,2011-08,139.0,59.880725300514996,79.119274699485,101-500
22550,2011-09,113.0,137.78189942899255,24.781899428992546,101-500
22550,2011-10,80.0,139.82024408801468,59.820244088014675,51-100
22550,2011-11,25.0,75.23663338307185,50.23663338307185,11-50
22551,2011-07,588.0,520.55162293405,67.44837706595001,501-1000
22551,2011-08,707.0,486.0008181568894,220.9991818431106,501-1000
22551,2011-09,668.0,698.2198734028458,30.219873402845792,501-1000
22551,2011-10,1249.0,710.0853708005548,538.9146291994452,1001-5000
22551,2011-11,247.0,544.3556592869004,297.3556592869004,101-500
22553,2011-07,338.0,231.44480267988857,106.55519732011143,101-500
22553,2011-08,545.0,297.58574410162777,247.41425589837223,501-1000
22553,2011-09,592.0,521.4951973169,70.50480268310002,501-1000
22553,2011-10,622.0,555.9402721506661,66.05972784933385,501-1000
22553,2011-11,166.0,284.44990404618784,118.44990404618784,101-500
22554,2011-07,362.0,574.4040436129768,212.4040436129768,101-500
22554,2011-08,884.0,456.9780300275507,427.0219699724493,501-1000
22554,2011-09,789.0,780.7578369434342,8.2421630565658,501-1000
22554,2011-10,1173.0,912.7382428086183,260.26175719138166,1001-5000
22554,2011-11,181.0,532.8187096192346,351.8187096192346,101-500
22555,2011-07,342.0,280.3804348394505,61.619565160549485,101-500
22555,2011-08,733.0,401.46528973890105,331.53471026109895,501-1000
22555,2011-09,540.0,636.2828696620211,96.28286966202108,501-1000
22555,2011-10,643.0,619.2140777812871,23.785922218712926,501-1000
22555,2011-11,172.0,304.16682877672304,132.16682877672304,101-500
22556,2011-07,413.0,391.3003077462909,21.699692253709088,101-500
22556,2011-08,621.0,403.2237619704799,217.77623802952007,501-1000
22556,2011-09,580.0,574.5991297280491,5.400870271950907,501-1000
22556,2011-10,735.0,639.730493688863,95.26950631113698,501-1000
22556,2011-11,228.0,320.33934995777065,92.33934995777065,101-500
22557,2011-07,412.0,270.587049722298,141.412950277702,101-500
22557,2011-08,450.0,294.634391174905,155.36560882509502,101-500
22557,2011-09,458.0,479.66330327813404,21.663303278134038,101-500
22557,2011-10,599.0,513.0786619737601,85.92133802623994,501-1000
22557,2011-11,166.0,236.3565313439406,70.35653134394059,101-500
22558,2011-07,397.0,736.183549176052,339.183549176052,101-500
22558,2011-08,1017.0,648.130433874342,368.869566125658,1001-5000
22558,2011-09,523.0,856.8610012528396,333.8610012528396,501-1000
22558,2011-10,634.0,811.907157905117,177.90715790511695,501-1000
22558,2011-11,290.0,416.81810927743896,126.81810927743896,101-500
22559,2011-07,20.0,65.24929349701411,45.24929349701411,11-50
22559,2011-08,13.0,64.49072109598154,51.49072109598154,11-50
22559,2011-09,6.0,32.71870211175029,26.71870211175029,0-10
22559,2011-10,28.0,31.126485105741544,3.126485105741544,11-50
22559,2011-11,3.0,30.420243171463333,27.420243171463333,0-10
22560,2011-07,590.0,448.60543098034174,141.39456901965826,501-1000
22560,2011-08,866.0,475.3103869083363,390.6896130916637,501-1000
22560,2011-09,745.0,610.6061082242675,134.39389177573253,501-1000
22560,2011-10,1307.0,818.952978904337,488.047021095663,1001-5000
22560,2011-11,954.0,545.200285810279,408.79971418972104,501-1000
22561,2011-07,1176.0,226.3156170645332,949.6843829354668,1001-5000
22561,2011-08,682.0,611.4622297460477,70.53777025395232,501-1000
22561,2011-09,582.0,683.4374082592487,101.43740825924874,501-1000
22561,2011-10,847.0,699.1950142654255,147.80498573457453,501-1000
22561,2011-11,302.0,480.95994964984845,178.95994964984845,101-500
22562,2011-07,94.0,84.82365826400368,9.176341735996317,51-100
22562,2011-08,252.0,112.28168586080304,139.71831413919696,101-500
22562,2011-09,144.0,215.15840288899426,71.15840288899426,101-500
22562,2011-10,223.0,163.12185499743077,59.87814500256923,101-500
22562,2011-11,93.0,90.37755315692594,2.6224468430740586,51-100
22563,2011-07,110.0,202.25755279763405,92.25755279763405,101-500
22563,2011-08,259.0,163.6184252090348,95.3815747909652,101-500
22563,2011-09,280.0,238.20370946887238,41.796290531127624,101-500
22563,2011-10,306.0,270.33797056847857,35.66202943152143,101-500
22563,2011-11,343.0,175.37169501346153,167.62830498653847,101-500
22564,2011-07,969.0,100.266486857307,868.733513142693,501-1000
22564,2011-08,119.0,463.80154122998033,344.80154122998033,101-500
22564,2011-09,93.0,192.30960057782625,99.30960057782625,51-100
22564,2011-10,556.0,220.87855505025286,335.1214449497471,501-1000
22564,2011-11,58.0,239.20555686100568,181.20555686100568,51-100
22565,2011-07,67.0,65.89920910701983,1.1007908929801715,51-100
22565,2011-08,45.0,101.5672403449469,56.567240344946896,11-50
22565,2011-09,88.0,76.76051030963977,11.23948969036023,51-100
22565,2011-10,179.0,111.3143901973535,67.6856098026465,101-500
22565,2011-11,23.0,107.13396157441917,84.13396157441917,11-50
22566,2011-07,38.0,64.45342645470419,26.453426454704186,11-50
22566,2011-08,42.0,67.36087429221072,25.360874292210724,11-50
22566,2011-09,82.0,73.77112199283728,8.22887800716272,51-100
22566,2011-10,243.0,110.83490576986956,132.16509423013042,101-500
22566,2011-11,46.0,107.05564582255857,61.055645822558574,11-50
22567,2011-07,203.0,88.8348457745119,114.1651542254881,101-500
22567,2011-08,119.0,187.30490878031722,68.30490878031722,101-500
22567,2011-09,209.0,157.79707300943628,51.202926990563725,101-500
22567,2011-10,120.0,198.27775138427714,78.27775138427714,101-500
22567,2011-11,34.0,112.79789481482213,78.79789481482213,11-50
22568,2011-07,403.0,182.13100332555385,220.86899667444615,101-500
22568,2011-08,231.0,286.6787613865091,55.67876138650911,101-500
22568,2011-09,859.0,252.08648211416866,606.9135178858313,501-1000
22568,2011-10,468.0,729.157375410376,261.15737541037595,101-500
22568,2011-11,24.0,245.71536109902715,221.71536109902715,11-50
22569,2011-07,366.0,164.5025378352745,201.4974621647255,101-500
22569,2011-08,280.0,274.23520227299736,5.7647977270026445,101-500
22569,2011-09,513.0,310.42329955963476,202.57670044036524,501-1000
22570,2011-07,387.0,161.74227132553256,225.25772867446744,101-500
22570,2011-08,261.0,276.4718948724547,15.471894872454698,101-500
22570,2011-09,659.0,287.68427580469194,371.31572419530806,501-1000
22570,2011-10,41.0,457.2239846793481,416.2239846793481,11-50
22571,2011-07,121.0,87.89133379869823,33.10866620130177,101-500
22571,2011-08,249.0,118.03440382289098,130.96559617710903,101-500
22571,2011-09,526.0,215.6378873164782,310.3621126835218,501-1000
22571,2011-10,757.0,544.61329761172,212.38670238828,501-1000
22571,2011-11,191.0,262.6487969701759,71.64879697017591,101-500
22572,2011-07,34.0,44.53833961685605,10.53833961685605,11-50
22572,2011-08,163.0,67.36087429221072,95.63912570778928,101-500
22572,2011-09,383.0,154.31450313097588,228.68549686902412,101-500
22572,2011-10,486.0,301.33223958355734,184.66776041644266,101-500
22573,2011-07,50.0,46.20573330585236,3.7942666941476375,11-50
22573,2011-08,789.0,65.86642104649356,723.1335789535065,501-1000
22573,2011-09,498.0,513.6305347497196,15.630534749719573,101-500
22573,2011-10,731.0,396.509216683391,334.490783316609,501-1000
22573,2011-11,298.0,256.18345544045104,41.81654455954896,101-500
22574,2011-07,44.0,45.31066538613808,1.3106653861380835,11-50
22574,2011-08,192.0,65.86642104649356,126.13357895350644,101-500
22574,2011-09,361.0,198.94465522827988,162.05534477172012,101-500
22574,2011-10,918.0,325.32923758062486,592.6707624193751,501-1000
22574,2011-11,341.0,349.6072508011764,8.607250801176406,101-500
22575,2011-08,112.0,47.84058084675586,64.15941915324413,101-500
22575,2011-09,217.0,117.86857643753802,99.13142356246198,101-500
22575,2011-10,146.0,177.37635456674187,31.376354566741867,101-500
22575,2011-11,1.0,97.18262985805418,96.18262985805418,0-10
22576,2011-07,49.0,58.31087535715609,9.310875357156092,11-50
22576,2011-08,110.0,74.99787441435754,35.00212558564246,101-500
22576,2011-09,300.0,126.70522597390894,173.29477402609106,101-500
22576,2011-10,542.0,288.674732625126,253.325267374874,501-1000
22576,2011-11,158.0,218.88386742058975,60.88386742058975,101-500
22577,2011-07,65.0,83.06437830750623,18.06437830750623,51-100
22577,2011-08,1300.0,80.59213984078441,1219.4078601592155,1001-5000
22577,2011-09,3028.0,1336.094844885874,1691.905155114126,1001-5000
22577,2011-10,5001.0,2817.9930372469157,2183.0069627530843,5000+
22577,2011-11,720.0,2351.2255373173252,1631.2255373173252,501-1000
22578,2011-08,1229.0,60.44035318638146,1168.5596468136187,1001-5000
22578,2011-09,2354.0,1231.4136252775402,1122.5863747224598,1001-5000
22578,2011-10,5365.0,1876.1077544640307,3488.8922455359693,5000+
22578,2011-11,1230.0,2471.780242197756,1241.7802421977558,1001-5000
22579,2011-08,720.0,60.44035318638146,659.5596468136185,501-1000
22579,2011-09,1707.0,528.2026408774009,1178.7973591225991,1001-5000
22579,2011-10,2503.0,1492.4266510170107,1010.5733489829893,1001-5000
22580,2011-07,37.0,47.92611348009141,10.92611348009141,11-50
22580,2011-08,208.0,71.93510031866747,136.06489968133252,101-500
22580,2011-09,350.0,189.40952710154303,160.59047289845697,101-500
22580,2011-10,559.0,366.91165426384384,192.08834573615616,501-1000
22580,2011-11,89.0,280.74644306619086,191.74644306619086,51-100
22581,2011-08,159.0,60.44035318638146,98.55964681361854,101-500
22581,2011-09,346.0,157.62161655798718,188.37838344201282,101-500
22581,2011-10,521.0,295.45450695846375,225.54549304153625,501-1000
22581,2011-11,370.0,210.376356390603,159.623643609397,101-500
22582,2011-07,56.0,152.61653316696837,96.61653316696837,51-100
22582,2011-08,229.0,83.9085071489015,145.0914928510985,101-500
22582,2011-09,91.0,151.50045634583162,60.50045634583162,51-100
22582,2011-10,37.0,124.97884504542992,87.97884504542992,11-50
22582,2011-11,9.0,53.97136866971859,44.97136866971859,0-10
22583,2011-07,38.0,81.93887105535609,43.93887105535609,11-50
22583,2011-08,30.0,59.134670178335725,29.134670178335725,11-50
22583,2011-09,32.0,58.84663631150514,26.846636311505137,11-50
22583,2011-10,29.0,70.55232597238523,41.55232597238523,11-50
22583,2011-11,4.0,36.517756785690494,32.517756785690494,0-10
22584,2011-07,34.0,157.2115757689575,123.21157576895749,11-50
22584,2011-08,298.0,93.23118249216841,204.76881750783159,101-500
22584,2011-09,246.0,225.8193075231214,20.18069247687859,101-500
22584,2011-10,270.0,238.8148761358381,31.18512386416191,101-500
22584,2011-11,47.0,126.24647623542097,79.24647623542097,11-50
22585,2011-07,119.0,252.2446822956606,133.2446822956606,101-500
22585,2011-08,457.0,213.43676760137805,243.56323239862195,101-500
22585,2011-09,1129.0,377.78206516649016,751.2179348335098,1001-5000
22585,2011-10,790.0,871.7271002220863,81.72710022208628,501-1000
22585,2011-11,105.0,433.24535733206716,328.24535733206716,101-500
22586,2011-07,47.0,83.12800699755961,36.12800699755961,11-50
22586,2011-08,52.0,75.63500868639407,23.635008686394073,51-100
22586,2011-09,125.0,75.3960432495828,49.6039567504172,101-500
22586,2011-10,101.0,135.84824219709424,34.84824219709424,101-500
22586,2011-11,48.0,77.8103127630916,29.810312763091602,11-50
22587,2011-07,27.0,47.10729597123951,20.10729597123951,11-50
22587,2011-08,114.0,55.182911411665295,58.817088588334705,101-500
22587,2011-09,95.0,123.20885834759558,28.20885834759558,51-100
22587,2011-10,248.0,119.85638272962,128.14361727038,101-500
22587,2011-11,68.0,104.58198960249318,36.58198960249318,51-100
22588,2011-07,69.0,34.26709123002088,34.73290876997912,51-100
22588,2011-08,119.0,86.7373746523195,32.2626253476805,101-500
22588,2011-09,122.0,120.10609657121962,1.8939034287803764,101-500
22588,2011-10,131.0,141.53925902902162,10.539259029021622,101-500
22588,2011-11,19.0,95.3171250604214,76.3171250604214,11-50
22589,2011-08,60.0,23.662915311205,36.337084688795,51-100
22589,2011-09,86.0,76.6708359504927,9.329164049507298,51-100
22589,2011-10,126.0,103.72623333902025,22.273766660979746,101-500
22589,2011-11,17.0,80.46744626624468,63.46744626624468,11-50
22591,2011-07,3.0,23.662915311205,20.662915311205,0-10
22591,2011-08,107.0,23.662915311205,83.337084688795,101-500
22591,2011-09,83.0,103.85838655971291,20.858386559712912,51-100
22591,2011-10,175.0,103.72623333902025,71.27376666097975,101-500
22591,2011-11,11.0,114.75901963156255,103.75901963156255,11-50
22592,2011-08,122.0,48.196500980760455,73.80349901923955,101-500
22592,2011-09,130.0,127.92670482892537,2.0732951710746335,101-500
22592,2011-10,271.0,152.0438904046928,118.9561095953072,101-500
22592,2011-11,68.0,143.09955687218545,75.09955687218545,51-100
22593,2011-07,12.0,72.90763437718002,60.90763437718002,11-50
22593,2011-08,319.0,60.44035318638146,258.55964681361854,101-500
22593,2011-09,528.0,290.16974422282203,237.83025577717797,501-1000
22593,2011-10,694.0,439.8200001150154,254.17999988498462,501-1000
22593,2011-11,163.0,282.67937771966047,119.67937771966047,101-500
22594,2011-07,156.0,73.59838479447032,82.40161520552968,101-500
22594,2011-08,286.0,123.51620387798376,162.48379612201626,101-500
22594,2011-09,301.0,246.15446057516948,54.84553942483052,101-500
22594,2011-10,773.0,305.9185477736538,467.0814522263462,501-1000
22594,2011-11,108.0,320.91129216074535,212.91129216074535,101-500
22595,2011-07,215.0,202.05479846357048,12.945201536429522,101-500
22595,2011-08,682.0,247.1427819703993,434.8572180296007,501-1000
22595,2011-09,2653.0,615.1959128927555,2037.8040871072444,1001-5000
22595,2011-10,953.0,2296.631531671112,1343.631531671112,501-1000
22595,2011-11,97.0,803.008848973649,706.008848973649,51-100
22596,2011-07,104.0,157.85945857230453,53.85945857230453,101-500
22596,2011-08,635.0,126.90391207617768,508.0960879238223,501-1000
22596,2011-09,837.0,480.5835538152195,356.4164461847805,501-1000
22596,2011-10,890.0,724.179304408705,165.82069559129502,501-1000
22596,2011-11,807.0,350.02844916745846,456.97155083254154,501-1000
22597,2011-07,3.0,83.550727412331,80.550727412331,0-10
22597,2011-08,318.0,60.44035318638146,257.55964681361854,101-500
22597,2011-09,653.0,262.7202532504137,390.2797467495863,501-1000
22597,2011-10,1275.0,472.88084826911177,802.1191517308882,1001-5000
22597,2011-11,290.0,562.068527058544,272.06852705854396,101-500
22598,2011-07,0.0,25.404259806249208,25.404259806249208,0-10
22598,2011-10,392.0,301.0837183083438,90.9162816916562,101-500
22598,2011-11,98.0,216.04864926023956,118.04864926023956,51-100
22599,2011-07,0.0,25.404259806249208,25.404259806249208,0-10
22599,2011-10,836.0,443.47903673824794,392.52096326175206,501-1000
22599,2011-11,237.0,375.4985459055985,138.49854590559852,101-500
22600,2011-07,53.0,60.28922718606683,7.289227186066832,51-100
22600,2011-08,241.0,75.3960432495828,165.60395675041718,101-500
22600,2011-09,443.0,193.8507023472049,249.1492976527951,101-500
22600,2011-10,455.0,332.4989978735942,122.50100212640581,101-500
22600,2011-11,148.0,192.939956407544,44.939956407544,101-500
22601,2011-07,196.0,55.944303220825056,140.05569677917495,101-500
22601,2011-08,890.0,136.4348596395651,753.565140360435,501-1000
22601,2011-09,518.0,498.81608451555024,19.183915484449756,501-1000
22601,2011-10,455.0,467.0336867334266,12.033686733426578,101-500
22601,2011-11,130.0,187.5553684689838,57.5553684689838,101-500
22602,2011-07,127.0,168.69445790722963,41.69445790722963,101-500
22602,2011-08,286.0,161.28798514775468,124.71201485224532,101-500
22602,2011-09,427.0,257.0425233039198,169.95747669608022,101-500
22602,2011-10,399.0,308.4747111306645,90.5252888693355,101-500
22602,2011-11,132.0,191.71207151072198,59.712071510721984,101-500
22603,2011-07,175.0,42.96506617393677,132.03493382606322,101-500
22603,2011-08,177.0,136.03669080433983,40.96330919566017,101-500
22603,2011-09,358.0,181.0414584139113,176.9585415860887,101-500
22603,2011-10,426.0,304.29999329927097,121.70000670072903,101-500
22603,2011-11,95.0,187.95352134620572,92.95352134620572,51-100
22604,2011-07,28.0,59.482556465289726,31.482556465289726,11-50
22604,2011-08,14.0,59.12651850636171,45.12651850636171,11-50
22604,2011-09,77.0,40.65366391878617,36.34633608121383,51-100
22604,2011-10,91.0,91.22846046082223,0.2284604608222338,51-100
22604,2011-11,33.0,62.66849737417038,29.66849737417038,11-50
22605,2011-07,79.0,122.91884510191373,43.91884510191373,51-100
22605,2011-08,24.0,106.52062865054077,82.52062865054077,11-50
22605,2011-09,31.0,88.38760045548628,57.38760045548628,11-50
22605,2011-10,54.0,67.09997645853603,13.099976458536034,51-100
22605,2011-11,23.0,46.43520311712794,23.43520311712794,11-50
22606,2011-07,34.0,65.51319237902725,31.513192379027245,11-50
22606,2011-08,8.0,71.93510031866747,63.935100318667466,0-10
22606,2011-09,10.0,40.51995530595943,30.519955305959428,0-10
22606,2011-10,1.0,24.361818586015353,23.361818586015353,0-10
22606,2011-11,4.0,20.834917324350073,16.834917324350073,0-10
22607,2011-07,84.0,152.7669456625117,68.76694566251169,51-100
22607,2011-08,32.0,130.54579616906753,98.54579616906753,11-50
22607,2011-09,13.0,90.28635802887543,77.28635802887543,11-50
22607,2011-10,67.0,36.75737899773358,30.242621002266418,51-100
22607,2011-11,42.0,55.40170832594861,13.401708325948611,11-50
22608,2011-07,447.0,574.7834990666457,127.78349906664573,101-500
22608,2011-08,456.0,546.9206987778373,90.92069877783729,101-500
22608,2011-09,486.0,604.6424405171833,118.64244051718333,101-500
22608,2011-10,681.0,544.1912061765403,136.80879382345972,501-1000
22608,2011-11,141.0,354.1033285795774,213.1033285795774,101-500
22609,2011-07,360.0,530.0274466672818,170.02744666728177,101-500
22609,2011-08,549.0,435.9819949938648,113.01800500613518,501-1000
22609,2011-09,480.0,654.1431206612824,174.1431206612824,101-500
22609,2011-10,1228.0,538.966265914451,689.033734085549,1001-5000
22609,2011-11,117.0,492.48812010713243,375.48812010713243,101-500
22610,2011-07,541.0,968.3435531050229,427.3435531050229,501-1000
22610,2011-08,973.0,663.5165957796542,309.48340422034585,501-1000
22610,2011-09,1404.0,827.4961178784487,576.5038821215513,1001-5000
22610,2011-10,1658.0,1320.2758980077513,337.72410199224873,1001-5000
22610,2011-11,252.0,591.5072493723944,339.5072493723944,101-500
22611,2011-08,0.0,28.036350574726292,28.036350574726292,0-10
22613,2011-07,48.0,99.4363080315747,51.4363080315747,11-50
22613,2011-08,122.0,80.9800961154072,41.01990388459279,101-500
22613,2011-09,79.0,141.27932859578289,62.279328595782886,51-100
22613,2011-10,54.0,113.02358493570213,59.02358493570213,51-100
22613,2011-11,42.0,59.45772424673421,17.45772424673421,11-50
22614,2011-07,192.0,206.87824586044724,14.878245860447237,101-500
22614,2011-08,615.0,226.38328808213265,388.61671191786735,501-1000
22614,2011-09,277.0,478.1522847337035,201.15228473370348,101-500
22614,2011-10,298.0,282.552972347839,15.447027652161012,101-500
22614,2011-11,78.0,150.29017381639085,72.29017381639085,51-100
22615,2011-07,146.0,160.3204625174301,14.320462517430087,101-500
22615,2011-08,248.0,178.54274135772454,69.45725864227546,101-500
22615,2011-09,259.0,217.9513969974834,41.048603002516586,101-500
22615,2011-10,80.0,210.81340612833606,130.81340612833606,51-100
22615,2011-11,33.0,89.09774522696097,56.09774522696097,11-50
22616,2011-07,2444.0,1670.1362005429066,773.8637994570934,1001-5000
22616,2011-08,1600.0,1892.0489629776923,292.0489629776923,1001-5000
22616,2011-09,1553.0,1883.1372174175588,330.13721741755876,1001-5000
22616,2011-10,2979.0,1976.529002928283,1002.470997071717,1001-5000
22616,2011-11,623.0,1344.3066851245908,721.3066851245908,501-1000
22617,2011-07,127.0,110.85475715802787,16.145242841972134,101-500
22617,2011-08,135.0,152.47995875068065,17.47995875068065,101-500
22617,2011-09,197.0,193.0314695312629,3.9685304687371,101-500
22617,2011-10,679.0,254.14427127229473,424.85572872770524,501-1000
22617,2011-11,107.0,362.95577820891,255.95577820890998,101-500
22619,2011-07,246.0,138.1933559450606,107.8066440549394,101-500
22619,2011-08,205.0,178.13225147007918,26.867748529920817,101-500
22619,2011-09,267.0,216.5004962685501,50.49950373144989,101-500
22619,2011-10,419.0,299.33785500183643,119.66214499816357,101-500
22619,2011-11,197.0,211.77700314655598,14.777003146555984,101-500
22620,2011-07,223.0,398.59125902100544,175.59125902100544,101-500
22620,2011-08,254.0,309.9033703488997,55.90337034889973,101-500
22620,2011-09,477.0,343.8659556437276,133.1340443562724,101-500
22620,2011-10,674.0,515.3004874242009,158.69951257579908,501-1000
22620,2011-11,181.0,263.4175822296545,82.4175822296545,101-500
22621,2011-07,534.0,314.86571868886415,219.13428131113585,501-1000
22621,2011-08,520.0,405.21136507197417,114.78863492802583,501-1000
22621,2011-09,778.0,556.1094422452431,221.89055775475686,501-1000
22621,2011-10,1425.0,906.725037249057,518.274962750943,1001-5000
22621,2011-11,324.0,586.0824078930939,262.0824078930939,101-500
22622,2011-07,50.0,85.2947027074488,35.294702707448806,11-50
22622,2011-08,154.0,81.8257846330605,72.1742153669395,101-500
22622,2011-09,110.0,157.3496051265187,47.349605126518696,101-500
22622,2011-10,194.0,128.10406609088938,65.89593390911062,101-500
22622,2011-11,40.0,118.3099678720411,78.3099678720411,11-50
22623,2011-07,118.0,56.99830148184939,61.00169851815061,101-500
22623,2011-08,132.0,116.77288871124058,15.227111288759417,101-500
22623,2011-09,154.0,148.71068254471382,5.289317455286181,101-500
22623,2011-10,126.0,199.85265705545888,73.85265705545888,101-500
22623,2011-11,18.0,91.16987852052165,73.16987852052165,11-50
22624,2011-07,198.0,160.07743533195404,37.922564668045965,101-500
22624,2011-08,231.0,239.25062964359617,8.25062964359617,101-500
22624,2011-09,206.0,313.7156043374488,107.71560433744878,101-500
22624,2011-10,154.0,366.53966300374395,212.53966300374395,101-500
22624,2011-11,69.0,112.70000145370007,43.70000145370007,51-100
22625,2011-07,144.0,123.16355454742425,20.836445452575745,101-500
22625,2011-08,201.0,204.2807929893149,3.2807929893149037,101-500
22625,2011-09,139.0,234.26393376336003,95.26393376336003,101-500
22625,2011-10,147.0,219.70790405904793,72.70790405904793,101-500
22625,2011-11,52.0,102.79131644016704,50.79131644016704,51-100
22626,2011-07,51.0,43.2806205652566,7.719379434743402,51-100
22626,2011-08,23.0,69.4322882868909,46.432288286890895,11-50
22626,2011-09,59.0,73.56002157541299,14.56002157541299,51-100
22626,2011-10,26.0,72.33426561709787,46.33426561709787,11-50
22626,2011-11,24.0,42.9446917034242,18.944691703424198,11-50
22627,2011-07,88.0,83.98521705801797,4.014782941982034,51-100
22627,2011-08,131.0,122.13868943294926,8.861310567050737,101-500
22627,2011-09,92.0,155.1206184827519,63.120618482751894,51-100
22627,2011-10,104.0,154.29861413643485,50.29861413643485,101-500
22627,2011-11,35.0,87.70277450588891,52.70277450588891,11-50
22628,2011-07,60.0,106.18012902780457,46.18012902780457,51-100
22628,2011-08,64.0,88.2539442154264,24.2539442154264,51-100
22628,2011-09,24.0,87.7828747869805,63.7828747869805,11-50
22628,2011-10,51.0,74.92448863546996,23.924488635469956,51-100
22628,2011-11,24.0,39.64826302252984,15.64826302252984,11-50
22629,2011-07,1831.0,871.7543256039681,959.2456743960319,1001-5000
22629,2011-08,971.0,1350.751092823522,379.75109282352196,501-1000
22629,2011-09,989.0,1232.7121712314022,243.71217123140218,501-1000
22629,2011-10,1460.0,1094.4001241688882,365.59987583111183,1001-5000
22629,2011-11,427.0,877.422081876596,450.42208187659605,101-500
22630,2011-07,1616.0,793.4929234591717,822.5070765408283,1001-5000
22630,2011-08,982.0,1232.411225342588,250.41122534258807,501-1000
22630,2011-09,921.0,1138.7268045174776,217.7268045174776,501-1000
22630,2011-10,884.0,1030.8512631164963,146.85126311649628,501-1000
22630,2011-11,185.0,703.4958417391497,518.4958417391497,101-500
22631,2011-07,359.0,263.9909109446182,95.00908905538182,101-500
22631,2011-08,316.0,319.27986297717297,3.279862977172968,101-500
22631,2011-09,431.0,342.53175528338915,88.46824471661085,101-500
22631,2011-10,410.0,326.71905338524414,83.28094661475586,101-500
22631,2011-11,72.0,245.0855600515844,173.0855600515844,51-100
22632,2011-09,733.0,842.7964446205526,109.79644462055262,501-1000
22632,2011-10,1352.0,802.2611973370491,549.7388026629509,1001-5000
22632,2011-11,260.0,749.8380173520272,489.83801735202724,101-500
22633,2011-07,169.0,23.662915311205,145.337084688795,101-500
22633,2011-08,685.0,116.10547188672176,568.8945281132783,501-1000
22633,2011-09,1446.0,577.807880024712,868.192119975288,1001-5000
22633,2011-10,1129.0,1323.822503606301,194.8225036063011,1001-5000
22633,2011-11,444.0,615.4573829628525,171.45738296285253,101-500
22634,2011-07,100.0,65.51319237902725,34.486807620972755,51-100
22634,2011-08,51.0,106.1646599253006,55.1646599253006,51-100
22634,2011-09,49.0,79.57210044081431,30.57210044081431,11-50
22634,2011-10,107.0,99.08107179526505,7.918928204734954,101-500
22634,2011-11,30.0,78.79454529677281,48.79454529677281,11-50
22635,2011-07,146.0,59.50111351362596,86.49888648637403,101-500
22635,2011-08,48.0,132.21805416658,84.21805416658,11-50
22635,2011-09,32.0,80.93656750087128,48.93656750087128,11-50
22635,2011-10,86.0,82.26550553109041,3.7344944689095882,51-100
22635,2011-11,19.0,59.463272554315196,40.463272554315196,11-50
22636,2011-07,38.0,50.11317290088733,12.113172900887328,11-50
22636,2011-08,21.0,63.4202094214896,42.4202094214896,11-50
22636,2011-09,47.0,69.6359677583065,22.635967758306506,11-50
22636,2011-10,89.0,69.4322882868909,19.567711713109105,51-100
22636,2011-11,17.0,70.41369446289569,53.41369446289569,11-50
22637,2011-07,200.0,155.82529863821526,44.17470136178474,101-500
22637,2011-08,994.0,208.10371403328375,785.8962859667163,501-1000
22637,2011-09,294.0,527.3847371061719,233.38473710617188,101-500
22637,2011-10,124.0,307.37440916102656,183.37440916102656,101-500
22638,2011-10,20.0,43.56940226901292,23.56940226901292,11-50
22638,2011-11,54.0,36.40366154877783,17.596338451222167,51-100
22639,2011-07,61.0,56.62476628901717,4.375233710982833,51-100
22639,2011-08,43.0,62.89140457696729,19.89140457696729,11-50
22639,2011-09,117.0,63.78228198368006,53.21771801631994,101-500
22639,2011-10,85.0,132.42630140651238,47.42630140651238,51-100
22639,2011-11,79.0,62.66849737417038,16.33150262582962,51-100
22640,2011-07,1.0,23.662915311205,22.662915311205,0-10
22640,2011-08,7.0,22.779802707009082,15.779802707009082,0-10
22640,2011-09,17.0,23.662915311205,6.662915311205001,11-50
22640,2011-10,17.0,31.50061404352229,14.50061404352229,11-50
22640,2011-11,44.0,29.171340672841158,14.828659327158842,11-50
22641,2011-07,1.0,30.490546015955314,29.490546015955314,0-10
22641,2011-08,2.0,30.07356861521602,28.07356861521602,0-10
22641,2011-09,27.0,23.662915311205,3.3370846887949988,11-50
22641,2011-10,11.0,43.96731898098783,32.96731898098783,11-50
22641,2011-11,3.0,25.65304033507125,22.65304033507125,0-10
22642,2011-10,37.0,67.87049769213388,30.87049769213388,11-50
22642,2011-11,59.0,46.332926821656756,12.667073178343244,51-100
22643,2011-09,10.0,30.07356861521602,20.07356861521602,0-10
22643,2011-10,32.0,23.662915311205,8.337084688794999,11-50
22643,2011-11,48.0,41.07484019495439,6.92515980504561,11-50
22644,2011-07,47.0,145.69006861217986,98.69006861217986,11-50
22644,2011-08,191.0,95.98784427598774,95.01215572401226,101-500
22644,2011-09,31.0,206.5521046162285,175.5521046162285,11-50
22644,2011-10,214.0,95.02697377022253,118.97302622977747,101-500
22644,2011-11,583.0,115.60232017184971,467.3976798281503,501-1000
22645,2011-07,77.0,108.48836331826269,31.488363318262685,51-100
22645,2011-08,188.0,111.34286137920368,76.65713862079632,101-500
22645,2011-09,135.0,193.22221938900597,58.22221938900597,101-500
22645,2011-10,257.0,162.0105090427244,94.98949095727559,101-500
22645,2011-11,302.0,113.88588499705016,188.11411500294986,101-500
22646,2011-07,179.0,223.73665606960213,44.736656069602134,101-500
22646,2011-08,308.0,214.09735494272726,93.90264505727274,101-500
22646,2011-09,340.0,302.0542879371452,37.945712062854795,101-500
22646,2011-10,581.0,310.5169161731304,270.4830838268696,501-1000
22646,2011-11,755.0,231.3606403413909,523.6393596586091,501-1000
22647,2011-09,4.0,30.490546015955314,26.490546015955314,0-10
22647,2011-10,15.0,31.250795183370133,16.250795183370133,11-50
22647,2011-11,127.0,23.180962216271443,103.81903778372856,101-500
22649,2011-07,46.0,75.77234236520349,29.772342365203485,11-50
22649,2011-08,28.0,80.93656750087128,52.93656750087128,11-50
22649,2011-09,53.0,55.0657581938004,2.0657581938003986,51-100
22649,2011-10,55.0,70.85837113169114,15.858371131691143,51-100
22649,2011-11,19.0,46.99752527159605,27.997525271596047,11-50
22650,2011-07,41.0,72.91382921279329,31.91382921279329,11-50
22650,2011-08,63.0,70.24421310914205,7.244213109142052,51-100
22650,2011-09,90.0,87.23747719796783,2.7625228020321657,51-100
22650,2011-10,153.0,103.72623333902025,49.273766660979746,101-500
22650,2011-11,29.0,95.30359142542541,66.30359142542541,11-50
22651,2011-07,76.0,170.2018197769739,94.2018197769739,51-100
22651,2011-08,103.0,120.85822227875019,17.85822227875019,101-500
22651,2011-09,287.0,145.46619759982013,141.53380240017987,101-500
22651,2011-10,136.0,217.86594460222648,81.86594460222648,101-500
22651,2011-11,49.0,107.67229349783196,58.67229349783196,11-50
22652,2011-07,311.0,390.89556975766266,79.89556975766266,101-500
22652,2011-08,421.0,434.50115234382844,13.501152343828437,101-500
22652,2011-09,798.0,415.17105509851643,382.82894490148357,501-1000
22652,2011-10,40.0,623.6431342977759,583.6431342977759,11-50
22653,2011-07,42.0,125.94921987739389,83.94921987739389,11-50
22653,2011-08,245.0,90.8003428844626,154.1996571155374,101-500
22653,2011-09,202.0,250.45792020156446,48.45792020156446,101-500
22653,2011-10,325.0,205.18629407503383,119.81370592496617,101-500
22653,2011-11,162.0,189.82029439047218,27.820294390472185,101-500
22654,2011-07,51.0,57.74596165948805,6.745961659488053,51-100
22654,2011-08,91.0,72.44508629506628,18.554913704933725,51-100
22654,2011-09,93.0,114.33815157107944,21.338151571079436,51-100
22654,2011-10,177.0,116.57484417053675,60.42515582946325,101-500
22654,2011-11,32.0,112.04553655840401,80.04553655840401,11-50
22655,2011-07,0.0,18.880484830624948,18.880484830624948,0-10
22655,2011-10,1.0,18.880484830624948,17.880484830624948,0-10
22659,2011-07,633.0,972.4814843755282,339.4814843755282,501-1000
22659,2011-08,1055.0,903.1411506115093,151.85884938849074,1001-5000
22659,2011-09,678.0,1048.982747414849,370.982747414849,501-1000
22659,2011-10,965.0,922.8662013867998,42.133798613200156,501-1000
22659,2011-11,101.0,455.93994582101107,354.93994582101107,101-500
22660,2011-07,17.0,26.784918459703118,9.784918459703118,11-50
22660,2011-08,125.0,27.324083977610904,97.67591602238909,101-500
22660,2011-09,16.0,99.37658457298511,83.37658457298511,11-50
22660,2011-10,66.0,45.76294478443311,20.23705521556689,51-100
22660,2011-11,12.0,42.65672022620672,30.656720226206723,11-50
22661,2011-07,707.0,418.37207924713147,288.62792075286853,501-1000
22661,2011-08,332.0,522.767623106853,190.76762310685297,101-500
22661,2011-09,493.0,485.2460382213754,7.753961778624614,101-500
22661,2011-10,424.0,513.0863180454935,89.0863180454935,101-500
22661,2011-11,96.0,300.7516125937911,204.7516125937911,51-100
22662,2011-07,961.0,627.2281754078541,333.7718245921459,501-1000
22662,2011-08,654.0,811.9114124353167,157.91141243531672,501-1000
22662,2011-09,316.0,842.5812649041467,526.5812649041467,101-500
22662,2011-10,551.0,632.9715152969699,81.97151529696987,501-1000
22662,2011-11,69.0,415.2337931437653,346.2337931437653,51-100
22663,2011-07,511.0,327.8185560677877,183.1814439322123,501-1000
22663,2011-08,414.0,423.0191375019998,9.019137501999808,101-500
22663,2011-09,147.0,431.1542689539575,284.1542689539575,101-500
22663,2011-10,290.0,269.7789512902911,20.221048709708896,101-500
22663,2011-11,70.0,173.83935629502145,103.83935629502145,51-100
22664,2011-07,32.0,62.83432137360497,30.834321373604972,11-50
22664,2011-08,37.0,75.2683081786465,38.26830817864651,11-50
22664,2011-09,37.0,69.18785891232828,32.18785891232828,11-50
22664,2011-10,65.0,75.2683081786465,10.268308178646507,51-100
22664,2011-11,123.0,55.327112928785645,67.67288707121435,101-500
22665,2011-07,56.0,106.88664200183878,50.88664200183878,51-100
22665,2011-08,153.0,107.64744630670779,45.35255369329221,101-500
22665,2011-09,107.0,163.33073467395943,56.33073467395943,101-500
22665,2011-10,57.0,139.10505294901432,82.10505294901432,51-100
22666,2011-07,452.0,678.5105118970815,226.51051189708153,101-500
22666,2011-08,1397.0,620.516845639327,776.483154360673,1001-5000
22666,2011-09,418.0,1033.2158460989845,615.2158460989845,101-500
22666,2011-10,1219.0,861.3569141367185,357.6430858632815,1001-5000
22666,2011-11,483.0,529.7643465239669,46.76434652396688,101-500
22667,2011-07,176.0,323.6057225358021,147.6057225358021,101-500
22667,2011-08,318.0,243.39667039395906,74.60332960604094,101-500
22667,2011-09,243.0,355.27718120696517,112.27718120696517,101-500
22667,2011-10,328.0,252.27853692766516,75.72146307233484,101-500
22667,2011-11,168.0,210.9680707986561,42.9680707986561,101-500
22668,2011-07,101.0,205.4463701824881,104.4463701824881,101-500
22668,2011-08,283.0,166.90119848684648,116.09880151315352,101-500
22668,2011-09,141.0,256.48847610319774,115.48847610319774,101-500
22668,2011-10,76.0,191.88406761375424,115.88406761375424,51-100
22668,2011-11,13.0,75.12794234119735,62.127942341197354,11-50
22669,2011-07,50.0,82.42468865995191,32.42468865995191,11-50
22669,2011-08,130.0,84.74925978833426,45.25074021166574,101-500
22669,2011-09,117.0,152.0438904046928,35.0438904046928,101-500
22669,2011-10,86.0,123.63842539651914,37.63842539651914,51-100
22669,2011-11,37.0,75.23663338307185,38.23663338307185,11-50
22670,2011-07,223.0,145.0484585271393,77.9515414728607,101-500
22670,2011-08,167.0,201.60957065560237,34.60957065560237,101-500
22670,2011-09,127.0,198.92515696642727,71.92515696642727,101-500
22670,2011-10,154.0,176.1227346616487,22.122734661648707,101-500
22670,2011-11,118.0,102.93419848249822,15.065801517501782,101-500
22671,2011-07,100.0,181.20127388106988,81.20127388106988,51-100
22671,2011-08,43.0,126.76074195476826,83.76074195476826,11-50
22671,2011-09,47.0,104.13022811168517,57.13022811168517,11-50
22671,2011-10,39.0,91.95129218455122,52.95129218455122,11-50
22671,2011-11,13.0,55.385618499804224,42.385618499804224,11-50
22672,2011-07,145.0,182.954595085337,37.95459508533699,101-500
22672,2011-08,33.0,170.32023369910237,137.32023369910237,11-50
22672,2011-09,97.0,101.86509028114847,4.865090281148468,51-100
22672,2011-10,80.0,115.37680608488506,35.37680608488506,51-100
22672,2011-11,47.0,75.5065205648968,28.506520564896803,11-50
22673,2011-07,81.0,85.51882738125964,4.518827381259641,51-100
22673,2011-08,74.0,112.93931145409903,38.93931145409903,51-100
22673,2011-09,30.0,109.99744511255514,79.99744511255514,11-50
22673,2011-10,33.0,77.86541137616767,44.86541137616767,11-50
22673,2011-11,23.0,44.34487452729556,21.34487452729556,11-50
22674,2011-07,148.0,149.77696689143875,1.7769668914387466,101-500
22674,2011-08,23.0,193.69877062614393,170.69877062614393,11-50
22674,2011-09,68.0,97.25415806178091,29.254158061780913,51-100
22674,2011-10,66.0,99.43441297488799,33.43441297488799,51-100
22674,2011-11,19.0,61.91703580542594,42.91703580542594,11-50
22675,2011-07,122.0,166.4385005349959,44.43850053499591,101-500
22675,2011-08,27.0,151.9656795373213,124.96567953732131,11-50
22675,2011-09,58.0,95.3931679737626,37.3931679737626,51-100
22675,2011-10,43.0,93.57633651661375,50.57633651661375,11-50
22675,2011-11,62.0,55.69151103311144,6.308488966888561,51-100
22676,2011-07,155.0,82.90538180029084,72.09461819970916,101-500
22676,2011-08,79.0,147.2192906896428,68.2192906896428,51-100
22676,2011-09,129.0,113.02358493570213,15.976415064297868,101-500
22676,2011-10,141.0,151.68085970992885,10.680859709928853,101-500
22676,2011-11,43.0,91.31361564458936,48.31361564458936,11-50
22677,2011-07,144.0,71.83578855580878,72.16421144419122,101-500
22677,2011-08,80.0,140.14455827092544,60.144558270925444,51-100
22677,2011-09,122.0,104.88513015779813,17.11486984220187,101-500
22677,2011-10,82.0,132.26876106720667,50.26876106720667,51-100
22677,2011-11,31.0,69.7654280844434,38.7654280844434,11-50
22678,2011-07,124.0,72.26149298466639,51.73850701533361,101-500
22678,2011-08,58.0,123.32066196362078,65.32066196362078,51-100
22678,2011-09,106.0,95.90534637865213,10.094653621347874,101-500
22678,2011-10,57.0,122.6462604165374,65.6462604165374,51-100
22678,2011-11,35.0,55.00752602723994,20.00752602723994,11-50
22679,2011-07,114.0,49.603216742038114,64.39678325796189,101-500
22679,2011-08,31.0,114.95474908748469,83.95474908748469,11-50
22679,2011-09,93.0,87.9912491825735,5.0087508174265025,51-100
22679,2011-10,61.0,101.17497537366371,40.17497537366371,51-100
22679,2011-11,20.0,53.99468191103994,33.99468191103994,11-50
22680,2011-07,98.0,57.00838941861773,40.99161058138227,51-100
22680,2011-08,35.0,114.70503524588503,79.70503524588503,11-50
22680,2011-09,99.0,87.9912491825735,11.008750817426503,51-100
22680,2011-10,101.0,109.97735221276358,8.977352212763577,101-500
22680,2011-11,24.0,66.91668199069983,42.91668199069983,11-50
22681,2011-07,95.0,59.134670178335725,35.865329821664275,51-100
22681,2011-08,31.0,105.49195713080626,74.49195713080626,11-50
22681,2011-09,58.0,87.9912491825735,29.991249182573497,51-100
22681,2011-10,95.0,60.886796816606434,34.113203183393566,51-100
22681,2011-11,13.0,69.38180275074971,56.38180275074971,11-50
22682,2011-07,84.0,70.27858839898975,13.721411601010246,51-100
22682,2011-08,25.0,96.02086281595648,71.02086281595648,11-50
22682,2011-09,70.0,68.8682228654602,1.1317771345398029,51-100
22682,2011-10,68.0,69.77606496441807,1.7760649644180688,51-100
22682,2011-11,32.0,62.006982518976166,30.006982518976166,11-50
22683,2011-07,87.0,69.27210466786396,17.727895332136043,51-100
22683,2011-08,31.0,96.02086281595648,65.02086281595648,11-50
22683,2011-09,77.0,76.89322943539203,0.10677056460797019,51-100
22683,2011-10,47.0,92.91177962978827,45.91177962978827,11-50
22683,2011-11,10.0,51.74104063650568,41.74104063650568,0-10
22684,2011-07,83.0,44.06120026299905,38.93879973700095,51-100
22684,2011-08,25.0,96.02086281595648,71.02086281595648,11-50
22684,2011-09,37.0,67.10558697017801,30.10558697017801,11-50
22684,2011-10,44.0,60.27786970982343,16.277869709823428,11-50
22684,2011-11,11.0,52.634205874244735,41.634205874244735,11-50
22685,2011-07,79.0,57.37203428305349,21.627965716946512,51-100
22685,2011-08,27.0,101.16588888989916,74.16588888989916,11-50
22685,2011-09,26.0,59.307521978978684,33.307521978978684,11-50
22685,2011-10,54.0,62.15807828860166,8.158078288601658,51-100
22685,2011-11,11.0,49.938714058406084,38.938714058406084,11-50
22686,2011-07,195.0,48.71823410946507,146.28176589053493,101-500
22686,2011-08,33.0,167.3123571743508,134.3123571743508,11-50
22686,2011-09,208.0,89.76807624612387,118.23192375387613,101-500
22686,2011-10,52.0,166.63514458641575,114.63514458641575,51-100
22686,2011-11,123.0,66.61665509840466,56.383344901595336,101-500
22687,2011-09,1.0,348.04360599021965,347.04360599021965,0-10
22687,2011-10,22.0,67.57638015066907,45.57638015066907,11-50
22687,2011-11,8.0,978.3556990584264,970.3556990584264,0-10
22688,2011-09,4.0,404.51195002919394,400.51195002919394,0-10
22688,2011-10,12.0,56.753552122572565,44.753552122572565,11-50
22688,2011-11,2.0,303.30197492495887,301.30197492495887,0-10
22689,2011-07,60.0,26.14897936991689,33.85102063008311,51-100
22689,2011-08,308.0,75.99063204631422,232.0093679536858,101-500
22689,2011-09,177.0,281.7461354931461,104.74613549314608,101-500
22689,2011-10,72.0,258.78729252393674,186.78729252393674,51-100
22690,2011-07,63.0,126.07880904821971,63.07880904821971,51-100
22690,2011-08,270.0,211.88686362777167,58.113136372228325,101-500
22690,2011-09,76.0,240.11441952284085,164.11441952284085,51-100
22690,2011-10,74.0,145.7780205979246,71.77802059792461,51-100
22690,2011-11,28.0,69.88391553414847,41.88391553414847,11-50
22691,2011-07,25.0,47.367960460797015,22.367960460797015,11-50
22691,2011-08,138.0,63.4202094214896,74.5797905785104,101-500
22691,2011-09,14.0,120.92662901120855,106.92662901120855,11-50
22691,2011-10,35.0,44.905541822002114,9.905541822002114,11-50
22691,2011-11,11.0,34.843482645770244,23.843482645770244,11-50
22692,2011-07,119.0,126.23736757985544,7.237367579855444,101-500
22692,2011-08,387.0,164.8459123763699,222.1540876236301,101-500
22692,2011-09,96.0,294.923021188467,198.92302118846698,51-100
22692,2011-10,76.0,149.97580533142778,73.97580533142778,51-100
22692,2011-11,21.0,73.47675794528945,52.47675794528945,11-50
22693,2011-07,315.0,1178.125780858947,863.1257808589471,101-500
22693,2011-08,417.0,796.8088480501676,379.8088480501676,101-500
22693,2011-09,904.0,643.4542418864861,260.5457581135139,501-1000
22693,2011-10,1133.0,761.8215428641831,371.17845713581687,1001-5000
22693,2011-11,257.0,526.5729539399053,269.57295393990535,101-500
22694,2011-07,50.0,64.4592426303505,14.459242630350502,11-50
22694,2011-08,261.0,75.19993777772957,185.8000622222704,101-500
22694,2011-09,220.0,215.36641856027452,4.633581439725475,101-500
22694,2011-10,594.0,267.58456899134893,326.41543100865107,501-1000
22694,2011-11,54.0,234.4304622039185,180.4304622039185,51-100
22695,2011-09,163.0,127.91340848187174,35.08659151812826,101-500
22695,2011-10,104.0,151.37624582471298,47.37624582471298,101-500
22695,2011-11,210.0,81.7018512936671,128.29814870633288,101-500
22696,2011-07,61.0,23.662915311205,37.337084688795,51-100
22696,2011-08,156.0,55.373282584956826,100.62671741504317,101-500
22696,2011-09,139.0,145.84846976227018,6.8484697622701844,101-500
22696,2011-10,140.0,139.93263416233063,0.06736583766937088,101-500
22696,2011-11,17.0,95.78772337993351,78.78772337993351,11-50
22697,2011-07,554.0,638.0747907230058,84.07479072300578,501-1000
22697,2011-08,813.0,703.2210486504462,109.77895134955384,501-1000
22697,2011-09,640.0,835.4327987004813,195.43279870048127,501-1000
22697,2011-10,523.0,969.6331987141577,446.63319871415774,501-1000
22697,2011-11,317.0,399.44264084864886,82.44264084864886,101-500
22698,2011-07,501.0,580.9010190543796,79.90101905437962,501-1000
22698,2011-08,739.0,574.3743030558797,164.62569694412025,501-1000
22698,2011-09,619.0,771.4486839312234,152.4486839312234,501-1000
22698,2011-10,453.0,700.7897445596869,247.78974455968694,101-500
22698,2011-11,254.0,333.67048819120555,79.67048819120555,101-500
22699,2011-07,632.0,1057.7480097585897,425.74800975858966,501-1000
22699,2011-08,997.0,846.4535843636437,150.5464156363563,501-1000
22699,2011-09,885.0,992.7531487943763,107.75314879437633,501-1000
22699,2011-10,614.0,1050.238128186812,436.238128186812,501-1000
22699,2011-11,315.0,372.1047244803431,57.10472448034312,101-500
22700,2011-07,1.0,107.97963014698378,106.97963014698378,0-10
22700,2011-08,0.0,34.45800472192613,34.45800472192613,0-10
22701,2011-07,17.0,60.481901820193706,43.481901820193706,11-50
22701,2011-08,16.0,37.78816671882706,21.788166718827057,11-50
22701,2011-09,15.0,55.85827654541477,40.85827654541477,11-50
22701,2011-10,35.0,33.83036707811235,1.1696329218876471,11-50
22701,2011-11,84.0,35.091673940890246,48.908326059109754,51-100
22702,2011-07,20.0,116.45987801950119,96.45987801950119,11-50
22702,2011-08,6.0,47.66433837623703,41.66433837623703,0-10
22702,2011-09,7.0,35.40722481345579,28.40722481345579,0-10
22702,2011-10,6.0,28.99657150944475,22.99657150944475,0-10
22702,2011-11,2.0,22.442729981551356,20.442729981551356,0-10
22703,2011-07,11.0,55.32778926248647,44.32778926248647,11-50
22703,2011-08,34.0,32.818781055306346,1.1812189446936543,11-50
22703,2011-09,34.0,67.76177606752802,33.76177606752802,11-50
22703,2011-10,58.0,75.2683081786465,17.268308178646507,51-100
22703,2011-11,103.0,56.33995704498567,46.66004295501433,101-500
22704,2011-07,425.0,464.96897587978265,39.96897587978265,101-500
22704,2011-08,425.0,445.9009984904354,20.900998490435427,101-500
22704,2011-09,550.0,482.4081418617363,67.59185813826372,501-1000
22704,2011-10,350.0,558.6622268251979,208.66222682519788,101-500
22704,2011-11,200.0,309.5248811824352,109.5248811824352,101-500
22705,2011-07,200.0,174.5425693404915,25.457430659508503,101-500
22705,2011-08,175.0,174.49397559219506,0.5060244078049436,101-500
22705,2011-09,225.0,179.07328672999535,45.926713270004655,101-500
22705,2011-10,100.0,195.01516950837663,95.01516950837663,51-100
22705,2011-11,50.0,123.3806624733822,73.3806624733822,11-50
22706,2011-07,50.0,312.04519573341184,262.04519573341184,11-50
22706,2011-08,150.0,137.90538511450418,12.094614885495815,101-500
22706,2011-09,200.0,193.77551750610183,6.224482493898165,101-500
22706,2011-10,25.0,169.07343545933415,144.07343545933415,11-50
22706,2011-11,100.0,97.15487555999654,2.8451244400034597,51-100
22707,2011-07,75.0,165.4499061036368,90.4499061036368,51-100
22707,2011-08,75.0,117.28575177453638,42.28575177453638,51-100
22707,2011-09,100.0,126.00939686884068,26.009396868840682,51-100
22707,2011-10,200.0,119.18757910104874,80.81242089895126,101-500
22707,2011-11,25.0,107.41680105509182,82.41680105509182,11-50
22708,2011-07,200.0,196.09503368861178,3.904966311388222,101-500
22708,2011-08,225.0,195.97456881433652,29.02543118566348,101-500
22708,2011-09,325.0,202.92133160665935,122.07866839334065,101-500
22708,2011-10,375.0,269.83605526777956,105.16394473222044,101-500
22708,2011-11,100.0,169.18243017211773,69.18243017211773,51-100
22709,2011-07,100.0,144.82953717148257,44.82953717148257,51-100
22709,2011-08,275.0,136.37452348805806,138.62547651194194,101-500
22709,2011-09,100.0,186.61327146160508,86.61327146160508,51-100
22709,2011-10,0.0,134.31235282120537,134.31235282120537,0-10
22710,2011-07,225.0,316.1409904637187,91.14099046371871,101-500
22710,2011-08,275.0,232.44278644693605,42.557213553063946,101-500
22710,2011-09,950.0,271.3114263865833,678.6885736134167,501-1000
22710,2011-10,275.0,476.2539712723904,201.2539712723904,101-500
22710,2011-11,75.0,169.4564137578203,94.45641375782029,51-100
22711,2011-07,100.0,233.7295492035245,133.7295492035245,51-100
22711,2011-08,225.0,192.12947437427542,32.87052562572458,101-500
22711,2011-09,350.0,220.7931958260074,129.2068041739926,101-500
22711,2011-10,150.0,257.8404727408493,107.8404727408493,101-500
22711,2011-11,100.0,164.805692198123,64.80569219812301,51-100
22712,2011-07,481.0,297.0155349727202,183.98446502727978,101-500
22712,2011-08,495.0,428.9369050792851,66.06309492071489,101-500
22712,2011-09,424.0,508.42267054625813,84.42267054625813,101-500
22712,2011-10,399.0,474.09533179846983,75.09533179846983,101-500
22712,2011-11,279.0,317.79239047177924,38.79239047177924,101-500
22713,2011-07,162.0,301.69599492315973,139.69599492315973,101-500
22713,2011-08,211.0,270.1645796857242,59.16457968572422,101-500
22713,2011-09,623.0,261.6339668809845,361.3660331190155,501-1000
22713,2011-10,133.0,436.58626784665364,303.58626784665364,101-500
22713,2011-11,51.0,180.89232058689723,129.89232058689723,51-100
22714,2011-07,86.0,274.23898053595593,188.23898053595593,51-100
22714,2011-08,201.0,170.41179510273577,30.588204897264234,101-500
22714,2011-09,256.0,264.9909781071226,8.9909781071226,101-500
22714,2011-10,659.0,224.7506619407846,434.2493380592154,501-1000
22714,2011-11,33.0,286.8892584709111,253.8892584709111,11-50
22715,2011-07,172.0,164.37548198154667,7.62451801845333,101-500
22715,2011-08,207.0,195.23792837534398,11.762071624656016,101-500
22715,2011-09,48.0,204.12271865160517,156.12271865160517,11-50
22715,2011-10,6.0,122.9113503934031,116.9113503934031,0-10
22716,2011-07,268.0,278.9511096495862,10.951109649586215,101-500
22716,2011-08,296.0,264.40195857099843,31.59804142900157,101-500
22716,2011-09,328.0,301.70350936981885,26.296490630181154,101-500
22716,2011-10,110.0,307.3579840484663,197.35798404846628,101-500
22716,2011-11,95.0,153.57959059966953,58.57959059966953,51-100
22717,2011-07,145.0,151.46656389359788,6.466563893597879,101-500
22717,2011-08,133.0,160.734428357593,27.734428357593004,101-500
22717,2011-09,62.0,166.4444217909151,104.4444217909151,51-100
22717,2011-10,88.0,111.15599889037675,23.15599889037675,51-100
22717,2011-11,3.0,78.47412864446333,75.47412864446333,0-10
22718,2011-07,137.0,106.86680254237766,30.133197457622344,101-500
22718,2011-08,218.0,168.2782916405912,49.72170835940881,101-500
22718,2011-09,94.0,200.40060583141616,106.40060583141616,51-100
22718,2011-10,109.0,150.5375137334056,41.5375137334056,101-500
22718,2011-11,12.0,102.90471167620926,90.90471167620926,11-50
22720,2011-07,618.0,613.2906570428416,4.709342957158356,501-1000
22720,2011-08,1243.0,658.1555043409116,584.8444956590884,1001-5000
22720,2011-09,603.0,933.5550080135022,330.5550080135022,501-1000
22720,2011-10,574.0,884.0775349017051,310.0775349017051,501-1000
22720,2011-11,169.0,402.290137592203,233.290137592203,101-500
22721,2011-07,18.0,115.80236802004018,97.80236802004018,11-50
22721,2011-08,31.0,55.497747830539794,24.497747830539794,11-50
22721,2011-09,50.0,70.34852174395907,20.34852174395907,11-50
22721,2011-10,51.0,70.85837113169114,19.858371131691143,51-100
22721,2011-11,171.0,53.78446536619413,117.21553463380587,101-500
22722,2011-09,827.0,701.7732490097147,125.22675099028527,501-1000
22722,2011-10,529.0,944.4651305152637,415.4651305152637,501-1000
22722,2011-11,100.0,275.27475371147216,175.27475371147216,51-100
22723,2011-07,108.0,115.88016318864358,7.880163188643579,101-500
22723,2011-08,18.0,121.02447668412967,103.02447668412967,11-50
22723,2011-09,19.0,50.08270116952205,31.082701169522053,11-50
22723,2011-10,44.0,60.53511815722241,16.535118157222414,11-50
22723,2011-11,128.0,46.85366589406288,81.14633410593711,101-500
22725,2011-07,118.0,129.21765493680658,11.217654936806582,101-500
22725,2011-08,181.0,144.63642161965376,36.36357838034624,101-500
22725,2011-09,379.0,202.29759342622683,176.70240657377317,101-500
22725,2011-10,259.0,390.1738975462049,131.1738975462049,101-500
22725,2011-11,110.0,128.75015728875903,18.750157288759027,101-500
22726,2011-07,624.0,382.24519857415277,241.75480142584723,501-1000
22726,2011-08,678.0,607.735912741713,70.26408725828696,501-1000
22726,2011-09,1065.0,728.5186084599852,336.4813915400148,1001-5000
22726,2011-10,1002.0,1006.2721202489304,4.272120248930378,1001-5000
22726,2011-11,383.0,701.3770126752981,318.37701267529815,101-500
22727,2011-07,743.0,322.08376971063296,420.91623028936704,501-1000
22727,2011-08,699.0,567.3177555584577,131.68224444154225,501-1000
22727,2011-09,1152.0,757.1818662107573,394.81813378924267,1001-5000
22727,2011-10,958.0,1131.200889673306,173.20088967330594,501-1000
22727,2011-11,1060.0,638.575221110473,421.42477888952703,1001-5000
22728,2011-07,844.0,288.1827914004692,555.8172085995308,501-1000
22728,2011-08,466.0,628.4207537442541,162.42075374425406,101-500
22728,2011-09,1079.0,623.1156454271592,455.88435457284083,1001-5000
22728,2011-10,545.0,1107.1192620338843,562.1192620338843,501-1000
22728,2011-11,213.0,337.45458357666905,124.45458357666905,101-500
22729,2011-07,291.0,220.1055924275082,70.89440757249179,101-500
22729,2011-08,273.0,282.8471037944791,9.847103794479096,101-500
22729,2011-09,142.0,336.0340867997764,194.0340867997764,101-500
22729,2011-10,24.0,226.18789713051936,202.18789713051936,11-50
22729,2011-11,4.0,75.85550068204691,71.85550068204691,0-10
22730,2011-07,412.0,151.4583944651774,260.54160553482257,101-500
22730,2011-08,319.0,287.202602418025,31.79739758197502,101-500
22730,2011-09,497.0,407.67663828178337,89.32336171821663,101-500
22730,2011-10,438.0,497.229504543735,59.229504543735004,101-500
22730,2011-11,112.0,201.8996985171691,89.8996985171691,101-500
22731,2011-08,265.0,67.25527994975525,197.74472005024475,101-500
22731,2011-09,424.0,198.89899398216374,225.10100601783626,101-500
22731,2011-10,217.0,342.9575939582905,125.95759395829049,101-500
22731,2011-11,42.0,117.62335599313835,75.62335599313835,11-50
22732,2011-08,244.0,120.10609657121962,123.89390342878038,101-500
22732,2011-09,534.0,220.68617895143706,313.31382104856294,501-1000
22732,2011-10,519.0,498.03121223027324,20.96878776972676,501-1000
22732,2011-11,53.0,192.2711680871933,139.2711680871933,51-100
22733,2011-08,308.0,92.85716568734286,215.14283431265716,101-500
22733,2011-09,483.0,296.80903968232576,186.19096031767424,101-500
22733,2011-10,478.0,412.7503742513477,65.2496257486523,101-500
22733,2011-11,42.0,239.06937180779767,197.06937180779767,11-50
22734,2011-07,236.0,23.662915311205,212.337084688795,101-500
22734,2011-08,715.0,203.1943527449603,511.80564725503973,501-1000
22734,2011-09,816.0,571.8557565700117,244.14424342998825,501-1000
22734,2011-10,1214.0,959.1343387643315,254.86566123566854,1001-5000
22734,2011-11,137.0,684.4829685844411,547.4829685844411,101-500
22735,2011-08,81.0,105.74700050490841,24.747000504908414,51-100
22735,2011-09,218.0,104.32748694452357,113.67251305547643,101-500
22735,2011-10,200.0,209.0860181140168,9.08601811401681,101-500
22735,2011-11,18.0,121.96950710104095,103.96950710104095,11-50
22736,2011-07,164.0,36.33708139307624,127.66291860692377,101-500
22736,2011-08,150.0,119.44738109130388,30.552618908696118,101-500
22736,2011-09,325.0,149.7324579171749,175.2675420828251,101-500
22736,2011-10,353.0,375.23186297246957,22.23186297246957,101-500
22736,2011-11,48.0,180.81278702524108,132.81278702524108,11-50
22737,2011-07,72.0,36.33708139307624,35.66291860692376,51-100
22737,2011-08,212.0,86.13612104681619,125.86387895318381,101-500
22737,2011-09,396.0,192.74273496152202,203.25726503847798,101-500
22737,2011-10,434.0,405.47937689884617,28.52062310115383,101-500
22737,2011-11,53.0,179.342502149947,126.342502149947,51-100
22738,2011-08,665.0,131.40854765290956,533.5914523470905,501-1000
22738,2011-09,514.0,458.780808368501,55.21919163149897,501-1000
22738,2011-10,420.0,555.9402721506661,135.94027215066615,101-500
22738,2011-11,103.0,184.73261060622676,81.73261060622676,101-500
22739,2011-07,181.0,58.410208908454024,122.58979109154598,101-500
22739,2011-08,237.0,153.93729432877015,83.06270567122985,101-500
22739,2011-09,513.0,219.25040671517925,293.7495932848208,501-1000
22739,2011-10,449.0,660.6727014973977,211.67270149739772,101-500
22739,2011-11,90.0,206.6512417826652,116.65124178266521,51-100
22740,2011-07,0.0,898.8081808536625,898.8081808536625,0-10
22741,2011-07,1061.0,575.3052688951906,485.6947311048094,1001-5000
22741,2011-08,1123.0,654.4481305015653,468.5518694984347,1001-5000
22741,2011-09,806.0,844.3607615366177,38.3607615366177,501-1000
22741,2011-10,692.0,908.4287576541299,216.42875765412987,501-1000
22741,2011-11,315.0,413.77694094244316,98.77694094244316,101-500
22742,2011-07,43.0,40.53337915891737,2.46662084108263,11-50
22742,2011-08,26.0,54.65082861581605,28.650828615816053,11-50
22742,2011-09,51.0,55.74711302630796,4.747113026307957,51-100
22742,2011-10,38.0,75.19993777772957,37.19993777772957,11-50
22742,2011-11,273.0,44.22312730875428,228.77687269124573,101-500
22743,2011-07,66.0,48.99701080975224,17.00298919024776,51-100
22743,2011-08,46.0,81.66575180437363,35.66575180437363,11-50
22743,2011-09,75.0,82.90530830079335,7.905308300793351,51-100
22743,2011-10,57.0,98.99222889610652,41.992228896106525,51-100
22743,2011-11,249.0,57.9648783017312,191.0351216982688,101-500
22744,2011-07,37.0,53.84614930117228,16.846149301172282,11-50
22744,2011-08,47.0,48.638749750414746,1.6387497504147461,11-50
22744,2011-09,41.0,81.28038704404783,40.28038704404783,11-50
22744,2011-10,78.0,80.64017047025665,2.640170470256649,51-100
22744,2011-11,253.0,64.24194859837081,188.7580514016292,101-500
22745,2011-07,194.0,137.56625352989934,56.43374647010066,101-500
22745,2011-08,123.0,195.2090656862342,72.2090656862342,101-500
22745,2011-09,213.0,159.29955976232193,53.700440237678066,101-500
22745,2011-10,247.0,244.38052841494542,2.6194715850545833,101-500
22745,2011-11,34.0,124.88862462650832,90.88862462650832,11-50
22746,2011-07,103.0,99.29637856396978,3.703621436030218,101-500
22746,2011-08,76.0,137.347844777041,61.34784477704099,51-100
22746,2011-09,159.0,106.66823324898039,52.331766751019615,101-500
22746,2011-10,147.0,168.34329783025086,21.34329783025086,101-500
22746,2011-11,27.0,99.07549094353064,72.07549094353064,11-50
22747,2011-07,49.0,81.1422266362552,32.1422266362552,11-50
22747,2011-08,57.0,88.42210088358951,31.422100883589508,51-100
22747,2011-09,107.0,87.17175269105729,19.828247308942707,101-500
22747,2011-10,73.0,131.4372739508684,58.43727395086839,51-100
22747,2011-11,21.0,62.361245604485376,41.361245604485376,11-50
22748,2011-07,128.0,144.5343864612573,16.5343864612573,101-500
22748,2011-08,131.0,162.95412546559513,31.954125465595126,101-500
22748,2011-09,228.0,163.20397176782419,64.79602823217581,101-500
22748,2011-10,282.0,244.6777493132764,37.322250686723606,101-500
22748,2011-11,35.0,151.44821225736692,116.44821225736692,11-50
22749,2011-07,166.0,129.26946258542495,36.73053741457505,101-500
22749,2011-08,207.0,177.3878851951218,29.61211480487819,101-500
22749,2011-09,413.0,208.19077161217209,204.80922838782791,101-500
22749,2011-10,361.0,414.1346339958455,53.13463399584549,101-500
22749,2011-11,129.0,218.43299080606036,89.43299080606036,101-500
22750,2011-07,136.0,115.59297275602313,20.40702724397687,101-500
22750,2011-08,250.0,158.12652088781968,91.87347911218032,101-500
22750,2011-09,298.0,250.45792020156446,47.54207979843554,101-500
22750,2011-10,291.0,323.87849657447316,32.87849657447316,101-500
22750,2011-11,67.0,152.17044991020995,85.17044991020995,51-100
22751,2011-07,66.0,86.65498926808392,20.654989268083924,51-100
22751,2011-08,406.0,94.93805234158152,311.0619476584185,101-500
22751,2011-09,222.0,291.4365604057026,69.43656040570261,101-500
22751,2011-10,161.0,268.6934173629825,107.69341736298247,101-500
22751,2011-11,44.0,112.85955440809487,68.85955440809487,11-50
22752,2011-07,51.0,120.80628118116677,69.80628118116677,51-100
22752,2011-08,136.0,80.93656750087128,55.06343249912872,101-500
22752,2011-09,87.0,156.1083976568024,69.1083976568024,51-100
22752,2011-10,253.0,118.49047709381861,134.5095229061814,101-500
22752,2011-11,189.0,111.63550799352757,77.36449200647243,101-500
22753,2011-07,43.0,81.2819724711415,38.2819724711415,11-50
22753,2011-08,29.0,75.3960432495828,46.3960432495828,11-50
22753,2011-09,27.0,67.75904312743599,40.75904312743599,11-50
22753,2011-10,181.0,79.49243223532098,101.50756776467902,101-500
22753,2011-11,252.0,90.4692999059681,161.53070009403189,101-500
22754,2011-07,52.0,109.37891890502625,57.378918905026254,51-100
22754,2011-08,84.0,100.62543177997138,16.62543177997138,51-100
22754,2011-09,83.0,118.99039455022735,35.99039455022735,51-100
22754,2011-10,220.0,129.92436279394462,90.07563720605538,101-500
22754,2011-11,616.0,92.28875615301575,523.7112438469842,501-1000
22755,2011-07,42.0,117.89899670943414,75.89899670943414,11-50
22755,2011-08,42.0,101.10491620745532,59.10491620745532,11-50
22755,2011-09,48.0,97.58123737732065,49.58123737732065,11-50
22755,2011-10,203.0,97.10175294983671,105.89824705016329,101-500
22755,2011-11,474.0,104.51253373988568,369.48746626011433,101-500
22756,2011-07,58.0,69.26225738799772,11.262257387997721,51-100
22756,2011-08,10.0,59.54990942669151,49.54990942669151,0-10
22756,2011-09,17.0,58.572376200937065,41.572376200937065,11-50
22756,2011-10,71.0,56.911193035940315,14.088806964059685,51-100
22756,2011-11,175.0,45.078385081966324,129.92161491803367,101-500
22757,2011-07,95.0,64.37923074942249,30.62076925057751,51-100
22757,2011-08,42.0,99.10843515576117,57.10843515576117,11-50
22757,2011-09,30.0,74.82502261371458,44.82502261371458,11-50
22757,2011-10,87.0,75.74779260613045,11.252207393869554,51-100
22757,2011-11,368.0,61.750066945704674,306.2499330542953,101-500
22758,2011-07,68.0,71.06987772525238,3.0698777252523826,51-100
22758,2011-08,36.0,78.08379036978273,42.08379036978273,11-50
22758,2011-09,41.0,86.62678212251653,45.62678212251653,11-50
22758,2011-10,111.0,79.49473364099507,31.505266359004935,101-500
22758,2011-11,537.0,71.66111955075931,465.3388804492407,501-1000
22759,2011-07,299.0,217.72296479269,81.27703520731,101-500
22759,2011-08,442.0,287.1159127638359,154.88408723616408,101-500
22759,2011-09,1425.0,319.9019988315781,1105.098001168422,1001-5000
22759,2011-10,911.0,948.111081415237,37.11108141523698,501-1000
22760,2011-07,18.0,45.325097113951315,27.325097113951315,11-50
22760,2011-08,54.0,55.314838829992226,1.314838829992226,51-100
22761,2011-07,1.0,18.880484830624948,17.880484830624948,0-10
22761,2011-08,1.0,18.880484830624948,17.880484830624948,0-10
22761,2011-09,6.0,18.880484830624948,12.880484830624948,0-10
22761,2011-10,3.0,19.32134866516658,16.32134866516658,0-10
22761,2011-11,1.0,13.371347529813546,12.371347529813546,0-10
22762,2011-07,14.0,26.987573766833865,12.987573766833865,11-50
22762,2011-08,11.0,27.578480979117412,16.578480979117412,11-50
22762,2011-09,11.0,26.987573766833865,15.987573766833865,11-50
22762,2011-10,13.0,26.987573766833865,13.987573766833865,11-50
22762,2011-11,6.0,21.227239435877333,15.227239435877333,0-10
22763,2011-07,12.0,27.578480979117412,15.578480979117412,11-50
22763,2011-08,15.0,26.736376736688747,11.736376736688747,11-50
22763,2011-09,19.0,46.70150729623069,27.701507296230687,11-50
22763,2011-10,22.0,33.25108654469409,11.25108654469409,11-50
22763,2011-11,13.0,32.80487954950077,19.804879549500768,11-50
22766,2011-07,138.0,219.6443464028634,81.64434640286339,101-500
22766,2011-08,771.0,194.58155463008708,576.4184453699129,501-1000
22766,2011-09,202.0,578.365161165309,376.365161165309,101-500
22766,2011-10,264.0,291.35559223715313,27.355592237153132,101-500
22766,2011-11,53.0,154.6091199781841,101.60911997818411,51-100
22767,2011-07,42.0,61.12603477037147,19.12603477037147,11-50
22767,2011-08,210.0,77.94717918406879,132.05282081593123,101-500
22767,2011-09,34.0,165.0906687114327,131.0906687114327,11-50
22767,2011-10,75.0,86.43486838614483,11.434868386144828,51-100
22767,2011-11,25.0,59.83685079282959,34.83685079282959,11-50
22768,2011-07,40.0,65.51319237902725,25.513192379027245,11-50
22768,2011-08,208.0,71.93510031866747,136.06489968133252,101-500
22768,2011-09,76.0,165.0906687114327,89.0906687114327,51-100
22768,2011-10,94.0,123.19314307093904,29.193143070939044,51-100
22768,2011-11,46.0,78.32215697381208,32.322156973812085,11-50
22770,2011-07,8.0,18.880484830624948,10.880484830624948,0-10
22770,2011-08,11.0,19.32134866516658,8.321348665166578,11-50
22770,2011-09,11.0,22.299746579460663,11.299746579460663,11-50
22770,2011-10,7.0,26.130170804402873,19.130170804402873,0-10
22770,2011-11,2.0,20.222864668366185,18.222864668366185,0-10
22771,2011-07,587.0,476.60855470356995,110.39144529643005,501-1000
22771,2011-08,571.0,549.3845115497631,21.615488450236853,501-1000
22771,2011-09,468.0,617.1382230296484,149.13822302964843,101-500
22771,2011-10,585.0,562.6229323413452,22.377067658654823,501-1000
22771,2011-11,77.0,316.50848745703587,239.50848745703587,51-100
22772,2011-07,201.0,275.1229595242667,74.12295952426672,101-500
22772,2011-08,249.0,274.285015643064,25.285015643064014,101-500
22772,2011-09,236.0,269.71288903471316,33.71288903471316,101-500
22772,2011-10,248.0,251.5688639068853,3.568863906885298,101-500
22772,2011-11,37.0,146.58694256273716,109.58694256273716,11-50
22773,2011-07,74.0,144.4330342301773,70.4330342301773,51-100
22773,2011-08,179.0,114.39470133556219,64.60529866443781,101-500
22773,2011-09,138.0,166.82842497158046,28.82842497158046,101-500
22773,2011-10,116.0,153.92974148550616,37.929741485506156,101-500
22773,2011-11,42.0,86.13245674408132,44.132456744081324,11-50
22774,2011-07,54.0,122.73211556082383,68.73211556082383,51-100
22774,2011-08,126.0,91.18772088053029,34.81227911946971,101-500
22774,2011-09,206.0,123.25422423177329,82.74577576822671,101-500
22774,2011-10,189.0,168.42105980423986,20.57894019576014,101-500
22774,2011-11,12.0,114.2515252802372,102.2515252802372,11-50
22775,2011-07,275.0,238.272272597809,36.72772740219099,101-500
22775,2011-08,222.0,275.53351792984506,53.53351792984506,101-500
22775,2011-09,256.0,229.26324315350743,26.73675684649257,101-500
22775,2011-10,375.0,253.79441218212705,121.20558781787295,101-500
22775,2011-11,85.0,202.87498397293095,117.87498397293095,51-100
22776,2011-07,49.0,113.67612548241385,64.67612548241385,11-50
22776,2011-08,87.0,106.49662195145035,19.49662195145035,51-100
22776,2011-09,94.0,160.34969723256322,66.34969723256322,51-100
22776,2011-10,84.0,176.1332214160573,92.1332214160573,51-100
22776,2011-11,23.0,77.79866344036319,54.798663440363185,11-50
22778,2011-07,91.0,55.14681942484827,35.85318057515173,51-100
22778,2011-08,58.0,91.67929616991805,33.67929616991805,51-100
22778,2011-09,50.0,87.17175269105729,37.17175269105729,11-50
22778,2011-10,83.0,84.74925978833426,1.7492597883342569,51-100
22779,2011-07,45.0,84.15111727151944,39.15111727151944,11-50
22779,2011-08,105.0,88.90158531107345,16.098414688926553,101-500
22779,2011-09,121.0,116.3467110295686,4.653288970431404,101-500
22779,2011-10,99.0,127.11464850949942,28.114648509499418,51-100
22779,2011-11,19.0,78.86482130216157,59.86482130216157,11-50
22780,2011-07,13.0,92.1027120982335,79.1027120982335,11-50
22780,2011-08,108.0,59.00307203780579,48.99692796219421,101-500
22780,2011-09,48.0,111.89855160544094,63.89855160544094,11-50
22780,2011-10,84.0,84.26977536085032,0.2697753608503177,51-100
22780,2011-11,18.0,64.29736776573459,46.29736776573459,11-50
22781,2011-07,37.0,67.13811363577277,30.13811363577277,11-50
22781,2011-08,52.0,77.49894558107998,25.49894558107998,51-100
22781,2011-09,45.0,77.94717918406879,32.94717918406879,11-50
22781,2011-10,62.0,79.57210044081431,17.57210044081431,51-100
22781,2011-11,16.0,56.28536992291288,40.28536992291288,11-50
22782,2011-07,2.0,25.7320019691776,23.7320019691776,0-10
22782,2011-08,4.0,23.831952288031584,19.831952288031584,0-10
22782,2011-09,4.0,18.880484830624948,14.880484830624948,0-10
22782,2011-10,8.0,18.880484830624948,10.880484830624948,0-10
22782,2011-11,5.0,15.385484807274446,10.385484807274446,0-10
22784,2011-07,135.0,114.73874531293258,20.26125468706742,101-500
22784,2011-08,110.0,155.5020899919634,45.5020899919634,101-500
22784,2011-09,49.0,134.42436962176723,85.42436962176723,11-50
22784,2011-10,130.0,92.55149585941213,37.44850414058787,101-500
22784,2011-11,33.0,98.21769836576334,65.21769836576334,11-50
22785,2011-07,1.0,30.993935762671164,29.993935762671164,0-10
22785,2011-08,5.0,25.29113813463597,20.29113813463597,0-10
22785,2011-09,9.0,18.880484830624948,9.880484830624948,0-10
22785,2011-10,8.0,20.894622108085862,12.894622108085862,0-10
22785,2011-11,123.0,19.161847656987074,103.83815234301292,101-500
22786,2011-08,7.0,18.880484830624948,11.880484830624948,0-10
22786,2011-09,8.0,19.32134866516658,11.321348665166578,0-10
22786,2011-10,7.0,21.506521300427544,14.506521300427544,0-10
22786,2011-11,16.0,17.799764794678428,1.7997647946784276,11-50
22789,2011-07,44.0,82.42468865995191,38.42468865995191,11-50
22789,2011-08,44.0,64.74858020851175,20.748580208511754,11-50
22789,2011-09,46.0,63.521827786991516,17.521827786991516,11-50
22789,2011-10,12.0,82.6448541041048,70.6448541041048,11-50
22789,2011-11,17.0,36.895459542763966,19.895459542763966,11-50
22791,2011-07,561.0,505.25423196364477,55.74576803635523,501-1000
22791,2011-08,937.0,611.9298576179102,325.0701423820898,501-1000
22791,2011-09,566.0,719.8957313998468,153.8957313998468,501-1000
22791,2011-10,1325.0,682.7583612821418,642.2416387178582,1001-5000
22791,2011-11,475.0,533.9159501335889,58.91595013358892,101-500
22792,2011-07,88.0,98.02240845690085,10.022408456900848,51-100
22792,2011-08,298.0,105.16043388895707,192.83956611104293,101-500
22792,2011-09,211.0,246.15446057516948,35.15446057516948,101-500
22792,2011-10,819.0,209.6310061698183,609.3689938301817,501-1000
22792,2011-11,292.0,369.6002345830696,77.60023458306961,101-500
22794,2011-07,20.0,37.04921547530995,17.04921547530995,11-50
22794,2011-08,24.0,59.801947265838564,35.801947265838564,11-50
22794,2011-09,13.0,63.4202094214896,50.4202094214896,11-50
22794,2011-10,18.0,49.65753198441787,31.657531984417872,11-50
22794,2011-11,8.0,21.95429651791308,13.954296517913079,0-10
22795,2011-07,96.0,94.18172914814625,1.8182708518537538,51-100
22795,2011-08,202.0,122.62392440627356,79.37607559372644,101-500
22795,2011-09,66.0,192.53543683318955,126.53543683318955,51-100
22795,2011-10,155.0,120.31889531513961,34.68110468486039,101-500
22795,2011-11,67.0,104.0978541327167,37.097854132716705,51-100
22796,2011-07,36.0,58.42438432664962,22.424384326649623,11-50
22796,2011-08,54.0,73.56002157541299,19.56002157541299,51-100
22796,2011-09,37.0,77.94717918406879,40.94717918406879,11-50
22796,2011-10,67.0,73.56002157541299,6.560021575412989,51-100
22796,2011-11,12.0,49.13300802711517,37.13300802711517,11-50
22797,2011-07,7.0,39.62575233494941,32.62575233494941,0-10
22797,2011-08,5.0,39.46703881543393,34.46703881543393,0-10
22797,2011-09,13.0,20.943469348717425,7.943469348717425,11-50
22797,2011-10,16.0,23.117862457787364,7.117862457787364,11-50
22797,2011-11,2.0,26.23340333648351,24.23340333648351,0-10
22798,2011-07,125.0,184.6984193692859,59.69841936928589,101-500
22798,2011-08,137.0,143.23208584972642,6.232085849726417,101-500
22798,2011-09,273.0,157.51128002300393,115.48871997699607,101-500
22798,2011-10,156.0,242.1853459401627,86.1853459401627,101-500
22798,2011-11,197.0,115.9063156706644,81.0936843293356,101-500
22799,2011-07,11.0,26.344054625161487,15.344054625161487,11-50
22799,2011-08,11.0,20.93838308258221,9.93838308258221,11-50
22799,2011-09,6.0,26.130170804402873,20.130170804402873,0-10
22799,2011-10,12.0,25.7320019691776,13.732001969177599,11-50
22799,2011-11,30.0,16.55580866645044,13.444191333549561,11-50
22800,2011-07,44.0,59.78885138670662,15.788851386706618,11-50
22800,2011-08,53.0,80.93656750087128,27.936567500871277,51-100
22800,2011-09,69.0,79.31164624412575,10.311646244125754,51-100
22800,2011-10,89.0,106.76029477989057,17.76029477989057,51-100
22800,2011-11,29.0,68.17700186343838,39.17700186343838,11-50
22801,2011-07,84.0,99.06061722725872,15.060617227258717,51-100
22801,2011-08,30.0,101.27382761219239,71.27382761219239,11-50
22801,2011-09,154.0,62.69377997164607,91.30622002835392,101-500
22801,2011-10,137.0,140.94507673895137,3.9450767389513715,101-500
22801,2011-11,47.0,95.5221245185333,48.5221245185333,11-50
22802,2011-07,2.0,18.880484830624948,16.880484830624948,0-10
22802,2011-08,3.0,18.880484830624948,15.880484830624948,0-10
22802,2011-09,5.0,18.880484830624948,13.880484830624948,0-10
22802,2011-10,9.0,18.880484830624948,9.880484830624948,0-10
22802,2011-11,20.0,15.385484807274446,4.614515192725554,11-50
22803,2011-07,1.0,18.880484830624948,17.880484830624948,0-10
22803,2011-08,0.0,18.880484830624948,18.880484830624948,0-10
22804,2011-07,165.0,195.7233828422635,30.723382842263504,101-500
22804,2011-08,117.0,202.71117309915357,85.71117309915357,101-500
22804,2011-09,171.0,163.92857139625372,7.071428603746284,101-500
22804,2011-10,787.0,190.2666811888066,596.7333188111934,501-1000
22804,2011-11,28.0,394.15704614992825,366.15704614992825,11-50
22805,2011-07,117.0,113.53455486717769,3.4654451328223104,101-500
22805,2011-08,127.0,139.23560603183304,12.235606031833044,101-500
22805,2011-09,204.0,146.13976422078198,57.860235779218016,101-500
22805,2011-10,147.0,199.8836938164575,52.88369381645751,101-500
22805,2011-11,26.0,100.95190606402099,74.95190606402099,11-50
22806,2011-07,4.0,45.074625784998425,41.074625784998425,0-10
22806,2011-08,31.0,47.23437491446998,16.23437491446998,11-50
22806,2011-09,7.0,38.05247889203013,31.05247889203013,0-10
22806,2011-10,19.0,33.87169754583188,14.871697545831879,11-50
22806,2011-11,66.0,23.936704488061917,42.06329551193808,51-100
22807,2011-07,65.0,93.85392353843747,28.85392353843747,51-100
22807,2011-08,33.0,71.10383919765702,38.103839197657024,11-50
22807,2011-09,42.0,60.47155756825066,18.47155756825066,11-50
22807,2011-10,78.0,74.75768900807529,3.242310991924711,51-100
22807,2011-11,104.0,64.2875308219792,39.7124691780208,101-500
22808,2011-11,26.0,13.371347529813546,12.628652470186454,11-50
22809,2011-08,187.0,110.8139019181408,76.1860980818592,101-500
22809,2011-09,271.0,198.27051102396481,72.72948897603519,101-500
22809,2011-10,468.0,283.89775789378444,184.10224210621556,101-500
22809,2011-11,97.0,204.11188608255512,107.11188608255512,51-100
22810,2011-07,74.0,23.220666541550713,50.77933345844929,51-100
22810,2011-08,95.0,63.35173198784295,31.648268012157047,51-100
22810,2011-09,198.0,111.12278904202516,86.87721095797484,101-500
22810,2011-10,360.0,195.4589119884633,164.5410880115367,101-500
22810,2011-11,4.0,203.84726929892523,199.84726929892523,0-10
22811,2011-07,98.0,62.76595097268805,35.23404902731195,51-100
22811,2011-08,106.0,89.97667263294107,16.023327367058926,101-500
22811,2011-09,156.0,97.9709527064916,58.0290472935084,101-500
22811,2011-10,195.0,132.15559239928265,62.844407600717346,101-500
22811,2011-11,160.0,102.33350340599624,57.66649659400376,101-500
22812,2011-07,112.0,47.84058084675586,64.15941915324413,101-500
22812,2011-08,627.0,92.73828963049799,534.261710369502,501-1000
22812,2011-09,544.0,424.95128693495684,119.04871306504316,501-1000
22812,2011-10,136.0,458.88989274892816,322.88989274892816,101-500
22812,2011-11,4.0,122.07676468272906,118.07676468272906,0-10
22813,2011-07,79.0,80.77584637910765,1.775846379107648,51-100
22813,2011-08,550.0,103.14455441884571,446.8554455811543,501-1000
22813,2011-09,235.0,351.3768138501987,116.37681385019869,101-500
22813,2011-10,244.0,209.50890133589368,34.49109866410632,101-500
22813,2011-11,65.0,138.61133324821063,73.61133324821063,51-100
22814,2011-07,114.0,224.31382676847022,110.31382676847022,101-500
22814,2011-08,135.0,188.78292760470265,53.78292760470265,101-500
22814,2011-09,169.0,191.80778847508543,22.80778847508543,101-500
22814,2011-10,190.0,195.37910644756886,5.379106447568859,101-500
22814,2011-11,223.0,114.99484314560625,108.00515685439375,101-500
22815,2011-07,266.0,281.69351453752876,15.693514537528756,101-500
22815,2011-08,394.0,254.85857247809662,139.14142752190338,101-500
22815,2011-09,162.0,365.4495634613268,203.44956346132682,101-500
22815,2011-10,290.0,255.1669077254199,34.83309227458011,101-500
22815,2011-11,109.0,146.0463263486402,37.04632634864021,101-500
22816,2011-07,24.0,81.32403995279083,57.32403995279083,11-50
22816,2011-08,594.0,80.6184283036409,513.3815716963591,501-1000
22816,2011-09,885.0,393.9921321652742,491.0078678347258,501-1000
22816,2011-10,1482.0,685.8836535595202,796.1163464404798,1001-5000
22816,2011-11,252.0,408.63223709824837,156.63223709824837,101-500
22817,2011-07,109.0,242.5030935605045,133.5030935605045,101-500
22817,2011-08,173.0,189.19753707718877,16.19753707718877,101-500
22817,2011-09,129.0,237.63939158431862,108.63939158431862,101-500
22817,2011-10,380.0,199.73169436014723,180.26830563985277,101-500
22817,2011-11,76.0,183.15970446647233,107.15970446647233,51-100
22818,2011-07,108.0,94.77676991470415,13.223230085295853,101-500
22818,2011-08,638.0,120.0445359269064,517.9554640730936,501-1000
22818,2011-09,829.0,472.913346159283,356.086653840717,501-1000
22818,2011-10,1376.0,728.6019058176847,647.3980941823153,1001-5000
22818,2011-11,195.0,484.10673023334846,289.10673023334846,101-500
22819,2011-07,155.0,229.75881466283738,74.75881466283738,101-500
22819,2011-08,280.0,194.94806922125957,85.05193077874043,101-500
22819,2011-09,266.0,273.37838243855776,7.3783824385577645,101-500
22819,2011-10,337.0,242.2713761027817,94.72862389721831,101-500
22819,2011-11,75.0,197.90705128931148,122.90705128931148,51-100
22820,2011-07,26.0,193.7692520194237,167.7692520194237,11-50
22820,2011-08,49.0,88.69476275352059,39.69476275352059,11-50
22820,2011-09,49.0,93.16283458563395,44.162834585633945,11-50
22820,2011-10,16.0,87.10875389056862,71.10875389056862,11-50
22820,2011-11,13.0,56.975282958237834,43.975282958237834,11-50
22821,2011-07,28.0,270.6780963329334,242.67809633293342,11-50
22821,2011-08,102.0,107.24767596754981,5.24767596754981,101-500
22821,2011-09,65.0,136.20740386222246,71.20740386222246,51-100
22821,2011-10,106.0,109.82153608814299,3.8215360881429916,101-500
22821,2011-11,29.0,85.8418878204781,56.84188782047811,11-50
22822,2011-07,14.0,37.08102964506817,23.08102964506817,11-50
22822,2011-08,6.0,28.631397469642938,22.631397469642938,0-10
22822,2011-09,11.0,26.784918459703118,15.784918459703118,11-50
22822,2011-10,11.0,21.458740034975975,10.458740034975975,11-50
22822,2011-11,3.0,20.62103350359146,17.62103350359146,0-10
22823,2011-09,0.0,18.880484830624948,18.880484830624948,0-10
22824,2011-07,5.0,19.890552858191906,14.890552858191906,0-10
22824,2011-08,5.0,20.05558943831896,15.055589438318961,0-10
22824,2011-09,1.0,18.880484830624948,17.880484830624948,0-10
22824,2011-10,1.0,18.880484830624948,17.880484830624948,0-10
22825,2011-07,4.0,25.29113813463597,21.29113813463597,0-10
22825,2011-08,2.0,18.880484830624948,16.880484830624948,0-10
22825,2011-09,9.0,18.880484830624948,9.880484830624948,0-10
22825,2011-10,2.0,19.32134866516658,17.32134866516658,0-10
22826,2011-07,7.0,20.894622108085862,13.894622108085862,0-10
22826,2011-08,12.0,21.506521300427544,9.506521300427544,11-50
22826,2011-09,4.0,42.19804031194208,38.19804031194208,0-10
22826,2011-10,16.0,25.29113813463597,9.291138134635968,11-50
22827,2011-09,4.0,18.880484830624948,14.880484830624948,0-10
22827,2011-10,2.0,18.880484830624948,16.880484830624948,0-10
22829,2011-07,12.0,28.631397469642938,16.631397469642938,11-50
22829,2011-08,16.0,27.78929322721427,11.78929322721427,11-50
22829,2011-09,8.0,32.393683582263094,24.393683582263094,0-10
22829,2011-10,1.0,25.7320019691776,24.7320019691776,0-10
22831,2011-07,16.0,122.41026171311307,106.41026171311307,11-50
22831,2011-08,46.0,56.030930544599784,10.030930544599784,11-50
22831,2011-09,27.0,72.17119601731423,45.17119601731423,11-50
22831,2011-10,29.0,58.2704769051428,29.2704769051428,11-50
22831,2011-11,12.0,37.882223845747475,25.882223845747475,11-50
22832,2011-07,6.0,18.880484830624948,12.880484830624948,0-10
22832,2011-08,12.0,19.32134866516658,7.321348665166578,11-50
22832,2011-09,1.0,22.064945967261846,21.064945967261846,0-10
22832,2011-10,21.0,25.29113813463597,4.291138134635968,11-50
22834,2011-07,25.0,28.99657150944475,3.996571509444749,11-50
22834,2011-08,99.0,42.394045538068546,56.605954461931454,51-100
22834,2011-09,180.0,119.43708322284448,60.56291677715552,101-500
22834,2011-10,252.0,194.97942756097936,57.02057243902064,101-500
22834,2011-11,99.0,117.39419629108644,18.394196291086445,51-100
22835,2011-07,386.0,59.50111351362596,326.49888648637403,101-500
22835,2011-08,387.0,270.4225099855344,116.57749001446558,101-500
22835,2011-09,416.0,444.0254607976967,28.025460797696724,101-500
22835,2011-10,996.0,493.83866692772307,502.16133307227693,501-1000
22835,2011-11,285.0,658.7739146858901,373.7739146858901,101-500
22837,2011-07,4.0,20.327396980181238,16.327396980181238,0-10
22837,2011-08,9.0,20.327396980181238,11.327396980181238,0-10
22838,2011-07,15.0,38.44549670512516,23.44549670512516,11-50
22838,2011-08,72.0,47.754423786756206,24.245576213243794,51-100
22838,2011-09,27.0,81.79455440077776,54.794554400777756,11-50
22838,2011-10,95.0,73.56002157541299,21.43997842458701,51-100
22838,2011-11,9.0,66.67521291487873,57.67521291487873,0-10
22839,2011-07,22.0,52.4123054612483,30.4123054612483,11-50
22839,2011-08,71.0,64.84629226628985,6.153707733710149,51-100
22839,2011-09,20.0,81.79455440077776,61.794554400777756,11-50
22839,2011-10,40.0,71.26088901505203,31.26088901505203,11-50
22839,2011-11,5.0,33.694096681689985,28.694096681689985,0-10
22840,2011-07,45.0,80.08121383705114,35.08121383705114,11-50
22840,2011-08,107.0,80.93656750087128,26.063432499128723,101-500
22840,2011-09,49.0,127.36836196633305,78.36836196633305,11-50
22840,2011-10,76.0,94.8816935929095,18.8816935929095,51-100
22840,2011-11,12.0,68.86372994551301,56.863729945513015,11-50
22841,2011-07,46.0,29.530130899793463,16.469869100206537,11-50
22841,2011-08,75.0,68.53722036717663,6.46277963282337,51-100
22841,2011-09,29.0,95.17953660864355,66.17953660864355,11-50
22841,2011-10,38.0,73.56002157541299,35.56002157541299,11-50
22841,2011-11,6.0,35.12017952649024,29.12017952649024,0-10
22842,2011-07,14.0,56.99830148184939,42.99830148184939,11-50
22842,2011-08,72.0,47.12741184449009,24.87258815550991,51-100
22842,2011-09,28.0,81.79455440077776,53.794554400777756,11-50
22842,2011-10,42.0,73.56002157541299,31.56002157541299,11-50
22842,2011-11,1.0,39.17301309466207,38.17301309466207,0-10
22843,2011-07,23.0,44.29718310437633,21.29718310437633,11-50
22843,2011-08,55.0,71.93510031866747,16.935100318667466,51-100
22843,2011-09,19.0,69.4322882868909,50.432288286890895,11-50
22843,2011-10,17.0,44.50737298677684,27.507372986776844,11-50
22843,2011-11,1.0,21.95429651791308,20.95429651791308,0-10
22844,2011-07,107.0,119.72848540048733,12.72848540048733,101-500
22844,2011-08,59.0,137.20024017860138,78.20024017860138,51-100
22844,2011-09,52.0,111.63529188111464,59.63529188111464,51-100
22844,2011-10,98.0,104.5978643780612,6.597864378061203,51-100
22844,2011-11,25.0,82.3674512433054,57.367451243305396,11-50
22845,2011-07,67.0,76.96840328844922,9.968403288449224,51-100
22845,2011-08,27.0,105.95970327834598,78.95970327834598,11-50
22845,2011-09,69.0,74.92448863546996,5.924488635469956,51-100
22845,2011-10,64.0,99.41944752986242,35.419447529862424,51-100
22845,2011-11,25.0,57.03806564025806,32.03806564025806,11-50
22846,2011-07,56.0,60.390330645815176,4.390330645815176,51-100
22846,2011-08,87.0,73.76034846189812,13.239651538101882,51-100
22846,2011-09,42.0,114.33815157107944,72.33815157107944,11-50
22846,2011-10,69.0,93.51722653285253,24.517226532852533,51-100
22846,2011-11,25.0,58.98263881454202,33.98263881454202,11-50
22847,2011-07,75.0,116.20269562056288,41.20269562056288,51-100
22847,2011-08,161.0,116.3134292198398,44.686570780160196,101-500
22847,2011-09,73.0,210.86232988226143,137.86232988226143,51-100
22847,2011-10,91.0,114.52219496118208,23.52219496118208,51-100
22847,2011-11,19.0,82.46848177595008,63.46848177595008,11-50
22848,2011-07,16.0,41.1261612382453,25.126161238245302,11-50
22848,2011-08,25.0,34.30400303521964,9.304003035219637,11-50
22848,2011-09,16.0,63.4202094214896,47.4202094214896,11-50
22849,2011-07,11.0,29.978484197441052,18.978484197441052,11-50
22849,2011-08,0.0,22.113487690276212,22.113487690276212,0-10
22851,2011-07,171.0,248.79157815947826,77.79157815947826,101-500
22851,2011-08,148.0,238.1626928308434,90.16269283084341,101-500
22851,2011-09,166.0,244.80487655995012,78.80487655995012,101-500
22851,2011-10,214.0,196.87027675056055,17.12972324943945,101-500
22851,2011-11,20.0,128.26867131207345,108.26867131207345,11-50
22852,2011-07,22.0,60.38191564677714,38.38191564677714,11-50
22852,2011-08,34.0,47.46147104475877,13.461471044758767,11-50
22852,2011-09,34.0,67.31952729787373,33.319527297873734,11-50
22852,2011-10,33.0,72.81590245181864,39.815902451818644,11-50
22852,2011-11,20.0,42.59820605200875,22.59820605200875,11-50
22853,2011-07,19.0,57.77020311827876,38.77020311827876,11-50
22853,2011-08,28.0,40.61469475117604,12.614694751176039,11-50
22853,2011-09,33.0,49.49615271284574,16.496152712845742,11-50
22853,2011-10,44.0,69.18785891232828,25.18785891232828,11-50
22853,2011-11,19.0,40.57059035386233,21.57059035386233,11-50
22854,2011-07,39.0,73.17774309361059,34.17774309361059,11-50
22854,2011-08,2.0,66.04087859256089,64.04087859256089,0-10
22855,2011-07,33.0,152.88450688992853,119.88450688992853,11-50
22856,2011-09,0.0,54.007806803971285,54.007806803971285,0-10
22859,2011-09,120.0,25.027382371261975,94.97261762873802,101-500
22859,2011-10,31.0,90.11760215810823,59.11760215810823,11-50
22863,2011-07,13.0,57.58379889190058,44.58379889190058,11-50
22863,2011-08,28.0,38.649439491016906,10.649439491016906,11-50
22863,2011-09,2.0,49.56096804081744,47.56096804081744,0-10
22863,2011-10,43.0,33.87169754583188,9.128302454168121,11-50
22863,2011-11,9.0,35.483144767202134,26.483144767202134,0-10
22865,2011-07,279.0,28.614382768611634,250.38561723138838,101-500
22865,2011-08,2114.0,170.92327558870878,1943.0767244112913,1001-5000
22865,2011-09,1639.0,1890.4973677259663,251.49736772596634,1001-5000
22865,2011-10,2523.0,1754.5481373792525,768.4518626207475,1001-5000
22865,2011-11,811.0,1485.7174489725037,674.7174489725037,501-1000
22866,2011-09,1098.0,1489.6693748961582,391.66937489615816,1001-5000
22866,2011-10,2360.0,1140.545751549113,1219.454248450887,1001-5000
22866,2011-11,567.0,1550.2685890975326,983.2685890975326,501-1000
22867,2011-09,965.0,1266.6697240309554,301.6697240309554,501-1000
22867,2011-10,1655.0,895.7549948242138,759.2450051757862,1001-5000
22867,2011-11,747.0,807.3035914543758,60.303591454375805,501-1000
22868,2011-07,2.0,26.077195298608974,24.077195298608974,0-10
22868,2011-08,1.0,23.662915311205,22.662915311205,0-10
22868,2011-09,2.0,23.662915311205,21.662915311205,0-10
22868,2011-10,3.0,22.779802707009082,19.779802707009082,0-10
22869,2011-07,4.0,25.236188754124278,21.236188754124278,0-10
22869,2011-08,4.0,26.077195298608974,22.077195298608974,0-10
22869,2011-09,3.0,23.662915311205,20.662915311205,0-10
22869,2011-10,3.0,23.662915311205,20.662915311205,0-10
22870,2011-07,4.0,25.236188754124278,21.236188754124278,0-10
22870,2011-08,3.0,24.672983338771953,21.672983338771953,0-10
22870,2011-09,4.0,23.662915311205,19.662915311205,0-10
22870,2011-10,3.0,23.662915311205,20.662915311205,0-10
22871,2011-07,2.0,28.614382768611634,26.614382768611634,0-10
22871,2011-08,0.0,23.662915311205,23.662915311205,0-10
22872,2011-07,4.0,23.662915311205,19.662915311205,0-10
22872,2011-08,2.0,23.662915311205,21.662915311205,0-10
22872,2011-09,0.0,23.662915311205,23.662915311205,0-10
22873,2011-07,1.0,24.793939984469997,23.793939984469997,0-10
22873,2011-08,0.0,24.672983338771953,24.672983338771953,0-10
22874,2011-07,2.0,30.07356861521602,28.07356861521602,0-10
22874,2011-08,3.0,23.662915311205,20.662915311205,0-10
22874,2011-09,0.0,22.779802707009082,22.779802707009082,0-10
22875,2011-07,2.0,23.220666541550713,21.220666541550713,0-10
22875,2011-08,1.0,23.662915311205,22.662915311205,0-10
22875,2011-09,0.0,23.662915311205,23.662915311205,0-10
22876,2011-07,1.0,30.07356861521602,29.07356861521602,0-10
22876,2011-08,2.0,23.662915311205,21.662915311205,0-10
22877,2011-08,2.0,23.662915311205,21.662915311205,0-10
22877,2011-09,1.0,22.779802707009082,21.779802707009082,0-10
22878,2011-07,7.0,24.395771149244723,17.395771149244723,0-10
22878,2011-08,2.0,27.25229990630298,25.25229990630298,0-10
22878,2011-09,1.0,24.672983338771953,23.672983338771953,0-10
22878,2011-10,2.0,22.779802707009082,20.779802707009082,0-10
22879,2011-07,3.0,23.662915311205,20.662915311205,0-10
22879,2011-08,4.0,22.779802707009082,18.779802707009082,0-10
22879,2011-09,1.0,23.662915311205,22.662915311205,0-10
22880,2011-07,6.0,24.838019918899004,18.838019918899004,0-10
22880,2011-08,6.0,28.172133998957353,22.172133998957353,0-10
22880,2011-09,3.0,23.662915311205,20.662915311205,0-10
22880,2011-10,2.0,23.662915311205,21.662915311205,0-10
22881,2011-07,8.0,23.662915311205,15.662915311205001,0-10
22881,2011-08,8.0,23.220666541550713,15.220666541550713,0-10
22881,2011-09,2.0,27.650468741528254,25.650468741528254,0-10
22881,2011-10,2.0,25.19408269441306,23.19408269441306,0-10
22881,2011-11,1.0,15.215893151548743,14.215893151548743,0-10
22882,2011-07,12.0,24.672983338771953,12.672983338771953,11-50
22882,2011-08,3.0,25.964263843645977,22.964263843645977,0-10
22882,2011-09,1.0,30.07356861521602,29.07356861521602,0-10
22882,2011-10,3.0,23.662915311205,20.662915311205,0-10
22882,2011-11,2.0,15.215893151548743,13.215893151548743,0-10
22883,2011-07,5.0,23.662915311205,18.662915311205,0-10
22883,2011-08,3.0,22.779802707009082,19.779802707009082,0-10
22883,2011-09,2.0,23.662915311205,21.662915311205,0-10
22883,2011-10,2.0,23.662915311205,21.662915311205,0-10
22883,2011-11,2.0,16.09900575574465,14.099005755744649,0-10
22884,2011-07,4.0,23.662915311205,19.662915311205,0-10
22884,2011-08,3.0,22.779802707009082,19.779802707009082,0-10
22884,2011-09,1.0,23.662915311205,22.662915311205,0-10
22884,2011-10,5.0,23.662915311205,18.662915311205,0-10
22885,2011-07,4.0,30.07356861521602,26.07356861521602,0-10
22885,2011-08,2.0,22.779802707009082,20.779802707009082,0-10
22885,2011-09,1.0,23.662915311205,22.662915311205,0-10
22885,2011-10,3.0,23.662915311205,20.662915311205,0-10
22885,2011-11,4.0,15.215893151548743,11.215893151548743,0-10
22886,2011-07,7.0,23.662915311205,16.662915311205,0-10
22886,2011-08,5.0,24.838019918899004,19.838019918899004,0-10
22886,2011-09,0.0,24.672983338771953,24.672983338771953,0-10
22887,2011-07,3.0,23.662915311205,20.662915311205,0-10
22887,2011-08,4.0,22.779802707009082,18.779802707009082,0-10
22887,2011-09,1.0,23.662915311205,22.662915311205,0-10
22887,2011-10,0.0,23.662915311205,23.662915311205,0-10
22888,2011-07,3.0,23.662915311205,20.662915311205,0-10
22888,2011-08,3.0,22.779802707009082,19.779802707009082,0-10
22888,2011-09,1.0,23.662915311205,22.662915311205,0-10
22888,2011-10,2.0,23.662915311205,21.662915311205,0-10
22888,2011-11,1.0,15.215893151548743,14.215893151548743,0-10
22889,2011-07,4.0,23.954907314703092,19.954907314703092,0-10
22889,2011-08,8.0,22.779802707009082,14.779802707009082,0-10
22889,2011-09,0.0,23.662915311205,23.662915311205,0-10
22890,2011-07,9.0,40.135639584860364,31.135639584860364,0-10
22890,2011-08,13.0,27.18308729492839,14.183087294928391,11-50
22890,2011-09,34.0,25.841308816974475,8.158691183025525,11-50
22890,2011-10,60.0,63.4202094214896,3.420209421489602,51-100
22890,2011-11,6.0,47.261737228857484,41.261737228857484,0-10
22891,2011-07,19.0,27.18308729492839,8.183087294928391,11-50
22891,2011-08,42.0,38.20332091160377,3.796679088396232,11-50
22891,2011-09,19.0,69.4322882868909,50.432288286890895,11-50
22891,2011-10,50.0,43.2806205652566,6.719379434743402,11-50
22891,2011-11,14.0,36.8577131176726,22.857713117672603,11-50
22892,2011-07,224.0,178.14935583091756,45.85064416908244,101-500
22892,2011-08,108.0,213.74294958985303,105.74294958985303,101-500
22892,2011-09,350.0,175.43792450357142,174.56207549642858,101-500
22892,2011-10,78.0,301.0453690885158,223.04536908851583,51-100
22893,2011-07,162.0,126.57955017067788,35.42044982932212,101-500
22893,2011-08,267.0,164.56506737837708,102.43493262162292,101-500
22893,2011-09,78.0,198.83515333199819,120.83515333199819,51-100
22893,2011-10,62.0,164.49169151178018,102.49169151178018,51-100
22893,2011-11,27.0,59.20253581295085,32.20253581295085,11-50
22894,2011-07,24.0,43.2806205652566,19.280620565256598,11-50
22894,2011-08,10.0,43.89901426915106,33.89901426915106,0-10
22894,2011-09,18.0,29.928299735018733,11.928299735018733,11-50
22894,2011-10,11.0,52.56962638990191,41.56962638990191,11-50
22894,2011-11,2.0,21.673949994116978,19.673949994116978,0-10
22895,2011-07,159.0,118.65999658953363,40.340003410466366,101-500
22895,2011-08,224.0,162.13334207233655,61.866657927663454,101-500
22895,2011-09,109.0,204.16154368156444,95.16154368156444,101-500
22895,2011-10,163.0,158.78680362830815,4.213196371691851,101-500
22895,2011-11,26.0,104.22565057127306,78.22565057127306,11-50
22896,2011-07,82.0,103.55137837107617,21.55137837107617,51-100
22896,2011-08,93.0,116.91827529008405,23.918275290084054,51-100
22896,2011-09,67.0,123.7224425271868,56.7224425271868,51-100
22896,2011-10,106.0,100.98913543770986,5.010864562290138,101-500
22896,2011-11,20.0,85.9835517282755,65.9835517282755,11-50
22897,2011-07,59.0,111.34153250244471,52.34153250244471,51-100
22897,2011-08,83.0,98.37694834489287,15.376948344892867,51-100
22897,2011-09,169.0,108.35804328924337,60.64195671075663,101-500
22897,2011-10,187.0,170.33501506402538,16.664984935974616,101-500
22897,2011-11,12.0,121.66686516096779,109.66686516096779,11-50
22898,2011-07,288.0,140.47675106006523,147.52324893993477,101-500
22898,2011-08,185.0,240.66221649450384,55.66221649450384,101-500
22898,2011-09,160.0,210.71992427466162,50.71992427466162,101-500
22898,2011-10,422.0,201.6573527372008,220.3426472627992,101-500
22898,2011-11,81.0,200.42647386172294,119.42647386172294,51-100
22899,2011-07,176.0,124.24822985302241,51.75177014697759,101-500
22899,2011-08,242.0,168.90336099889564,73.09663900110436,101-500
22899,2011-09,132.0,216.51348455775232,84.51348455775232,101-500
22899,2011-10,335.0,184.6823056202558,150.3176943797442,101-500
22899,2011-11,102.0,194.3862743580734,92.3862743580734,101-500
22900,2011-07,245.0,421.46267914706067,176.46267914706067,101-500
22900,2011-08,404.0,309.7365665150698,94.2634334849302,101-500
22900,2011-09,250.0,467.19420664885166,217.19420664885166,101-500
22900,2011-10,407.0,327.67225027488377,79.32774972511623,101-500
22900,2011-11,139.0,222.08903554355695,83.08903554355695,101-500
22902,2011-07,24.0,91.56991047738798,67.56991047738798,11-50
22902,2011-08,168.0,74.08680686703589,93.91319313296411,101-500
22902,2011-09,89.0,147.47208183849776,58.47208183849776,51-100
22902,2011-10,116.0,113.66130459005329,2.338695409946709,101-500
22902,2011-11,17.0,81.76857841064226,64.76857841064226,11-50
22903,2011-07,21.0,30.07356861521602,9.073568615216018,11-50
22903,2011-08,10.0,38.455722729931715,28.455722729931715,0-10
22903,2011-09,12.0,30.471737450441292,18.471737450441292,11-50
22903,2011-10,50.0,30.679774547501896,19.320225452498104,11-50
22903,2011-11,15.0,39.14450750906207,24.144507509062073,11-50
22904,2011-07,220.0,155.82529863821526,64.17470136178474,101-500
22904,2011-08,100.0,205.4935588105071,105.4935588105071,51-100
22904,2011-09,326.0,141.1994755536244,184.8005244463756,101-500
22904,2011-10,125.0,294.21408487760834,169.21408487760834,101-500
22905,2011-07,22.0,47.798332145535184,25.798332145535184,11-50
22905,2011-08,16.0,50.064832595214995,34.064832595214995,11-50
22905,2011-09,118.0,37.78816671882706,80.21183328117294,101-500
22905,2011-10,151.0,114.47526466000075,36.52473533999925,101-500
22905,2011-11,97.0,95.30359142542541,1.6964085745745905,51-100
22906,2011-07,126.0,108.48836331826269,17.511636681737315,101-500
22906,2011-08,110.0,133.025219335672,23.025219335672006,101-500
22906,2011-09,139.0,123.40271868500277,15.597281314997232,101-500
22906,2011-10,235.0,162.801149018043,72.19885098195701,101-500
22906,2011-11,137.0,109.50666269727111,27.49333730272889,101-500
22907,2011-07,595.0,638.3549639706091,43.354963970609106,501-1000
22907,2011-08,612.0,653.8701709804006,41.870170980400644,501-1000
22907,2011-09,501.0,762.0286852412967,261.02868524129667,501-1000
22907,2011-10,288.0,639.5926756214074,351.59267562140735,101-500
22907,2011-11,180.0,255.01564416679346,75.01564416679346,101-500
22908,2011-07,281.0,358.76729711776255,77.76729711776255,101-500
22908,2011-08,293.0,340.02848617233184,47.02848617233184,101-500
22908,2011-09,204.0,361.888622718735,157.888622718735,101-500
22908,2011-10,148.0,317.0641206668576,169.0641206668576,101-500
22908,2011-11,142.0,172.8776778851474,30.877677885147392,101-500
22909,2011-07,604.0,287.55660920585365,316.44339079414635,501-1000
22909,2011-08,2170.0,365.9022183061405,1804.0977816938594,1001-5000
22909,2011-09,1646.0,1435.6851976090854,210.31480239091456,1001-5000
22909,2011-10,2395.0,1754.674481290572,640.325518709428,1001-5000
22909,2011-11,706.0,1412.2289117041153,706.2289117041153,501-1000
22910,2011-07,467.0,275.75761076105334,191.24238923894666,101-500
22910,2011-08,1613.0,297.3349519457531,1315.6650480542469,1001-5000
22910,2011-09,1719.0,1571.6746139221398,147.32538607786023,1001-5000
22910,2011-10,3822.0,1873.8194605800984,1948.1805394199016,1001-5000
22910,2011-11,861.0,2022.9389481002308,1161.9389481002308,501-1000
22911,2011-07,0.0,57.77020311827876,57.77020311827876,0-10
22911,2011-10,112.0,34.87607231334302,77.12392768665697,101-500
22911,2011-11,9.0,74.69153086612788,65.69153086612788,0-10
22912,2011-07,15.0,29.520614601832154,14.520614601832154,11-50
22912,2011-08,18.0,28.631397469642938,10.631397469642938,11-50
22912,2011-09,9.0,32.393683582263094,23.393683582263094,0-10
22912,2011-10,13.0,26.784918459703118,13.784918459703118,11-50
22913,2011-07,22.0,39.01044533520115,17.010445335201148,11-50
22913,2011-08,9.0,45.154586066807326,36.154586066807326,0-10
22913,2011-09,10.0,26.784918459703118,16.784918459703118,0-10
22913,2011-10,8.0,25.723901448324007,17.723901448324007,0-10
22913,2011-11,5.0,20.62103350359146,15.621033503591459,0-10
22914,2011-07,29.0,51.28711121158909,22.287111211589092,11-50
22914,2011-08,12.0,64.84629226628985,52.84629226628985,11-50
22914,2011-09,16.0,30.534505667304607,14.534505667304607,11-50
22914,2011-10,11.0,52.56962638990191,41.56962638990191,11-50
22914,2011-11,8.0,21.673949994116978,13.673949994116978,0-10
22915,2011-07,327.0,189.37730467166853,137.62269532833147,101-500
22915,2011-08,91.0,259.87940085379665,168.87940085379665,51-100
22915,2011-09,196.0,157.4611147496621,38.5388852503379,101-500
22915,2011-10,285.0,195.11792265297527,89.88207734702473,101-500
22915,2011-11,504.0,133.97955894369372,370.02044105630625,501-1000
22916,2011-07,72.0,191.48425798684323,119.48425798684323,51-100
22916,2011-08,33.0,146.20102282829097,113.20102282829097,11-50
22916,2011-09,92.0,103.14993100767812,11.14993100767812,51-100
22916,2011-10,75.0,105.18611059393591,30.186110593935908,51-100
22916,2011-11,60.0,69.5829799139247,9.582979913924703,51-100
22917,2011-07,61.0,199.90644798943993,138.90644798943993,51-100
22917,2011-08,33.0,138.2482641855521,105.2482641855521,11-50
22917,2011-09,90.0,100.71792028379159,10.717920283791585,51-100
22917,2011-10,90.0,104.70662616645197,14.706626166451969,51-100
22917,2011-11,55.0,73.17154752757683,18.171547527576834,51-100
22918,2011-07,61.0,193.21902453915607,132.21902453915607,51-100
22918,2011-08,32.0,133.88296603347484,101.88296603347484,11-50
22918,2011-09,84.0,103.14993100767812,19.14993100767812,51-100
22918,2011-10,89.0,104.4676607296407,15.467660729640698,51-100
22918,2011-11,60.0,73.17154752757683,13.171547527576834,51-100
22919,2011-07,73.0,152.7340413153826,79.7340413153826,51-100
22919,2011-08,27.0,122.76562449825542,95.76562449825542,11-50
22919,2011-09,84.0,87.92240905116599,3.9224090511659853,51-100
22919,2011-10,72.0,96.4686317771683,24.468631777168298,51-100
22919,2011-11,48.0,64.09050936606555,16.090509366065547,11-50
22920,2011-07,61.0,328.319392333409,267.319392333409,51-100
22920,2011-08,15.0,232.2542397318727,217.2542397318727,11-50
22920,2011-09,82.0,131.56046362512444,49.56046362512444,51-100
22920,2011-10,81.0,140.93107129761324,59.931071297613244,51-100
22920,2011-11,57.0,131.83500411019222,74.83500411019222,51-100
22921,2011-07,35.0,178.69717138825993,143.69717138825993,11-50
22921,2011-08,67.0,121.49964813646771,54.49964813646771,51-100
22921,2011-09,78.0,116.63607572590179,38.63607572590179,51-100
22921,2011-10,72.0,101.3578175878282,29.357817587828194,51-100
22921,2011-11,47.0,66.83246094926145,19.832460949261446,11-50
22922,2011-07,98.0,129.49094901376748,31.490949013767477,51-100
22922,2011-08,132.0,107.95311518158933,24.046884818410675,101-500
22922,2011-09,125.0,126.65048323434871,1.6504832343487124,101-500
22922,2011-10,88.0,141.75881302326684,53.75881302326684,51-100
22922,2011-11,150.0,78.83634534829905,71.16365465170095,101-500
22923,2011-07,78.0,152.02965510242308,74.02965510242308,51-100
22923,2011-08,60.0,107.31537064894245,47.31537064894245,51-100
22923,2011-09,102.0,103.30618737597995,1.3061873759799454,101-500
22923,2011-10,87.0,106.05435760820014,19.054357608200135,51-100
22923,2011-11,168.0,78.47705542732274,89.52294457267726,101-500
22924,2011-07,66.0,109.23278474761044,43.23278474761044,51-100
22924,2011-08,132.0,91.03123748839222,40.96876251160778,101-500
22924,2011-09,120.0,121.97585510412539,1.9758551041253867,101-500
22924,2011-10,90.0,115.27663057420591,25.27663057420591,51-100
22924,2011-11,174.0,72.8135716219128,101.1864283780872,101-500
22925,2011-07,12.0,71.07703764143976,59.07703764143976,11-50
22925,2011-08,33.0,41.1261612382453,8.126161238245302,11-50
22925,2011-09,34.0,63.4202094214896,29.420209421489602,11-50
22927,2011-07,25.0,69.37948597672248,44.37948597672248,11-50
22927,2011-08,26.0,73.56002157541299,47.56002157541299,11-50
22927,2011-09,0.0,47.4698860437968,47.4698860437968,0-10
22928,2011-07,14.0,29.520614601832154,15.520614601832154,11-50
22928,2011-08,10.0,28.631397469642938,18.631397469642938,0-10
22928,2011-09,40.0,26.130170804402873,13.869829195597127,11-50
22928,2011-10,53.0,63.4202094214896,10.420209421489602,51-100
22928,2011-11,14.0,52.1595441094486,38.1595441094486,11-50
22929,2011-09,2.0,18.880484830624948,16.880484830624948,0-10
22930,2011-07,46.0,59.40124087303106,13.401240873031057,11-50
22930,2011-08,45.0,56.494780103356966,11.494780103356966,11-50
22930,2011-09,61.0,82.6448541041048,21.644854104104795,51-100
22930,2011-10,92.0,87.23747719796783,4.762522802032166,51-100
22930,2011-11,16.0,62.66849737417038,46.66849737417038,11-50
22931,2011-07,10.0,39.20535374407164,29.205353744071637,0-10
22931,2011-08,13.0,31.126485105741544,18.126485105741544,11-50
22931,2011-09,23.0,31.732691038027447,8.732691038027447,11-50
22931,2011-10,18.0,48.638749750414746,30.638749750414746,11-50
22931,2011-11,15.0,23.18817441877701,8.18817441877701,11-50
22932,2011-07,29.0,41.61425386168853,12.614253861688532,11-50
22932,2011-08,20.0,45.33178604104481,25.331786041044808,11-50
22932,2011-09,12.0,47.67908176916022,35.67908176916022,11-50
22932,2011-10,7.0,31.732691038027447,24.732691038027447,0-10
22932,2011-11,16.0,23.56257555028119,7.562575550281188,11-50
22933,2011-09,2.0,20.244951890681932,18.244951890681932,0-10
22933,2011-10,1.0,23.662915311205,22.662915311205,0-10
22933,2011-11,2.0,16.09900575574465,14.099005755744649,0-10
22934,2011-10,1.0,24.672983338771953,23.672983338771953,0-10
22935,2011-07,12.0,50.43545938526214,38.43545938526214,11-50
22935,2011-08,8.0,33.09715809808441,25.097158098084407,0-10
22935,2011-09,5.0,31.126485105741544,26.126485105741544,0-10
22935,2011-10,15.0,25.19408269441306,10.194082694413058,11-50
22935,2011-11,6.0,19.684707300268578,13.684707300268578,0-10
22936,2011-07,2.0,32.818781055306346,30.818781055306346,0-10
22936,2011-08,6.0,18.880484830624948,12.880484830624948,0-10
22936,2011-09,11.0,19.32134866516658,8.321348665166578,11-50
22936,2011-10,7.0,25.402137845789113,18.402137845789113,0-10
22936,2011-11,6.0,22.465579125326656,16.465579125326656,0-10
22937,2011-07,28.0,59.00307203780579,31.003072037805786,11-50
22937,2011-08,44.0,50.482701237955666,6.482701237955666,11-50
22937,2011-09,58.0,56.076911460616294,1.9230885393837056,51-100
22937,2011-10,12.0,84.1823643742548,72.1823643742548,11-50
22937,2011-11,14.0,40.67484012652078,26.674840126520778,11-50
22938,2011-07,89.0,172.39110133761102,83.39110133761102,51-100
22938,2011-08,120.0,136.54466333322708,16.544663333227078,101-500
22938,2011-09,148.0,138.6087238571191,9.391276142880912,101-500
22938,2011-10,398.0,164.79377020361645,233.20622979638355,101-500
22938,2011-11,4.0,182.94840493565388,178.94840493565388,0-10
22939,2011-07,44.0,46.6124830813658,2.612483081365802,11-50
22939,2011-08,10.0,70.85837113169114,60.85837113169114,0-10
22939,2011-09,44.0,40.51995530595943,3.480044694040572,11-50
22939,2011-10,57.0,69.4322882868909,12.432288286890895,51-100
22939,2011-11,50.0,48.27458134505749,1.7254186549425086,11-50
22940,2011-07,405.0,53.449194434508804,351.5508055654912,101-500
22940,2011-08,250.0,171.23461262629135,78.76538737370865,101-500
22940,2011-09,453.0,264.3597350245334,188.6402649754666,101-500
22940,2011-10,395.0,619.6184562853863,224.6184562853863,101-500
22940,2011-11,81.0,217.22832179442156,136.22832179442156,51-100
22941,2011-09,231.0,470.0600330333232,239.06003303332318,101-500
22941,2011-10,432.0,281.1581801912437,150.84181980875633,101-500
22941,2011-11,180.0,209.33749970146476,29.337499701464765,101-500
22942,2011-09,158.0,109.38616262215571,48.61383737784429,101-500
22942,2011-10,134.0,161.98816405677226,27.988164056772263,101-500
22942,2011-11,137.0,93.75302795134319,43.246972048656815,101-500
22943,2011-07,18.0,19.890552858191906,1.8905528581919064,11-50
22943,2011-08,244.0,27.722252812836178,216.2777471871638,101-500
22943,2011-09,536.0,203.94564534879137,332.05435465120866,501-1000
22943,2011-10,162.0,490.89858985269,328.89858985269,101-500
22943,2011-11,19.0,115.09517471397555,96.09517471397555,11-50
22944,2011-10,1464.0,825.5800083877548,638.4199916122452,1001-5000
22944,2011-11,126.0,506.15775117771153,380.15775117771153,101-500
22945,2011-07,562.0,100.27322113665564,461.72677886334435,501-1000
22945,2011-08,577.0,334.23614383310485,242.76385616689515,501-1000
22945,2011-09,592.0,466.69888398479185,125.30111601520815,501-1000
22945,2011-10,772.0,447.2173501161619,324.7826498838381,501-1000
22945,2011-11,42.0,333.8387253121582,291.8387253121582,11-50
22946,2011-07,90.0,28.875383244493204,61.12461675550679,51-100
22946,2011-08,58.0,92.28054977542136,34.28054977542136,51-100
22946,2011-09,118.0,96.41920386305951,21.580796136940492,101-500
22946,2011-10,109.0,133.84392453492538,24.843924534925378,101-500
22946,2011-11,7.0,78.79454529677281,71.79454529677281,0-10
22947,2011-09,158.0,61.76431224496997,96.23568775503003,101-500
22947,2011-10,511.0,168.13053967592114,342.8694603240789,501-1000
22948,2011-07,120.0,126.07573168701117,6.075731687011171,101-500
22948,2011-08,135.0,134.27077665750312,0.7292233424968799,101-500
22948,2011-09,109.0,128.48435308402478,19.484353084024775,101-500
22948,2011-10,207.0,136.8109405028209,70.1890594971791,101-500
22948,2011-11,83.0,108.76283196598337,25.762831965983366,51-100
22949,2011-07,51.0,49.60504797524646,1.3949520247535432,51-100
22949,2011-08,112.0,57.44137852067328,54.55862147932672,101-500
22949,2011-09,65.0,117.49214785883017,52.492147858830165,51-100
22949,2011-10,65.0,70.59677510003105,5.596775100031053,51-100
22949,2011-11,1.0,51.79396448249728,50.79396448249728,0-10
22950,2011-07,772.0,881.2048826408426,109.20488264084258,501-1000
22950,2011-08,2345.0,376.91939967643026,1968.0806003235698,1001-5000
22950,2011-09,979.0,1520.964949307452,541.9649493074519,501-1000
22950,2011-10,17.0,1113.65825459067,1096.65825459067,11-50
22951,2011-07,676.0,438.29827579985573,237.70172420014427,501-1000
22951,2011-08,908.0,541.5457581639214,366.4542418360786,501-1000
22951,2011-09,793.0,700.0619234247212,92.93807657527884,501-1000
22951,2011-10,735.0,745.594944624971,10.594944624971049,501-1000
22951,2011-11,143.0,342.22168885817894,199.22168885817894,101-500
22952,2011-07,810.0,1078.8129492048502,268.81294920485016,501-1000
22952,2011-08,3710.0,507.9439109376704,3202.0560890623296,1001-5000
22952,2011-09,3799.0,2539.875533402659,1259.1244665973409,1001-5000
22952,2011-10,4347.0,2381.9900013670513,1965.0099986329487,1001-5000
22952,2011-11,750.0,1947.9094079893857,1197.9094079893857,501-1000
22953,2011-07,12.0,78.19857529017418,66.19857529017418,11-50
22953,2011-08,39.0,56.66097260262466,17.66097260262466,11-50
22953,2011-09,16.0,60.25251101631748,44.25251101631748,11-50
22953,2011-10,39.0,58.52285034757092,19.522850347570923,11-50
22953,2011-11,1.0,39.127774336338014,38.127774336338014,0-10
22954,2011-07,18.0,68.348672058015,50.348672058015,11-50
22954,2011-08,25.0,58.81543192963594,33.81543192963594,11-50
22954,2011-09,5.0,59.85434218109221,54.85434218109221,0-10
22954,2011-10,7.0,47.07767581774337,40.07767581774337,0-10
22955,2011-07,35.0,70.08750818666502,35.08750818666502,11-50
22955,2011-08,122.0,57.77020311827876,64.22979688172124,101-500
22955,2011-09,54.0,126.84708819061025,72.84708819061025,51-100
22955,2011-10,271.0,64.63968494611105,206.36031505388894,101-500
22955,2011-11,60.0,123.08848138315778,63.088481383157784,51-100
22956,2011-07,320.0,143.47427701224694,176.52572298775306,101-500
22956,2011-08,147.0,158.63029988547262,11.630299885472624,101-500
22956,2011-09,85.0,145.08368245169257,60.08368245169257,51-100
22956,2011-10,73.0,124.21605003400474,51.21605003400474,51-100
22956,2011-11,105.0,68.20691746290417,36.79308253709583,101-500
22959,2011-08,950.0,309.7157932152441,640.284206784756,501-1000
22959,2011-09,1050.0,579.3048513010675,470.6951486989325,1001-5000
22959,2011-10,1950.0,697.6961572746004,1252.3038427253996,1001-5000
22959,2011-11,226.0,613.910961817411,387.910961817411,101-500
22960,2011-07,524.0,733.3252642599213,209.32526425992125,501-1000
22960,2011-08,864.0,685.2893611647132,178.71063883528677,501-1000
22960,2011-09,675.0,872.8254400427703,197.8254400427703,501-1000
22960,2011-10,1036.0,926.0703196777351,109.92968032226486,1001-5000
22960,2011-11,256.0,765.5707286377049,509.57072863770486,101-500
22961,2011-07,1432.0,1006.6653664877781,425.3346335122219,1001-5000
22961,2011-08,1653.0,1347.3767263031689,305.6232736968311,1001-5000
22961,2011-09,1595.0,1600.328600302612,5.328600302611903,1001-5000
22961,2011-10,1574.0,1789.8832967489445,215.88329674894453,1001-5000
22961,2011-11,1016.0,1174.5003714473817,158.50037144738167,1001-5000
22962,2011-07,79.0,262.8074215494952,183.8074215494952,51-100
22962,2011-08,174.0,160.34168047235147,13.65831952764853,101-500
22962,2011-09,282.0,212.53922147863312,69.46077852136688,101-500
22962,2011-10,311.0,256.165806223594,54.83419377640598,101-500
22962,2011-11,50.0,196.52637978310548,146.52637978310548,11-50
22963,2011-07,125.0,220.64495711393732,95.64495711393732,101-500
22963,2011-08,234.0,193.758447410312,40.24155258968801,101-500
22963,2011-09,256.0,230.1789576130608,25.82104238693921,101-500
22963,2011-10,175.0,242.59384540173954,67.59384540173954,101-500
22963,2011-11,38.0,128.67444159394807,90.67444159394807,11-50
22964,2011-07,131.0,167.16826262100557,36.16826262100557,101-500
22964,2011-08,252.0,169.10931952377118,82.89068047622882,101-500
22964,2011-09,164.0,223.27159979707503,59.27159979707503,101-500
22964,2011-10,276.0,194.63405159136406,81.36594840863594,101-500
22964,2011-11,102.0,145.85373673289956,43.85373673289956,101-500
22965,2011-07,60.0,131.6329180910175,71.6329180910175,51-100
22965,2011-08,125.0,99.53330359521675,25.46669640478325,101-500
22965,2011-09,95.0,156.30368019153374,61.30368019153374,51-100
22965,2011-10,178.0,128.60024395936287,49.39975604063713,101-500
22965,2011-11,28.0,108.82938462677048,80.82938462677048,11-50
22966,2011-07,544.0,360.2336643873127,183.76633561268733,501-1000
22966,2011-08,754.0,488.0648564025765,265.9351435974235,501-1000
22966,2011-09,868.0,714.228919790609,153.77108020939102,501-1000
22966,2011-10,1146.0,932.6422893346103,213.35771066538973,1001-5000
22966,2011-11,269.0,486.7137072658852,217.7137072658852,101-500
22968,2011-07,6.0,49.34717894825256,43.34717894825256,0-10
22968,2011-08,6.0,28.14938551976011,22.14938551976011,0-10
22968,2011-09,10.0,19.32134866516658,9.321348665166578,0-10
22968,2011-10,40.0,19.32134866516658,20.67865133483342,11-50
22968,2011-11,2.0,32.80487954950077,30.804879549500768,0-10
22969,2011-07,1066.0,627.2166463428453,438.78335365715475,1001-5000
22969,2011-08,1956.0,829.2261727609517,1126.7738272390484,1001-5000
22969,2011-09,832.0,1369.5396792268857,537.5396792268857,501-1000
22969,2011-10,608.0,1095.4586712212806,487.4586712212806,501-1000
22969,2011-11,230.0,395.6727189266408,165.6727189266408,101-500
22970,2011-07,125.0,290.5398084007924,165.53980840079242,101-500
22970,2011-08,286.0,258.31773254004463,27.68226745995537,101-500
22970,2011-09,410.0,328.9836518256914,81.01634817430858,101-500
22970,2011-10,302.0,378.43676470719475,76.43676470719475,101-500
22970,2011-11,86.0,197.9402678974565,111.9402678974565,51-100
22971,2011-07,141.0,186.04592196652,45.04592196652001,101-500
22971,2011-08,196.0,186.566461635318,9.433538364681993,101-500
22971,2011-09,59.0,186.9312452755817,127.93124527558169,51-100
22971,2011-10,231.0,123.44381490622025,107.55618509377975,101-500
22971,2011-11,38.0,120.3248223424631,82.3248223424631,11-50
22972,2011-07,85.0,106.88664200183878,21.88664200183878,51-100
22972,2011-08,91.0,114.93142899285581,23.931428992855814,51-100
22972,2011-09,227.0,91.99117750795021,135.00882249204977,101-500
22972,2011-10,122.0,202.1746973843362,80.17469738433621,101-500
22972,2011-11,43.0,95.43328473442935,52.43328473442935,11-50
22973,2011-07,79.0,70.79966330464009,8.200336695359908,51-100
22973,2011-08,31.0,98.99222889610652,67.99222889610652,11-50
22973,2011-09,115.0,58.736501343110454,56.263498656889546,101-500
22973,2011-10,130.0,114.95474908748469,15.045250912515314,101-500
22973,2011-11,71.0,81.79538682202697,10.79538682202697,51-100
22974,2011-07,86.0,85.47439553342969,0.5256044665703143,51-100
22974,2011-08,93.0,107.87855886175943,14.87855886175943,51-100
22974,2011-09,89.0,109.77731643514858,20.777316435148578,51-100
22974,2011-10,121.0,104.2057177665042,16.794282233495807,101-500
22974,2011-11,33.0,80.94693069372862,47.94693069372862,11-50
22975,2011-07,86.0,69.41217873681259,16.587821263187408,51-100
22975,2011-08,36.0,78.45697199207626,42.45697199207626,11-50
22975,2011-09,75.0,79.28468452207288,4.2846845220728795,51-100
22975,2011-10,96.0,98.99222889610652,2.992228896106525,51-100
22975,2011-11,20.0,73.6370694245108,53.6370694245108,11-50
22976,2011-07,77.0,78.61715387778335,1.6171538777833518,51-100
22976,2011-08,8.0,82.04286257278586,74.04286257278586,0-10
22976,2011-09,59.0,60.627593678284335,1.6275936782843345,51-100
22976,2011-10,86.0,76.26263296865429,9.737367031345713,51-100
22976,2011-11,27.0,65.13361813422028,38.133618134220285,11-50
22977,2011-07,56.0,55.33751843470797,0.6624815652920333,51-100
22977,2011-08,33.0,69.53107527245307,36.531075272453066,11-50
22977,2011-09,35.0,70.17741080837023,35.177410808370226,11-50
22977,2011-10,40.0,50.064832595214995,10.064832595214995,11-50
22977,2011-11,6.0,42.59820605200875,36.59820605200875,0-10
22978,2011-08,869.0,215.63977968342536,653.3602203165747,501-1000
22978,2011-09,121.0,487.96766473143435,366.96766473143435,101-500
22978,2011-10,88.0,232.6888127562099,144.6888127562099,51-100
22978,2011-11,11.0,139.21376519008692,128.21376519008692,11-50
22979,2011-09,196.0,624.2615866458152,428.2615866458152,101-500
22979,2011-10,379.0,322.2297151550917,56.7702848449083,101-500
22979,2011-11,60.0,293.10702214224074,233.10702214224074,51-100
22980,2011-08,158.0,254.3322480527752,96.33224805277521,101-500
22980,2011-09,141.0,240.32643790120855,99.32643790120855,101-500
22980,2011-10,120.0,173.54880558884886,53.548805588848865,101-500
22980,2011-11,13.0,93.70324830307293,80.70324830307293,11-50
22981,2011-09,32.0,41.49967738374909,9.499677383749088,11-50
22981,2011-10,43.0,67.76177606752802,24.761776067528018,11-50
22981,2011-11,10.0,40.57059035386233,30.57059035386233,0-10
22982,2011-09,87.0,93.70232021466957,6.7023202146695695,51-100
22982,2011-10,103.0,121.82368495379765,18.823684953797652,101-500
22982,2011-11,34.0,80.07298090210291,46.07298090210291,11-50
22983,2011-07,458.0,424.263604808957,33.736395191043016,101-500
22983,2011-08,605.0,459.68626382098523,145.31373617901477,501-1000
22983,2011-09,456.0,580.5815383221117,124.58153832211167,101-500
22983,2011-10,405.0,518.4910650156181,113.49106501561812,101-500
22983,2011-11,102.0,275.35083086071825,173.35083086071825,101-500
22984,2011-07,373.0,204.07030415516547,168.92969584483453,101-500
22984,2011-08,470.0,282.73496365201936,187.26503634798064,101-500
22984,2011-09,96.0,374.3552548676557,278.3552548676557,51-100
22984,2011-10,113.0,206.3458831605215,93.34588316052151,101-500
22984,2011-11,37.0,164.2816670955996,127.2816670955996,11-50
22985,2011-07,125.0,383.51964722285885,258.51964722285885,101-500
22985,2011-08,200.0,273.6696886006207,73.6696886006207,101-500
22985,2011-09,175.0,190.19552270498212,15.195522704982125,101-500
22985,2011-10,175.0,192.07954681123312,17.079546811233115,101-500
22985,2011-11,50.0,130.26762974734717,80.26762974734717,11-50
22986,2011-07,351.0,317.3231113210967,33.67688867890331,101-500
22986,2011-08,350.0,347.9855484467358,2.014451553264223,101-500
22986,2011-09,275.0,371.7994144944042,96.79941449440418,101-500
22986,2011-10,400.0,341.0204343828506,58.979565617149376,101-500
22986,2011-11,100.0,220.98724522013381,120.98724522013381,51-100
22987,2011-09,2.0,69.00608018421298,67.00608018421298,0-10
22988,2011-07,1006.0,559.8991784697087,446.10082153029134,1001-5000
22988,2011-08,703.0,755.8873666044956,52.88736660449558,501-1000
22988,2011-09,753.0,771.2582069059513,18.258206905951283,501-1000
22988,2011-10,908.0,827.6039095730927,80.39609042690734,501-1000
22988,2011-11,433.0,475.0676717654492,42.06767176544918,101-500
22989,2011-08,260.0,347.9335256102876,87.93352561028757,101-500
22989,2011-09,181.0,298.21613508762005,117.21613508762005,101-500
22989,2011-10,104.0,260.17073515294567,156.17073515294567,101-500
22989,2011-11,45.0,126.47765922896107,81.47765922896107,11-50
22990,2011-08,31.0,66.21075932634682,35.21075932634682,11-50
22990,2011-09,35.0,64.84629226628985,29.84629226628985,11-50
22990,2011-10,36.0,64.84629226628985,28.84629226628985,11-50
22990,2011-11,109.0,41.31977044667867,67.68022955332134,101-500
22991,2011-08,393.0,477.4345104120374,84.43451041203741,101-500
22991,2011-09,707.0,314.41663228809523,392.58336771190477,501-1000
22991,2011-10,430.0,515.9384514739538,85.93845147395382,101-500
22991,2011-11,81.0,315.16793659544817,234.16793659544817,51-100
22992,2011-08,517.0,571.7234927728584,54.723492772858435,501-1000
22992,2011-09,836.0,532.4272488272812,303.57275117271877,501-1000
22992,2011-10,901.0,644.7520379485658,256.24796205143423,501-1000
22992,2011-11,100.0,487.66289988190505,387.66289988190505,51-100
22993,2011-08,1320.0,1338.5107632136815,18.510763213681457,1001-5000
22993,2011-09,1185.0,1316.4055005187415,131.40550051874152,1001-5000
22993,2011-10,1687.0,1568.4662010139948,118.5337989860052,1001-5000
22993,2011-11,502.0,838.0602818837996,336.0602818837996,501-1000
22994,2011-08,277.0,176.85173785203614,100.14826214796386,101-500
22994,2011-09,224.0,242.9337357351704,18.933735735170387,101-500
22994,2011-10,289.0,233.04018073722602,55.959819262773976,101-500
22994,2011-11,122.0,145.88371056215578,23.883710562155784,101-500
22995,2011-08,246.0,245.32796156795587,0.6720384320441326,101-500
22995,2011-09,171.0,285.1602661796758,114.16026617967577,101-500
22995,2011-10,192.0,250.8016095733426,58.8016095733426,101-500
22995,2011-11,68.0,109.72681658372028,41.72681658372028,51-100
22996,2011-08,491.0,423.12292952712363,67.87707047287637,101-500
22996,2011-09,515.0,510.7297878223721,4.270212177627911,501-1000
22996,2011-10,586.0,545.1505367376063,40.84946326239367,501-1000
22996,2011-11,156.0,264.2769773554446,108.27697735544461,101-500
22997,2011-08,322.0,234.96908627266305,87.03091372733695,101-500
22997,2011-09,211.0,324.3687711936106,113.3687711936106,101-500
22997,2011-10,373.0,245.32796156795587,127.67203843204413,101-500
22997,2011-11,111.0,215.72417607673947,104.72417607673947,101-500
22998,2011-08,1396.0,1175.411838881502,220.58816111849796,1001-5000
22998,2011-09,1505.0,1355.1211540590225,149.8788459409775,1001-5000
22998,2011-10,1656.0,1668.4672547565874,12.467254756587408,1001-5000
22998,2011-11,310.0,955.3921538760948,645.3921538760948,101-500
22999,2011-08,300.0,264.0147913189295,35.9852086810705,101-500
22999,2011-09,272.0,342.0328112191423,70.03281121914227,101-500
22999,2011-10,237.0,328.3288663139945,91.32886631399452,101-500
22999,2011-11,101.0,130.0048979832905,29.004897983290505,101-500
23000,2011-08,344.0,297.6194175042396,46.38058249576039,101-500
23000,2011-09,439.0,332.7708324071904,106.22916759280957,101-500
23000,2011-10,330.0,337.9468700743586,7.946870074358628,101-500
23000,2011-11,101.0,217.08162758655442,116.08162758655442,101-500
23002,2011-08,326.0,185.8554059844049,140.1445940155951,101-500
23002,2011-09,222.0,283.04202965799743,61.04202965799743,101-500
23002,2011-10,319.0,241.9578060518116,77.04219394818841,101-500
23002,2011-11,84.0,194.85804781310458,110.85804781310458,51-100
23004,2011-08,172.0,194.94806922125957,22.948069221259573,101-500
23004,2011-09,252.0,219.8158399766313,32.18416002336869,101-500
23004,2011-10,270.0,236.95133133917932,33.04866866082068,101-500
23004,2011-11,114.0,155.23699148243875,41.236991482438754,101-500
23005,2011-08,878.0,439.8140600908156,438.1859399091844,501-1000
23005,2011-09,618.0,628.1692842715756,10.169284271575634,501-1000
23005,2011-10,1276.0,650.4261367400796,625.5738632599204,1001-5000
23005,2011-11,170.0,522.0211019179285,352.0211019179285,101-500
23006,2011-08,208.0,150.46270886910378,57.53729113089622,101-500
23006,2011-09,174.0,198.5890866910214,24.589086691021407,101-500
23006,2011-10,156.0,191.65450110150817,35.654501101508174,101-500
23006,2011-11,6.0,112.06296379416007,106.06296379416007,0-10
23007,2011-09,60.0,69.4322882868909,9.432288286890895,51-100
23007,2011-10,61.0,85.52919059473432,24.529190594734317,51-100
23007,2011-11,14.0,55.673598580201094,41.673598580201094,11-50
23008,2011-09,23.0,69.4322882868909,46.432288286890895,11-50
23008,2011-10,37.0,73.56002157541299,36.56002157541299,11-50
23008,2011-11,6.0,32.80487954950077,26.804879549500768,0-10
23009,2011-09,45.0,44.29718310437633,0.7028168956236698,11-50
23009,2011-10,54.0,70.85837113169114,16.858371131691143,51-100
23009,2011-11,8.0,52.1595441094486,44.1595441094486,0-10
23010,2011-09,18.0,26.496056472274716,8.496056472274716,11-50
23010,2011-10,46.0,51.516709899376366,5.516709899376366,11-50
23010,2011-11,7.0,36.8577131176726,29.857713117672603,0-10
23040,2011-10,27.0,101.80360269409525,74.80360269409525,11-50
23040,2011-11,22.0,42.9446917034242,20.944691703424198,11-50
23041,2011-10,51.0,64.63968494611105,13.639684946111046,51-100
23041,2011-11,19.0,47.130524047664544,28.130524047664544,11-50
23042,2011-10,35.0,28.477214409267923,6.522785590732077,11-50
23042,2011-11,6.0,33.46547208916983,27.46547208916983,0-10
23043,2011-11,4.0,38.38987696833964,34.38987696833964,0-10
23044,2011-11,1.0,23.51572046481592,22.51572046481592,0-10
23045,2011-11,1.0,41.024062251611994,40.024062251611994,0-10
23046,2011-11,3.0,58.635495891152665,55.635495891152665,0-10
23048,2011-10,79.0,208.9564826222364,129.9564826222364,51-100
23048,2011-11,7.0,69.76406779409452,62.764067794094515,0-10
23049,2011-09,22.0,32.18198392726494,10.181983927264938,11-50
23049,2011-10,22.0,63.4202094214896,41.4202094214896,11-50
23049,2011-11,4.0,38.13690285859675,34.13690285859675,0-10
23050,2011-09,36.0,52.734811463681226,16.734811463681226,11-50
23050,2011-10,8.0,46.519053126864314,38.519053126864314,0-10
23050,2011-11,9.0,35.97711622997972,26.97711622997972,0-10
23051,2011-09,13.0,37.04921547530995,24.04921547530995,11-50
23051,2011-10,8.0,27.78929322721427,19.78929322721427,0-10
23051,2011-11,4.0,21.275781158891704,17.275781158891704,0-10
23052,2011-09,16.0,83.71297232526298,67.71297232526298,11-50
23052,2011-10,18.0,41.52546871111872,23.52546871111872,11-50
23052,2011-11,10.0,23.318763577970056,13.318763577970056,0-10
23053,2011-09,26.0,29.089267065251835,3.0892670652518355,11-50
23053,2011-10,2.0,39.22758349972414,37.22758349972414,0-10
23053,2011-11,7.0,23.580129764440397,16.580129764440397,0-10
23054,2011-09,7.0,64.84629226628985,57.84629226628985,0-10
23054,2011-10,2.0,29.530130899793463,27.530130899793463,0-10
23054,2011-11,4.0,15.43433204790601,11.43433204790601,0-10
23055,2011-10,242.0,170.30438227153257,71.69561772846743,101-500
23056,2011-10,242.0,409.24123792693734,167.24123792693734,101-500
23057,2011-10,241.0,164.99599414066768,76.00400585933232,101-500
23060,2011-10,41.0,57.37203428305349,16.372034283053488,11-50
23060,2011-11,22.0,40.26469782055511,18.264697820555106,11-50
23061,2011-10,86.0,109.39606609380587,23.39606609380587,51-100
23061,2011-11,26.0,67.53216170561254,41.53216170561254,11-50
23064,2011-10,100.0,71.2630330978652,28.736966902134796,51-100
23067,2011-10,44.0,76.23358349348202,32.233583493482016,11-50
23067,2011-11,3.0,48.321543100534534,45.321543100534534,0-10
23068,2011-10,106.0,121.02447668412967,15.024476684129667,101-500
23068,2011-11,17.0,80.34599759775767,63.34599759775767,11-50
23069,2011-10,14.0,26.338207901463473,12.338207901463473,11-50
23069,2011-11,2.0,21.671174843080724,19.671174843080724,0-10
23070,2011-11,4.0,37.914996088004195,33.914996088004195,0-10
23073,2011-10,26.0,63.4202094214896,37.4202094214896,11-50
23073,2011-11,4.0,41.31977044667867,37.31977044667867,0-10
23075,2011-10,72.0,57.16174887899183,14.83825112100817,51-100
23075,2011-11,18.0,47.90617064465322,29.906170644653223,11-50
23076,2011-09,1229.0,881.2978798013505,347.7021201986495,1001-5000
23076,2011-10,1212.0,930.7511142270957,281.24888577290426,1001-5000
23076,2011-11,248.0,627.7770016991184,379.7770016991184,101-500
23077,2011-09,1561.0,968.2305911461798,592.7694088538202,1001-5000
23077,2011-10,2522.0,1491.5283170507973,1030.4716829492027,1001-5000
23077,2011-11,548.0,1225.910405836727,677.910405836727,501-1000
23078,2011-09,724.0,791.3510676127721,67.35106761277211,501-1000
23078,2011-10,1130.0,840.4753137630976,289.5246862369024,1001-5000
23078,2011-11,33.0,501.2953717749355,468.2953717749355,11-50
23079,2011-11,7.0,38.28379596247285,31.28379596247285,0-10
23080,2011-11,283.0,195.0450132238181,87.9549867761819,101-500
23081,2011-11,42.0,86.09369836700014,44.093698367000144,11-50
23082,2011-11,165.0,260.50001320226613,95.50001320226613,101-500
23083,2011-11,150.0,341.11837840354053,191.11837840354053,101-500
23084,2011-11,4304.0,3645.2264157785653,658.7735842214347,1001-5000
23085,2011-11,36.0,83.44709710543174,47.44709710543174,11-50
23086,2011-11,35.0,81.63805297190984,46.63805297190984,11-50
23087,2011-11,9.0,67.30533064021311,58.305330640213114,0-10
23088,2011-11,34.0,66.26177173786282,32.261771737862816,11-50
23089,2011-11,93.0,216.0635050567291,123.0635050567291,51-100
23090,2011-11,386.0,192.2711680871933,193.7288319128067,101-500
23092,2011-11,22.0,50.55853138072161,28.55853138072161,11-50
23093,2011-11,25.0,54.277261203025795,29.277261203025795,11-50
23096,2011-11,12.0,144.50019971613435,132.50019971613435,11-50
23099,2011-11,9.0,22.069343678305998,13.069343678305998,0-10
23100,2011-11,112.0,241.36435634267326,129.36435634267326,101-500
23101,2011-11,34.0,194.4936467745627,160.4936467745627,11-50
23102,2011-11,6.0,126.27109378828852,120.27109378828852,0-10
23103,2011-11,198.0,485.96667215926453,287.96667215926453,101-500
23104,2011-11,7.0,36.8577131176726,29.857713117672603,0-10
23106,2011-11,23.0,41.849780094786475,18.849780094786475,11-50
23107,2011-11,37.0,37.374943970247905,0.37494397024790516,11-50
23108,2011-11,127.0,172.548217883724,45.54821788372399,101-500
23109,2011-11,234.0,316.25274936498,82.25274936497999,101-500
23110,2011-11,20.0,76.8467324374565,56.846732437456495,11-50
23111,2011-11,45.0,41.31977044667867,3.6802295533213325,11-50
23112,2011-11,35.0,56.03814955844032,21.038149558440317,11-50
23118,2011-11,90.0,70.25980282693017,19.74019717306983,51-100
23126,2011-09,181.0,152.41507102696758,28.58492897303242,101-500
23126,2011-10,213.0,196.70868017177034,16.29131982822966,101-500
23126,2011-11,50.0,118.89237831245248,68.89237831245248,11-50
23127,2011-09,118.0,74.92448863546996,43.075511364530044,101-500
23127,2011-10,146.0,129.09309354653334,16.90690645346666,101-500
23127,2011-11,40.0,94.2436889132032,54.2436889132032,11-50
23128,2011-09,63.0,43.2806205652566,19.719379434743402,51-100
23128,2011-10,57.0,75.3893784408109,18.3893784408109,51-100
23128,2011-11,22.0,56.686442696401116,34.686442696401116,11-50
23129,2011-11,18.0,121.82803566633827,103.82803566633827,11-50
23130,2011-11,35.0,122.75065107312584,87.75065107312584,11-50
23131,2011-10,107.0,195.4589119884633,88.45891198846331,101-500
23131,2011-11,3.0,95.03881937028757,92.03881937028757,0-10
23132,2011-10,217.0,288.51308525042884,71.51308525042884,101-500
23132,2011-11,9.0,116.17770238903998,107.17770238903998,0-10
23133,2011-10,164.0,247.83993067712495,83.83993067712495,101-500
23133,2011-11,15.0,114.51105980401364,99.51105980401364,11-50
23135,2011-10,1.0,87.01005012910397,86.01005012910397,0-10
23135,2011-11,19.0,27.428555647532676,8.428555647532676,11-50
23136,2011-10,7.0,26.809277329909378,19.809277329909378,0-10
23136,2011-11,11.0,22.06794565314775,11.06794565314775,11-50
23137,2011-10,10.0,23.220666541550713,13.220666541550713,0-10
23137,2011-11,13.0,19.644310416413624,6.644310416413624,11-50
23138,2011-10,38.0,104.0795472476257,66.0795472476257,11-50
23138,2011-11,2.0,66.15922756654902,64.15922756654902,0-10
23139,2011-10,26.0,46.44350086315816,20.443500863158157,11-50
23139,2011-11,32.0,41.89895389107967,9.898953891079671,11-50
23140,2011-10,1.0,40.48315529738041,39.48315529738041,0-10
23141,2011-11,21.0,20.32426158756392,0.675738412436079,11-50
23142,2011-10,2.0,18.880484830624948,16.880484830624948,0-10
23144,2011-10,768.0,584.9919921715142,183.0080078284858,501-1000
23144,2011-11,161.0,423.2443618473678,262.2443618473678,101-500
23145,2011-10,233.0,320.4568191881463,87.45681918814631,101-500
23145,2011-11,86.0,147.80149716119757,61.801497161197574,51-100
23146,2011-10,93.0,107.83723712857275,14.837237128572752,51-100
23146,2011-11,32.0,77.135390956461,45.135390956460995,11-50
23147,2011-10,162.0,227.82270440818127,65.82270440818127,101-500
23147,2011-11,44.0,149.80475221292645,105.80475221292645,11-50
23148,2011-10,277.0,240.89664743013935,36.10335256986065,101-500
23148,2011-11,81.0,168.00986802825815,87.00986802825815,51-100
23150,2011-10,26.0,33.83036707811235,7.830367078112353,11-50
23150,2011-11,15.0,41.07484019495439,26.07484019495439,11-50
23151,2011-11,26.0,16.09900575574465,9.900994244255351,11-50
23152,2011-10,35.0,101.59636321057945,66.59636321057945,11-50
23152,2011-11,3.0,47.21646476037545,44.21646476037545,0-10
23153,2011-10,40.0,68.74561014267398,28.745610142673982,11-50
23153,2011-11,7.0,34.649425171235954,27.649425171235954,0-10
23154,2011-09,157.0,307.93202056223885,150.93202056223885,101-500
23154,2011-10,461.0,231.3921109166591,229.6078890833409,101-500
23154,2011-11,156.0,212.87051610199467,56.87051610199467,101-500
23155,2011-09,186.0,164.07184768869357,21.928152311306434,101-500
23155,2011-10,175.0,234.01110279099117,59.011102790991174,101-500
23155,2011-11,6.0,115.93820160914737,109.93820160914737,0-10
23156,2011-09,304.0,169.20156912609238,134.79843087390762,101-500
23156,2011-10,159.0,291.6075538828514,132.6075538828514,101-500
23156,2011-11,51.0,119.41168168753461,68.41168168753461,51-100
23157,2011-09,864.0,409.79803441160516,454.20196558839484,501-1000
23157,2011-10,669.0,705.6140497075221,36.6140497075221,501-1000
23157,2011-11,1.0,306.42164182460164,305.42164182460164,0-10
23158,2011-09,293.0,302.0542879371452,9.054287937145205,101-500
23158,2011-10,295.0,275.0339063117201,19.966093688279898,101-500
23158,2011-11,155.0,166.56454764840282,11.564547648402822,101-500
23159,2011-09,269.0,238.90752818693986,30.092471813060143,101-500
23159,2011-10,236.0,259.36158025738536,23.361580257385356,101-500
23160,2011-11,8.0,66.36940459543976,58.36940459543976,0-10
23161,2011-11,14.0,83.58220541682256,69.58220541682256,11-50
23162,2011-10,149.0,210.71992427466162,61.71992427466162,101-500
23162,2011-11,56.0,122.80263598816923,66.80263598816923,51-100
23163,2011-10,70.0,259.3622724319058,189.3622724319058,51-100
23163,2011-11,81.0,89.8908379655522,8.890837965552194,51-100
23164,2011-11,7.0,66.05192822489367,59.05192822489367,0-10
23165,2011-11,208.0,294.73751405180593,86.73751405180593,101-500
23166,2011-07,427.0,1070.967851297757,643.9678512977571,101-500
23166,2011-08,346.0,342.9502366666096,3.0497633333903877,101-500
23166,2011-09,250.0,410.75356928032744,160.75356928032744,101-500
23166,2011-10,659.0,346.98030216667416,312.01969783332584,501-1000
23166,2011-11,207.0,327.2205899175209,120.2205899175209,101-500
23167,2011-11,414.0,399.91566759292164,14.084332407078364,101-500
23168,2011-11,121.0,303.63236844005127,182.63236844005127,101-500
23169,2011-11,40.0,212.13536748979428,172.13536748979428,11-50
23170,2011-11,130.0,401.3219085527234,271.3219085527234,101-500
23171,2011-11,154.0,389.9722657477958,235.9722657477958,101-500
23172,2011-11,178.0,228.3841380264094,50.3841380264094,101-500
23173,2011-11,39.0,182.7261749040107,143.7261749040107,11-50
23174,2011-11,42.0,165.89034148545673,123.89034148545673,11-50
23175,2011-11,35.0,218.16313091239286,183.16313091239286,11-50
23176,2011-09,163.0,256.28676431598586,93.28676431598586,101-500
23176,2011-10,568.0,205.74353849689325,362.2564615031067,501-1000
23176,2011-11,31.0,224.9419305908197,193.9419305908197,11-50
23177,2011-09,126.0,197.3108214708927,71.3108214708927,101-500
23177,2011-10,601.0,173.12330741036513,427.8766925896349,501-1000
23177,2011-11,523.0,225.13517547361505,297.86482452638495,501-1000
23178,2011-09,16.0,48.638749750414746,32.638749750414746,11-50
23178,2011-10,32.0,46.21565959001035,14.215659590010347,11-50
23178,2011-11,18.0,35.091673940890246,17.091673940890246,11-50
23179,2011-09,8.0,24.842787225101556,16.842787225101556,0-10
23179,2011-10,50.0,23.220666541550713,26.779333458449287,11-50
23179,2011-11,3.0,39.93258564474566,36.93258564474566,0-10
23180,2011-09,5.0,31.99551474703782,26.99551474703782,0-10
23180,2011-10,11.0,25.29113813463597,14.291138134635968,11-50
23180,2011-11,14.0,15.551433898939289,1.5514338989392886,11-50
23181,2011-09,11.0,44.29718310437633,33.29718310437633,11-50
23181,2011-10,25.0,27.18308729492839,2.1830872949283915,11-50
23181,2011-11,10.0,38.78804580356491,28.788045803564913,0-10
23182,2011-09,227.0,472.4086871325792,245.4086871325792,101-500
23182,2011-10,328.0,333.685893683929,5.6858936839290095,101-500
23182,2011-11,53.0,213.01022642870862,160.01022642870862,51-100
23183,2011-09,22.0,63.4202094214896,41.4202094214896,11-50
23183,2011-10,19.0,75.2683081786465,56.26830817864651,11-50
23183,2011-11,6.0,21.95429651791308,15.954296517913079,0-10
23184,2011-09,65.0,119.10224843653042,54.10224843653042,51-100
23184,2011-10,130.0,101.99768056560738,28.002319434392618,101-500
23184,2011-11,38.0,92.60364198726293,54.60364198726293,11-50
23185,2011-09,27.0,75.41632788483953,48.41632788483953,11-50
23185,2011-10,107.0,80.6184283036409,26.381571696359103,101-500
23185,2011-11,9.0,85.13833901163045,76.13833901163045,0-10
23186,2011-09,188.0,408.3296953907938,220.3296953907938,101-500
23186,2011-10,479.0,215.17032282517715,263.82967717482285,101-500
23186,2011-11,54.0,244.3814510247282,190.3814510247282,51-100
23187,2011-09,300.0,507.79146481264934,207.79146481264934,101-500
23187,2011-10,10.0,365.1946071202394,355.1946071202394,0-10
23190,2011-11,39.0,156.06294725756953,117.06294725756953,11-50
23191,2011-11,82.0,176.02086157840284,94.02086157840284,51-100
23192,2011-11,223.0,320.62138047933706,97.62138047933706,101-500
23193,2011-09,41.0,169.89433263069944,128.89433263069944,11-50
23193,2011-10,524.0,113.37547003182334,410.62452996817666,501-1000
23193,2011-11,407.0,232.8656838249346,174.1343161750654,101-500
23194,2011-09,79.0,189.57006737802456,110.57006737802456,51-100
23194,2011-10,555.0,146.1369573795238,408.8630426204762,501-1000
23194,2011-11,37.0,227.99704627790035,190.99704627790035,11-50
23199,2011-10,1553.0,2175.340881479865,622.340881479865,1001-5000
23199,2011-11,240.0,1553.197950519434,1313.197950519434,101-500
23200,2011-11,120.0,565.3842182979043,445.38421829790434,101-500
23201,2011-10,1951.0,1887.7714366175692,63.22856338243082,1001-5000
23201,2011-11,631.0,864.8013705614256,233.80137056142564,501-1000
23202,2011-11,490.0,824.888879794092,334.88887979409196,101-500
23203,2011-11,666.0,2688.931258406867,2022.931258406867,501-1000
23204,2011-10,993.0,992.9515873067833,0.048412693216732805,501-1000
23204,2011-11,366.0,404.1473499462397,38.14734994623967,101-500
23205,2011-10,822.0,860.1128608222986,38.11286082229856,501-1000
23205,2011-11,185.0,471.64067999256633,286.64067999256633,101-500
23206,2011-10,1265.0,1478.4524713102867,213.45247131028668,1001-5000
23206,2011-11,194.0,764.5358703946011,570.5358703946011,101-500
23207,2011-10,885.0,974.7895706325652,89.78957063256519,501-1000
23207,2011-11,113.0,678.5456791694247,565.5456791694247,101-500
23208,2011-10,709.0,973.5583791869075,264.5583791869075,501-1000
23208,2011-11,331.0,402.57348675703696,71.57348675703696,101-500
23209,2011-11,456.0,789.9754375117454,333.97543751174544,101-500
23221,2011-11,110.0,220.09887242768252,110.09887242768252,101-500
23226,2011-11,34.0,104.57254480272586,70.57254480272586,11-50
23227,2011-11,40.0,142.15742281255345,102.15742281255345,11-50
23228,2011-11,39.0,188.09545555367188,149.09545555367188,11-50
23230,2011-07,300.0,786.263339809999,486.263339809999,101-500
23230,2011-08,500.0,625.2638366661284,125.26383666612844,101-500
23230,2011-09,650.0,616.8962805216061,33.10371947839394,501-1000
23230,2011-10,900.0,708.1152140202691,191.88478597973085,501-1000
23230,2011-11,100.0,470.3348564007607,370.3348564007607,51-100
23231,2011-07,725.0,737.7501441939335,12.750144193933465,501-1000
23231,2011-08,874.0,814.5095129116082,59.490487088391774,501-1000
23231,2011-09,500.0,821.7875705871763,321.78757058717633,101-500
23231,2011-10,550.0,753.0397369224721,203.03973692247212,501-1000
23231,2011-11,200.0,364.9654541984521,164.9654541984521,101-500
23232,2011-07,675.0,754.1747713866639,79.1747713866639,501-1000
23232,2011-08,725.0,780.7338269732655,55.733826973265536,501-1000
23232,2011-09,1350.0,837.1638076495016,512.8361923504984,1001-5000
23232,2011-10,1025.0,900.6241321773451,124.37586782265487,1001-5000
23232,2011-11,250.0,466.50435268941817,216.50435268941817,101-500
23233,2011-07,600.0,430.54683786519877,169.45316213480123,501-1000
23233,2011-08,275.0,490.15007677276395,215.15007677276395,101-500
23233,2011-09,1100.0,381.43265479634925,718.5673452036508,1001-5000
23233,2011-10,225.0,661.7058546275356,436.7058546275356,101-500
23233,2011-11,25.0,224.9975360819356,199.9975360819356,11-50
23253,2011-10,14.0,29.530130899793463,15.530130899793463,11-50
23253,2011-11,3.0,22.227192249117245,19.227192249117245,0-10
23254,2011-10,317.0,204.2689984210172,112.73100157898281,101-500
23254,2011-11,34.0,193.49923030686267,159.49923030686267,11-50
23255,2011-10,114.0,153.57961728331802,39.579617283318015,101-500
23255,2011-11,34.0,82.56231283796824,48.562312837968236,11-50
23256,2011-10,345.0,292.2395373983608,52.760462601639176,101-500
23256,2011-11,120.0,215.86840864680812,95.86840864680812,101-500
23280,2011-11,195.0,150.92783642118957,44.07216357881043,101-500
23281,2011-11,147.0,74.69042463995862,72.30957536004138,101-500
23282,2011-11,12.0,85.91699906748839,73.91699906748839,11-50
23283,2011-10,105.0,213.0253942236254,108.0253942236254,101-500
23283,2011-11,47.0,94.57798190485352,47.577981904853516,11-50
23284,2011-10,729.0,1665.1285995861217,936.1285995861217,501-1000
23284,2011-11,186.0,590.3145983105912,404.31459831059124,101-500
23298,2011-11,138.0,864.0953748951877,726.0953748951877,101-500
23299,2011-11,4.0,37.26548603217981,33.26548603217981,0-10
23300,2011-11,441.0,689.954018770564,248.95401877056395,101-500
23301,2011-11,700.0,1360.822415240141,660.822415240141,501-1000
23302,2011-11,435.0,112.5042108941524,322.4957891058476,101-500
23348,2011-10,206.0,315.3228125835725,109.3228125835725,101-500
23444,2011-11,10.0,37.33466886207594,27.334668862075937,0-10
35001G,2011-11,27.0,42.058674270100354,15.058674270100354,11-50
35004B,2011-07,9.0,60.678068518895834,51.678068518895834,0-10
35004B,2011-08,8.0,45.26563411454795,37.26563411454795,0-10
35004B,2011-09,99.0,25.325732613098733,73.67426738690126,51-100
35004B,2011-10,19.0,79.77021338563159,60.77021338563159,11-50
35004B,2011-11,10.0,38.998235685965426,28.998235685965426,0-10
35004G,2011-09,7.0,19.32134866516658,12.321348665166578,0-10
35004G,2011-10,15.0,19.32134866516658,4.321348665166578,11-50
35004G,2011-11,25.0,16.834707493526775,8.165292506473225,11-50
35095A,2011-07,38.0,83.10773651948286,45.107736519482856,11-50
35095A,2011-08,10.0,89.88216192130167,79.88216192130167,0-10
35095A,2011-09,36.0,73.16230987530064,37.162309875300636,11-50
35095A,2011-10,204.0,85.79200454884123,118.20799545115877,101-500
35095A,2011-11,49.0,108.80093015573125,59.80093015573125,11-50
35095B,2011-07,37.0,77.11456897603917,40.114568976039166,11-50
35095B,2011-08,78.0,74.3397363824527,3.660263617547301,51-100
35095B,2011-09,39.0,103.05404768442327,64.05404768442327,11-50
35095B,2011-10,91.0,98.83043551306943,7.830435513069432,51-100
35095B,2011-11,17.0,67.48532795249449,50.48532795249449,11-50
35265,2011-08,1.0,35.69166701496239,34.69166701496239,0-10
35265,2011-09,2.0,23.662915311205,21.662915311205,0-10
35443,2011-09,1.0,36.86889358311649,35.86889358311649,0-10
35443,2011-10,3.0,36.86889358311649,33.86889358311649,0-10
35471D,2011-07,131.0,110.88274926476326,20.117250735236738,101-500
35471D,2011-08,338.0,169.30574435408857,168.69425564591143,101-500
35471D,2011-09,181.0,301.5632027358277,120.5632027358277,101-500
35471D,2011-10,718.0,222.99388571130282,495.0061142886972,501-1000
35471D,2011-11,102.0,247.38115519547767,145.38115519547767,101-500
35598B,2011-09,27.0,169.9062134363073,142.9062134363073,11-50
35598B,2011-10,135.0,90.05899847620334,44.94100152379666,101-500
35598D,2011-07,48.0,49.666663759989724,1.6666637599897243,11-50
35598D,2011-08,337.0,63.975418419579775,273.0245815804202,101-500
35598D,2011-09,54.0,184.73956364986273,130.73956364986273,51-100
35598D,2011-10,77.0,86.87276222555971,9.872762225559711,51-100
35598D,2011-11,48.0,83.66932985773914,35.66932985773914,11-50
35599B,2011-09,28.0,31.99551474703782,3.99551474703782,11-50
35599B,2011-10,80.0,44.29718310437633,35.70281689562367,51-100
35599B,2011-11,72.0,54.96312685110663,17.03687314889337,51-100
35599D,2011-08,21.0,24.272816122573214,3.2728161225732144,11-50
35599D,2011-09,12.0,39.29614033481127,27.29614033481127,11-50
35599D,2011-10,80.0,30.23752577784761,49.76247422215239,51-100
35599D,2011-11,41.0,60.50404433551643,19.504044335516433,11-50
35637A,2011-07,88.0,20.491672524342565,67.50832747565744,51-100
35637A,2011-08,42.0,72.15810101757948,30.158101017579483,11-50
35637A,2011-09,9.0,60.449074123701024,51.449074123701024,0-10
35637A,2011-10,7.0,43.934478758197116,36.934478758197116,0-10
35637C,2011-07,0.0,19.32134866516658,19.32134866516658,0-10
35638B,2011-08,0.0,45.074625784998425,45.074625784998425,0-10
35646,2011-07,77.0,64.05525761947891,12.944742380521092,51-100
35646,2011-08,89.0,88.34358052949858,0.6564194705014188,51-100
35646,2011-09,35.0,103.72623333902025,68.72623333902025,11-50
35646,2011-10,129.0,59.107090508193686,69.89290949180631,101-500
35646,2011-11,15.0,91.66348617799467,76.66348617799467,11-50
35648,2011-07,155.0,91.6776779242691,63.322322075730895,101-500
35648,2011-08,99.0,145.56381421710074,46.56381421710074,51-100
35648,2011-09,118.0,120.33586715710393,2.3358671571039338,101-500
35648,2011-10,148.0,140.55126702351106,7.448732976488941,101-500
35648,2011-11,12.0,96.8754200109001,84.8754200109001,11-50
35649,2011-07,4.0,24.672983338771953,20.672983338771953,0-10
35649,2011-08,5.0,23.662915311205,18.662915311205,0-10
35649,2011-09,11.0,23.662915311205,12.662915311205001,11-50
35649,2011-10,14.0,25.800306681014387,11.800306681014387,11-50
35649,2011-11,5.0,18.372971815631345,13.372971815631345,0-10
35651,2011-07,12.0,61.1189753179181,49.1189753179181,11-50
35651,2011-08,91.0,44.06120026299905,46.93879973700095,51-100
35651,2011-09,12.0,76.89783649884318,64.89783649884318,11-50
35651,2011-10,33.0,47.84058084675586,14.840580846755863,11-50
35653,2011-07,4.0,71.07257510125513,67.07257510125513,0-10
35810A,2011-07,26.0,99.91059783715465,73.91059783715465,11-50
35810A,2011-08,28.0,71.78988045842148,43.78988045842148,11-50
35810A,2011-09,34.0,55.4798043857134,21.4798043857134,11-50
35818B,2011-09,0.0,53.75041448553835,53.75041448553835,0-10
35818P,2011-10,125.0,80.6184283036409,44.3815716963591,101-500
35818P,2011-11,2.0,92.19243351267338,90.19243351267338,0-10
35819B,2011-09,101.0,78.54920735920436,22.45079264079564,101-500
35819B,2011-10,90.0,113.6751771101014,23.6751771101014,51-100
35833P,2011-07,0.0,24.84014187935909,24.84014187935909,0-10
35833P,2011-10,19.0,36.86889358311649,17.86889358311649,11-50
35911A,2011-07,2.0,62.629174774678674,60.629174774678674,0-10
35911A,2011-08,63.0,46.024759327217836,16.975240672782164,51-100
35911A,2011-09,10.0,67.79932373106047,57.79932373106047,0-10
35911A,2011-10,2.0,60.44035318638146,58.44035318638146,0-10
35912B,2011-07,0.0,63.215185779967925,63.215185779967925,0-10
35916A,2011-07,14.0,76.73410394288948,62.734103942889476,11-50
35916A,2011-08,0.0,65.24397464376403,65.24397464376403,0-10
35916B,2011-07,21.0,76.73410394288948,55.734103942889476,11-50
35916B,2011-08,1.0,74.92913294674493,73.92913294674493,0-10
35916B,2011-09,1.0,43.15523680949894,42.15523680949894,0-10
35916C,2011-07,12.0,47.93349926191359,35.93349926191359,11-50
35916C,2011-08,0.0,50.11898170691747,50.11898170691747,0-10
35923,2011-07,62.0,148.6320036919821,86.6320036919821,51-100
35923,2011-08,50.0,462.10822356391446,412.10822356391446,11-50
35923,2011-09,386.0,104.00685544011587,281.9931445598841,101-500
35923,2011-10,130.0,215.6314342747764,85.63143427477641,101-500
35923,2011-11,24.0,118.44963459606242,94.44963459606242,11-50
35924,2011-07,74.0,76.90789607715575,2.9078960771557547,51-100
35924,2011-08,2.0,76.22586368982559,74.22586368982559,0-10
35924,2011-09,84.0,48.59884197452697,35.40115802547303,51-100
35924,2011-10,13.0,73.27370941481288,60.273709414812885,11-50
35924,2011-11,1.0,41.64113835135249,40.64113835135249,0-10
35933,2011-07,12.0,67.85211108535559,55.85211108535559,11-50
35933,2011-08,122.0,52.058118535973556,69.94188146402644,101-500
35933,2011-09,31.0,120.54263028015572,89.54263028015572,11-50
35933,2011-10,9.0,80.6184283036409,71.6184283036409,0-10
35953,2011-07,33.0,40.207844103593075,7.207844103593075,11-50
35953,2011-08,300.0,59.85434218109221,240.1456578189078,101-500
35953,2011-09,857.0,232.95114797576883,624.0488520242311,501-1000
35953,2011-10,1935.0,504.90992522276895,1430.0900747772312,1001-5000
35953,2011-11,390.0,719.4038845426674,329.40388454266736,101-500
35954,2011-08,555.0,69.00608018421298,485.993919815787,501-1000
35954,2011-09,232.0,400.2108254018252,168.21082540182522,101-500
35954,2011-10,250.0,175.13777936193853,74.86222063806147,101-500
35961,2011-07,373.0,151.3945118223011,221.6054881776989,101-500
35961,2011-08,200.0,232.09595584014306,32.09595584014306,101-500
35961,2011-09,172.0,222.0854869736342,50.085486973634204,101-500
35961,2011-10,250.0,221.46050486232866,28.539495137671338,101-500
35961,2011-11,74.0,155.01075399373306,81.01075399373306,51-100
35964,2011-08,96.0,23.662915311205,72.337084688795,51-100
35964,2011-09,305.0,110.15750315277013,194.84249684722988,101-500
35964,2011-10,269.0,279.3266502916069,10.326650291606882,101-500
35964,2011-11,83.0,143.05813895586206,60.05813895586206,51-100
35965,2011-07,5.0,93.47625057848846,88.47625057848846,0-10
35965,2011-08,18.0,63.182304769577364,45.182304769577364,11-50
35965,2011-09,0.0,44.14323484610648,44.14323484610648,0-10
35967,2011-07,58.0,56.52524707912482,1.4747529208751828,51-100
35967,2011-08,66.0,69.77140684740681,3.7714068474068085,51-100
35967,2011-09,121.0,95.2483200868916,25.751679913108404,101-500
35967,2011-10,117.0,146.53691722408576,29.536917224085755,101-500
35967,2011-11,46.0,87.87419806520917,41.87419806520917,11-50
35968,2011-07,12.0,67.85211108535559,55.85211108535559,11-50
35968,2011-08,21.0,52.058118535973556,31.058118535973556,11-50
35968,2011-09,38.0,63.9617351837617,25.961735183761697,11-50
35968,2011-10,13.0,67.57999733941274,54.57999733941274,11-50
35970,2011-07,139.0,138.78580757717867,0.214192422821327,101-500
35970,2011-08,989.0,150.1395006763851,838.8604993236149,501-1000
35970,2011-09,1375.0,763.4045159069698,611.5954840930302,1001-5000
35970,2011-10,1812.0,1240.61617073348,571.38382926652,1001-5000
35970,2011-11,391.0,1297.0035544702525,906.0035544702525,101-500
35971,2011-07,7.0,43.404113565635505,36.404113565635505,0-10
35971,2011-08,9.0,33.87169754583188,24.87169754583188,0-10
35971,2011-09,37.0,24.672983338771953,12.327016661228047,11-50
35971,2011-10,116.0,48.601084793131456,67.39891520686854,101-500
35971,2011-11,6.0,74.27506826314878,68.27506826314878,0-10
35972,2011-07,0.0,39.643726176702955,39.643726176702955,0-10
35972,2011-10,4.0,49.33662815779473,45.33662815779473,0-10
37327,2011-07,240.0,267.7913461964928,27.791346196492782,101-500
37327,2011-08,150.0,181.16602335436858,31.166023354368576,101-500
37327,2011-09,6.0,185.5301845567661,179.5301845567661,0-10
37327,2011-10,16.0,112.67728489383244,96.67728489383244,11-50
37340,2011-07,378.0,358.8710382019014,19.1289617980986,101-500
37340,2011-08,178.0,239.93531801412104,61.93531801412104,101-500
37340,2011-09,210.0,302.0326441533554,92.03264415335542,101-500
37340,2011-10,294.0,243.63371671712846,50.366283282871535,101-500
37340,2011-11,40.0,160.5503743659655,120.5503743659655,11-50
37342,2011-07,55.0,251.5991287992487,196.5991287992487,51-100
37342,2011-08,1.0,125.71450178185424,124.71450178185424,0-10
37370,2011-09,3.0,52.41404658847251,49.41404658847251,0-10
37370,2011-10,7.0,30.904207808623585,23.904207808623585,0-10
37413,2011-08,52.0,93.77120536795427,41.771205367954266,51-100
37413,2011-09,35.0,88.63210850113572,53.63210850113572,11-50
37413,2011-10,97.0,100.67438700061034,3.674387000610338,51-100
37413,2011-11,28.0,61.34812944095082,33.34812944095082,11-50
37446,2011-07,68.0,92.73891435698035,24.738914356980345,51-100
37446,2011-08,69.0,83.56009825375222,14.560098253752216,51-100
37446,2011-09,62.0,111.89620268594429,49.89620268594429,51-100
37446,2011-10,62.0,104.16328978845651,42.16328978845651,51-100
37446,2011-11,32.0,55.0451869743921,23.045186974392102,11-50
37447,2011-07,85.0,64.13041803274503,20.869581967254973,51-100
37447,2011-08,20.0,83.83568872759243,63.83568872759243,11-50
37447,2011-09,67.0,56.43736878274951,10.562631217250491,51-100
37447,2011-10,56.0,66.17650855897823,10.176508558978227,51-100
37447,2011-11,25.0,57.16110446119723,32.16110446119723,11-50
37448,2011-07,76.0,91.09042604990404,15.090426049904039,51-100
37448,2011-08,37.0,106.18874882149645,69.18874882149645,11-50
37448,2011-09,79.0,69.41217873681259,9.587821263187408,51-100
37448,2011-10,141.0,98.99222889610652,42.007771103893475,101-500
37448,2011-11,37.0,86.49849182447791,49.49849182447791,11-50
37449,2011-07,69.0,33.04843123756337,35.95156876243663,51-100
37449,2011-08,8.0,63.52893104609546,55.52893104609546,0-10
37449,2011-09,72.0,44.29933588971623,27.700664110283768,51-100
37449,2011-10,41.0,80.42662075094404,39.42662075094404,11-50
37449,2011-11,3.0,46.69163273828883,43.69163273828883,0-10
37450,2011-07,54.0,57.676090397689414,3.676090397689414,51-100
37450,2011-08,37.0,55.63466269096202,18.634662690962017,11-50
37450,2011-09,49.0,58.62760608070975,9.627606080709747,11-50
37450,2011-10,54.0,81.28038704404783,27.280387044047828,51-100
37450,2011-11,4.0,53.607984186022094,49.607984186022094,0-10
37462E,2011-07,0.0,53.780034639034504,53.780034639034504,0-10
37462E,2011-11,1.0,31.32628418532182,30.32628418532182,0-10
37467,2011-07,36.0,62.629174774678674,26.629174774678674,11-50
37467,2011-08,0.0,61.28042502589245,61.28042502589245,0-10
37468,2011-07,0.0,49.783661322427456,49.783661322427456,0-10
37475,2011-07,5.0,26.130170804402873,21.130170804402873,0-10
37475,2011-08,1.0,22.46986942572293,21.46986942572293,0-10
37475,2011-09,1.0,18.880484830624948,17.880484830624948,0-10
37475,2011-10,16.0,18.880484830624948,2.8804848306249475,11-50
37475,2011-11,1.0,16.229949257960634,15.229949257960634,0-10
37476,2011-07,0.0,18.880484830624948,18.880484830624948,0-10
37479P,2011-07,6.0,58.39992132961428,52.39992132961428,0-10
37479P,2011-08,30.0,66.13019498229461,36.13019498229461,11-50
37479P,2011-09,20.0,61.7334619622918,41.7334619622918,11-50
37479P,2011-10,22.0,66.70694762385203,44.70694762385203,11-50
37489A,2011-07,2.0,47.36938133502347,45.36938133502347,0-10
37489A,2011-08,9.0,44.594548741437,35.594548741437,0-10
37489A,2011-09,4.0,44.594548741437,40.594548741437,0-10
37489A,2011-10,4.0,49.54601619884365,45.54601619884365,0-10
37489B,2011-07,0.0,47.36938133502347,47.36938133502347,0-10
37489D,2011-07,2.0,47.36938133502347,45.36938133502347,0-10
37489D,2011-08,11.0,44.594548741437,33.594548741437,11-50
37489D,2011-09,5.0,45.15866666832712,40.15866666832712,0-10
37489D,2011-10,7.0,51.00520204544804,44.00520204544804,0-10
37489D,2011-11,2.0,30.76216625843171,28.76216625843171,0-10
37495,2011-07,20.0,68.84640023900629,48.846400239006286,11-50
37495,2011-08,23.0,53.44798046594701,30.447980465947012,11-50
37495,2011-09,77.0,48.196500980760455,28.803499019239545,51-100
37495,2011-10,44.0,90.5639635878498,46.5639635878498,11-50
37495,2011-11,4.0,53.860958295764995,49.860958295764995,0-10
37500,2011-07,26.0,26.344054625161487,0.3440546251614869,11-50
37500,2011-08,44.0,40.48315529738041,3.5168447026195935,11-50
37500,2011-09,49.0,70.85837113169114,21.858371131691143,11-50
37500,2011-10,81.0,77.94717918406879,3.052820815931213,51-100
37500,2011-11,15.0,61.39006176884028,46.39006176884028,11-50
37501,2011-07,1.0,22.788545143096073,21.788545143096073,0-10
40001,2011-07,74.0,108.12423096403207,34.124230964032066,51-100
40001,2011-08,125.0,87.63311238038742,37.366887619612584,101-500
40001,2011-09,147.0,124.10885697339171,22.89114302660829,101-500
40001,2011-10,15.0,121.35895817585349,106.35895817585349,11-50
40016,2011-07,123.0,356.3948561251162,233.39485612511618,101-500
40016,2011-08,938.0,193.6037749459848,744.3962250540152,501-1000
40046A,2011-09,12.0,36.86889358311649,24.86889358311649,11-50
44234,2011-07,48.0,81.46650653562591,33.46650653562591,11-50
44234,2011-08,19.0,88.3589681200781,69.3589681200781,11-50
44234,2011-09,0.0,72.07298594106612,72.07298594106612,0-10
44235,2011-11,3.0,31.81508274895722,28.81508274895722,0-10
46000M,2011-07,10.0,73.19277762976708,63.19277762976708,0-10
46000M,2011-08,136.0,41.37628823731895,94.62371176268104,101-500
46000M,2011-09,189.0,136.55962081261842,52.44037918738158,101-500
46000M,2011-10,139.0,192.74273496152202,53.74273496152202,101-500
46000M,2011-11,26.0,95.78062657691363,69.78062657691363,11-50
46000R,2011-07,10.0,39.963043786979625,29.963043786979625,0-10
46000R,2011-08,10.0,36.1781431658262,26.1781431658262,0-10
46000R,2011-09,17.0,42.588796469837234,25.588796469837234,11-50
46000R,2011-10,18.0,48.64427215063682,30.644272150636823,11-50
46000R,2011-11,2.0,34.81188966763152,32.81188966763152,0-10
46000S,2011-07,73.0,108.38360516576405,35.38360516576405,51-100
46000S,2011-08,287.0,108.44959228278827,178.55040771721173,101-500
46000S,2011-09,185.0,246.63394500265343,61.633945002653434,101-500
46000S,2011-10,220.0,209.6310061698183,10.368993830181694,101-500
46000S,2011-11,35.0,111.81749496872568,76.81749496872568,11-50
46000U,2011-09,28.0,38.27511575243527,10.27511575243527,11-50
46000U,2011-10,0.0,60.25251101631748,60.25251101631748,0-10
46118,2011-08,46.0,35.891028356414644,10.108971643585356,11-50
46118,2011-09,38.0,66.26458988171883,28.264589881718834,11-50
46118,2011-10,35.0,66.09910323905221,31.099103239052212,11-50
46118,2011-11,8.0,48.581372306072886,40.581372306072886,0-10
46138B,2011-07,0.0,51.71168632628831,51.71168632628831,0-10
46775D,2011-07,6.0,18.880484830624948,12.880484830624948,0-10
46775D,2011-08,12.0,19.32134866516658,7.321348665166578,11-50
46775D,2011-09,4.0,22.064945967261846,18.064945967261846,0-10
46775D,2011-10,4.0,25.29113813463597,21.29113813463597,0-10
46775D,2011-11,2.0,13.371347529813546,11.371347529813546,0-10
46776A,2011-07,9.0,27.73127016441572,18.73127016441572,0-10
46776A,2011-08,39.0,24.793939984469997,14.206060015530003,11-50
46776A,2011-09,13.0,66.42445937815945,53.424459378159455,11-50
46776A,2011-10,37.0,44.45936909822432,7.459369098224322,11-50
46776A,2011-11,20.0,34.649425171235954,14.649425171235954,11-50
46776B,2011-07,6.0,20.327396980181238,14.327396980181238,0-10
46776B,2011-08,43.0,23.220666541550713,19.779333458449287,11-50
46776B,2011-09,15.0,69.67024342141514,54.67024342141514,11-50
46776B,2011-10,34.0,63.58239541533759,29.582395415337587,11-50
46776B,2011-11,16.0,34.649425171235954,18.649425171235954,11-50
46776C,2011-07,0.0,18.880484830624948,18.880484830624948,0-10
46776C,2011-10,27.0,31.477798855501554,4.477798855501554,11-50
46776C,2011-11,15.0,36.75922468413843,21.75922468413843,11-50
46776D,2011-07,1.0,20.327396980181238,19.327396980181238,0-10
46776D,2011-08,15.0,22.779802707009082,7.7798027070090825,11-50
46776D,2011-09,9.0,26.80636808607464,17.80636808607464,0-10
46776D,2011-10,18.0,29.631319845561734,11.631319845561734,11-50
46776D,2011-11,17.0,21.85085772940845,4.85085772940845,11-50
46776E,2011-07,4.0,22.779802707009082,18.779802707009082,0-10
46776E,2011-08,14.0,22.779802707009082,8.779802707009082,11-50
46776E,2011-09,11.0,27.663771048505634,16.663771048505634,11-50
46776E,2011-10,14.0,30.029488680787008,16.029488680787008,11-50
46776E,2011-11,5.0,23.913889300041195,18.913889300041195,0-10
46776F,2011-07,7.0,27.17891411873389,20.17891411873389,0-10
46776F,2011-08,50.0,25.634946528954686,24.365053471045314,11-50
46776F,2011-09,34.0,69.67024342141514,35.67024342141514,11-50
46776F,2011-10,38.0,76.89322943539203,38.89322943539203,11-50
46776F,2011-11,22.0,42.59820605200875,20.59820605200875,11-50
47310M,2011-07,65.0,43.50696952939764,21.493030470602363,51-100
47310M,2011-08,27.0,61.17893940560428,34.17893940560428,11-50
47310M,2011-09,52.0,86.62678212251653,34.62678212251653,51-100
47310M,2011-10,61.0,75.19993777772957,14.199937777729573,51-100
47310M,2011-11,35.0,56.952034185531176,21.952034185531176,11-50
47341B,2011-07,0.0,39.643726176702955,39.643726176702955,0-10
47341B,2011-10,6.0,36.86889358311649,30.86889358311649,0-10
47343A,2011-07,48.0,63.215185779967925,15.215185779967925,11-50
47348A,2011-07,12.0,74.84781853465259,62.84781853465259,11-50
47348A,2011-08,9.0,46.21158315885264,37.21158315885264,0-10
47351B,2011-08,0.0,49.41619243103684,49.41619243103684,0-10
47367B,2011-07,10.0,24.838019918899004,14.838019918899004,0-10
47367B,2011-08,0.0,24.672983338771953,24.672983338771953,0-10
47369A,2011-07,0.0,25.800306681014387,25.800306681014387,0-10
47369A,2011-11,1.0,15.215893151548743,14.215893151548743,0-10
47369B,2011-07,0.0,50.81536332890858,50.81536332890858,0-10
47369B,2011-10,5.0,18.880484830624948,13.880484830624948,0-10
47369B,2011-11,1.0,13.371347529813546,12.371347529813546,0-10
47420,2011-07,24.0,71.53044144884656,47.53044144884656,11-50
47420,2011-08,41.0,80.6184283036409,39.6184283036409,11-50
47420,2011-09,0.0,72.75302121907757,72.75302121907757,0-10
47421,2011-07,14.0,76.21228559470957,62.21228559470957,11-50
47421,2011-08,89.0,54.2646898384592,34.7353101615408,51-100
47421,2011-09,137.0,94.66627328766855,42.333726712331455,101-500
47421,2011-10,190.0,148.0634777215456,41.93652227845439,101-500
47421,2011-11,26.0,107.41680105509182,81.41680105509182,11-50
47422,2011-07,56.0,74.84781853465259,18.84781853465259,51-100
47422,2011-08,127.0,70.65762718593737,56.34237281406263,101-500
47422,2011-09,43.0,128.41576949766616,85.41576949766616,11-50
47422,2011-10,48.0,86.63050716904222,38.63050716904222,11-50
47422,2011-11,1.0,69.07758698383662,68.07758698383662,0-10
47469,2011-11,2.0,83.13858952226626,81.13858952226626,0-10
47471,2011-08,6.0,45.60461676900396,39.60461676900396,0-10
47471,2011-09,5.0,40.458278178214485,35.458278178214485,0-10
47471,2011-10,33.0,36.86889358311649,3.8688935831164883,11-50
47471,2011-11,6.0,41.74869776388526,35.74869776388526,0-10
47480,2011-07,6.0,63.89061390081768,57.89061390081768,0-10
47480,2011-08,36.0,35.23616460588887,0.7638353941111333,11-50
47480,2011-09,15.0,64.45481235815807,49.454812358158065,11-50
47480,2011-10,37.0,63.58239541533759,26.582395415337587,11-50
47480,2011-11,113.0,35.091673940890246,77.90832605910975,101-500
47481,2011-09,4.0,43.27954688712752,39.27954688712752,0-10
47481,2011-10,8.0,36.86889358311649,28.86889358311649,0-10
47503A,2011-07,513.0,217.1527038104372,295.8472961895628,501-1000
47503A,2011-08,446.0,386.1223205145596,59.87767948544041,101-500
47503A,2011-09,441.0,362.21895342213617,78.78104657786383,101-500
47503A,2011-10,391.0,339.5117141591525,51.48828584084748,101-500
47503H,2011-07,3.0,23.662915311205,20.662915311205,0-10
47503H,2011-08,9.0,23.662915311205,14.662915311205001,0-10
47503H,2011-09,43.0,27.102609035071055,15.897390964928945,11-50
47503H,2011-10,23.0,67.63198911771649,44.631989117716486,11-50
47503H,2011-11,1.0,56.18912780014267,55.18912780014267,0-10
47504H,2011-07,347.0,26.728259903335157,320.27174009666487,101-500
47504H,2011-08,81.0,235.46679200209482,154.46679200209482,51-100
47504H,2011-09,69.0,122.66669354066953,53.66669354066953,51-100
47504H,2011-10,126.0,120.3339016358164,5.666098364183597,101-500
47504H,2011-11,101.0,86.45576551709742,14.544234482902581,101-500
47504K,2011-07,475.0,154.71377924115436,320.2862207588456,101-500
47504K,2011-08,524.0,337.540650293011,186.45934970698897,501-1000
47504K,2011-09,120.0,461.0517814285317,341.0517814285317,101-500
47504K,2011-10,24.0,201.1685788800528,177.1685788800528,11-50
47518F,2011-07,72.0,156.56019046817906,84.56019046817906,51-100
47518F,2011-08,133.0,124.17883405721604,8.821165942783963,101-500
47518F,2011-09,36.0,135.4886721527328,99.48867215273279,11-50
47518F,2011-10,77.0,176.81401617477232,99.81401617477232,51-100
47559B,2011-07,88.0,129.0882453344326,41.0882453344326,51-100
47559B,2011-08,70.0,123.66502268045065,53.66502268045065,51-100
47559B,2011-09,186.0,116.57083081616759,69.42916918383241,101-500
47559B,2011-10,331.0,199.42413965576384,131.57586034423616,101-500
47559B,2011-11,77.0,191.70326010463845,114.70326010463845,51-100
47563A,2011-07,44.0,70.18689066673883,26.186890666738833,11-50
47563A,2011-08,21.0,63.78228198368006,42.78228198368006,11-50
47563A,2011-09,47.0,72.96917561828555,25.969175618285547,11-50
47563A,2011-10,29.0,73.77385493292932,44.773854932929325,11-50
47563A,2011-11,24.0,44.22312730875428,20.22312730875428,11-50
47566,2011-07,1695.0,1953.2393774158718,258.2393774158718,1001-5000
47566,2011-08,1133.0,2602.428352881643,1469.4283528816431,1001-5000
47566,2011-09,620.0,1748.9410571945402,1128.9410571945402,501-1000
47566,2011-10,916.0,1030.9473967846448,114.94739678464475,501-1000
47566,2011-11,136.0,765.9088313672937,629.9088313672937,101-500
47566B,2011-07,103.0,276.3111063449325,173.3111063449325,101-500
47566B,2011-08,44.0,208.52760448030455,164.52760448030455,11-50
47566B,2011-09,37.0,111.87246141369,74.87246141369,11-50
47566B,2011-10,19.0,91.39668109147944,72.39668109147944,11-50
47566B,2011-11,1.0,47.01613177302404,46.01613177302404,0-10
47566b,2011-07,0.0,52.4123054612483,52.4123054612483,0-10
47566b,2011-10,2.0,25.7320019691776,23.7320019691776,0-10
47567B,2011-07,75.0,47.367960460797015,27.632039539202985,51-100
47567B,2011-08,79.0,68.39902235678335,10.600977643216652,51-100
47567B,2011-09,55.0,96.80445786538907,41.80445786538907,51-100
47567B,2011-10,52.0,61.33829125589024,9.33829125589024,51-100
47567B,2011-11,14.0,47.88674240378526,33.88674240378526,11-50
47574A,2011-07,19.0,112.77990317352051,93.77990317352051,11-50
47574A,2011-08,64.0,87.78334383844607,23.783343838446072,51-100
47574A,2011-09,20.0,97.71894571764325,77.71894571764325,11-50
47578A,2011-07,12.0,45.275321747785156,33.275321747785156,11-50
47578A,2011-08,44.0,41.07529102450324,2.9247089754967632,11-50
47578A,2011-09,20.0,65.57383946442853,45.57383946442853,11-50
47578A,2011-10,56.0,65.45991056707504,9.459910567075042,51-100
47578A,2011-11,21.0,51.10539996157344,30.10539996157344,11-50
47580,2011-07,3.0,37.592653190732506,34.592653190732506,0-10
47580,2011-08,32.0,31.126485105741544,0.8735148942584559,11-50
47580,2011-09,14.0,43.96731898098783,29.967318980987827,11-50
47580,2011-10,11.0,35.32000772054642,24.32000772054642,11-50
47580,2011-11,4.0,23.56257555028119,19.56257555028119,0-10
47585A,2011-07,15.0,56.31162333763243,41.31162333763243,11-50
47585A,2011-08,7.0,35.2759277861174,28.2759277861174,0-10
47585A,2011-09,10.0,26.784918459703118,16.784918459703118,0-10
47585A,2011-10,9.0,21.384333183259052,12.384333183259052,0-10
47585A,2011-11,4.0,20.222864668366185,16.222864668366185,0-10
47586A,2011-08,2.0,23.662915311205,21.662915311205,0-10
47586A,2011-09,0.0,23.662915311205,23.662915311205,0-10
47590A,2011-07,186.0,191.84013197301988,5.840131973019879,101-500
47590A,2011-08,197.0,219.87153543268207,22.871535432682066,101-500
47590A,2011-09,149.0,224.15542483846784,75.15542483846784,101-500
47590A,2011-10,125.0,208.66852808164285,83.66852808164285,101-500
47590A,2011-11,6.0,104.71715456464108,98.71715456464108,0-10
47590B,2011-07,229.0,210.91065731108156,18.089342688918435,101-500
47590B,2011-08,232.0,236.70095433460537,4.70095433460537,101-500
47590B,2011-09,146.0,282.58316023805054,136.58316023805054,101-500
47590B,2011-10,125.0,214.40738032424318,89.40738032424318,101-500
47590B,2011-11,16.0,139.2880437943389,123.2880437943389,11-50
47591D,2011-07,226.0,178.24029618386172,47.759703816138284,101-500
47591D,2011-08,232.0,213.58647554320734,18.413524456792658,101-500
47591D,2011-09,299.0,250.61072579192066,48.38927420807934,101-500
47591D,2011-10,700.0,328.47379691916217,371.52620308083783,501-1000
47591D,2011-11,94.0,299.60509604322766,205.60509604322766,51-100
47591d,2011-07,6.0,29.157847574614646,23.157847574614646,0-10
47591d,2011-08,0.0,25.7320019691776,25.7320019691776,0-10
47593B,2011-07,282.0,218.40208207443135,63.59791792556865,101-500
47593B,2011-08,28.0,248.339514828044,220.339514828044,11-50
47593B,2011-09,103.0,148.15436144210503,45.15436144210503,101-500
47593B,2011-10,225.0,167.59083956066928,57.40916043933072,101-500
47593B,2011-11,213.0,121.28609418603638,91.71390581396362,101-500
47594A,2011-09,8.0,23.662915311205,15.662915311205001,0-10
47594A,2011-10,6.0,27.25229990630298,21.25229990630298,0-10
47594B,2011-07,1.0,23.662915311205,22.662915311205,0-10
47594B,2011-08,7.0,23.662915311205,16.662915311205,0-10
47594B,2011-09,6.0,23.662915311205,17.662915311205,0-10
47594B,2011-10,1.0,24.672983338771953,23.672983338771953,0-10
47599A,2011-07,179.0,230.6674209919517,51.6674209919517,101-500
47599A,2011-08,209.0,224.3553479836328,15.35534798363281,101-500
47599A,2011-09,62.0,199.36726988255774,137.36726988255774,51-100
47599A,2011-10,26.0,117.75458709672748,91.75458709672748,11-50
47599A,2011-11,12.0,67.6879037670873,55.687903767087306,11-50
47599B,2011-07,143.0,136.66408826535047,6.335911734649528,101-500
47599B,2011-08,31.0,117.17144705071742,86.17144705071742,11-50
47599B,2011-09,82.0,85.08859465076988,3.0885946507698776,51-100
47599B,2011-10,186.0,82.27419715986856,103.72580284013144,101-500
47599B,2011-11,12.0,88.8723503475687,76.8723503475687,11-50
48111,2011-07,52.0,68.1223144739856,16.122314473985597,51-100
48111,2011-08,534.0,79.57210044081431,454.4278995591857,501-1000
48111,2011-09,43.0,335.8816254616001,292.8816254616001,11-50
48111,2011-10,66.0,100.93004107156102,34.93004107156102,51-100
48111,2011-11,15.0,263.1292492460099,248.12924924600992,11-50
48116,2011-07,38.0,105.22790584375103,67.22790584375103,11-50
48116,2011-08,439.0,83.56480242187048,355.43519757812953,101-500
48116,2011-09,38.0,167.91107536460964,129.91107536460964,11-50
48116,2011-10,22.0,82.95796048665822,60.95796048665822,11-50
48116,2011-11,18.0,49.12421618838228,31.124216188382277,11-50
48129,2011-07,40.0,62.015251902560685,22.015251902560685,11-50
48129,2011-08,363.0,64.84629226628985,298.1537077337101,101-500
48129,2011-09,30.0,217.83642412733744,187.83642412733744,11-50
48129,2011-10,44.0,96.23289251713778,52.232892517137785,11-50
48129,2011-11,22.0,37.8336662029555,15.833666202955499,11-50
48138,2011-07,123.0,250.99217056523523,127.99217056523523,101-500
48138,2011-08,786.0,230.10824828743716,555.8917517125628,501-1000
48138,2011-09,167.0,622.512268926314,455.51226892631405,101-500
48138,2011-10,203.0,326.7287560670037,123.7287560670037,101-500
48138,2011-11,75.0,168.21272895992232,93.21272895992232,51-100
48173C,2011-07,29.0,301.3990888861423,272.3990888861423,11-50
48173C,2011-08,131.0,197.9067863239614,66.9067863239614,101-500
48173C,2011-09,80.0,136.4090952494234,56.40909524942339,51-100
48173C,2011-10,111.0,134.090969527799,23.09096952779899,101-500
48173C,2011-11,7.0,105.44358499048909,98.44358499048909,0-10
48184,2011-07,138.0,159.13543197869507,21.135431978695067,101-500
48184,2011-08,559.0,162.11436646222657,396.8856335377734,501-1000
48184,2011-09,93.0,419.2868647670106,326.2868647670106,51-100
48184,2011-10,149.0,155.55979741813897,6.55979741813897,101-500
48184,2011-11,48.0,103.56972884993252,55.56972884993252,11-50
48185,2011-07,89.0,157.9548779902316,68.95487799023161,51-100
48185,2011-08,622.0,197.31360545229677,424.68639454770323,501-1000
48185,2011-09,80.0,410.5612923141068,330.5612923141068,51-100
48185,2011-10,139.0,186.3962465859063,47.39624658590631,101-500
48185,2011-11,13.0,138.75072043293858,125.75072043293858,11-50
48187,2011-07,148.0,465.69238357841294,317.69238357841294,101-500
48187,2011-08,769.0,293.2455720147789,475.7544279852211,501-1000
48187,2011-09,129.0,628.07596203219,499.07596203219,101-500
48187,2011-10,243.0,327.08974350752356,84.08974350752356,101-500
48187,2011-11,42.0,167.2022896424248,125.2022896424248,11-50
48188,2011-07,74.0,339.5524930518657,265.5524930518657,51-100
48188,2011-08,192.0,219.7532195916158,27.75321959161579,101-500
48188,2011-09,109.0,216.6920948125574,107.6920948125574,101-500
48188,2011-10,40.0,200.18323559486376,160.18323559486376,11-50
48188,2011-11,1.0,62.40146268159974,61.40146268159974,0-10
48194,2011-07,161.0,430.42117047678477,269.42117047678477,101-500
48194,2011-08,666.0,308.0395624585141,357.9604375414859,501-1000
48194,2011-09,134.0,510.06662879515653,376.06662879515653,101-500
48194,2011-10,206.0,322.17444065396256,116.17444065396256,101-500
48194,2011-11,30.0,170.74995063586863,140.74995063586863,11-50
51008,2011-09,25.0,23.662915311205,1.3370846887949988,11-50
51008,2011-10,6.0,42.394045538068546,36.394045538068546,0-10
51014A,2011-07,435.0,270.6780963329334,164.32190366706658,101-500
51014A,2011-08,488.0,280.18170344309084,207.81829655690916,101-500
51014A,2011-09,784.0,395.6035847796454,388.3964152203546,501-1000
51014A,2011-10,963.0,609.4167883365088,353.58321166349117,501-1000
51014A,2011-11,149.0,402.73234938046954,253.73234938046954,101-500
51014C,2011-07,247.0,180.66247750262576,66.33752249737424,101-500
51014C,2011-08,301.0,203.42148115525288,97.57851884474712,101-500
51014C,2011-09,405.0,299.28485221639124,105.71514778360876,101-500
51014C,2011-10,826.0,326.91965285822175,499.08034714177825,501-1000
51014C,2011-11,76.0,366.2983308784235,290.2983308784235,51-100
51014L,2011-07,283.0,180.1829930751418,102.81700692485819,101-500
51014L,2011-08,226.0,228.5876861686819,2.5876861686818984,101-500
51014L,2011-09,328.0,225.03343588642383,102.96656411357617,101-500
51014L,2011-10,430.0,301.89138321114825,128.10861678885175,101-500
51014L,2011-11,60.0,202.8755303150337,142.8755303150337,51-100
62018,2011-07,1253.0,138.82433652501564,1114.1756634749843,1001-5000
62018,2011-08,6.0,482.49083463946795,476.49083463946795,0-10
62018,2011-09,407.0,112.9015787711365,294.0984212288635,101-500
62018,2011-10,28.0,491.0232527987254,463.0232527987254,11-50
62018,2011-11,210.0,94.90678334596176,115.09321665403824,101-500
70006,2011-07,24.0,34.96065265442696,10.960652654426958,11-50
70006,2011-08,8.0,42.394045538068546,34.394045538068546,0-10
70006,2011-09,97.0,32.818781055306346,64.18121894469365,51-100
70006,2011-10,68.0,84.96918299410102,16.96918299410102,51-100
70006,2011-11,87.0,54.209838449830364,32.790161550169636,51-100
70007,2011-07,12.0,45.227533329648736,33.227533329648736,11-50
70007,2011-08,16.0,45.453738691349606,29.453738691349606,11-50
70007,2011-09,141.0,36.73525022830151,104.26474977169849,101-500
70007,2011-10,118.0,133.69038565984354,15.690385659843542,101-500
70007,2011-11,49.0,75.89998951989429,26.89998951989429,11-50
71038,2011-07,0.0,43.89901426915106,43.89901426915106,0-10
71038,2011-10,22.0,46.58066891160758,24.58066891160758,11-50
71050,2011-11,6.0,36.98359103089614,30.983591030896143,0-10
71053,2011-07,138.0,142.30298497559693,4.302984975596928,101-500
71053,2011-08,204.0,187.49393168088713,16.50606831911287,101-500
71053,2011-09,80.0,207.69612326923064,127.69612326923064,51-100
71053,2011-10,144.0,139.7598426293487,4.240157370651303,101-500
71053,2011-11,17.0,103.66008931078518,86.66008931078518,11-50
71101E,2011-07,0.0,71.76062814254269,71.76062814254269,0-10
71101E,2011-10,30.0,60.44035318638146,30.440353186381458,11-50
71270,2011-07,32.0,24.672983338771953,7.327016661228047,11-50
71270,2011-08,2.0,48.240580915189476,46.240580915189476,0-10
71270,2011-09,47.0,33.87169754583188,13.128302454168121,11-50
71270,2011-10,19.0,50.98946587395612,31.98946587395612,11-50
71270,2011-11,3.0,41.009708255275484,38.009708255275484,0-10
71279,2011-07,0.0,48.240580915189476,48.240580915189476,0-10
71279,2011-10,18.0,36.293001458647225,18.293001458647225,11-50
71403,2011-07,1.0,19.32134866516658,18.32134866516658,0-10
71403,2011-08,19.0,21.294764818028927,2.294764818028927,11-50
71403,2011-09,2.0,32.06381945887461,30.06381945887461,0-10
71403,2011-10,17.0,29.190456011020103,12.190456011020103,11-50
71406C,2011-07,10.0,64.50829455587827,54.508294555878265,0-10
71406C,2011-08,30.0,53.75041448553835,23.75041448553835,11-50
71406C,2011-09,5.0,67.57999733941274,62.57999733941274,0-10
71406C,2011-10,26.0,54.80333097606388,28.803330976063883,11-50
71459,2011-07,828.0,1305.626941541038,477.6269415410379,501-1000
71459,2011-08,1400.0,1046.3399826959007,353.66001730409926,1001-5000
71459,2011-09,473.0,1240.6014555670836,767.6014555670836,101-500
71459,2011-10,892.0,933.1883838739342,41.188383873934185,501-1000
71459,2011-11,104.0,518.0248219306183,414.02482193061826,101-500
71477,2011-07,449.0,473.38228565479955,24.382285654799546,101-500
71477,2011-08,600.0,534.2571765818034,65.74282341819662,501-1000
71477,2011-09,880.0,628.1295165549377,251.8704834450623,501-1000
71477,2011-10,1042.0,655.5440844600743,386.45591553992574,1001-5000
71477,2011-11,480.0,706.1162971517964,226.1162971517964,101-500
71495B,2011-07,0.0,40.696642667228474,40.696642667228474,0-10
71496A,2011-07,2.0,63.215185779967925,61.215185779967925,0-10
71496A,2011-08,0.0,36.612622130732,36.612622130732,0-10
71510,2011-08,0.0,36.86889358311649,36.86889358311649,0-10
72122,2011-07,19.0,57.95774400525176,38.95774400525176,11-50
72122,2011-08,3.0,58.81543192963594,55.81543192963594,0-10
72122,2011-09,21.0,44.33246337765304,23.332463377653042,11-50
72122,2011-10,61.0,50.38954464832025,10.610455351679747,51-100
72122,2011-11,21.0,44.069782118987156,23.069782118987156,11-50
72127,2011-07,0.0,57.95774400525176,57.95774400525176,0-10
72127,2011-10,26.0,44.33246337765304,18.332463377653042,11-50
72128,2011-07,0.0,57.95774400525176,57.95774400525176,0-10
72128,2011-10,19.0,60.84724162376123,41.84724162376123,11-50
72128,2011-11,2.0,39.14574710725875,37.14574710725875,0-10
72130,2011-09,2.0,43.27954688712752,41.27954688712752,0-10
72130,2011-10,30.0,45.60461676900396,15.604616769003961,11-50
72131,2011-09,101.0,23.662915311205,77.337084688795,101-500
72131,2011-10,7.0,82.30939923660775,75.30939923660775,0-10
72132,2011-08,1.0,23.662915311205,22.662915311205,0-10
72132,2011-09,0.0,23.662915311205,23.662915311205,0-10
72133,2011-10,6.0,27.254421866763074,21.254421866763074,0-10
72133,2011-11,8.0,23.03651110011118,15.03651110011118,0-10
72134,2011-09,38.0,36.86889358311649,1.1311064168835117,11-50
72134,2011-10,0.0,61.7334619622918,61.7334619622918,0-10
72225C,2011-08,168.0,80.6184283036409,87.3815716963591,101-500
72225C,2011-09,48.0,136.3531757446948,88.3531757446948,11-50
72225C,2011-10,96.0,92.18251662109466,3.8174833789053366,51-100
72232,2011-07,146.0,217.6488419235269,71.6488419235269,101-500
72232,2011-08,402.0,237.10898844268428,164.89101155731572,101-500
72232,2011-09,146.0,194.89295274215132,48.89295274215132,101-500
72232,2011-10,328.0,162.45361952063982,165.54638047936018,101-500
72232,2011-11,144.0,134.79425933415428,9.205740665845724,101-500
72349B,2011-07,87.0,33.11673594940015,53.88326405059985,51-100
72349B,2011-08,21.0,96.02086281595648,75.02086281595648,11-50
72349B,2011-09,84.0,55.07290172269253,28.927098277307472,51-100
72349B,2011-10,95.0,78.23472388875811,16.76527611124189,51-100
72349B,2011-11,56.0,73.70362208529791,17.70362208529791,51-100
72349b,2011-08,7.0,23.220666541550713,16.220666541550713,0-10
72349b,2011-09,10.0,25.405839176811675,15.405839176811675,0-10
72349b,2011-10,22.0,25.80400801203695,3.804008012036949,11-50
72349b,2011-11,18.0,39.981448480331935,21.981448480331935,11-50
72351A,2011-07,53.0,70.56312803690122,17.56312803690122,51-100
72351A,2011-08,71.0,57.09494674162218,13.90505325837782,51-100
72351A,2011-09,55.0,77.50901515762388,22.509015157623878,51-100
72351A,2011-10,40.0,84.26977536085032,44.26977536085032,11-50
72351A,2011-11,20.0,46.067078796295185,26.067078796295185,11-50
72351B,2011-07,181.0,119.94715697499161,61.052843025008386,101-500
72351B,2011-08,223.0,161.07825318370564,61.92174681629436,101-500
72351B,2011-09,76.0,171.92787303671238,95.92787303671238,51-100
72351B,2011-10,74.0,132.8211952316353,58.8211952316353,51-100
72351B,2011-11,32.0,70.74858876606221,38.74858876606221,11-50
72586,2011-07,94.0,53.780034639034504,40.219965360965496,51-100
72586,2011-08,413.0,100.47600486065838,312.52399513934165,101-500
72586,2011-09,137.0,306.9614509334374,169.9614509334374,101-500
72586,2011-10,3.0,180.6954375623544,177.6954375623544,0-10
72586,2011-11,1.0,70.39402073246501,69.39402073246501,0-10
72598,2011-07,11.0,63.88240581883596,52.88240581883596,11-50
72598,2011-08,54.0,45.76848787483336,8.231512125166638,51-100
72598,2011-09,101.0,65.81280490123979,35.18719509876021,101-500
72598,2011-10,245.0,101.59075937493769,143.4092406250623,101-500
72598,2011-11,48.0,96.36686160017445,48.366861600174445,11-50
72741,2011-07,219.0,440.89593812229214,221.89593812229214,101-500
72741,2011-08,620.0,254.72250421652612,365.2774957834739,501-1000
72741,2011-09,636.0,436.0034532095876,199.99654679041242,501-1000
72741,2011-10,899.0,515.2487214999971,383.75127850000285,501-1000
72741,2011-11,102.0,405.72213188721486,303.72213188721486,101-500
72760B,2011-07,31.0,40.135639584860364,9.135639584860364,11-50
72760B,2011-08,17.0,44.29718310437633,27.29718310437633,11-50
72760B,2011-09,32.0,55.314838829992226,23.314838829992226,11-50
72760B,2011-10,29.0,63.4202094214896,34.4202094214896,11-50
72760B,2011-11,13.0,34.230962394301024,21.230962394301024,11-50
72780,2011-07,12.0,40.653794204269914,28.653794204269914,11-50
72780,2011-08,24.0,37.43301151000661,13.433011510006608,11-50
72780,2011-09,18.0,59.85434218109221,41.85434218109221,11-50
72780,2011-10,13.0,51.68206617279216,38.68206617279216,11-50
72780,2011-11,6.0,30.50008089464775,24.50008089464775,0-10
72799C,2011-11,59.0,19.684707300268578,39.31529269973142,51-100
72799E,2011-07,17.0,30.07356861521602,13.073568615216018,11-50
72799E,2011-08,22.0,30.490546015955314,8.490546015955314,11-50
72799E,2011-09,44.0,48.240580915189476,4.240580915189476,11-50
72799E,2011-10,49.0,73.77385493292932,24.773854932929325,11-50
72799E,2011-11,208.0,46.651039620180605,161.3489603798194,101-500
72799F,2011-07,12.0,30.07356861521602,18.07356861521602,11-50
72799F,2011-08,24.0,24.83323917038098,0.8332391703809812,11-50
72799F,2011-09,14.0,48.240580915189476,34.240580915189476,11-50
72799F,2011-10,16.0,34.26709123002088,18.26709123002088,11-50
72800B,2011-07,1.0,23.662915311205,22.662915311205,0-10
72800B,2011-08,9.0,23.662915311205,14.662915311205001,0-10
72800B,2011-09,3.0,23.662915311205,20.662915311205,0-10
72800B,2011-10,46.0,28.614382768611634,17.385617231388366,11-50
72800B,2011-11,49.0,35.483144767202134,13.516855232797866,11-50
72800C,2011-07,0.0,30.07356861521602,30.07356861521602,0-10
72800C,2011-10,29.0,23.78987073457604,5.210129265423959,11-50
72800C,2011-11,49.0,32.5300426843658,16.469957315634197,11-50
72800D,2011-07,4.0,23.662915311205,19.662915311205,0-10
72800D,2011-08,11.0,23.662915311205,12.662915311205001,11-50
72800D,2011-09,3.0,24.22703323809511,21.22703323809511,0-10
72800D,2011-10,9.0,30.07356861521602,21.07356861521602,0-10
72800E,2011-07,15.0,43.85316316593845,28.853163165938447,11-50
72800E,2011-08,32.0,32.97296411568136,0.9729641156813571,11-50
72800E,2011-09,52.0,48.638749750414746,3.361250249585254,51-100
72800E,2011-10,75.0,75.19993777772957,0.19993777772957344,51-100
72800E,2011-11,107.0,65.86686985511633,41.133130144883665,101-500
72801C,2011-09,2.0,46.8668635696465,44.8668635696465,0-10
72801C,2011-10,0.0,43.27954688712752,43.27954688712752,0-10
72801D,2011-10,1.0,31.250795183370133,30.250795183370133,0-10
72801D,2011-11,4.0,22.869352559524042,18.869352559524042,0-10
72801G,2011-09,2.0,31.250795183370133,29.250795183370133,0-10
72801G,2011-10,7.0,36.86889358311649,29.86889358311649,0-10
72801c,2011-07,1.0,24.672983338771953,23.672983338771953,0-10
72801c,2011-08,2.0,23.662915311205,21.662915311205,0-10
72801c,2011-09,3.0,23.662915311205,20.662915311205,0-10
72801c,2011-10,4.0,23.662915311205,19.662915311205,0-10
72801c,2011-11,2.0,16.09900575574465,14.099005755744649,0-10
72801d,2011-07,2.0,23.662915311205,21.662915311205,0-10
72801d,2011-08,2.0,23.662915311205,21.662915311205,0-10
72801d,2011-09,8.0,23.662915311205,15.662915311205001,0-10
72801d,2011-10,2.0,23.662915311205,21.662915311205,0-10
72801d,2011-11,7.0,18.513285743148625,11.513285743148625,0-10
72802A,2011-07,9.0,43.52507021133354,34.52507021133354,0-10
72802A,2011-08,13.0,25.7320019691776,12.732001969177599,11-50
72802A,2011-09,22.0,29.342457858133336,7.342457858133336,11-50
72802A,2011-10,36.0,43.89901426915106,7.89901426915106,11-50
72802A,2011-11,18.0,38.38987696833964,20.389876968339642,11-50
72802B,2011-07,27.0,48.196500980760455,21.196500980760455,11-50
72802B,2011-08,22.0,49.22441499033544,27.22441499033544,11-50
72802B,2011-09,557.0,49.22441499033544,507.77558500966455,501-1000
72802B,2011-10,165.0,286.62619430485177,121.62619430485177,101-500
72802C,2011-07,38.0,57.12375508612865,19.123755086128646,11-50
72802C,2011-08,33.0,54.43699525829974,21.43699525829974,11-50
72802C,2011-09,803.0,52.81207400155421,750.1879259984457,501-1000
72802C,2011-10,192.0,456.1447732652722,264.1447732652722,101-500
72803A,2011-07,19.0,23.220666541550713,4.220666541550713,11-50
72803A,2011-08,4.0,32.46257723370501,28.462577233705012,0-10
72803A,2011-09,416.0,29.190456011020103,386.8095439889799,101-500
72803A,2011-10,6.0,176.72061253663338,170.72061253663338,0-10
72807A,2011-07,17.0,33.04843123756337,16.04843123756337,11-50
72807A,2011-08,19.0,33.44660007278864,14.446600072788641,11-50
72807A,2011-09,10.0,52.56962638990191,42.56962638990191,0-10
72807A,2011-10,86.0,27.18308729492839,58.81691270507161,51-100
72807B,2011-07,10.0,32.53071534602707,22.530715346027073,0-10
72807B,2011-08,21.0,26.784918459703118,5.784918459703118,11-50
72807B,2011-09,16.0,39.62600445819977,23.626004458199773,11-50
72807B,2011-10,91.0,37.15040442107822,53.84959557892178,51-100
72807C,2011-07,24.0,70.5955495055695,46.595549505569494,11-50
72807C,2011-08,38.0,54.43699525829974,16.43699525829974,11-50
72807C,2011-09,70.0,65.73550939847908,4.264490601520919,51-100
72807C,2011-10,223.0,90.30944529795565,132.69055470204435,101-500
72811,2011-08,0.0,34.38247907205238,34.38247907205238,0-10
72812,2011-11,2.0,15.215893151548743,13.215893151548743,0-10
72816,2011-07,4.0,23.662915311205,19.662915311205,0-10
72816,2011-08,235.0,23.662915311205,211.337084688795,101-500
72816,2011-09,492.0,173.4276115179898,318.5723884820102,101-500
72817,2011-07,14.0,23.662915311205,9.662915311205001,11-50
72817,2011-08,211.0,36.39490717365703,174.60509282634297,101-500
72817,2011-09,463.0,197.83313583121895,265.16686416878105,101-500
72817,2011-10,394.0,440.79618753377247,46.79618753377247,101-500
72819,2011-07,0.0,28.614382768611634,28.614382768611634,0-10
72819,2011-10,9.0,43.56940226901292,34.56940226901292,0-10
72819,2011-11,64.0,22.509659059755666,41.49034094024434,51-100
75011,2011-07,73.0,41.90619333241492,31.093806667585078,51-100
75011,2011-08,15.0,78.02510676098017,63.025106760980165,11-50
75011,2011-09,24.0,62.702820342093425,38.702820342093425,11-50
75011,2011-10,1.0,62.596293764288106,61.596293764288106,0-10
75049L,2011-07,1052.0,747.2218934530541,304.7781065469459,1001-5000
75049L,2011-08,436.0,849.070015340013,413.070015340013,101-500
75049L,2011-09,72.0,654.274346763017,582.274346763017,51-100
75049L,2011-10,875.0,252.42862358599007,622.5713764140099,501-1000
75049L,2011-11,8.0,521.4102134096089,513.4102134096089,0-10
78034B,2011-08,0.0,23.662915311205,23.662915311205,0-10
78124,2011-07,0.0,65.70680462120333,65.70680462120333,0-10
78124,2011-10,30.0,61.28042502589245,31.28042502589245,11-50
79000,2011-07,708.0,241.43543658307237,466.5645634169276,501-1000
79000,2011-08,12.0,575.3098915371141,563.3098915371141,11-50
79030D,2011-07,12.0,109.96625983601847,97.96625983601847,11-50
79030D,2011-08,12.0,96.50718664798507,84.50718664798507,11-50
79030D,2011-09,6.0,65.02185604568595,59.02185604568595,0-10
79030D,2011-10,12.0,64.54237161820201,52.54237161820201,11-50
79051A,2011-07,144.0,93.52458148708011,50.47541851291989,101-500
79051A,2011-08,8.0,250.90714382134024,242.90714382134024,0-10
79051A,2011-09,58.0,94.08786930042974,36.087869300429745,51-100
79051A,2011-10,116.0,82.01267415325555,33.987325846744454,101-500
79051A,2011-11,54.0,97.29009723160299,43.290097231602985,51-100
79063C,2011-10,2.0,63.9617351837617,61.9617351837617,0-10
79063C,2011-11,1.0,37.17281956244273,36.17281956244273,0-10
79063D,2011-10,3.0,52.058118535973556,49.058118535973556,0-10
79066K,2011-07,57.0,69.83327802386593,12.83327802386593,51-100
79066K,2011-08,113.0,93.48697869771786,19.51302130228214,101-500
79066K,2011-09,24.0,128.83969025881444,104.83969025881444,11-50
79066K,2011-10,223.0,69.38396438418148,153.61603561581853,101-500
79066K,2011-11,9.0,107.86229625290501,98.86229625290501,0-10
79066k,2011-07,6.0,23.662915311205,17.662915311205,0-10
79066k,2011-08,0.0,23.662915311205,23.662915311205,0-10
79144B,2011-07,19.0,64.63214224491466,45.63214224491466,11-50
79144B,2011-08,19.0,59.40772133111268,40.40772133111268,11-50
79144B,2011-09,41.0,56.82920504301733,15.829205043017332,11-50
79144B,2011-10,14.0,70.83888687097202,56.83888687097202,11-50
79144B,2011-11,10.0,52.29781249928928,42.29781249928928,0-10
79144C,2011-07,7.0,65.68339916357228,58.683399163572275,0-10
79144C,2011-08,26.0,53.75041448553835,27.75041448553835,11-50
79144C,2011-09,38.0,56.59114827445753,18.59114827445753,11-50
79144C,2011-10,5.0,68.51802868090768,63.518028680907676,0-10
79144C,2011-11,6.0,42.828590119619356,36.828590119619356,0-10
79149B,2011-09,0.0,44.594548741437,44.594548741437,0-10
79160,2011-07,96.0,26.641313225499086,69.35868677450091,51-100
79160,2011-08,0.0,85.97076197846769,85.97076197846769,0-10
79160,2011-11,8.0,29.21626100321628,21.21626100321628,0-10
79163,2011-07,192.0,193.9465035266593,1.9465035266593134,101-500
79163,2011-08,20.0,205.23977915478477,185.23977915478477,11-50
79190A,2011-07,18.0,69.30319641110634,51.30319641110634,11-50
79190A,2011-08,57.0,56.82920504301733,0.1707949569826681,51-100
79190A,2011-09,19.0,75.89226337071659,56.89226337071659,11-50
79190A,2011-10,90.0,72.07298594106612,17.927014058933878,51-100
79190A,2011-11,39.0,58.2956066988123,19.2956066988123,11-50
79190B,2011-07,33.0,62.25449946028422,29.254499460284222,11-50
79190B,2011-08,41.0,68.94446439946971,27.94446439946971,11-50
79190B,2011-09,13.0,74.51565711435981,61.51565711435981,11-50
79190B,2011-10,84.0,66.13019498229461,17.86980501770539,51-100
79190B,2011-11,45.0,72.44625696645114,27.446256966451145,11-50
79190D,2011-07,23.0,60.49025797513437,37.49025797513437,11-50
79190D,2011-08,38.0,66.69377700088216,28.693777000882164,11-50
79190D,2011-09,3.0,67.97816617463802,64.97816617463802,0-10
79190D,2011-10,26.0,65.24397464376403,39.243974643764034,11-50
79190D,2011-11,15.0,47.901079479286494,32.901079479286494,11-50
79191B,2011-07,12.0,46.05437948071399,34.05437948071399,11-50
79191B,2011-08,12.0,43.27954688712752,31.279546887127523,11-50
79191B,2011-09,20.0,43.27954688712752,23.279546887127523,11-50
79191B,2011-10,23.0,55.18316353491566,32.18316353491566,11-50
79191B,2011-11,14.0,46.42012853331217,32.42012853331217,11-50
79191C,2011-07,185.0,80.01482733071018,104.98517266928982,101-500
79191C,2011-08,87.0,150.79487015817026,63.794870158170255,51-100
79191C,2011-09,48.0,104.82002534025612,56.82002534025612,11-50
79191C,2011-10,198.0,96.45029864820046,101.54970135179954,101-500
79191C,2011-11,36.0,91.85656300742467,55.85656300742467,11-50
79191D,2011-11,4.0,23.03651110011118,19.03651110011118,0-10
79302M,2011-07,5.0,38.897971499586,33.897971499586,0-10
79302M,2011-08,69.0,30.07356861521602,38.92643138478398,51-100
79302M,2011-09,51.0,62.90948321818867,11.909483218188669,51-100
79302M,2011-10,69.0,63.78228198368006,5.217718016319942,51-100
79302M,2011-11,30.0,60.67248913137839,30.67248913137839,11-50
79321,2011-07,398.0,584.1306391060202,186.13063910602023,101-500
79321,2011-08,675.0,441.67970940281396,233.32029059718604,501-1000
79321,2011-09,828.0,591.3445818902,236.65541810980005,501-1000
79321,2011-10,2092.0,758.0521775316599,1333.94782246834,1001-5000
79321,2011-11,462.0,945.7019312490464,483.7019312490464,101-500
79336,2011-08,6.0,61.7334619622918,55.7334619622918,0-10
79403,2011-07,12.0,46.05437948071399,34.05437948071399,11-50
79403,2011-08,0.0,43.27954688712752,43.27954688712752,0-10
79406,2011-07,9.0,74.84781853465259,65.84781853465259,0-10
79406,2011-08,0.0,46.12694965944646,46.12694965944646,0-10
81952V,2011-08,42.0,89.38528183343668,47.38528183343668,11-50
81952V,2011-09,8.0,132.02594272398343,124.02594272398343,0-10
81952V,2011-10,10.0,66.13019498229461,56.13019498229461,0-10
82001S,2011-07,108.0,87.86232444824746,20.137675551752537,101-500
82001S,2011-08,74.0,119.95610828184675,45.95610828184675,51-100
82001S,2011-09,128.0,102.68312457086552,25.316875429134484,101-500
82001S,2011-10,276.0,147.02215307632864,128.97784692367136,101-500
82001S,2011-11,14.0,117.15148902375851,103.15148902375851,11-50
82001s,2011-11,21.0,51.355770268914654,30.355770268914654,11-50
82011A,2011-09,1.0,22.779802707009082,21.779802707009082,0-10
82011A,2011-10,2.0,22.779802707009082,20.779802707009082,0-10
82011B,2011-08,2.0,22.779802707009082,20.779802707009082,0-10
82011B,2011-09,12.0,22.779802707009082,10.779802707009082,11-50
82011B,2011-10,12.0,24.3909904007267,12.3909904007267,11-50
82011C,2011-09,17.0,22.779802707009082,5.7798027070090825,11-50
82011C,2011-10,12.0,30.048297246301026,18.048297246301026,11-50
82482,2011-07,825.0,869.2069800111402,44.20698001114022,501-1000
82482,2011-08,970.0,940.7936257559323,29.20637424406766,501-1000
82482,2011-09,793.0,974.7553691899453,181.75536918994533,501-1000
82482,2011-10,1095.0,1066.0113514111335,28.988648588866454,1001-5000
82482,2011-11,149.0,549.3170166003194,400.31701660031945,101-500
82483,2011-07,220.0,137.84852176285537,82.15147823714463,101-500
82483,2011-08,212.0,271.2027943874994,59.20279438749941,101-500
82483,2011-09,191.0,251.76163864901562,60.76163864901562,101-500
82483,2011-10,313.0,276.5368902489597,36.46310975104029,101-500
82483,2011-11,112.0,189.60737687696235,77.60737687696235,101-500
82484,2011-07,265.0,399.6334417536066,134.63344175360658,101-500
82484,2011-08,518.0,348.33665971164004,169.66334028835996,501-1000
82484,2011-09,290.0,582.0597404458118,292.0597404458118,101-500
82484,2011-10,366.0,401.35426318141543,35.35426318141543,101-500
82484,2011-11,390.0,284.036993297878,105.96300670212202,101-500
82486,2011-07,208.0,155.05208333741712,52.947916662582884,101-500
82486,2011-08,163.0,237.15283675358634,74.15283675358634,101-500
82486,2011-09,171.0,218.2456629521735,47.24566295217349,101-500
82486,2011-10,286.0,245.19169746664792,40.80830253335208,101-500
82486,2011-11,91.0,137.50152870857488,46.50152870857488,51-100
82494L,2011-07,573.0,548.5763270879131,24.423672912086886,501-1000
82494L,2011-08,767.0,653.9345896636158,113.06541033638416,501-1000
82494L,2011-09,593.0,761.3792879117962,168.37928791179615,501-1000
82494L,2011-10,1058.0,781.1826333101465,276.81736668985354,1001-5000
82494L,2011-11,212.0,520.0064368524343,308.00643685243426,101-500
82494l,2011-09,19.0,19.32134866516658,0.32134866516657823,11-50
82494l,2011-10,41.0,28.732320840403144,12.267679159596856,11-50
82494l,2011-11,18.0,41.883843893461375,23.883843893461375,11-50
82551,2011-07,191.0,231.87186972535923,40.87186972535923,101-500
82551,2011-08,398.0,246.7322814739167,151.2677185260833,101-500
82551,2011-09,81.0,309.71577231449425,228.71577231449425,51-100
82551,2011-10,486.0,179.3830443273002,306.61695567269976,101-500
82551,2011-11,39.0,190.24126891873587,151.24126891873587,11-50
82552,2011-07,263.0,253.89962036473847,9.100379635261532,101-500
82552,2011-08,323.0,253.2311853600614,69.7688146399386,101-500
82552,2011-09,59.0,312.75360877258777,253.75360877258777,51-100
82552,2011-10,470.0,150.61595869597986,319.3840413040201,101-500
82552,2011-11,61.0,182.87931827706117,121.87931827706117,51-100
82567,2011-07,73.0,98.98446904581392,25.984469045813924,51-100
82567,2011-08,63.0,109.21270050671843,46.212700506718434,51-100
82567,2011-09,47.0,103.28700897423552,56.28700897423552,11-50
82567,2011-10,89.0,98.69438588037248,9.69438588037248,51-100
82567,2011-11,56.0,71.6921300682258,15.692130068225794,51-100
82578,2011-07,236.0,185.29242449890566,50.70757550109434,101-500
82578,2011-08,169.0,225.71210105221445,56.71210105221445,101-500
82578,2011-09,157.0,214.85782394486932,57.857823944869324,101-500
82578,2011-10,83.0,192.41204515568768,109.41204515568768,51-100
82578,2011-11,300.0,88.83617768388922,211.16382231611078,101-500
82580,2011-07,546.0,455.5063723206089,90.49362767939112,501-1000
82580,2011-08,734.0,554.4939292201365,179.50607077986353,501-1000
82580,2011-09,335.0,693.4551092686427,358.4551092686427,101-500
82580,2011-10,406.0,553.5614096150767,147.56140961507674,101-500
82580,2011-11,198.0,260.04414676522714,62.04414676522714,101-500
82581,2011-07,450.0,294.7897908821666,155.21020911783341,101-500
82581,2011-08,281.0,378.5475283022701,97.54752830227011,101-500
82581,2011-09,177.0,337.10948049508494,160.10948049508494,101-500
82581,2011-10,309.0,302.19633082989947,6.803669170100534,101-500
82581,2011-11,123.0,183.7284152645276,60.7284152645276,101-500
82582,2011-07,419.0,280.7289384101556,138.2710615898444,101-500
82582,2011-08,539.0,322.8397570738199,216.1602429261801,501-1000
82582,2011-09,426.0,481.20486806526816,55.20486806526816,101-500
82582,2011-10,575.0,421.58730998182733,153.41269001817267,501-1000
82582,2011-11,207.0,244.23735490186806,37.23735490186806,101-500
82583,2011-07,118.0,294.3791870657631,176.37918706576312,101-500
82583,2011-08,1334.0,217.84194777229993,1116.1580522277,1001-5000
82583,2011-09,1179.0,872.2872526600595,306.7127473399405,1001-5000
82583,2011-10,936.0,1156.9365749746712,220.9365749746712,501-1000
82583,2011-11,310.0,528.3357286098168,218.33572860981678,101-500
82600,2011-07,531.0,536.8020553536601,5.80205535366008,501-1000
82600,2011-08,1030.0,508.61874024663194,521.3812597533681,1001-5000
82600,2011-09,4.0,817.0489359860632,813.0489359860632,0-10
82600,2011-10,828.0,180.7939860798957,647.2060139201043,501-1000
82600,2011-11,394.0,406.08688576057773,12.08688576057773,101-500
82613B,2011-07,9.0,46.3815989683918,37.3815989683918,0-10
82613B,2011-08,19.0,31.126485105741544,12.126485105741544,11-50
82613B,2011-09,4.0,35.84018230858723,31.84018230858723,0-10
82613B,2011-10,9.0,31.126485105741544,22.126485105741544,0-10
82613B,2011-11,2.0,17.27411036343866,15.274110363438659,0-10
82613C,2011-07,12.0,32.49095216579853,20.490952165798532,11-50
82613C,2011-08,15.0,27.061260268600506,12.061260268600506,11-50
82613C,2011-09,5.0,31.521878789930575,26.521878789930575,0-10
82613C,2011-10,18.0,31.05957968893889,13.05957968893889,11-50
82613C,2011-11,1.0,22.92663646049496,21.92663646049496,0-10
82613D,2011-07,17.0,38.09971728835849,21.09971728835849,11-50
82613D,2011-08,28.0,36.73525022830151,8.73525022830151,11-50
82613D,2011-09,7.0,67.76177606752802,60.76177606752802,0-10
82613D,2011-10,20.0,34.26986638105715,14.269866381057149,11-50
82613D,2011-11,1.0,33.39704646221813,32.39704646221813,0-10
82616B,2011-07,24.0,62.629174774678674,38.629174774678674,11-50
82616B,2011-08,42.0,67.36087429221072,25.360874292210724,11-50
82616B,2011-09,84.0,67.11965209065086,16.88034790934914,51-100
82616B,2011-10,86.0,102.10131208227473,16.10131208227473,51-100
82616B,2011-11,10.0,69.45543746876848,59.45543746876848,0-10
82616C,2011-07,15.0,64.05525761947891,49.05525761947891,11-50
82616C,2011-08,43.0,56.08995196675644,13.089951966756438,11-50
82616C,2011-09,54.0,54.65082861581605,0.650828615816053,51-100
82616C,2011-10,88.0,81.28038704404783,6.719612955952172,51-100
82616C,2011-11,17.0,69.45543746876848,52.45543746876848,11-50
84006,2011-07,37.0,67.95050322278972,30.95050322278972,11-50
84006,2011-08,43.0,68.98579554895622,25.98579554895622,11-50
84006,2011-09,37.0,73.77112199283728,36.77112199283728,11-50
84006,2011-10,340.0,67.99800856424723,272.00199143575276,101-500
84006,2011-11,76.0,183.64684511691507,107.64684511691507,51-100
84012,2011-07,75.0,30.490546015955314,44.50945398404468,51-100
84012,2011-08,154.0,71.48501720516552,82.51498279483448,101-500
84012,2011-09,140.0,122.83482872200152,17.165171277998482,101-500
84012,2011-10,386.0,149.14571227740947,236.85428772259053,101-500
84012,2011-11,124.0,193.0291272531167,69.02912725311671,101-500
84029E,2011-07,27.0,24.272816122573214,2.7271838774267856,11-50
84029E,2011-08,476.0,44.29718310437633,431.70281689562364,101-500
84029E,2011-09,595.0,394.7489615272959,200.25103847270412,501-1000
84029E,2011-10,1286.0,505.9170896244685,780.0829103755316,1001-5000
84029E,2011-11,401.0,697.765465956793,296.76546595679304,101-500
84029G,2011-07,101.0,53.77677252130528,47.22322747869472,101-500
84029G,2011-08,327.0,101.15039048476783,225.84960951523217,101-500
84029G,2011-09,241.0,319.57455929186295,78.57455929186295,101-500
84029G,2011-10,704.0,269.5362514438526,434.4637485561474,501-1000
84029G,2011-11,280.0,340.3390621729333,60.339062172933325,101-500
84030E,2011-07,45.0,50.27159701249437,5.271597012494368,11-50
84030E,2011-08,262.0,77.94717918406879,184.05282081593123,101-500
84030E,2011-09,219.0,243.45169856097434,24.451698560974336,101-500
84030E,2011-10,408.0,258.1922352931519,149.8077647068481,101-500
84030E,2011-11,83.0,216.31026322284845,133.31026322284845,51-100
84030e,2011-09,8.0,18.880484830624948,10.880484830624948,0-10
84030e,2011-10,17.0,19.32134866516658,2.3213486651665782,11-50
84030e,2011-11,9.0,18.644229245364606,9.644229245364606,0-10
84031A,2011-07,6.0,25.964263843645977,19.964263843645977,0-10
84031A,2011-08,35.0,30.029488680787008,4.970511319212992,11-50
84031A,2011-09,36.0,62.6480965284468,26.6480965284468,11-50
84031A,2011-10,45.0,75.2683081786465,30.268308178646507,11-50
84031A,2011-11,108.0,53.437979714778685,54.562020285221315,101-500
84031B,2011-07,12.0,47.32485987458809,35.32485987458809,11-50
84031B,2011-08,38.0,33.380907053163206,4.619092946836794,11-50
84031B,2011-09,32.0,63.4202094214896,31.420209421489602,11-50
84031B,2011-10,42.0,71.93510031866747,29.935100318667466,11-50
84031B,2011-11,34.0,40.12834158420804,6.128341584208037,11-50
84032A,2011-07,33.0,54.88554049283217,21.88554049283217,11-50
84032A,2011-08,91.0,69.18785891232828,21.81214108767172,51-100
84032A,2011-09,91.0,112.20268150745201,21.202681507452013,51-100
84032A,2011-10,162.0,145.04118714507908,16.95881285492092,101-500
84032A,2011-11,152.0,98.01612741144697,53.98387258855303,101-500
84032B,2011-07,13.0,31.920047625155842,18.920047625155842,11-50
84032B,2011-08,51.0,31.07794338272717,19.92205661727283,51-100
84032B,2011-09,74.0,73.77385493292932,0.22614506707067505,51-100
84032B,2011-10,157.0,111.44939310617575,45.55060689382425,101-500
84032B,2011-11,318.0,97.53664298396303,220.46335701603698,101-500
84050,2011-07,197.0,156.89038210697433,40.10961789302567,101-500
84050,2011-08,52.0,180.18492269139554,128.18492269139554,51-100
84050,2011-09,297.0,118.07261858624658,178.92738141375344,101-500
84050,2011-10,46.0,250.8406030371619,204.8406030371619,11-50
84051,2011-07,2.0,57.957996128502124,55.957996128502124,0-10
84051,2011-08,138.0,44.33246337765304,93.66753662234696,101-500
84051,2011-09,24.0,112.2718242138781,88.2718242138781,11-50
84051,2011-10,15.0,68.98579554895622,53.98579554895622,11-50
84051,2011-11,24.0,35.716267968730904,11.716267968730904,11-50
84077,2011-07,2261.0,3894.056544894606,1633.0565448946058,1001-5000
84077,2011-08,3515.0,4555.301267069504,1040.3012670695043,1001-5000
84077,2011-09,8084.0,3718.5874058089917,4365.412594191008,5000+
84077,2011-10,4559.0,6690.238254946959,2131.2382549469594,1001-5000
84077,2011-11,1367.0,3163.368202911127,1796.368202911127,1001-5000
84078A,2011-07,33.0,70.04009096597974,37.04009096597974,11-50
84078A,2011-08,7.0,73.56002157541299,66.56002157541299,0-10
84078A,2011-09,21.0,29.928299735018733,8.928299735018733,11-50
84078A,2011-10,27.0,56.1405845239786,29.140584523978603,11-50
84078A,2011-11,4.0,32.80487954950077,28.804879549500768,0-10
84086C,2011-10,65.0,32.818781055306346,32.181218944693654,51-100
84192,2011-07,1.0,47.10729597123951,46.10729597123951,0-10
84192,2011-08,0.0,42.87327753104866,42.87327753104866,0-10
84192,2011-11,5.0,41.35052892865999,36.35052892865999,0-10
84199,2011-09,13.0,44.594548741437,31.594548741437002,11-50
84199,2011-10,48.0,45.15866666832712,2.841333331672878,11-50
84199,2011-11,5.0,35.02828863010708,30.028288630107077,0-10
84212,2011-07,612.0,1274.6093457631155,662.6093457631155,501-1000
84212,2011-08,1512.0,847.5365781104846,664.4634218895154,1001-5000
84212,2011-09,534.0,846.0325680136608,312.0325680136608,501-1000
84212,2011-10,565.0,1056.4526306094076,491.4526306094076,501-1000
84212,2011-11,48.0,464.6889757186591,416.6889757186591,11-50
84247E,2011-08,29.0,30.07356861521602,1.0735686152160184,11-50
84247E,2011-09,56.0,45.42597554892214,10.574024451077861,51-100
84247E,2011-10,19.0,78.10191510793655,59.10191510793655,11-50
84247E,2011-11,3.0,40.67484012652078,37.67484012652078,0-10
84247N,2011-07,1.0,23.662915311205,22.662915311205,0-10
84247N,2011-08,3.0,23.662915311205,20.662915311205,0-10
84247N,2011-09,3.0,23.662915311205,20.662915311205,0-10
84247N,2011-10,4.0,23.662915311205,19.662915311205,0-10
84249A,2011-07,25.0,59.43580519621113,34.43580519621113,11-50
84249A,2011-08,1.0,61.7334619622918,60.7334619622918,0-10
84249A,2011-09,3.0,47.07767581774337,44.07767581774337,0-10
84249A,2011-10,1.0,36.86889358311649,35.86889358311649,0-10
84249A,2011-11,1.0,23.03651110011118,22.03651110011118,0-10
84251B,2011-07,48.0,77.55893318218641,29.558933182186408,11-50
84251B,2011-08,1.0,75.01815904961427,74.01815904961427,0-10
84251C,2011-07,2.0,39.643726176702955,37.643726176702955,0-10
84251G,2011-07,0.0,91.69796255952583,91.69796255952583,0-10
84251G,2011-10,1.0,67.57999733941274,66.57999733941274,0-10
84251G,2011-11,36.0,42.828590119619356,6.828590119619356,11-50
84279P,2011-07,53.0,43.2806205652566,9.719379434743402,51-100
84279P,2011-08,28.0,73.33160616327504,45.33160616327504,11-50
84279P,2011-09,36.0,76.89322943539203,40.89322943539203,11-50
84279P,2011-10,48.0,45.723265949176586,2.276734050823414,11-50
84279P,2011-11,6.0,46.651039620180605,40.651039620180605,0-10
84341B,2011-08,290.0,97.42179364753119,192.5782063524688,101-500
84341B,2011-09,107.0,192.77818179608443,85.77818179608443,101-500
84341B,2011-10,4.0,129.22628508390662,125.22628508390662,0-10
84347,2011-07,116.0,93.31571085016196,22.684289149838037,101-500
84347,2011-08,764.0,120.10609657121962,643.8939034287804,501-1000
84347,2011-09,2003.0,538.6736636894533,1464.3263363105466,1001-5000
84347,2011-10,3064.0,1911.702944021953,1152.297055978047,1001-5000
84347,2011-11,891.0,1437.0705465265912,546.0705465265912,501-1000
84352,2011-08,3.0,18.880484830624948,15.880484830624948,0-10
84356,2011-07,21.0,50.98622261644805,29.986222616448053,11-50
84356,2011-08,12.0,50.51294144119326,38.51294144119326,11-50
84356,2011-09,4.0,27.391124391988996,23.391124391988996,0-10
84356,2011-10,36.0,26.344054625161487,9.655945374838513,11-50
84356,2011-11,20.0,33.71844619891272,13.718446198912723,11-50
84358,2011-07,5.0,18.880484830624948,13.880484830624948,0-10
84360,2011-10,5.0,18.880484830624948,13.880484830624948,0-10
84360,2011-11,2.0,13.371347529813546,11.371347529813546,0-10
84375,2011-07,168.0,150.44020702209627,17.559792977903726,101-500
84375,2011-08,351.0,226.826384438551,124.173615561449,101-500
84375,2011-09,357.0,296.48325711473956,60.51674288526044,101-500
84375,2011-10,606.0,370.2642988308598,235.7357011691402,501-1000
84375,2011-11,153.0,241.2097044261761,88.2097044261761,101-500
84378,2011-07,172.0,471.89864734783833,299.89864734783833,101-500
84378,2011-08,246.0,288.260553009675,42.26055300967499,101-500
84378,2011-09,635.0,311.310928059604,323.689071940396,501-1000
84378,2011-10,1390.0,615.531214666094,774.468785333906,1001-5000
84378,2011-11,182.0,526.4701955420743,344.4701955420743,101-500
84380,2011-07,465.0,384.0441346016878,80.9558653983122,101-500
84380,2011-08,289.0,474.8329919876426,185.83299198764257,101-500
84380,2011-09,734.0,369.41882117097595,364.58117882902405,501-1000
84380,2011-10,503.0,616.2024355404822,113.20243554048216,501-1000
84380,2011-11,173.0,238.59228914544425,65.59228914544425,101-500
84406B,2011-07,327.0,114.6500749778826,212.34992502211742,101-500
84406B,2011-08,68.0,237.05779582663965,169.05779582663965,51-100
84406B,2011-09,72.0,110.91706978557603,38.91706978557603,51-100
84406B,2011-10,79.0,116.49249422557203,37.49249422557203,51-100
84406B,2011-11,33.0,71.52873447810379,38.528734478103786,11-50
84429A,2011-07,5.0,23.78987073457604,18.78987073457604,0-10
84429A,2011-08,0.0,23.662915311205,23.662915311205,0-10
84429A,2011-11,2.0,17.269329614920636,15.269329614920636,0-10
84459A,2011-07,6.0,32.49095216579853,26.490952165798532,0-10
84459A,2011-08,0.0,25.027382371261975,25.027382371261975,0-10
84507B,2011-07,6.0,24.672983338771953,18.672983338771953,0-10
84507B,2011-08,2.0,24.793939984469997,22.793939984469997,0-10
84507C,2011-07,2.0,30.07356861521602,28.07356861521602,0-10
84507C,2011-08,0.0,23.662915311205,23.662915311205,0-10
84508A,2011-07,253.0,167.15777149597173,85.84222850402827,101-500
84508A,2011-08,241.0,144.8523470473236,96.1476529526764,101-500
84508B,2011-07,0.0,23.662915311205,23.662915311205,0-10
84508B,2011-10,8.0,23.662915311205,15.662915311205001,0-10
84508C,2011-07,1.0,23.662915311205,22.662915311205,0-10
84508C,2011-08,6.0,23.662915311205,17.662915311205,0-10
84508C,2011-09,7.0,19.32134866516658,12.321348665166578,0-10
84508C,2011-10,19.0,23.662915311205,4.662915311205001,11-50
84509A,2011-07,33.0,86.73926274968703,53.73926274968703,11-50
84509A,2011-08,55.0,83.41180905315623,28.411809053156233,51-100
84509A,2011-09,80.0,87.05718141597556,7.057181415975563,51-100
84509A,2011-10,78.0,100.39302547904121,22.393025479041214,51-100
84509A,2011-11,7.0,64.58843424978623,57.58843424978623,0-10
84509B,2011-07,10.0,50.214109723405265,40.214109723405265,0-10
84509B,2011-08,12.0,30.07356861521602,18.07356861521602,11-50
84509B,2011-09,11.0,30.23752577784761,19.23752577784761,11-50
84509B,2011-10,26.0,29.631319845561734,3.631319845561734,11-50
84509B,2011-11,9.0,40.23442259007483,31.23442259007483,0-10
84509C,2011-07,10.0,32.06381945887461,22.06381945887461,0-10
84509C,2011-08,2.0,30.07356861521602,28.07356861521602,0-10
84509C,2011-09,10.0,29.190456011020103,19.190456011020103,0-10
84509C,2011-10,10.0,23.220666541550713,13.220666541550713,0-10
84509C,2011-11,2.0,22.06741029010138,20.06741029010138,0-10
84509E,2011-07,0.0,23.662915311205,23.662915311205,0-10
84509G,2011-08,12.0,24.715831801730513,12.715831801730513,11-50
84509G,2011-09,10.0,24.3909904007267,14.3909904007267,0-10
84509G,2011-10,18.0,26.203071397623503,8.203071397623503,11-50
84509G,2011-11,22.0,26.957446874672314,4.957446874672314,11-50
84509a,2011-07,10.0,25.29113813463597,15.291138134635968,0-10
84509a,2011-08,6.0,19.32134866516658,13.321348665166578,0-10
84509a,2011-09,7.0,25.7320019691776,18.7320019691776,0-10
84509a,2011-10,10.0,19.32134866516658,9.321348665166578,0-10
84509a,2011-11,12.0,16.39555283484141,4.395552834841411,11-50
84509c,2011-07,4.0,18.880484830624948,14.880484830624948,0-10
84509c,2011-08,1.0,18.880484830624948,17.880484830624948,0-10
84509c,2011-09,4.0,18.880484830624948,14.880484830624948,0-10
84509c,2011-10,4.0,18.880484830624948,14.880484830624948,0-10
84509c,2011-11,4.0,13.371347529813546,9.371347529813546,0-10
84510A,2011-07,63.0,102.80200281460071,39.80200281460071,51-100
84510A,2011-08,128.0,108.18856069221603,19.81143930778397,101-500
84510A,2011-09,89.0,154.39389346475443,65.39389346475443,51-100
84510A,2011-10,129.0,123.7224425271868,5.2775574728132,101-500
84510A,2011-11,61.0,96.84970866693085,35.84970866693085,51-100
84510C,2011-07,23.0,25.67534341280964,2.6753434128096387,11-50
84510C,2011-08,3.0,48.240580915189476,45.240580915189476,0-10
84510C,2011-09,7.0,32.236806257093,25.236806257093,0-10
84510C,2011-10,7.0,36.8667716226564,29.8667716226564,0-10
84510C,2011-11,3.0,18.284178391005618,15.284178391005618,0-10
84510E,2011-09,2.0,24.84014187935909,22.84014187935909,0-10
84510E,2011-10,10.0,36.86889358311649,26.86889358311649,0-10
84510E,2011-11,5.0,23.03651110011118,18.03651110011118,0-10
84510c,2011-07,3.0,23.662915311205,20.662915311205,0-10
84510c,2011-08,1.0,23.662915311205,22.662915311205,0-10
84510c,2011-09,2.0,23.662915311205,21.662915311205,0-10
84510c,2011-10,8.0,23.662915311205,15.662915311205001,0-10
84510c,2011-11,3.0,16.09900575574465,13.099005755744649,0-10
84519A,2011-07,8.0,47.63254374969525,39.63254374969525,0-10
84519A,2011-08,27.0,31.126485105741544,4.126485105741544,11-50
84519A,2011-09,5.0,45.98343013316653,40.98343013316653,0-10
84519A,2011-10,103.0,32.818781055306346,70.18121894469365,101-500
84519A,2011-11,13.0,63.99384615442599,50.99384615442599,11-50
84519B,2011-07,22.0,48.23874968198113,26.238749681981133,11-50
84519B,2011-08,20.0,49.97563714032968,29.97563714032968,11-50
84519B,2011-09,41.0,45.19333939540666,4.19333939540666,11-50
84519B,2011-10,84.0,81.24226978951712,2.757730210482876,51-100
84519B,2011-11,14.0,67.83051621202296,53.83051621202296,11-50
84522,2011-07,1.0,24.838019918899004,23.838019918899004,0-10
84522,2011-08,0.0,23.662915311205,23.662915311205,0-10
84527,2011-07,0.0,32.818781055306346,32.818781055306346,0-10
84535B,2011-07,209.0,103.66552814957086,105.33447185042914,101-500
84535B,2011-08,86.0,155.56720744178716,69.56720744178716,51-100
84535B,2011-09,295.0,127.29850349089264,167.70149650910736,101-500
84535B,2011-10,166.0,228.27452290349282,62.27452290349282,101-500
84535B,2011-11,7.0,119.84936054005058,112.84936054005058,0-10
84536A,2011-07,319.0,305.15562693959635,13.844373060403655,101-500
84536A,2011-08,119.0,309.30716293774094,190.30716293774094,101-500
84536A,2011-09,372.0,230.21049596618286,141.78950403381714,101-500
84536A,2011-10,543.0,323.26010214528515,219.73989785471485,501-1000
84536A,2011-11,109.0,217.3343930974352,108.3343930974352,101-500
84536B,2011-07,79.0,390.26872275301236,311.26872275301236,51-100
84536B,2011-08,48.0,164.49169151178018,116.49169151178018,11-50
84536B,2011-09,453.0,264.4578790435538,188.54212095644618,101-500
84536B,2011-10,159.0,380.90576875602096,221.90576875602096,101-500
84536B,2011-11,7.0,142.95020432943934,135.95020432943934,0-10
84549,2011-07,0.0,46.93161493535991,46.93161493535991,0-10
84558A,2011-07,56.0,56.75387210728672,0.7538721072867176,51-100
84558A,2011-08,7.0,78.70316871343987,71.70316871343987,0-10
84558A,2011-09,45.0,47.23437491446998,2.2343749144699814,11-50
84558A,2011-10,49.0,50.59129703873085,1.5912970387308505,11-50
84558A,2011-11,1.0,46.651039620180605,45.651039620180605,0-10
84559A,2011-07,27.0,72.09574517957792,45.09574517957792,11-50
84559A,2011-08,7.0,79.49243223532098,72.49243223532098,0-10
84559A,2011-09,67.0,47.07767581774337,19.92232418225663,51-100
84559A,2011-10,72.0,89.03487843191148,17.03487843191148,51-100
84559A,2011-11,10.0,56.67495920988019,46.67495920988019,0-10
84559B,2011-07,38.0,40.653794204269914,2.6537942042699143,11-50
84559B,2011-08,6.0,55.182911411665295,49.182911411665295,0-10
84559B,2011-09,13.0,55.60805611209916,42.60805611209916,11-50
84559B,2011-10,1.0,39.00628495292589,38.00628495292589,0-10
84559b,2011-07,1.0,23.662915311205,22.662915311205,0-10
84559b,2011-08,1.0,23.662915311205,22.662915311205,0-10
84568,2011-07,467.0,848.6879880961087,381.6879880961087,101-500
84568,2011-08,1550.0,948.3304739833591,601.6695260166409,1001-5000
84568,2011-09,53.0,1343.9952033825361,1290.9952033825361,51-100
84568,2011-10,1076.0,1086.1842544367353,10.184254436735273,1001-5000
84568,2011-11,146.0,447.240581623698,301.240581623698,101-500
84569A,2011-07,32.0,69.83327802386593,37.83327802386593,11-50
84569A,2011-08,12.0,67.36087429221072,55.360874292210724,11-50
84569A,2011-09,12.0,46.506655181875146,34.506655181875146,11-50
84569A,2011-10,12.0,32.303711673895656,20.303711673895656,11-50
84569A,2011-11,2.0,29.92906025877951,27.92906025877951,0-10
84569D,2011-07,49.0,90.05275666752358,41.05275666752358,11-50
84569D,2011-08,8.0,75.06398805052585,67.06398805052585,0-10
84569D,2011-09,4.0,47.71385934195392,43.71385934195392,0-10
84569D,2011-10,25.0,27.13011178913449,2.1301117891344887,11-50
84569D,2011-11,1.0,36.40340942552747,35.40340942552747,0-10
84580,2011-07,25.0,54.70355226360327,29.70355226360327,11-50
84580,2011-08,20.0,67.31952729787373,47.319527297873734,11-50
84580,2011-09,56.0,47.32345126519974,8.676548734800257,51-100
84580,2011-10,70.0,76.23358349348202,6.233583493482016,51-100
84580,2011-11,17.0,60.996778544428416,43.996778544428416,11-50
84581,2011-07,2.0,30.029488680787008,28.029488680787008,0-10
84581,2011-08,14.0,29.190456011020103,15.190456011020103,11-50
84581,2011-09,35.0,26.80636808607464,8.193631913925358,11-50
84581,2011-10,30.0,67.31952729787373,37.319527297873734,11-50
84581,2011-11,6.0,42.59820605200875,36.59820605200875,0-10
84592,2011-07,0.0,23.220666541550713,23.220666541550713,0-10
84592,2011-10,13.0,19.32134866516658,6.321348665166578,11-50
84595E,2011-07,1.0,54.65082861581605,53.65082861581605,0-10
84596B,2011-07,412.0,523.9495481751419,111.9495481751419,101-500
84596B,2011-08,399.0,462.05647427542095,63.05647427542095,101-500
84596B,2011-09,411.0,510.0910009235236,99.09100092352361,101-500
84596B,2011-10,597.0,518.4001962092857,78.5998037907143,501-1000
84596B,2011-11,143.0,234.0913329043934,91.0913329043934,101-500
84596F,2011-07,205.0,377.15708340000197,172.15708340000197,101-500
84596F,2011-08,224.0,322.08772097716815,98.08772097716815,101-500
84596F,2011-09,336.0,339.10533534858394,3.1053353485839352,101-500
84596F,2011-10,461.0,420.2386924396476,40.76130756035241,101-500
84596F,2011-11,142.0,206.44721846117602,64.44721846117602,101-500
84596G,2011-07,100.0,223.88763852230963,123.88763852230963,51-100
84596G,2011-08,147.0,177.3615774230658,30.361577423065796,101-500
84596G,2011-09,138.0,194.70301276391984,56.703012763919844,101-500
84596G,2011-10,140.0,194.84419083614472,54.84419083614472,101-500
84596G,2011-11,32.0,108.48031381533562,76.48031381533562,11-50
84596L,2011-07,56.0,221.9007922250814,165.9007922250814,51-100
84596L,2011-08,60.0,140.5955597000779,80.5955597000779,51-100
84598,2011-07,99.0,82.14673970400311,16.85326029599689,51-100
84598,2011-08,65.0,144.83363688828433,79.83363688828433,51-100
84598,2011-09,42.0,117.2151956890464,75.2151956890464,11-50
84598,2011-10,424.0,94.92371058793672,329.07628941206326,101-500
84598,2011-11,24.0,175.43164350410464,151.43164350410464,11-50
84600,2011-07,2.0,18.880484830624948,16.880484830624948,0-10
84600,2011-08,8.0,18.880484830624948,10.880484830624948,0-10
84600,2011-09,11.0,19.32134866516658,8.321348665166578,11-50
84600,2011-10,14.0,23.474851187154673,9.474851187154673,11-50
84600,2011-11,6.0,22.069343678305998,16.069343678305998,0-10
84609,2011-09,24.0,21.333776766771223,2.666223233228777,11-50
84609,2011-10,32.0,43.89901426915106,11.89901426915106,11-50
84609,2011-11,4.0,39.8159598131399,35.8159598131399,0-10
84616,2011-09,6.0,18.880484830624948,12.880484830624948,0-10
84616,2011-10,1.0,19.32134866516658,18.32134866516658,0-10
84625A,2011-07,25.0,54.772555932334406,29.772555932334406,11-50
84625A,2011-08,76.0,68.414774913088,7.585225086912004,51-100
84625A,2011-09,2.0,73.78875331267497,71.78875331267497,0-10
84625A,2011-10,1.0,60.44035318638146,59.44035318638146,0-10
84625A,2011-11,24.0,24.568912018120635,0.5689120181206349,11-50
84625C,2011-07,28.0,71.93173680246413,43.93173680246413,11-50
84625C,2011-08,73.0,68.414774913088,4.585225086912004,51-100
84625C,2011-09,1.0,68.52049316676181,67.52049316676181,0-10
84637,2011-07,12.0,50.98622261644805,38.98622261644805,11-50
84637,2011-08,9.0,46.912319544327545,37.912319544327545,0-10
84638,2011-07,1.0,21.294764818028927,20.294764818028927,0-10
84638,2011-08,0.0,18.880484830624948,18.880484830624948,0-10
84658,2011-10,2.0,25.7320019691776,23.7320019691776,0-10
84658,2011-11,6.0,19.782000833824558,13.782000833824558,0-10
84659A,2011-07,22.0,61.33986812788779,39.33986812788779,11-50
84659A,2011-08,10.0,75.2683081786465,65.2683081786465,0-10
84659A,2011-09,18.0,31.126485105741544,13.126485105741544,11-50
84659A,2011-10,13.0,37.38999788360179,24.389997883601787,11-50
84660A,2011-07,303.0,72.39235617649004,230.60764382350996,101-500
84660A,2011-08,282.0,173.27315554046655,108.72684445953345,101-500
84660A,2011-09,17.0,202.28109591650957,185.28109591650957,11-50
84660B,2011-07,163.0,136.5286567951557,26.47134320484429,101-500
84660B,2011-08,86.0,133.72307039203827,47.72307039203827,51-100
84660C,2011-08,43.0,145.12457226580804,102.12457226580804,11-50
84660c,2011-07,3.0,18.880484830624948,15.880484830624948,0-10
84661A,2011-07,0.0,30.07356861521602,30.07356861521602,0-10
84661A,2011-10,2.0,23.662915311205,21.662915311205,0-10
84661A,2011-11,64.0,16.09900575574465,47.90099424425535,51-100
84661B,2011-07,0.0,25.19408269441306,25.19408269441306,0-10
84661B,2011-10,35.0,38.05247889203013,3.0524788920301305,11-50
84661B,2011-11,17.0,48.183203470847616,31.183203470847616,11-50
84663A,2011-07,0.0,115.9812986581799,115.9812986581799,0-10
84665,2011-07,4.0,29.530130899793463,25.530130899793463,0-10
84665,2011-08,8.0,24.884868778557106,16.884868778557106,0-10
84665,2011-09,0.0,19.32134866516658,19.32134866516658,0-10
84673A,2011-07,5.0,72.09574517957792,67.09574517957792,0-10
84673A,2011-08,1.0,54.80333097606388,53.80333097606388,0-10
84673A,2011-09,2.0,45.64746523196252,43.64746523196252,0-10
84673A,2011-10,4.0,44.594548741437,40.594548741437,0-10
84673B,2011-07,6.0,76.67271284365584,70.67271284365584,0-10
84673B,2011-08,0.0,52.058118535973556,52.058118535973556,0-10
84673B,2011-11,1.0,34.81188966763152,33.81188966763152,0-10
84674,2011-07,8.0,29.631319845561734,21.631319845561734,0-10
84674,2011-08,4.0,30.07356861521602,26.07356861521602,0-10
84674,2011-09,11.0,25.19408269441306,14.194082694413058,11-50
84674,2011-10,5.0,24.22703323809511,19.22703323809511,0-10
84674,2011-11,2.0,22.509659059755666,20.509659059755666,0-10
84687,2011-07,15.0,25.7320019691776,10.732001969177599,11-50
84687,2011-08,0.0,21.333776766771223,21.333776766771223,0-10
84692,2011-07,455.0,660.1145861580865,205.11458615808647,101-500
84692,2011-08,728.0,546.6545023927765,181.34549760722348,501-1000
84692,2011-09,612.0,748.0803974377145,136.0803974377145,501-1000
84692,2011-10,775.0,697.9962321007379,77.00376789926213,501-1000
84692,2011-11,219.0,430.69562652779774,211.69562652779774,101-500
84706F,2011-10,4.0,23.662915311205,19.662915311205,0-10
84707A,2011-07,0.0,18.880484830624948,18.880484830624948,0-10
84707A,2011-10,10.0,20.894622108085862,10.894622108085862,0-10
84707A,2011-11,32.0,16.39555283484141,15.60444716515859,11-50
84707B,2011-10,0.0,18.880484830624948,18.880484830624948,0-10
84708B,2011-07,4.0,19.890552858191906,15.890552858191906,0-10
84708B,2011-08,4.0,18.880484830624948,14.880484830624948,0-10
84708B,2011-09,4.0,18.880484830624948,14.880484830624948,0-10
84708B,2011-10,14.0,18.880484830624948,4.8804848306249475,11-50
84708B,2011-11,5.0,18.84428969538902,13.844289695389019,0-10
84711A,2011-10,2.0,18.880484830624948,16.880484830624948,0-10
84711A,2011-11,1.0,13.371347529813546,12.371347529813546,0-10
84711B,2011-07,0.0,19.32134866516658,19.32134866516658,0-10
84711B,2011-10,3.0,18.880484830624948,15.880484830624948,0-10
84711B,2011-11,1.0,13.371347529813546,12.371347529813546,0-10
84712B,2011-07,1.0,18.880484830624948,17.880484830624948,0-10
84712B,2011-08,2.0,18.880484830624948,16.880484830624948,0-10
84712B,2011-09,1.0,18.880484830624948,17.880484830624948,0-10
84712B,2011-10,8.0,18.880484830624948,10.880484830624948,0-10
84725,2011-07,1.0,31.67957669914906,30.67957669914906,0-10
84725,2011-08,29.0,43.70832840290643,14.708328402906432,11-50
84744,2011-08,2.0,36.86889358311649,34.86889358311649,0-10
84744,2011-09,2.0,36.86889358311649,34.86889358311649,0-10
84744,2011-10,1.0,36.86889358311649,35.86889358311649,0-10
84748,2011-07,0.0,60.897619358233506,60.897619358233506,0-10
84754,2011-07,48.0,23.662915311205,24.337084688795,11-50
84754,2011-08,82.0,55.50823157824705,26.49176842175295,51-100
84755,2011-07,1640.0,1726.4158314495187,86.41583144951869,1001-5000
84755,2011-08,1264.0,1545.8152814912428,281.8152814912428,1001-5000
84755,2011-09,716.0,1820.7215826097317,1104.7215826097317,501-1000
84755,2011-10,904.0,1053.630491851424,149.63049185142404,501-1000
84755,2011-11,164.0,644.5876381195984,480.5876381195984,101-500
84792,2011-07,40.0,54.6659896534945,14.6659896534945,11-50
84792,2011-08,46.0,73.29956737872443,27.299567378724433,11-50
84792,2011-09,85.0,77.94717918406879,7.052820815931213,51-100
84792,2011-10,103.0,98.76810422229569,4.23189577770431,101-500
84792,2011-11,21.0,81.03123789623012,60.031237896230124,11-50
84795B,2011-07,14.0,45.325097113951315,31.325097113951315,11-50
84795B,2011-08,0.0,30.978441074508005,30.978441074508005,0-10
84795b,2011-08,1.0,18.880484830624948,17.880484830624948,0-10
84795b,2011-09,0.0,18.880484830624948,18.880484830624948,0-10
84796A,2011-07,9.0,46.314791847021134,37.314791847021134,0-10
84796A,2011-08,0.0,28.875383244493204,28.875383244493204,0-10
84796B,2011-07,27.0,80.34753560325468,53.347535603254684,11-50
84796B,2011-08,1.0,73.56002157541299,72.56002157541299,0-10
84796B,2011-09,0.0,29.089267065251835,29.089267065251835,0-10
84796a,2011-07,7.0,20.05558943831896,13.055589438318961,0-10
84804A,2011-09,0.0,32.818781055306346,32.818781055306346,0-10
84804B,2011-08,3.0,48.240580915189476,45.240580915189476,0-10
84804B,2011-09,0.0,32.818781055306346,32.818781055306346,0-10
84806B,2011-07,3.0,76.07745373472778,73.07745373472778,0-10
84806B,2011-08,11.0,59.74960276909117,48.74960276909117,11-50
84806B,2011-09,54.0,38.27466201072578,15.725337989274223,51-100
84806B,2011-10,3.0,65.17567062920325,62.17567062920325,0-10
84806B,2011-11,24.0,45.917220286085865,21.917220286085865,11-50
84813,2011-07,40.0,20.894622108085862,19.105377891914138,11-50
84813,2011-08,4.0,43.89901426915106,39.89901426915106,0-10
84813,2011-09,2.0,40.12178647073416,38.12178647073416,0-10
84813,2011-10,16.0,19.93340132115047,3.9334013211504697,11-50
84813,2011-11,29.0,20.639842069105477,8.360157930894523,11-50
84816,2011-07,2.0,18.880484830624948,16.880484830624948,0-10
84817,2011-07,20.0,41.49967738374909,21.499677383749088,11-50
84817,2011-08,6.0,44.62231875953844,38.62231875953844,0-10
84817,2011-09,14.0,31.126485105741544,17.126485105741544,11-50
84817,2011-10,19.0,25.67534341280964,6.675343412809639,11-50
84817,2011-11,211.0,28.773171837615887,182.22682816238412,101-500
84818,2011-07,397.0,159.7450118055462,237.2549881944538,101-500
84818,2011-08,251.0,262.7150136539174,11.715013653917424,101-500
84818,2011-09,11.0,242.36595376444234,231.36595376444234,11-50
84819,2011-07,6.0,24.144269767066064,18.144269767066064,0-10
84819,2011-08,1.0,23.220666541550713,22.220666541550713,0-10
84819,2011-09,6.0,22.779802707009082,16.779802707009082,0-10
84819,2011-10,11.0,23.220666541550713,12.220666541550713,11-50
84819,2011-11,218.0,16.220874912980477,201.7791250870195,101-500
84820,2011-09,4.0,18.880484830624948,14.880484830624948,0-10
84820,2011-10,2.0,18.880484830624948,16.880484830624948,0-10
84820,2011-11,52.0,13.371347529813546,38.62865247018645,51-100
84821,2011-07,24.0,60.8002722562681,36.8002722562681,11-50
84821,2011-08,12.0,59.85434218109221,47.85434218109221,11-50
84821,2011-09,29.0,47.07767581774337,18.07767581774337,11-50
84821,2011-10,29.0,59.85434218109221,30.854342181092207,11-50
84821,2011-11,52.0,47.448042542887144,4.551957457112856,51-100
84826,2011-07,72.0,44.97738237494272,27.02261762505728,51-100
84826,2011-08,0.0,71.82124017542853,71.82124017542853,0-10
84826,2011-11,92.0,29.605012974933462,62.39498702506654,51-100
84828,2011-07,20.0,156.03764512342775,136.03764512342775,11-50
84828,2011-08,13.0,94.95502550141997,81.95502550141997,11-50
84828,2011-09,29.0,42.22045979397441,13.220459793974413,11-50
84828,2011-10,42.0,53.97240594865449,11.97240594865449,11-50
84828,2011-11,32.0,42.15730551723746,10.157305517237461,11-50
84832,2011-07,150.0,124.48745032481496,25.512549675185042,101-500
84832,2011-08,365.0,162.7938303997393,202.2061696002607,101-500
84832,2011-09,598.0,297.63848067246045,300.36151932753955,501-1000
84832,2011-10,625.0,433.8208534239586,191.17914657604138,501-1000
84832,2011-11,169.0,241.80934511594518,72.80934511594518,101-500
84836,2011-07,535.0,375.91319512929516,159.08680487070484,501-1000
84836,2011-08,527.0,423.0474543890927,103.9525456109073,501-1000
84836,2011-09,911.0,542.7764471149546,368.22355288504536,501-1000
84836,2011-10,781.0,790.1342196052165,9.134219605216458,501-1000
84836,2011-11,69.0,384.68240456547613,315.68240456547613,51-100
84842,2011-08,0.0,22.779802707009082,22.779802707009082,0-10
84843,2011-07,9.0,18.880484830624948,9.880484830624948,0-10
84843,2011-08,44.0,20.894622108085862,23.105377891914138,11-50
84843,2011-09,25.0,49.016025214838095,24.016025214838095,11-50
84843,2011-10,28.0,52.41390516632894,24.413905166328938,11-50
84843,2011-11,4.0,40.21412864836517,36.21412864836517,0-10
84846A,2011-08,0.0,23.662915311205,23.662915311205,0-10
84847,2011-07,1.0,23.220666541550713,22.220666541550713,0-10
84849A,2011-07,31.0,48.638749750414746,17.638749750414746,11-50
84849A,2011-08,33.0,48.638749750414746,15.638749750414746,11-50
84849A,2011-09,1.0,50.064832595214995,49.064832595214995,0-10
84849A,2011-10,9.0,33.87169754583188,24.87169754583188,0-10
84849D,2011-07,17.0,33.87169754583188,16.87169754583188,11-50
84849D,2011-08,15.0,36.89309879911278,21.893098799112778,11-50
84849D,2011-09,13.0,32.57479528045609,19.574795280456087,11-50
84849D,2011-10,92.0,30.679774547501896,61.32022545249811,51-100
84849D,2011-11,2.0,60.29515016020256,58.29515016020256,0-10
84859A,2011-07,12.0,48.638749750414746,36.638749750414746,11-50
84859A,2011-08,9.0,34.47790347811775,25.477903478117753,0-10
84859A,2011-09,3.0,31.126485105741544,28.126485105741544,0-10
84859A,2011-10,43.0,29.667299259137152,13.332700740862848,11-50
84859A,2011-11,2.0,35.483144767202134,33.483144767202134,0-10
84859B,2011-07,12.0,23.662915311205,11.662915311205001,11-50
84859B,2011-08,4.0,24.83323917038098,20.83323917038098,0-10
84859B,2011-09,1.0,30.07356861521602,29.07356861521602,0-10
84859B,2011-10,6.0,23.662915311205,17.662915311205,0-10
84859B,2011-11,1.0,16.09900575574465,15.099005755744649,0-10
84859C,2011-08,3.0,48.240580915189476,45.240580915189476,0-10
84859C,2011-09,13.0,32.818781055306346,19.818781055306346,11-50
84859C,2011-10,17.0,25.886155660906496,8.886155660906496,11-50
84859C,2011-11,1.0,29.171340672841158,28.171340672841158,0-10
84870B,2011-08,2.0,22.779802707009082,20.779802707009082,0-10
84870B,2011-09,0.0,22.779802707009082,22.779802707009082,0-10
84870C,2011-09,5.0,22.779802707009082,17.779802707009082,0-10
84874B,2011-07,10.0,37.72286689189199,27.72286689189199,0-10
84875B,2011-08,25.0,35.04892411398598,10.048924113985983,11-50
84875B,2011-09,3.0,54.007806803971285,51.007806803971285,0-10
84875B,2011-10,45.0,47.07767581774337,2.077675817743369,11-50
84875B,2011-11,1.0,46.24057872375583,45.24057872375583,0-10
84875D,2011-08,9.0,43.09031835558093,34.09031835558093,0-10
84876B,2011-07,0.0,49.62258382556071,49.62258382556071,0-10
84876B,2011-10,43.0,60.44035318638146,17.440353186381458,11-50
84876D,2011-07,14.0,69.49631584901205,55.49631584901205,11-50
84876D,2011-08,2.0,47.84058084675586,45.84058084675586,0-10
84877B,2011-07,26.0,50.407279520555676,24.407279520555676,11-50
84877B,2011-08,1.0,57.94305491892171,56.94305491892171,0-10
84877B,2011-09,0.0,47.07767581774337,47.07767581774337,0-10
84877D,2011-07,9.0,50.59129703873085,41.59129703873085,0-10
84877D,2011-08,2.0,47.23437491446998,45.23437491446998,0-10
84879,2011-07,6545.0,2160.6319277190473,4384.368072280953,5000+
84879,2011-08,3064.0,5378.722502451509,2314.722502451509,1001-5000
84879,2011-09,2744.0,2693.7924210665324,50.20757893346763,1001-5000
84879,2011-10,5219.0,3145.8918787715347,2073.1081212284653,5000+
84879,2011-11,1330.0,3850.6472890080904,2520.6472890080904,1001-5000
84880,2011-07,18.0,33.04843123756337,15.04843123756337,11-50
84880,2011-08,31.0,33.44660007278864,2.446600072788641,11-50
84880,2011-09,5.0,44.29718310437633,39.29718310437633,0-10
84880,2011-10,15.0,29.089267065251835,14.089267065251835,11-50
84880,2011-11,3.0,18.450829399404615,15.450829399404615,0-10
84882,2011-10,4.0,27.888171143024262,23.888171143024262,0-10
84884A,2011-07,30.0,30.243372501545622,0.24337250154562184,11-50
84884A,2011-08,11.0,43.52507021133354,32.52507021133354,11-50
84884A,2011-09,7.0,29.928299735018733,22.928299735018733,0-10
84884A,2011-10,10.0,25.7320019691776,15.732001969177599,0-10
84884A,2011-11,13.0,17.44846932536693,4.448469325366929,11-50
84884a,2011-09,1.0,18.880484830624948,17.880484830624948,0-10
84884a,2011-10,3.0,18.880484830624948,15.880484830624948,0-10
84884a,2011-11,4.0,13.371347529813546,9.371347529813546,0-10
84907,2011-07,3.0,24.67098495779849,21.67098495779849,0-10
84907,2011-08,2.0,19.890552858191906,17.890552858191906,0-10
84912A,2011-07,26.0,61.33986812788779,35.33986812788779,11-50
84912A,2011-08,11.0,75.2683081786465,64.2683081786465,11-50
84912B,2011-07,25.0,62.83432137360497,37.83432137360497,11-50
84912B,2011-08,26.0,69.18785891232828,43.18785891232828,11-50
84912B,2011-09,20.0,69.18785891232828,49.18785891232828,11-50
84912B,2011-10,43.0,66.8887263519673,23.888726351967307,11-50
84912B,2011-11,6.0,39.14450750906207,33.14450750906207,0-10
84913A,2011-07,21.0,56.75387210728672,35.75387210728672,11-50
84913A,2011-08,0.0,66.8887263519673,66.8887263519673,0-10
84913B,2011-07,0.0,20.76826081472287,20.76826081472287,0-10
84913B,2011-10,10.0,23.18254080212684,13.18254080212684,0-10
84913B,2011-11,4.0,21.669776817922475,17.669776817922475,0-10
84915,2011-11,4.0,17.232539666773807,13.232539666773807,0-10
84919,2011-07,9.0,20.894622108085862,11.894622108085862,0-10
84919,2011-08,2.0,24.272816122573214,22.272816122573214,0-10
84920,2011-07,4.0,52.433134766004336,48.433134766004336,0-10
84920,2011-08,7.0,43.45499433071318,36.45499433071318,0-10
84920,2011-09,8.0,24.273583032076232,16.273583032076232,0-10
84920,2011-10,4.0,24.230734569117672,20.230734569117672,0-10
84920,2011-11,3.0,17.630173138952713,14.630173138952713,0-10
84923,2011-07,9.0,24.395771149244723,15.395771149244723,0-10
84923,2011-08,12.0,27.20821997187397,15.20821997187397,11-50
84923,2011-09,21.0,29.74062669335861,8.74062669335861,11-50
84923,2011-10,25.0,44.3827252970149,19.3827252970149,11-50
84923,2011-11,11.0,34.649425171235954,23.649425171235954,11-50
84924A,2011-08,4.0,19.32134866516658,15.321348665166578,0-10
84924A,2011-09,3.0,34.29882444703528,31.29882444703528,0-10
84924A,2011-10,18.0,18.880484830624948,0.8804848306249475,11-50
84924A,2011-11,1.0,22.213115512024764,21.213115512024764,0-10
84926A,2011-08,124.0,150.72551721664448,26.725517216644477,101-500
84926A,2011-09,4.0,139.54493131474996,135.54493131474996,0-10
84926A,2011-10,96.0,91.10388181561636,4.8961181843836385,51-100
84926A,2011-11,24.0,78.59546979132736,54.59546979132736,11-50
84926D,2011-08,100.0,116.27477609125029,16.27477609125029,51-100
84926D,2011-09,31.0,162.4607754615776,131.4607754615776,11-50
84926D,2011-10,59.0,70.82974703649712,11.829747036497125,51-100
84926D,2011-11,29.0,56.3962318933575,27.396231893357502,11-50
84926E,2011-07,396.0,87.37071842837739,308.62928157162264,101-500
84926E,2011-08,124.0,233.91766326102385,109.91766326102385,101-500
84926E,2011-09,25.0,143.49938751907268,118.49938751907268,11-50
84926E,2011-10,86.0,122.62542670189703,36.62542670189703,51-100
84926E,2011-11,28.0,78.22052396492256,50.22052396492256,11-50
84926F,2011-07,48.0,100.23539304817298,52.23539304817298,11-50
84926F,2011-08,31.0,86.63050716904222,55.63050716904222,11-50
84926F,2011-09,29.0,74.13990810666346,45.139908106663455,11-50
84926F,2011-10,62.0,60.58967460860216,1.4103253913978406,51-100
84926F,2011-11,4.0,52.788219160761564,48.788219160761564,0-10
84927F,2011-07,78.0,23.662915311205,54.337084688795,51-100
84927F,2011-08,56.0,78.20909337911935,22.209093379119352,51-100
84927F,2011-09,6.0,77.29806158026011,71.29806158026011,0-10
84927F,2011-10,100.0,60.9198376138654,39.0801623861346,51-100
84927F,2011-11,20.0,74.4168670356752,54.416867035675196,11-50
84929,2011-08,144.0,376.5314963782619,232.53149637826192,101-500
84929,2011-09,144.0,353.36685823402325,209.36685823402325,101-500
84929,2011-10,126.0,274.55474794403943,148.55474794403943,101-500
84931A,2011-07,7.0,30.626810870216286,23.626810870216286,0-10
84931A,2011-08,10.0,30.07356861521602,20.07356861521602,0-10
84931A,2011-09,7.0,24.672983338771953,17.672983338771953,0-10
84931A,2011-10,26.0,30.07356861521602,4.073568615216018,11-50
84931B,2011-07,8.0,24.22703323809511,16.22703323809511,0-10
84931B,2011-08,10.0,30.07356861521602,20.07356861521602,0-10
84931B,2011-09,19.0,26.077195298608974,7.077195298608974,11-50
84931B,2011-10,66.0,36.33708139307624,29.66291860692376,51-100
84931B,2011-11,1.0,48.88807777539087,47.88807777539087,0-10
84944,2011-07,5.0,160.8780525945625,155.8780525945625,0-10
84944,2011-08,0.0,129.31933996166808,129.31933996166808,0-10
84945,2011-07,540.0,490.54756591294034,49.45243408705966,501-1000
84945,2011-08,1152.0,517.8451257221227,634.1548742778773,1001-5000
84945,2011-09,931.0,671.1751852610126,259.82481473898736,501-1000
84945,2011-10,1801.0,788.3906192481244,1012.6093807518756,1001-5000
84945,2011-11,696.0,783.8651447546238,87.86514475462377,501-1000
84946,2011-07,1600.0,1386.794888929019,213.20511107098105,1001-5000
84946,2011-08,1387.0,1575.8856372841162,188.88563728411623,1001-5000
84946,2011-09,1701.0,1428.0396951697812,272.9603048302188,1001-5000
84946,2011-10,3389.0,2098.137676586355,1290.8623234136448,1001-5000
84946,2011-11,692.0,1343.1318129515648,651.1318129515648,501-1000
84947,2011-07,571.0,372.55630289840633,198.44369710159367,501-1000
84947,2011-08,1673.0,518.0739419172609,1154.926058082739,1001-5000
84947,2011-09,629.0,1277.0573527646047,648.0573527646047,501-1000
84947,2011-10,1237.0,876.6952759144727,360.30472408552725,1001-5000
84947,2011-11,594.0,579.4460448210901,14.55395517890986,501-1000
84949,2011-07,197.0,185.65256492839995,11.347435071600046,101-500
84949,2011-08,316.0,205.442097845728,110.557902154272,101-500
84949,2011-09,660.0,308.37716629629483,351.62283370370517,501-1000
84949,2011-10,771.0,497.5506411189978,273.4493588810022,501-1000
84949,2011-11,371.0,357.7782857275738,13.221714272426198,101-500
84950,2011-07,114.0,119.44444988769759,5.444449887697587,101-500
84950,2011-08,210.0,137.01272824069903,72.98727175930097,101-500
84950,2011-09,198.0,167.65313525231716,30.346864747682844,101-500
84950,2011-10,210.0,163.6956741653374,46.30432583466259,101-500
84950,2011-11,84.0,119.58315417415982,35.583154174159816,51-100
84951A,2011-07,40.0,71.74837756921326,31.74837756921326,11-50
84951A,2011-08,50.0,58.62760608070975,8.627606080709747,11-50
84951A,2011-09,31.0,61.75919189170927,30.75919189170927,11-50
84951A,2011-10,57.0,57.37203428305349,0.3720342830534875,51-100
84951A,2011-11,3.0,48.80459099316529,45.80459099316529,0-10
84951B,2011-07,15.0,69.21885007383992,54.21885007383992,11-50
84951B,2011-08,6.0,48.23874968198113,42.23874968198113,0-10
84951B,2011-09,1.0,31.605969533225487,30.605969533225487,0-10
84951B,2011-10,67.0,24.715831801730513,42.284168198269484,51-100
84951B,2011-11,28.0,39.24354877946677,11.24354877946677,11-50
84952A,2011-09,6.0,19.32134866516658,13.321348665166578,0-10
84952A,2011-10,8.0,20.33141669273354,12.33141669273354,0-10
84952B,2011-10,1.0,22.779802707009082,21.779802707009082,0-10
84952B,2011-11,1.0,13.371347529813546,12.371347529813546,0-10
84968A,2011-07,27.0,27.578480979117412,0.5784809791174119,11-50
84968A,2011-08,16.0,43.89901426915106,27.89901426915106,11-50
84968A,2011-09,29.0,36.191812512878954,7.191812512878954,11-50
84968A,2011-10,8.0,43.89901426915106,35.89901426915106,0-10
84968A,2011-11,1.0,24.4191624342073,23.4191624342073,0-10
84968C,2011-07,9.0,25.7320019691776,16.7320019691776,0-10
84968C,2011-08,4.0,25.7320019691776,21.7320019691776,0-10
84968C,2011-09,5.0,23.831952288031584,18.831952288031584,0-10
84968C,2011-10,7.0,18.880484830624948,11.880484830624948,0-10
84968D,2011-07,3.0,21.294764818028927,18.294764818028927,0-10
84968D,2011-08,5.0,18.880484830624948,13.880484830624948,0-10
84968D,2011-09,4.0,18.880484830624948,14.880484830624948,0-10
84968D,2011-10,1.0,18.880484830624948,17.880484830624948,0-10
84968D,2011-11,3.0,13.371347529813546,10.371347529813546,0-10
84968E,2011-07,25.0,18.880484830624948,6.1195151693750525,11-50
84968E,2011-08,30.0,38.05247889203013,8.05247889203013,11-50
84968E,2011-09,0.0,45.325097113951315,45.325097113951315,0-10
84968F,2011-07,26.0,19.890552858191906,6.109447141808094,11-50
84968F,2011-08,4.0,38.05247889203013,34.05247889203013,0-10
84968F,2011-09,3.0,28.036350574726292,25.036350574726292,0-10
84968F,2011-10,3.0,18.880484830624948,15.880484830624948,0-10
84969,2011-07,10.0,77.74108316512556,67.74108316512556,0-10
84969,2011-08,29.0,47.23437491446998,18.23437491446998,11-50
84969,2011-09,42.0,64.30942655367882,22.30942655367882,11-50
84969,2011-10,46.0,70.85837113169114,24.858371131691143,11-50
84969,2011-11,4.0,45.37260401485052,41.37260401485052,0-10
84970L,2011-07,417.0,398.64659597931734,18.35340402068266,101-500
84970L,2011-08,356.0,464.0466980780616,108.04669807806158,101-500
84970L,2011-09,486.0,485.07590863843177,0.9240913615682302,101-500
84970L,2011-10,357.0,536.4026074511909,179.40260745119087,101-500
84970L,2011-11,168.0,298.8283878225651,130.8283878225651,101-500
84970S,2011-07,319.0,826.4980259042703,507.4980259042703,101-500
84970S,2011-08,576.0,601.609407986467,25.609407986466977,501-1000
84970S,2011-09,473.0,706.7981800622164,233.79818006221637,101-500
84970S,2011-10,441.0,676.2634042038065,235.26340420380654,101-500
84970S,2011-11,341.0,391.79630813980225,50.79630813980225,101-500
84970l,2011-08,11.0,50.59129703873085,39.59129703873085,11-50
84970l,2011-09,3.0,43.45499433071318,40.45499433071318,0-10
84970l,2011-10,43.0,31.126485105741544,11.873514894258456,11-50
84970l,2011-11,6.0,41.46631102126628,35.46631102126628,0-10
84970s,2011-08,34.0,42.394045538068546,8.394045538068546,11-50
84970s,2011-09,25.0,50.064832595214995,25.064832595214995,11-50
84970s,2011-10,32.0,55.74711302630796,23.747113026307957,11-50
84970s,2011-11,10.0,42.50092303975464,32.50092303975464,0-10
84971S,2011-07,69.0,155.47055870681052,86.47055870681052,51-100
84971S,2011-08,155.0,109.14034270007858,45.85965729992142,101-500
84971S,2011-09,71.0,169.35129460672874,98.35129460672874,51-100
84971S,2011-10,93.0,111.89620268594429,18.89620268594429,51-100
84971S,2011-11,87.0,72.14569430020221,14.854305699797791,51-100
84974,2011-07,8.0,18.880484830624948,10.880484830624948,0-10
84974,2011-08,1.0,20.496453272860588,19.496453272860588,0-10
84974,2011-09,5.0,21.294764818028927,16.294764818028927,0-10
84974,2011-10,1.0,18.880484830624948,17.880484830624948,0-10
84976,2011-08,36.0,181.41635843231313,145.41635843231313,11-50
84976,2011-09,37.0,88.27726307357759,51.277263073577586,11-50
84976,2011-10,12.0,84.66097300331442,72.66097300331442,11-50
84976,2011-11,17.0,45.764773918098,28.764773918098,11-50
84978,2011-07,956.0,988.6067651737732,32.60676517377317,501-1000
84978,2011-08,766.0,1043.908000458377,277.90800045837705,501-1000
84978,2011-09,472.0,1044.046787618096,572.046787618096,101-500
84978,2011-10,1253.0,825.8300506482931,427.1699493517069,1001-5000
84978,2011-11,208.0,577.5292752745136,369.52927527451357,101-500
84984A,2011-08,5.0,20.327396980181238,15.327396980181238,0-10
84984A,2011-09,0.0,20.327396980181238,20.327396980181238,0-10
84984B,2011-09,0.0,20.327396980181238,20.327396980181238,0-10
84984D,2011-08,0.0,20.327396980181238,20.327396980181238,0-10
84987,2011-07,137.0,160.96651840721475,23.96651840721475,101-500
84987,2011-08,149.0,217.5461342581789,68.54613425817891,101-500
84987,2011-09,325.0,213.49649921132848,111.50350078867152,101-500
84987,2011-10,384.0,286.18933302179664,97.81066697820336,101-500
84987,2011-11,6.0,210.85861947141922,204.85861947141922,0-10
84988,2011-07,301.0,294.815015824547,6.184984175452996,101-500
84988,2011-08,174.0,342.68585804178264,168.68585804178264,101-500
84988,2011-09,302.0,310.86220040009977,8.862200400099766,101-500
84988,2011-10,555.0,315.42138380912553,239.57861619087447,501-1000
84988,2011-11,24.0,233.16832576500772,209.16832576500772,11-50
84989A,2011-10,7.0,44.594548741437,37.594548741437,0-10
84989A,2011-11,1.0,30.76216625843171,29.76216625843171,0-10
84989a,2011-07,10.0,23.662915311205,13.662915311205001,0-10
84991,2011-07,1418.0,1226.871108389623,191.12889161037697,1001-5000
84991,2011-08,2391.0,1464.6564535080795,926.3435464919205,1001-5000
84991,2011-09,1548.0,1737.396305705066,189.39630570506597,1001-5000
84991,2011-10,1425.0,1737.7042808502329,312.70428085023286,1001-5000
84991,2011-11,136.0,917.3921691383148,781.3921691383148,101-500
84992,2011-07,639.0,1254.1840359745984,615.1840359745984,501-1000
84992,2011-08,1501.0,983.9119485354086,517.0880514645914,1001-5000
84992,2011-09,874.0,1462.4472612860502,588.4472612860502,501-1000
84992,2011-10,918.0,1098.2601873136784,180.26018731367844,501-1000
84992,2011-11,208.0,457.269891164222,249.26989116422197,101-500
84993A,2011-07,28.0,48.42229782554899,20.422297825548988,11-50
84993A,2011-08,41.0,61.7334619622918,20.7334619622918,11-50
84993A,2011-09,28.0,72.26496971577227,44.26496971577227,11-50
84993A,2011-10,54.0,74.20030911200064,20.20030911200064,51-100
84993A,2011-11,29.0,59.22653126937946,30.226531269379457,11-50
84993a,2011-07,3.0,39.643726176702955,36.643726176702955,0-10
84993a,2011-08,2.0,36.86889358311649,34.86889358311649,0-10
84993a,2011-09,1.0,36.86889358311649,35.86889358311649,0-10
84993a,2011-10,4.0,36.86889358311649,32.86889358311649,0-10
84993a,2011-11,2.0,23.03651110011118,21.03651110011118,0-10
84997A,2011-07,90.0,219.9934155487175,129.9934155487175,51-100
84997A,2011-08,198.0,136.61913991722864,61.38086008277136,101-500
84997A,2011-09,117.0,180.89365351471008,63.89365351471008,101-500
84997A,2011-10,266.0,138.83974415282452,127.16025584717548,101-500
84997A,2011-11,158.0,102.88757839790887,55.11242160209113,101-500
84997B,2011-07,230.0,309.1932868307632,79.19328683076321,101-500
84997B,2011-08,365.0,269.1496622126477,95.85033778735232,101-500
84997B,2011-09,272.0,278.9994221473386,6.999422147338578,101-500
84997B,2011-10,396.0,277.27059891117744,118.72940108882256,101-500
84997B,2011-11,97.0,214.44853161725845,117.44853161725845,51-100
84997C,2011-07,178.0,418.828143542883,240.82814354288303,101-500
84997C,2011-08,229.0,207.55542016065058,21.444579839349416,101-500
84997C,2011-09,280.0,247.94106256939818,32.058937430601816,101-500
84997C,2011-10,614.0,290.1741453472021,323.8258546527979,501-1000
84997C,2011-11,102.0,293.2382428564571,191.23824285645708,101-500
84997D,2011-07,250.0,481.3464026769603,231.34640267696028,101-500
84997D,2011-08,460.0,301.5192027541926,158.48079724580742,101-500
84997D,2011-09,456.0,405.0407307612196,50.959269238780394,101-500
84997D,2011-10,704.0,474.98565848907896,229.01434151092104,501-1000
84997D,2011-11,130.0,357.967165615573,227.96716561557298,101-500
84997a,2011-07,10.0,26.130170804402873,16.130170804402873,0-10
84997a,2011-08,20.0,25.7320019691776,5.732001969177599,11-50
84997a,2011-09,9.0,39.62600445819977,30.626004458199773,0-10
84997a,2011-10,7.0,26.130170804402873,19.130170804402873,0-10
84997a,2011-11,5.0,18.7636788217618,13.7636788217618,0-10
84997b,2011-09,42.0,40.63582036251637,1.3641796374836304,11-50
84997b,2011-10,63.0,53.194001382512205,9.805998617487795,51-100
84997b,2011-11,10.0,47.261737228857484,37.261737228857484,0-10
84997c,2011-09,36.0,44.29718310437633,8.29718310437633,11-50
84997c,2011-10,41.0,47.1819225171109,6.181922517110898,11-50
84997c,2011-11,16.0,50.39873479063928,34.39873479063928,11-50
84997d,2011-07,11.0,29.530130899793463,18.530130899793463,11-50
84997d,2011-08,27.0,26.784918459703118,0.21508154029688242,11-50
84997d,2011-09,33.0,44.29718310437633,11.29718310437633,11-50
84997d,2011-10,75.0,45.723265949176586,29.276734050823414,51-100
84997d,2011-11,8.0,49.087764846065014,41.087764846065014,0-10
85014A,2011-07,70.0,174.58114746573565,104.58114746573565,51-100
85014A,2011-08,136.0,117.4508262208508,18.5491737791492,101-500
85014A,2011-09,171.0,193.04776759205546,22.047767592055465,101-500
85014A,2011-10,121.0,167.89102433623563,46.89102433623563,101-500
85014A,2011-11,4.0,92.77938091023474,88.77938091023474,0-10
85014B,2011-07,75.0,191.48338614469208,116.48338614469208,51-100
85014B,2011-08,180.0,127.00753356761007,52.99246643238993,101-500
85014B,2011-09,413.0,242.37133838390488,170.62866161609512,101-500
85014B,2011-10,156.0,319.7669011193542,163.7669011193542,101-500
85014B,2011-11,67.0,128.61992127214134,61.61992127214134,51-100
85014a,2011-09,3.0,18.880484830624948,15.880484830624948,0-10
85014a,2011-10,3.0,18.880484830624948,15.880484830624948,0-10
85014b,2011-07,1.0,18.880484830624948,17.880484830624948,0-10
85014b,2011-08,3.0,18.880484830624948,15.880484830624948,0-10
85014b,2011-09,3.0,18.880484830624948,15.880484830624948,0-10
85014b,2011-10,2.0,18.880484830624948,16.880484830624948,0-10
85014b,2011-11,1.0,13.371347529813546,12.371347529813546,0-10
85015,2011-07,170.0,167.60827153176984,2.3917284682301556,101-500
85015,2011-08,387.0,161.40973334232194,225.59026665767806,101-500
85015,2011-09,318.0,282.0390894680872,35.960910531912816,101-500
85015,2011-10,349.0,247.91234014506688,101.08765985493312,101-500
85015,2011-11,28.0,193.18018879151617,165.18018879151617,11-50
85017B,2011-07,56.0,137.3518006112206,81.3518006112206,51-100
85017B,2011-08,154.0,119.3141954230406,34.6858045769594,101-500
85017B,2011-09,123.0,168.80787729650763,45.80787729650763,101-500
85017B,2011-10,9.0,162.49523595544514,153.49523595544514,0-10
85019A,2011-07,25.0,49.666663759989724,24.666663759989724,11-50
85019A,2011-08,72.0,50.23768439585795,21.762315604142053,51-100
85019A,2011-09,49.0,78.08379036978273,29.083790369782733,11-50
85019A,2011-10,52.0,74.99787441435754,22.99787441435754,51-100
85019A,2011-11,26.0,59.68573106160667,33.68573106160667,11-50
85019B,2011-07,48.0,56.076911460616294,8.076911460616294,11-50
85019B,2011-08,77.0,63.955133784323,13.044866215676997,51-100
85019B,2011-09,169.0,91.05742103875967,77.94257896124033,101-500
85019B,2011-10,54.0,121.93560404562449,67.93560404562449,51-100
85019B,2011-11,2.0,61.46343181069921,59.46343181069921,0-10
85020,2011-07,12.0,23.662915311205,11.662915311205001,11-50
85020,2011-08,0.0,27.247519157784957,27.247519157784957,0-10
85023B,2011-09,18.0,47.23437491446998,29.23437491446998,11-50
85023B,2011-10,7.0,32.02294693396481,25.02294693396481,0-10
85023B,2011-11,1.0,23.56257555028119,22.56257555028119,0-10
85024B,2011-07,156.0,23.662915311205,132.337084688795,101-500
85024B,2011-08,2.0,105.59192482251775,103.59192482251775,0-10
85024B,2011-09,0.0,48.22038598819285,48.22038598819285,0-10
85024C,2011-07,0.0,23.662915311205,23.662915311205,0-10
85024C,2011-10,2.0,23.662915311205,21.662915311205,0-10
85025B,2011-07,144.0,23.662915311205,120.337084688795,101-500
85025B,2011-08,5.0,100.91053315535447,95.91053315535447,0-10
85025B,2011-09,74.0,58.572376200937065,15.427623799062935,51-100
85025B,2011-10,71.0,70.36482649234785,0.635173507652155,51-100
85025B,2011-11,4.0,59.54186175892631,55.54186175892631,0-10
85025C,2011-07,170.0,31.66565062364934,138.33434937635064,101-500
85026B,2011-11,2.0,32.19237684421253,30.192376844212532,0-10
85032A,2011-07,71.0,137.11471584648586,66.11471584648586,51-100
85032A,2011-08,198.0,104.60242170777836,93.39757829222164,101-500
85032A,2011-09,91.0,204.0987677859871,113.09876778598709,51-100
85032A,2011-10,105.0,134.5596306393547,29.559630639354708,101-500
85032A,2011-11,18.0,85.87501713206375,67.87501713206375,11-50
85032B,2011-07,81.0,101.2170748815964,20.217074881596403,51-100
85032B,2011-08,83.0,112.93931145409903,29.939311454099027,51-100
85032B,2011-09,108.0,112.93931145409903,4.939311454099027,101-500
85032B,2011-10,81.0,138.11867864511015,57.11867864511015,51-100
85032B,2011-11,57.0,74.02069475820448,17.020694758204485,51-100
85032C,2011-07,64.0,86.88293730997582,22.882937309975816,51-100
85032C,2011-08,162.0,98.16701277817641,63.832987221823586,101-500
85032C,2011-09,85.0,154.58206344986507,69.58206344986507,51-100
85032C,2011-10,74.0,123.87327969781632,49.873279697816315,51-100
85032C,2011-11,42.0,64.63095300914676,22.630953009146765,11-50
85032D,2011-07,86.0,111.13634851164679,25.136348511646787,51-100
85032D,2011-08,289.0,114.72229418232705,174.27770581767294,101-500
85032D,2011-09,49.0,248.38726620692051,199.38726620692051,11-50
85034A,2011-07,4.0,22.779802707009082,18.779802707009082,0-10
85034A,2011-08,16.0,22.779802707009082,6.7798027070090825,11-50
85034A,2011-09,329.0,31.223401853995046,297.77659814600497,101-500
85034A,2011-10,96.0,290.3777598941023,194.37775989410233,51-100
85034B,2011-07,0.0,27.888171143024262,27.888171143024262,0-10
85034B,2011-10,461.0,167.3123571743508,293.68764282564916,101-500
85034B,2011-11,75.0,213.57315309664486,138.57315309664486,51-100
85034C,2011-07,0.0,22.779802707009082,22.779802707009082,0-10
85034C,2011-10,571.0,234.293733276018,336.706266723982,501-1000
85034C,2011-11,73.0,226.2094904770155,153.2094904770155,51-100
85035A,2011-07,8.0,21.66677713203657,13.666777132036572,0-10
85035A,2011-08,27.0,29.631319845561734,2.631319845561734,11-50
85035A,2011-09,154.0,45.939350198737515,108.06064980126249,101-500
85035B,2011-07,1.0,24.395771149244723,23.395771149244723,0-10
85035B,2011-08,7.0,19.890552858191906,12.890552858191906,0-10
85035B,2011-09,83.0,19.32134866516658,63.67865133483342,51-100
85035C,2011-07,2.0,29.631319845561734,27.631319845561734,0-10
85035C,2011-08,4.0,29.190456011020103,25.190456011020103,0-10
85035C,2011-09,315.0,22.779802707009082,292.2201972929909,101-500
85035C,2011-10,248.0,282.3051986791374,34.30519867913739,101-500
85036A,2011-07,7.0,29.190456011020103,22.190456011020103,0-10
85036A,2011-08,14.0,19.32134866516658,5.321348665166578,11-50
85036A,2011-09,77.0,23.917118237257462,53.08288176274254,51-100
85036B,2011-07,0.0,25.233094643155358,25.233094643155358,0-10
85036B,2011-10,49.0,132.45600930110427,83.45600930110427,11-50
85036C,2011-07,1.0,22.779802707009082,21.779802707009082,0-10
85036C,2011-08,2.0,22.779802707009082,20.779802707009082,0-10
85036C,2011-09,209.0,22.779802707009082,186.22019729299092,101-500
85036C,2011-10,403.0,189.37406478243818,213.62593521756182,101-500
85038,2011-07,51.0,30.07356861521602,20.92643138478398,51-100
85038,2011-08,19.0,49.41619243103684,30.41619243103684,11-50
85038,2011-09,96.0,48.23874968198113,47.76125031801887,51-100
85038,2011-10,350.0,105.49195713080626,244.50804286919373,101-500
85038,2011-11,131.0,169.75097746242596,38.750977462425965,101-500
85039A,2011-07,18.0,78.31881172574911,60.318811725749114,11-50
85039A,2011-08,30.0,59.65640547603063,29.656405476030628,11-50
85039A,2011-09,143.0,67.76177606752802,75.23822393247198,101-500
85039A,2011-10,50.0,136.55962081261842,86.55962081261842,11-50
85039A,2011-11,25.0,56.42736803158118,31.42736803158118,11-50
85039B,2011-07,23.0,86.80405502929317,63.80405502929317,11-50
85039B,2011-08,32.0,58.3671518840212,26.367151884021197,11-50
85039B,2011-09,82.0,69.12624312758501,12.873756872414987,51-100
85039B,2011-10,52.0,96.02086281595648,44.02086281595648,51-100
85039B,2011-11,28.0,49.64042793698309,21.640427936983087,11-50
85039C,2011-07,7.0,36.28059766344878,29.28059766344878,0-10
85039C,2011-08,10.0,24.715831801730513,14.715831801730513,0-10
85039C,2011-09,7.0,26.246256781691233,19.246256781691233,0-10
85039C,2011-10,13.0,30.471737450441292,17.471737450441292,11-50
85039C,2011-11,2.0,19.85267108540687,17.85267108540687,0-10
85039a,2011-07,0.0,23.662915311205,23.662915311205,0-10
85039a,2011-10,4.0,23.662915311205,19.662915311205,0-10
85039a,2011-11,1.0,16.09900575574465,15.099005755744649,0-10
85040A,2011-07,19.0,56.977592959614704,37.977592959614704,11-50
85040A,2011-08,55.0,56.78176153327294,1.7817615332729417,51-100
85040A,2011-09,74.0,75.1383219929863,1.138321992986306,51-100
85040A,2011-10,125.0,96.63204147473718,28.36795852526282,101-500
85040A,2011-11,22.0,73.6805061716466,51.6805061716466,11-50
85040a,2011-09,2.0,23.662915311205,21.662915311205,0-10
85040a,2011-10,7.0,23.662915311205,16.662915311205,0-10
85045,2011-09,1.0,29.483262724282596,28.483262724282596,0-10
85045,2011-10,4.0,18.880484830624948,14.880484830624948,0-10
85048,2011-07,14.0,34.55640485354758,20.556404853547583,11-50
85048,2011-08,327.0,27.180312143892138,299.81968785610786,101-500
85048,2011-09,178.0,324.0336956093078,146.0336956093078,101-500
85048,2011-10,650.0,201.8530862150548,448.14691378494524,501-1000
85048,2011-11,55.0,346.3869856554031,291.3869856554031,51-100
85049A,2011-07,138.0,101.08129721710682,36.91870278289318,101-500
85049A,2011-08,380.0,189.7924168811328,190.2075831188672,101-500
85049A,2011-09,842.0,322.7716157870237,519.2283842129764,501-1000
85049A,2011-10,845.0,840.3808654681606,4.61913453183945,501-1000
85049A,2011-11,143.0,351.9611952553749,208.9611952553749,101-500
85049C,2011-07,111.0,83.34898761582278,27.65101238417722,101-500
85049C,2011-08,113.0,125.08030471716343,12.080304717163429,101-500
85049C,2011-09,102.0,132.37201908411396,30.37201908411396,101-500
85049C,2011-10,83.0,137.58284477730632,54.58284477730632,51-100
85049C,2011-11,19.0,70.91481404852365,51.91481404852365,11-50
85049D,2011-07,25.0,69.83817565752977,44.838175657529774,11-50
85049D,2011-08,1.0,61.61697807637445,60.61697807637445,0-10
85049E,2011-07,402.0,121.67031263851575,280.3296873614843,101-500
85049E,2011-08,419.0,280.4371225397552,138.5628774602448,101-500
85049E,2011-09,617.0,344.06644232992403,272.93355767007597,501-1000
85049E,2011-10,417.0,763.4146955763866,346.41469557638663,101-500
85049E,2011-11,64.0,153.52151420850598,89.52151420850598,51-100
85049F,2011-07,36.0,47.10729597123951,11.107295971239509,11-50
85049F,2011-08,30.0,74.40498664866078,44.40498664866078,11-50
85049G,2011-07,120.0,123.24966977487452,3.249669774874519,101-500
85049G,2011-08,120.0,134.27077665750312,14.27077665750312,101-500
85049G,2011-09,235.0,146.16371375618832,88.83628624381168,101-500
85049G,2011-10,83.0,223.0046600081862,140.0046600081862,51-100
85049G,2011-11,62.0,86.12410593768595,24.124105937685954,51-100
85049H,2011-07,48.0,54.6155478562811,6.615547856281097,11-50
85049H,2011-08,70.0,81.85140767991605,11.85140767991605,51-100
85049H,2011-09,106.0,115.41462077347627,9.414620773476273,101-500
85049H,2011-10,123.0,137.6391942176262,14.639194217626198,101-500
85049H,2011-11,41.0,80.88037803294151,39.88037803294151,11-50
85049a,2011-08,4.0,23.662915311205,19.662915311205,0-10
85049a,2011-09,13.0,23.662915311205,10.662915311205001,11-50
85049a,2011-10,41.0,27.263915575731257,13.736084424268743,11-50
85049a,2011-11,36.0,38.83861497575486,2.838614975754858,11-50
85049e,2011-09,14.0,23.662915311205,9.662915311205001,11-50
85049e,2011-10,30.0,27.248616855728923,2.7513831442710774,11-50
85049e,2011-11,12.0,40.423697249986226,28.423697249986226,11-50
85049g,2011-07,10.0,30.07356861521602,20.07356861521602,0-10
85049g,2011-08,11.0,30.07356861521602,19.07356861521602,11-50
85049g,2011-09,17.0,30.471737450441292,13.471737450441292,11-50
85049g,2011-10,22.0,36.73525022830151,14.73525022830151,11-50
85049g,2011-11,12.0,41.07484019495439,29.07484019495439,11-50
85053,2011-07,95.0,111.0802664702445,16.080266470244496,51-100
85053,2011-08,253.0,121.70798799842106,131.29201200157894,101-500
85053,2011-09,249.0,214.86618900230488,34.13381099769512,101-500
85053,2011-10,256.0,221.87952616323216,34.12047383676784,101-500
85053,2011-11,152.0,123.14059753455302,28.859402465446976,101-500
85054,2011-07,33.0,64.19878843366195,31.198788433661946,11-50
85054,2011-08,12.0,75.2683081786465,63.26830817864651,11-50
85054,2011-09,46.0,34.47790347811775,11.522096521882247,11-50
85054,2011-10,52.0,73.33160616327504,21.33160616327504,51-100
85059,2011-07,21.0,40.67892094872529,19.678920948725292,11-50
85059,2011-08,12.0,42.007393339602196,30.007393339602196,11-50
85059,2011-09,16.0,29.23620537677057,13.23620537677057,11-50
85059,2011-10,28.0,37.34591794917277,9.345917949172772,11-50
85059,2011-11,4.0,32.80487954950077,28.804879549500768,0-10
85061W,2011-07,148.0,92.65321442886352,55.34678557113648,101-500
85061W,2011-08,462.0,125.89248311416858,336.1075168858314,101-500
85061W,2011-09,219.0,312.2687903570593,93.26879035705929,101-500
85061W,2011-10,213.0,201.90819131969903,11.091808680300971,101-500
85061W,2011-11,77.0,170.18449483021055,93.18449483021055,51-100
85062,2011-07,178.0,93.31082263522659,84.68917736477341,101-500
85062,2011-08,30.0,159.09140688647742,129.09140688647742,11-50
85062,2011-09,76.0,73.72202686562854,2.2779731343714644,51-100
85062,2011-10,99.0,106.463912960329,7.463912960328997,51-100
85062,2011-11,28.0,72.34776838938845,44.34776838938845,11-50
85066,2011-07,118.0,110.85475715802787,7.145242841972134,101-500
85066,2011-08,226.0,143.44825427219482,82.55174572780518,101-500
85066,2011-09,90.0,237.07964602777943,147.07964602777943,51-100
85066,2011-10,271.0,138.396639043132,132.603360956868,101-500
85066,2011-11,130.0,140.51712108484318,10.517121084843183,101-500
85071A,2011-07,152.0,156.1386530416708,4.138653041670807,101-500
85071A,2011-08,159.0,137.1685264670866,21.831473532913407,101-500
85071A,2011-09,181.0,175.06073350713484,5.939266492865158,101-500
85071A,2011-10,149.0,204.8905017642291,55.8905017642291,101-500
85071A,2011-11,13.0,98.7949518007478,85.7949518007478,11-50
85071B,2011-07,116.0,165.7114123760562,49.71141237605619,101-500
85071B,2011-08,186.0,136.51486192651944,49.485138073480556,101-500
85071B,2011-09,150.0,198.25188419947222,48.251884199472215,101-500
85071B,2011-10,182.0,167.30718249879368,14.69281750120632,101-500
85071B,2011-11,42.0,114.50637452856118,72.50637452856118,11-50
85071C,2011-07,45.0,63.564321466161246,18.564321466161246,11-50
85071C,2011-08,210.0,65.21070558197927,144.78929441802075,101-500
85071C,2011-09,67.0,189.28471746107118,122.28471746107118,51-100
85071C,2011-10,98.0,105.71322071169011,7.713220711690113,51-100
85071C,2011-11,8.0,79.70442474781963,71.70442474781963,0-10
85071D,2011-08,58.0,81.01659713886616,23.01659713886616,51-100
85071D,2011-09,75.0,85.62184713066846,10.621847130668456,51-100
85071D,2011-10,76.0,120.50389216764762,44.50389216764762,51-100
85071D,2011-11,3.0,56.41348850399894,53.41348850399894,0-10
85078,2011-07,157.0,158.3793810605863,1.3793810605862973,101-500
85078,2011-08,389.0,170.21226780791812,218.78773219208188,101-500
85078,2011-09,518.0,306.9231017136094,211.0768982863906,501-1000
85078,2011-10,8.0,433.8208534239586,425.8208534239586,0-10
85086A,2011-07,17.0,97.46745201971285,80.46745201971285,11-50
85087,2011-07,23.0,64.4592426303505,41.4592426303505,11-50
85087,2011-08,37.0,75.2683081786465,38.26830817864651,11-50
85087,2011-09,9.0,67.76177606752802,58.76177606752802,0-10
85088,2011-07,14.0,31.126485105741544,17.126485105741544,11-50
85088,2011-08,1.0,30.626810870216286,29.626810870216286,0-10
85088,2011-09,75.0,30.07356861521602,44.92643138478398,51-100
85088,2011-10,48.0,66.64854985561156,18.648549855611563,11-50
85093,2011-07,13.0,52.44095216947925,39.44095216947925,11-50
85093,2011-08,11.0,43.81958419877188,32.81958419877188,11-50
85093,2011-09,32.0,48.613203085367275,16.613203085367275,11-50
85093,2011-10,22.0,67.09194583610744,45.09194583610744,11-50
85094,2011-07,38.0,52.201044873009955,14.201044873009955,11-50
85094,2011-08,1.0,61.7334619622918,60.7334619622918,0-10
85094,2011-09,71.0,58.025439662681634,12.974560337318366,51-100
85094,2011-10,104.0,80.72199994144304,23.278000058556955,101-500
85094,2011-11,11.0,71.50581988951609,60.50581988951609,11-50
85095,2011-07,1.0,56.50006350385801,55.50006350385801,0-10
85095,2011-08,1.0,55.483746034470556,54.483746034470556,0-10
85095,2011-09,8.0,23.8327191975346,15.832719197534601,0-10
85095,2011-10,16.0,23.220666541550713,7.220666541550713,11-50
85095,2011-11,2.0,25.340916447898927,23.340916447898927,0-10
85096,2011-08,0.0,22.779802707009082,22.779802707009082,0-10
85096,2011-11,1.0,15.215893151548743,14.215893151548743,0-10
85099B,2011-07,5402.0,2572.465025374805,2829.534974625195,5000+
85099B,2011-08,4399.0,4881.791845934996,482.79184593499576,1001-5000
85099B,2011-09,5412.0,4985.829866288456,426.1701337115437,5000+
85099B,2011-10,5908.0,6861.03494601026,953.0349460102598,5000+
85099B,2011-11,1105.0,3892.7755334341964,2787.7755334341964,1001-5000
85099C,2011-07,1057.0,973.7662219457349,83.23377805426514,1001-5000
85099C,2011-08,1581.0,1124.188051591564,456.8119484084359,1001-5000
85099C,2011-09,1117.0,1414.4374670624368,297.4374670624368,1001-5000
85099C,2011-10,1565.0,1290.4751968598737,274.5248031401263,1001-5000
85099C,2011-11,265.0,887.6863167807576,622.6863167807576,101-500
85099F,2011-07,2176.0,1266.0045654779653,909.9954345220347,1001-5000
85099F,2011-08,1430.0,1559.6754553578173,129.67545535781733,1001-5000
85099F,2011-09,1834.0,1599.2963880613754,234.7036119386246,1001-5000
85099F,2011-10,898.0,1936.7561192828712,1038.7561192828712,501-1000
85099F,2011-11,304.0,734.7179504845175,430.7179504845175,101-500
85104,2011-11,14.0,16.268809642074253,2.2688096420742525,11-50
85106,2011-07,505.0,23.662915311205,481.337084688795,501-1000
85106,2011-08,0.0,230.5243121245048,230.5243121245048,0-10
85107,2011-07,53.0,23.662915311205,29.337084688795,51-100
85107,2011-08,6.0,50.59129703873085,44.59129703873085,0-10
85107,2011-09,22.0,47.23437491446998,25.23437491446998,11-50
85107,2011-10,88.0,42.394045538068546,45.605954461931454,51-100
85107,2011-11,48.0,54.96312685110663,6.9631268511066295,11-50
85111,2011-07,78.0,105.99094919890683,27.990949198906833,51-100
85111,2011-08,198.0,102.77136938570303,95.22863061429697,101-500
85111,2011-09,626.0,169.01884001833167,456.9811599816683,501-1000
85111,2011-10,85.0,474.7785046913057,389.7785046913057,51-100
85111,2011-11,4.0,89.96018818137942,85.96018818137942,0-10
85114A,2011-07,78.0,25.843307197947937,52.15669280205206,51-100
85114A,2011-08,140.0,71.88318604039078,68.11681395960922,101-500
85114A,2011-09,12.0,109.12001385462065,97.12001385462065,11-50
85114A,2011-10,16.0,48.3200652742398,32.3200652742398,11-50
85114A,2011-11,8.0,31.45495871970562,23.45495871970562,0-10
85114B,2011-07,17.0,46.3815989683918,29.3815989683918,11-50
85114B,2011-08,94.0,37.38999788360179,56.61000211639821,51-100
85114B,2011-09,33.0,86.36893081369296,53.368930813692955,11-50
85114B,2011-10,31.0,57.77020311827876,26.770203118278758,11-50
85114B,2011-11,15.0,42.98040746723858,27.980407467238578,11-50
85114C,2011-07,17.0,44.06120026299905,27.06120026299905,11-50
85114C,2011-08,133.0,37.38999788360179,95.61000211639822,101-500
85114C,2011-09,23.0,103.91313065523232,80.91313065523232,11-50
85114C,2011-10,111.0,57.37203428305349,53.62796571694651,101-500
85114C,2011-11,15.0,69.28407928785012,54.28407928785012,11-50
85114b,2011-07,1.0,30.07356861521602,29.07356861521602,0-10
85114b,2011-08,0.0,23.662915311205,23.662915311205,0-10
85114b,2011-11,5.0,16.09900575574465,11.099005755744649,0-10
85114c,2011-07,24.0,25.67534341280964,1.6753434128096387,11-50
85114c,2011-08,8.0,48.240580915189476,40.240580915189476,0-10
85114c,2011-09,12.0,32.818781055306346,20.818781055306346,11-50
85114c,2011-10,26.0,27.247519157784957,1.2475191577849571,11-50
85114c,2011-11,7.0,40.67667135972912,33.67667135972912,0-10
85116,2011-07,38.0,92.81640597287158,54.81640597287158,11-50
85116,2011-08,37.0,75.50437516672042,38.50437516672042,11-50
85116,2011-09,10.0,68.91224419768656,58.91224419768656,0-10
85123A,2011-07,2075.0,2766.103106847219,691.1031068472189,1001-5000
85123A,2011-08,2474.0,2971.439443538033,497.4394435380332,1001-5000
85123A,2011-09,1685.0,2120.8924855691675,435.89248556916755,1001-5000
85123A,2011-10,4908.0,2743.87106789407,2164.12893210593,1001-5000
85123A,2011-11,815.0,2770.5016599996184,1955.5016599996184,501-1000
85123a,2011-07,17.0,35.01254593041123,18.01254593041123,11-50
85123a,2011-08,25.0,33.04843123756337,8.04843123756337,11-50
85123a,2011-09,13.0,44.29718310437633,31.29718310437633,11-50
85123a,2011-10,34.0,30.136336832079337,3.863663167920663,11-50
85123a,2011-11,24.0,32.80487954950077,8.804879549500768,11-50
85124B,2011-07,9.0,23.662915311205,14.662915311205001,0-10
85124B,2011-08,3.0,24.672983338771953,21.672983338771953,0-10
85124B,2011-09,10.0,28.614382768611634,18.614382768611634,0-10
85124B,2011-10,7.0,23.662915311205,16.662915311205,0-10
85124C,2011-07,0.0,23.662915311205,23.662915311205,0-10
85125,2011-10,46.0,45.34592641870735,0.6540735812926499,11-50
85127,2011-07,4.0,20.496453272860588,16.496453272860588,0-10
85127,2011-08,23.0,25.29113813463597,2.2911381346359683,11-50
85127,2011-09,8.0,38.05247889203013,30.05247889203013,0-10
85127,2011-10,25.0,25.7320019691776,0.732001969177599,11-50
85127,2011-11,2.0,35.8797520765738,33.8797520765738,0-10
85129B,2011-07,1.0,38.46649960854886,37.46649960854886,0-10
85129B,2011-08,1.0,23.662915311205,22.662915311205,0-10
85129B,2011-09,0.0,23.662915311205,23.662915311205,0-10
85129C,2011-10,1.0,42.394045538068546,41.394045538068546,0-10
85129C,2011-11,1.0,25.254871499845976,24.254871499845976,0-10
85129D,2011-07,4.0,38.46649960854886,34.46649960854886,0-10
85129D,2011-08,4.0,24.672983338771953,20.672983338771953,0-10
85129D,2011-09,4.0,23.662915311205,19.662915311205,0-10
85129D,2011-10,12.0,23.662915311205,11.662915311205001,11-50
85129D,2011-11,21.0,18.84260305783992,2.15739694216008,11-50
85130B,2011-07,169.0,146.85861734673674,22.141382653263264,101-500
85130B,2011-08,226.0,143.50376161820262,82.49623838179738,101-500
85130B,2011-09,56.0,195.06689560918124,139.06689560918124,51-100
85130B,2011-10,37.0,112.88995179020789,75.88995179020789,11-50
85130B,2011-11,1.0,67.33275669342078,66.33275669342078,0-10
85130C,2011-08,190.0,103.90684267590342,86.09315732409658,101-500
85130C,2011-09,8.0,179.10294842438987,171.10294842438987,0-10
85130C,2011-10,11.0,70.51806597388523,59.51806597388523,11-50
85130C,2011-11,8.0,37.32266070394903,29.322660703949033,0-10
85130D,2011-07,125.0,170.8738596017583,45.87385960175831,101-500
85130D,2011-08,10.0,128.24127033694543,118.24127033694543,0-10
85130D,2011-09,22.0,81.04296579935334,59.04296579935334,11-50
85130D,2011-10,3.0,68.63538895456837,65.63538895456837,0-10
85130D,2011-11,8.0,34.127015110416686,26.127015110416686,0-10
85131A,2011-07,8.0,151.2670158132816,143.2670158132816,0-10
85131A,2011-08,0.0,72.08232880491532,72.08232880491532,0-10
85131B,2011-07,47.0,83.550727412331,36.550727412331,11-50
85131B,2011-08,66.0,91.58496036704055,25.58496036704055,51-100
85131B,2011-09,34.0,101.82769454163545,67.82769454163545,11-50
85131B,2011-10,94.0,69.62292982099275,24.377070179007248,51-100
85131B,2011-11,15.0,68.23636592148813,53.23636592148813,11-50
85131C,2011-07,20.0,39.643726176702955,19.643726176702955,11-50
85131C,2011-08,37.0,50.909901600714015,13.909901600714015,11-50
85131C,2011-09,17.0,60.25251101631748,43.25251101631748,11-50
85131C,2011-10,6.0,58.81543192963594,52.81543192963594,0-10
85131D,2011-07,104.0,100.61582127609309,3.3841787239069134,101-500
85131D,2011-08,72.0,126.225741546425,54.225741546425,51-100
85131D,2011-09,41.0,105.84511958981595,64.84511958981595,11-50
85131D,2011-10,31.0,97.46332341101358,66.46332341101358,11-50
85131D,2011-11,18.0,48.47825793499745,30.47825793499745,11-50
85132C,2011-07,365.0,291.5221923903585,73.4778076096415,101-500
85132C,2011-08,4.0,295.9633824276581,291.9633824276581,0-10
85135B,2011-07,3.0,19.32134866516658,16.32134866516658,0-10
85135B,2011-08,3.0,18.880484830624948,15.880484830624948,0-10
85135B,2011-09,0.0,18.880484830624948,18.880484830624948,0-10
85135C,2011-07,2.0,18.880484830624948,16.880484830624948,0-10
85135C,2011-08,13.0,18.880484830624948,5.8804848306249475,11-50
85135C,2011-09,10.0,21.66677713203657,11.666777132036572,0-10
85135C,2011-10,3.0,25.7320019691776,22.7320019691776,0-10
85135C,2011-11,12.0,19.782000833824558,7.782000833824558,11-50
85136A,2011-08,1.0,18.880484830624948,17.880484830624948,0-10
85136A,2011-09,8.0,18.880484830624948,10.880484830624948,0-10
85136A,2011-10,14.0,20.496453272860588,6.496453272860588,11-50
85136A,2011-11,6.0,19.81219289628307,13.812192896283069,0-10
85136C,2011-08,0.0,18.880484830624948,18.880484830624948,0-10
85136C,2011-11,5.0,16.229949257960634,11.229949257960634,0-10
85150,2011-09,240.0,573.3295895121046,333.3295895121046,101-500
85150,2011-10,355.0,308.24426713718054,46.75573286281946,101-500
85150,2011-11,112.0,200.8780610341475,88.87806103414749,101-500
85152,2011-07,234.0,593.253762340972,359.253762340972,101-500
85152,2011-08,838.0,366.4623022161367,471.5376977838633,501-1000
85152,2011-09,1317.0,757.2145112405802,559.7854887594198,1001-5000
85152,2011-10,574.0,1166.569662833325,592.5696628333251,501-1000
85152,2011-11,881.0,369.76200925761947,511.23799074238053,501-1000
85159A,2011-07,25.0,57.37203428305349,32.37203428305349,11-50
85159A,2011-08,5.0,49.666663759989724,44.666663759989724,0-10
85159A,2011-09,12.0,33.87169754583188,21.87169754583188,11-50
85159A,2011-10,30.0,25.886155660906496,4.113844339093504,11-50
85159A,2011-11,1.0,40.67667135972912,39.67667135972912,0-10
85159B,2011-07,30.0,64.74858020851175,34.748580208511754,11-50
85159B,2011-08,38.0,57.85151871053743,19.851518710537427,11-50
85159B,2011-09,54.0,49.666663759989724,4.333336240010276,51-100
85159B,2011-10,50.0,61.75919189170927,11.759191891709271,11-50
85160B,2011-07,6.0,64.50829455587827,58.508294555878265,0-10
85160B,2011-08,3.0,65.07727849176912,62.07727849176912,0-10
85160B,2011-09,0.0,45.64746523196252,45.64746523196252,0-10
85161,2011-08,3.0,18.880484830624948,15.880484830624948,0-10
85161,2011-09,1.0,18.880484830624948,17.880484830624948,0-10
85161,2011-10,3.0,18.880484830624948,15.880484830624948,0-10
85163A,2011-09,8.0,18.880484830624948,10.880484830624948,0-10
85163A,2011-10,4.0,19.32134866516658,15.321348665166578,0-10
85163B,2011-07,1.0,18.880484830624948,17.880484830624948,0-10
85163B,2011-08,0.0,18.880484830624948,18.880484830624948,0-10
85168B,2011-07,0.0,18.880484830624948,18.880484830624948,0-10
85168B,2011-10,6.0,19.32134866516658,13.321348665166578,0-10
85168B,2011-11,7.0,20.222864668366185,13.222864668366185,0-10
85169A,2011-07,27.0,59.1493592646658,32.1493592646658,11-50
85169A,2011-08,49.0,56.14528186153323,7.145281861533228,11-50
85169A,2011-09,11.0,55.678742625391024,44.678742625391024,11-50
85169A,2011-10,36.0,57.953938675317346,21.953938675317346,11-50
85169A,2011-11,5.0,41.07484019495439,36.07484019495439,0-10
85169B,2011-07,6.0,41.049948346021736,35.049948346021736,0-10
85169B,2011-08,28.0,42.10232031897342,14.102320318973419,11-50
85169B,2011-09,8.0,43.96731898098783,35.96731898098783,0-10
85169B,2011-10,10.0,33.87169754583188,23.87169754583188,0-10
85169B,2011-11,2.0,19.68839035084263,17.68839035084263,0-10
85169C,2011-07,0.0,45.03950764157955,45.03950764157955,0-10
85169D,2011-07,2.0,38.46649960854886,36.46649960854886,0-10
85169D,2011-08,24.0,23.662915311205,0.33708468879499875,11-50
85169D,2011-09,3.0,42.96506617393677,39.96506617393677,0-10
85169D,2011-10,26.0,44.84753275906373,18.847532759063732,11-50
85170B,2011-07,3.0,31.605969533225487,28.605969533225487,0-10
85170B,2011-08,5.0,24.715831801730513,19.715831801730513,0-10
85170B,2011-09,3.0,23.662915311205,20.662915311205,0-10
85170B,2011-10,6.0,23.662915311205,17.662915311205,0-10
85170C,2011-07,26.0,34.45362333931509,8.453623339315087,11-50
85170C,2011-08,13.0,48.240580915189476,35.240580915189476,11-50
85170C,2011-09,9.0,34.47790347811775,25.477903478117753,0-10
85170C,2011-10,12.0,31.126485105741544,19.126485105741544,11-50
85170C,2011-11,2.0,23.27371356285279,21.27371356285279,0-10
85170D,2011-07,13.0,37.37258322659672,24.372583226596717,11-50
85170D,2011-08,13.0,31.732691038027447,18.732691038027447,11-50
85170D,2011-09,12.0,31.07794338272717,19.07794338272717,11-50
85170D,2011-10,17.0,31.07794338272717,14.07794338272717,11-50
85170D,2011-11,9.0,23.18817441877701,14.18817441877701,0-10
85172,2011-07,48.0,84.75772795728433,36.75772795728433,11-50
85172,2011-08,16.0,76.86211053715519,60.86211053715519,11-50
85172,2011-09,112.0,73.4374530011231,38.5625469988769,101-500
85172,2011-10,432.0,110.1085575840981,321.8914424159019,101-500
85172,2011-11,48.0,148.65990387367486,100.65990387367486,11-50
85173,2011-07,8.0,28.784186654941237,20.784186654941237,0-10
85173,2011-08,29.0,24.273583032076232,4.726416967923768,11-50
85173,2011-09,58.0,46.3815989683918,11.618401031608201,51-100
85173,2011-10,17.0,58.97888879082327,41.97888879082327,11-50
85173,2011-11,44.0,34.69167387245663,9.308326127543367,11-50
85174,2011-07,6.0,40.12178647073416,34.12178647073416,0-10
85174,2011-08,7.0,20.3742651556921,13.3742651556921,0-10
85174,2011-09,10.0,20.496453272860588,10.496453272860588,0-10
85174,2011-10,130.0,22.76209309808381,107.23790690191619,101-500
85174,2011-11,12.0,85.79175432829818,73.79175432829818,11-50
85175,2011-07,220.0,438.9480807028108,218.94808070281078,101-500
85175,2011-08,256.0,382.23294136294345,126.23294136294345,101-500
85175,2011-09,324.0,352.95689723616204,28.956897236162035,101-500
85175,2011-10,560.0,408.1768174983487,151.82318250165127,501-1000
85176,2011-07,46.0,111.54978951981037,65.54978951981037,11-50
85176,2011-08,154.0,94.57434868384304,59.42565131615696,101-500
85176,2011-09,120.0,154.79398755845983,34.79398755845983,101-500
85176,2011-10,76.0,128.83969025881444,52.83969025881444,51-100
85176,2011-11,45.0,70.91363578692201,25.913635786922015,11-50
85177,2011-07,19.0,65.21719873899136,46.21719873899136,11-50
85177,2011-08,25.0,51.35423728328438,26.354237283284377,11-50
85177,2011-09,101.0,59.85434218109221,41.14565781890779,101-500
85177,2011-10,33.0,96.41171244419782,63.41171244419782,11-50
85177,2011-11,8.0,48.25922770420207,40.25922770420207,0-10
85178,2011-07,76.0,146.6429593933549,70.64295939335489,51-100
85178,2011-08,199.0,112.64596695070951,86.35403304929049,101-500
85178,2011-09,267.0,182.31158281671378,84.68841718328622,101-500
85178,2011-10,384.0,189.57098661861784,194.42901338138216,101-500
85178,2011-11,45.0,190.9733655137599,145.9733655137599,11-50
85179A,2011-11,26.0,85.48438161519934,59.48438161519934,11-50
85179C,2011-11,21.0,42.6803898667648,21.6803898667648,11-50
85180A,2011-07,0.0,31.935668451110434,31.935668451110434,0-10
85180A,2011-10,3.0,26.73805028419226,23.73805028419226,0-10
85180A,2011-11,1.0,13.371347529813546,12.371347529813546,0-10
85180B,2011-07,3.0,20.327396980181238,17.327396980181238,0-10
85180B,2011-08,0.0,20.327396980181238,20.327396980181238,0-10
85180B,2011-11,10.0,21.228912983380845,11.228912983380845,0-10
85183A,2011-07,36.0,100.13633684860915,64.13633684860915,11-50
85183A,2011-08,54.0,74.13990810666346,20.139908106663455,51-100
85183A,2011-09,81.0,92.85789121871323,11.857891218713235,51-100
85183A,2011-10,72.0,103.72623333902025,31.726233339020254,51-100
85183A,2011-11,13.0,58.039426269937174,45.039426269937174,11-50
85183B,2011-07,57.0,116.99568450829246,59.995684508292456,51-100
85183B,2011-08,91.0,83.81664119802431,7.183358801975686,51-100
85183B,2011-09,103.0,117.61393958432232,14.613939584322324,101-500
85183B,2011-10,128.0,129.7580703717245,1.7580703717245,101-500
85183B,2011-11,12.0,87.01462503486341,75.01462503486341,11-50
85184C,2011-07,17.0,56.25430299346344,39.25430299346344,11-50
85184C,2011-08,23.0,45.7863439551533,22.7863439551533,11-50
85184C,2011-09,21.0,48.638749750414746,27.638749750414746,11-50
85184C,2011-10,32.0,59.801947265838564,27.801947265838564,11-50
85184C,2011-11,15.0,35.091673940890246,20.091673940890246,11-50
85185B,2011-07,58.0,55.74711302630796,2.2528869736920427,51-100
85185B,2011-08,8.0,58.97888879082327,50.97888879082327,0-10
85185B,2011-09,14.0,47.23437491446998,33.23437491446998,11-50
85185B,2011-10,28.0,29.142539890739137,1.1425398907391369,11-50
85187,2011-07,0.0,48.22038598819285,48.22038598819285,0-10
85194S,2011-07,48.0,114.92733965013241,66.92733965013241,11-50
85194S,2011-08,60.0,114.7951824675444,54.79518246754439,51-100
85194S,2011-09,213.0,111.75433822132068,101.24566177867932,101-500
85194S,2011-10,92.0,150.72551721664448,58.72551721664448,51-100
85194S,2011-11,65.0,107.87561193575851,42.87561193575851,51-100
85199L,2011-07,25.0,55.50981525690418,30.509815256904183,11-50
85199L,2011-08,182.0,62.11680933680417,119.88319066319583,101-500
85199L,2011-09,167.0,168.62804983519771,1.6280498351977144,101-500
85199L,2011-10,157.0,154.99472163325612,2.0052783667438803,101-500
85199L,2011-11,60.0,101.47190443758312,41.47190443758312,51-100
85199S,2011-07,55.0,96.54782722707264,41.547827227072645,51-100
85199S,2011-08,221.0,93.78622105884295,127.21377894115705,101-500
85199S,2011-09,381.0,217.69958791207114,163.30041208792886,101-500
85199S,2011-10,917.0,315.4247502261424,601.5752497738576,501-1000
85199S,2011-11,256.0,355.1664480026542,99.16644800265419,101-500
85202,2011-07,7.0,71.01705536181207,64.01705536181207,0-10
85202,2011-08,17.0,53.75041448553835,36.75041448553835,11-50
85202,2011-09,2.0,51.826041541468406,49.826041541468406,0-10
85202,2011-10,51.0,46.59493053336501,4.405069466634991,51-100
85203,2011-07,9.0,73.43133534921598,64.43133534921598,0-10
85203,2011-08,46.0,52.36966910550502,6.369669105505018,11-50
85203,2011-09,30.0,73.095177120325,43.095177120325005,11-50
85203,2011-10,52.0,76.34204516857532,24.342045168575325,51-100
85203,2011-11,24.0,59.624700104604734,35.624700104604734,11-50
85204,2011-07,123.0,163.71199058450196,40.71199058450196,101-500
85204,2011-08,299.0,328.380800263331,29.380800263331025,101-500
85204,2011-09,500.0,205.19834298150153,294.8016570184985,101-500
85204,2011-10,254.0,330.4601599626816,76.46015996268159,101-500
85204,2011-11,8.0,151.13964217524338,143.13964217524338,0-10
85208,2011-07,0.0,55.32778926248647,55.32778926248647,0-10
85208,2011-10,2.0,33.957742493884844,31.957742493884844,0-10
85211,2011-07,0.0,70.57213779043236,70.57213779043236,0-10
85212,2011-07,159.0,160.44751752652024,1.4475175265202438,101-500
85212,2011-08,181.0,205.29644209761122,24.29644209761122,101-500
85212,2011-09,62.0,197.28876379309935,135.28876379309935,51-100
85212,2011-10,72.0,151.37069609640312,79.37069609640312,51-100
85212,2011-11,24.0,127.21803474295898,103.21803474295898,11-50
85214,2011-07,9.0,60.50081314215134,51.50081314215134,0-10
85215,2011-07,30.0,53.780034639034504,23.780034639034504,11-50
85227,2011-07,94.0,134.92890268670908,40.92890268670908,51-100
85227,2011-08,73.0,139.09683878301513,66.09683878301513,51-100
85227,2011-09,167.0,116.57083081616759,50.429169183832414,101-500
85227,2011-10,229.0,178.91517733165637,50.084822668343634,101-500
85227,2011-11,66.0,96.17274430792051,30.17274430792051,51-100
85230A,2011-09,0.0,126.2938781127945,126.2938781127945,0-10
85230B,2011-09,168.0,159.67799521197466,8.322004788025339,101-500
85230B,2011-10,312.0,152.7687412420878,159.2312587579122,101-500
85230B,2011-11,24.0,153.1831538676441,129.1831538676441,11-50
85230E,2011-07,72.0,116.55323978725986,44.553239787259855,51-100
85230E,2011-08,96.0,117.81373924767448,21.813739247674476,51-100
85230F,2011-09,0.0,69.00608018421298,69.00608018421298,0-10
85230G,2011-09,24.0,124.30864753127896,100.30864753127896,11-50
85230G,2011-10,48.0,109.6861817941009,61.686181794100904,11-50
85230G,2011-11,24.0,61.07048275692039,37.07048275692039,11-50
85231B,2011-07,41.0,70.13570688579719,29.13570688579719,11-50
85231B,2011-08,138.0,63.99945205118209,74.00054794881791,101-500
85231B,2011-09,96.0,148.39866753103638,52.39866753103638,51-100
85231B,2011-10,123.0,119.85638272962,3.1436172703800054,101-500
85231B,2011-11,29.0,77.77449732326068,48.774497323260675,11-50
85231G,2011-07,40.0,71.76062814254269,31.760628142542686,11-50
85231G,2011-08,115.0,62.15807828860166,52.84192171139834,101-500
85231G,2011-09,32.0,127.21476900206898,95.21476900206898,11-50
85232D,2011-10,49.0,39.22758349972414,9.77241650027586,11-50
85232D,2011-11,5.0,40.39359547537533,35.39359547537533,0-10
90000D,2011-07,1.0,19.32134866516658,18.32134866516658,0-10
90000D,2011-08,0.0,18.880484830624948,18.880484830624948,0-10
90003B,2011-08,4.0,22.779802707009082,18.779802707009082,0-10
90003B,2011-09,0.0,22.779802707009082,22.779802707009082,0-10
90003C,2011-08,6.0,22.779802707009082,16.779802707009082,0-10
90003C,2011-09,2.0,23.220666541550713,21.220666541550713,0-10
90003C,2011-10,4.0,22.779802707009082,18.779802707009082,0-10
90003C,2011-11,4.0,15.215893151548743,11.215893151548743,0-10
90003D,2011-07,1.0,22.779802707009082,21.779802707009082,0-10
90003D,2011-08,6.0,22.779802707009082,16.779802707009082,0-10
90003D,2011-09,1.0,23.220666541550713,22.220666541550713,0-10
90003D,2011-10,7.0,22.779802707009082,15.779802707009082,0-10
90003E,2011-07,6.0,22.779802707009082,16.779802707009082,0-10
90003E,2011-08,4.0,23.220666541550713,19.220666541550713,0-10
90003E,2011-09,0.0,22.779802707009082,22.779802707009082,0-10
90010A,2011-07,3.0,18.880484830624948,15.880484830624948,0-10
90010A,2011-08,4.0,18.880484830624948,14.880484830624948,0-10
90010A,2011-09,0.0,18.880484830624948,18.880484830624948,0-10
90010E,2011-10,5.0,18.880484830624948,13.880484830624948,0-10
90010E,2011-11,1.0,13.371347529813546,12.371347529813546,0-10
90013A,2011-07,7.0,22.779802707009082,15.779802707009082,0-10
90013A,2011-08,10.0,23.220666541550713,13.220666541550713,0-10
90013A,2011-09,0.0,24.230734569117672,24.230734569117672,0-10
90013B,2011-07,1.0,22.779802707009082,21.779802707009082,0-10
90013B,2011-08,2.0,22.779802707009082,20.779802707009082,0-10
90013B,2011-09,3.0,22.779802707009082,19.779802707009082,0-10
90013B,2011-10,10.0,22.779802707009082,12.779802707009082,0-10
90013C,2011-10,10.0,22.779802707009082,12.779802707009082,0-10
90013C,2011-11,4.0,17.23003042900965,13.230030429009648,0-10
90014A,2011-07,1.0,18.880484830624948,17.880484830624948,0-10
90014A,2011-08,1.0,18.880484830624948,17.880484830624948,0-10
90014A,2011-09,2.0,18.880484830624948,16.880484830624948,0-10
90014A,2011-10,7.0,18.880484830624948,11.880484830624948,0-10
90014A,2011-11,2.0,13.812211364355173,11.812211364355173,0-10
90014B,2011-08,0.0,18.880484830624948,18.880484830624948,0-10
90016A,2011-07,1.0,18.880484830624948,17.880484830624948,0-10
90016A,2011-08,0.0,18.880484830624948,18.880484830624948,0-10
90016B,2011-08,3.0,18.880484830624948,15.880484830624948,0-10
90016B,2011-09,1.0,18.880484830624948,17.880484830624948,0-10
90016B,2011-10,4.0,18.880484830624948,14.880484830624948,0-10
90016B,2011-11,2.0,13.371347529813546,11.371347529813546,0-10
90018A,2011-07,2.0,22.779802707009082,20.779802707009082,0-10
90018A,2011-08,5.0,22.779802707009082,17.779802707009082,0-10
90018A,2011-09,5.0,22.779802707009082,17.779802707009082,0-10
90018A,2011-10,10.0,22.779802707009082,12.779802707009082,0-10
90018A,2011-11,3.0,17.23003042900965,14.230030429009648,0-10
90018B,2011-08,1.0,22.779802707009082,21.779802707009082,0-10
90018B,2011-09,1.0,22.779802707009082,21.779802707009082,0-10
90018B,2011-10,5.0,22.779802707009082,17.779802707009082,0-10
90018B,2011-11,2.0,15.215893151548743,13.215893151548743,0-10
90018C,2011-09,0.0,22.779802707009082,22.779802707009082,0-10
90019A,2011-07,3.0,18.880484830624948,15.880484830624948,0-10
90019A,2011-08,4.0,18.880484830624948,14.880484830624948,0-10
90019A,2011-09,6.0,18.880484830624948,12.880484830624948,0-10
90019A,2011-10,7.0,19.32134866516658,12.321348665166578,0-10
90019A,2011-11,1.0,14.987315972049176,13.987315972049176,0-10
90019B,2011-07,1.0,18.880484830624948,17.880484830624948,0-10
90019B,2011-08,2.0,18.880484830624948,16.880484830624948,0-10
90019B,2011-09,1.0,18.880484830624948,17.880484830624948,0-10
90019B,2011-10,5.0,18.880484830624948,13.880484830624948,0-10
90019B,2011-11,2.0,14.546452137507549,12.546452137507549,0-10
90019C,2011-09,1.0,18.880484830624948,17.880484830624948,0-10
90019C,2011-10,1.0,18.880484830624948,17.880484830624948,0-10
90019C,2011-11,3.0,13.371347529813546,10.371347529813546,0-10
90022,2011-08,5.0,22.779802707009082,17.779802707009082,0-10
90022,2011-09,1.0,22.779802707009082,21.779802707009082,0-10
90022,2011-10,1.0,22.779802707009082,21.779802707009082,0-10
90022,2011-11,4.0,15.215893151548743,11.215893151548743,0-10
90023,2011-09,0.0,22.779802707009082,22.779802707009082,0-10
90024B,2011-09,0.0,18.880484830624948,18.880484830624948,0-10
90025F,2011-08,0.0,22.779802707009082,22.779802707009082,0-10
90028,2011-09,0.0,18.880484830624948,18.880484830624948,0-10
90029,2011-07,1.0,18.880484830624948,17.880484830624948,0-10
90030A,2011-08,54.0,36.86889358311649,17.13110641688351,51-100
90030A,2011-09,0.0,61.029953696939565,61.029953696939565,0-10
90030B,2011-08,36.0,43.97513420150373,7.975134201503728,11-50
90030B,2011-09,12.0,61.28042502589245,49.28042502589245,11-50
90030B,2011-10,18.0,56.66097260262466,38.66097260262466,11-50
90030B,2011-11,13.0,36.157387740222084,23.157387740222084,11-50
90030C,2011-08,53.0,36.86889358311649,16.13110641688351,51-100
90030C,2011-09,0.0,64.97135312677928,64.97135312677928,0-10
90031,2011-08,30.0,36.86889358311649,6.868893583116488,11-50
90031,2011-09,0.0,54.007806803971285,54.007806803971285,0-10
90036C,2011-11,1.0,13.371347529813546,12.371347529813546,0-10
90036E,2011-08,0.0,18.880484830624948,18.880484830624948,0-10
90038A,2011-07,1.0,22.779802707009082,21.779802707009082,0-10
90038A,2011-08,6.0,22.779802707009082,16.779802707009082,0-10
90038A,2011-09,0.0,23.220666541550713,23.220666541550713,0-10
90039D,2011-07,2.0,22.779802707009082,20.779802707009082,0-10
90039D,2011-08,0.0,22.779802707009082,22.779802707009082,0-10
90054,2011-11,2.0,16.09900575574465,14.099005755744649,0-10
90057,2011-11,48.0,140.88229741506544,92.88229741506544,11-50
90058B,2011-11,36.0,110.37520831111735,74.37520831111735,11-50
90059A,2011-07,0.0,23.662915311205,23.662915311205,0-10
90059D,2011-07,1.0,23.662915311205,22.662915311205,0-10
90059D,2011-08,7.0,23.662915311205,16.662915311205,0-10
90059D,2011-09,0.0,23.662915311205,23.662915311205,0-10
90059E,2011-07,0.0,23.662915311205,23.662915311205,0-10
90059E,2011-10,6.0,23.662915311205,17.662915311205,0-10
90059E,2011-11,3.0,17.27411036343866,14.274110363438659,0-10
90059F,2011-07,0.0,23.662915311205,23.662915311205,0-10
90059F,2011-10,4.0,23.662915311205,19.662915311205,0-10
90059F,2011-11,2.0,16.09900575574465,14.099005755744649,0-10
90063A,2011-09,2.0,18.880484830624948,16.880484830624948,0-10
90063A,2011-10,2.0,18.880484830624948,16.880484830624948,0-10
90070,2011-08,1.0,18.880484830624948,17.880484830624948,0-10
90070,2011-09,1.0,18.880484830624948,17.880484830624948,0-10
90070,2011-10,4.0,18.880484830624948,14.880484830624948,0-10
90071,2011-07,1.0,39.643726176702955,38.643726176702955,0-10
90071,2011-08,1.0,36.86889358311649,35.86889358311649,0-10
90071,2011-09,4.0,36.86889358311649,32.86889358311649,0-10
90071,2011-10,5.0,36.86889358311649,31.86889358311649,0-10
90071,2011-11,2.0,23.03651110011118,21.03651110011118,0-10
90072,2011-10,3.0,23.78987073457604,20.78987073457604,0-10
90072,2011-11,1.0,15.215893151548743,14.215893151548743,0-10
90073,2011-07,0.0,25.29113813463597,25.29113813463597,0-10
90073,2011-10,2.0,18.880484830624948,16.880484830624948,0-10
90073,2011-11,2.0,13.371347529813546,11.371347529813546,0-10
90079,2011-07,0.0,18.880484830624948,18.880484830624948,0-10
90081A,2011-08,0.0,18.880484830624948,18.880484830624948,0-10
90081A,2011-11,2.0,13.371347529813546,11.371347529813546,0-10
90081C,2011-11,1.0,13.371347529813546,12.371347529813546,0-10
90082A,2011-08,1.0,18.880484830624948,17.880484830624948,0-10
90082A,2011-09,1.0,18.880484830624948,17.880484830624948,0-10
90082A,2011-10,2.0,18.880484830624948,16.880484830624948,0-10
90082A,2011-11,4.0,13.371347529813546,9.371347529813546,0-10
90085,2011-07,1.0,23.662915311205,22.662915311205,0-10
90085,2011-08,0.0,23.662915311205,23.662915311205,0-10
90086,2011-09,8.0,23.662915311205,15.662915311205001,0-10
90086,2011-10,7.0,25.236188754124278,18.236188754124278,0-10
90086,2011-11,61.0,19.68839035084263,41.31160964915737,51-100
90087,2011-07,1.0,23.662915311205,22.662915311205,0-10
90087,2011-08,3.0,23.662915311205,20.662915311205,0-10
90087,2011-09,15.0,23.662915311205,8.662915311205001,11-50
90087,2011-10,5.0,26.246364048677872,21.246364048677872,0-10
90087,2011-11,72.0,27.57918741867783,44.42081258132217,51-100
90089,2011-11,13.0,16.09900575574465,3.099005755744649,11-50
90093,2011-07,1.0,24.84014187935909,23.84014187935909,0-10
90093,2011-08,1.0,35.69166701496239,34.69166701496239,0-10
90093,2011-09,0.0,23.662915311205,23.662915311205,0-10
90096,2011-07,2.0,23.662915311205,21.662915311205,0-10
90096,2011-08,1.0,23.662915311205,22.662915311205,0-10
90096,2011-09,0.0,23.662915311205,23.662915311205,0-10
90099,2011-11,1.0,18.84260305783992,17.84260305783992,0-10
90101,2011-07,1.0,25.67534341280964,24.67534341280964,0-10
90101,2011-08,6.0,30.07356861521602,24.07356861521602,0-10
90101,2011-09,3.0,23.662915311205,20.662915311205,0-10
90101,2011-10,5.0,23.662915311205,18.662915311205,0-10
90101,2011-11,1.0,16.09900575574465,15.099005755744649,0-10
90108,2011-08,12.0,24.84014187935909,12.840141879359091,11-50
90108,2011-09,1.0,37.43301151000661,36.43301151000661,0-10
90108,2011-10,2.0,42.10232031897342,40.10232031897342,0-10
90108,2011-11,1.0,16.09900575574465,15.099005755744649,0-10
90114,2011-07,8.0,43.42428974037323,35.42428974037323,0-10
90114,2011-08,4.0,30.471737450441292,26.471737450441292,0-10
90114,2011-09,2.0,27.13011178913449,25.13011178913449,0-10
90114,2011-10,54.0,23.662915311205,30.337084688795,51-100
90114,2011-11,5.0,35.483144767202134,30.483144767202134,0-10
90116,2011-07,3.0,25.236188754124278,22.236188754124278,0-10
90116,2011-08,2.0,28.614382768611634,26.614382768611634,0-10
90116,2011-09,1.0,23.662915311205,22.662915311205,0-10
90116,2011-10,6.0,23.662915311205,17.662915311205,0-10
90116,2011-11,14.0,17.27411036343866,3.274110363438659,11-50
90118,2011-07,3.0,23.662915311205,20.662915311205,0-10
90118,2011-08,6.0,23.662915311205,17.662915311205,0-10
90118,2011-09,0.0,23.662915311205,23.662915311205,0-10
90119,2011-07,2.0,23.662915311205,21.662915311205,0-10
90119,2011-08,9.0,23.662915311205,14.662915311205001,0-10
90119,2011-09,12.0,24.838019918899004,12.838019918899004,11-50
90119,2011-10,26.0,29.78470662778762,3.784706627787621,11-50
90119,2011-11,16.0,41.07484019495439,25.07484019495439,11-50
90120B,2011-07,4.0,22.779802707009082,18.779802707009082,0-10
90120B,2011-08,1.0,22.779802707009082,21.779802707009082,0-10
90120B,2011-09,2.0,22.779802707009082,20.779802707009082,0-10
90120B,2011-10,12.0,22.779802707009082,10.779802707009082,11-50
90120B,2011-11,2.0,16.82708084526635,14.827080845266352,0-10
90120C,2011-07,0.0,22.779802707009082,22.779802707009082,0-10
90120C,2011-10,11.0,22.779802707009082,11.779802707009082,11-50
90120C,2011-11,3.0,16.220874912980477,13.220874912980477,0-10
90122A,2011-07,0.0,20.05558943831896,20.05558943831896,0-10
90122C,2011-07,1.0,18.880484830624948,17.880484830624948,0-10
90122C,2011-08,2.0,18.880484830624948,16.880484830624948,0-10
90122C,2011-09,5.0,18.880484830624948,13.880484830624948,0-10
90122C,2011-10,1.0,18.880484830624948,17.880484830624948,0-10
90122C,2011-11,1.0,13.371347529813546,12.371347529813546,0-10
90123A,2011-08,0.0,18.880484830624948,18.880484830624948,0-10
90124C,2011-09,3.0,18.880484830624948,15.880484830624948,0-10
90124C,2011-10,1.0,18.880484830624948,17.880484830624948,0-10
90129A,2011-07,3.0,23.662915311205,20.662915311205,0-10
90129A,2011-08,5.0,23.662915311205,18.662915311205,0-10
90129A,2011-09,1.0,23.662915311205,22.662915311205,0-10
90129B,2011-07,2.0,23.662915311205,21.662915311205,0-10
90129B,2011-08,4.0,23.662915311205,19.662915311205,0-10
90129B,2011-09,6.0,23.662915311205,17.662915311205,0-10
90129B,2011-10,9.0,23.662915311205,14.662915311205001,0-10
90129B,2011-11,1.0,16.09900575574465,15.099005755744649,0-10
90129C,2011-07,0.0,23.662915311205,23.662915311205,0-10
90129C,2011-10,1.0,23.662915311205,22.662915311205,0-10
90129C,2011-11,1.0,22.509659059755666,21.509659059755666,0-10
90129E,2011-08,4.0,23.662915311205,19.662915311205,0-10
90129E,2011-09,7.0,23.662915311205,16.662915311205,0-10
90129E,2011-10,2.0,23.662915311205,21.662915311205,0-10
90129F,2011-07,2.0,23.662915311205,21.662915311205,0-10
90129F,2011-08,6.0,23.662915311205,17.662915311205,0-10
90129F,2011-09,2.0,23.662915311205,21.662915311205,0-10
90129F,2011-10,9.0,23.662915311205,14.662915311205001,0-10
90129F,2011-11,1.0,16.09900575574465,15.099005755744649,0-10
90130B,2011-07,2.0,23.662915311205,21.662915311205,0-10
90130B,2011-08,8.0,23.662915311205,15.662915311205001,0-10
90130B,2011-09,1.0,23.662915311205,22.662915311205,0-10
90130B,2011-10,6.0,26.077195298608974,20.077195298608974,0-10
90130B,2011-11,4.0,17.672279198663933,13.672279198663933,0-10
90130C,2011-08,0.0,23.662915311205,23.662915311205,0-10
90130C,2011-11,1.0,16.09900575574465,15.099005755744649,0-10
90134,2011-07,1.0,23.662915311205,22.662915311205,0-10
90134,2011-08,1.0,23.662915311205,22.662915311205,0-10
90134,2011-09,4.0,23.662915311205,19.662915311205,0-10
90134,2011-10,7.0,23.662915311205,16.662915311205,0-10
90134,2011-11,3.0,17.672279198663933,14.672279198663933,0-10
90141C,2011-07,0.0,18.880484830624948,18.880484830624948,0-10
90143,2011-08,3.0,18.880484830624948,15.880484830624948,0-10
90143,2011-09,1.0,18.880484830624948,17.880484830624948,0-10
90143,2011-10,0.0,18.880484830624948,18.880484830624948,0-10
90144,2011-09,1.0,22.779802707009082,21.779802707009082,0-10
90144,2011-10,3.0,22.779802707009082,19.779802707009082,0-10
90145,2011-07,3.0,18.880484830624948,15.880484830624948,0-10
90145,2011-08,5.0,18.880484830624948,13.880484830624948,0-10
90145,2011-09,3.0,18.880484830624948,15.880484830624948,0-10
90145,2011-10,2.0,18.880484830624948,16.880484830624948,0-10
90145,2011-11,2.0,13.371347529813546,11.371347529813546,0-10
90154,2011-09,0.0,45.074625784998425,45.074625784998425,0-10
90158,2011-07,2.0,18.880484830624948,16.880484830624948,0-10
90158,2011-08,2.0,18.880484830624948,16.880484830624948,0-10
90158,2011-09,3.0,18.880484830624948,15.880484830624948,0-10
90158,2011-10,13.0,18.880484830624948,5.8804848306249475,11-50
90158,2011-11,3.0,16.55580866645044,13.555808666450439,0-10
90160A,2011-07,2.0,18.880484830624948,16.880484830624948,0-10
90160A,2011-08,9.0,18.880484830624948,9.880484830624948,0-10
90160A,2011-09,1.0,19.32134866516658,18.32134866516658,0-10
90160A,2011-10,0.0,23.831952288031584,23.831952288031584,0-10
90160B,2011-08,9.0,18.880484830624948,9.880484830624948,0-10
90160B,2011-09,0.0,19.32134866516658,19.32134866516658,0-10
90160C,2011-07,3.0,18.880484830624948,15.880484830624948,0-10
90160C,2011-08,8.0,18.880484830624948,10.880484830624948,0-10
90160C,2011-09,1.0,19.32134866516658,18.32134866516658,0-10
90160C,2011-10,13.0,21.294764818028927,8.294764818028927,11-50
90160C,2011-11,1.0,14.982535223531153,13.982535223531153,0-10
90160D,2011-07,0.0,18.880484830624948,18.880484830624948,0-10
90160D,2011-10,10.0,23.831952288031584,13.831952288031584,0-10
90161A,2011-10,2.0,18.880484830624948,16.880484830624948,0-10
90161A,2011-11,3.0,13.371347529813546,10.371347529813546,0-10
90161B,2011-07,0.0,20.496453272860588,20.496453272860588,0-10
90161B,2011-10,14.0,25.7320019691776,11.732001969177599,11-50
90161B,2011-11,8.0,21.174275758591723,13.174275758591723,0-10
90161C,2011-07,2.0,21.458740034975975,19.458740034975975,0-10
90161C,2011-08,9.0,25.29113813463597,16.29113813463597,0-10
90161C,2011-09,11.0,19.32134866516658,8.321348665166578,11-50
90161C,2011-10,21.0,24.83693404946333,3.8369340494633306,11-50
90161C,2011-11,7.0,28.133700903324215,21.133700903324215,0-10
90161D,2011-10,5.0,21.735628652570554,16.735628652570554,0-10
90161D,2011-11,12.0,19.782000833824558,7.782000833824558,11-50
90162B,2011-10,12.0,23.662915311205,11.662915311205001,11-50
90164A,2011-08,0.0,18.880484830624948,18.880484830624948,0-10
90164A,2011-11,6.0,13.812211364355173,7.812211364355173,0-10
90164B,2011-11,1.0,27.435855148247324,26.435855148247324,0-10
90165A,2011-07,0.0,23.662915311205,23.662915311205,0-10
90165B,2011-08,1.0,23.662915311205,22.662915311205,0-10
90165B,2011-09,1.0,23.662915311205,22.662915311205,0-10
90165B,2011-10,4.0,23.662915311205,19.662915311205,0-10
90165B,2011-11,3.0,16.09900575574465,13.099005755744649,0-10
90166,2011-08,4.0,22.779802707009082,18.779802707009082,0-10
90166,2011-09,5.0,22.779802707009082,17.779802707009082,0-10
90166,2011-10,2.0,22.779802707009082,20.779802707009082,0-10
90166,2011-11,1.0,15.215893151548743,14.215893151548743,0-10
90168,2011-10,3.0,23.662915311205,20.662915311205,0-10
90168,2011-11,3.0,16.09900575574465,13.099005755744649,0-10
90169,2011-10,1.0,23.662915311205,22.662915311205,0-10
90169,2011-11,1.0,16.09900575574465,15.099005755744649,0-10
90170,2011-07,1.0,29.012551603836908,28.012551603836908,0-10
90170,2011-08,13.0,28.614382768611634,15.614382768611634,11-50
90170,2011-09,0.0,24.83323917038098,24.83323917038098,0-10
90173,2011-07,0.0,22.779802707009082,22.779802707009082,0-10
90174,2011-07,0.0,24.672983338771953,24.672983338771953,0-10
90174,2011-10,8.0,28.614382768611634,20.614382768611634,0-10
90174,2011-11,4.0,17.672279198663933,13.672279198663933,0-10
90175A,2011-07,1.0,18.880484830624948,17.880484830624948,0-10
90175A,2011-08,1.0,18.880484830624948,17.880484830624948,0-10
90175A,2011-09,0.0,18.880484830624948,18.880484830624948,0-10
90175B,2011-10,2.0,18.880484830624948,16.880484830624948,0-10
90175D,2011-07,0.0,18.880484830624948,18.880484830624948,0-10
90177A,2011-07,1.0,23.662915311205,22.662915311205,0-10
90177A,2011-08,6.0,23.662915311205,17.662915311205,0-10
90177A,2011-09,1.0,23.662915311205,22.662915311205,0-10
90177A,2011-10,1.0,23.662915311205,22.662915311205,0-10
90177A,2011-11,1.0,16.09900575574465,15.099005755744649,0-10
90177C,2011-07,1.0,23.662915311205,22.662915311205,0-10
90177C,2011-08,6.0,23.662915311205,17.662915311205,0-10
90177C,2011-09,0.0,23.662915311205,23.662915311205,0-10
90177D,2011-07,0.0,23.662915311205,23.662915311205,0-10
90177D,2011-10,3.0,24.672983338771953,21.672983338771953,0-10
90177D,2011-11,1.0,16.09900575574465,15.099005755744649,0-10
90179C,2011-08,0.0,18.880484830624948,18.880484830624948,0-10
90181B,2011-07,0.0,18.880484830624948,18.880484830624948,0-10
90181B,2011-11,2.0,13.371347529813546,11.371347529813546,0-10
90182A,2011-08,0.0,23.662915311205,23.662915311205,0-10
90182A,2011-11,1.0,16.09900575574465,15.099005755744649,0-10
90182C,2011-08,6.0,23.662915311205,17.662915311205,0-10
90182C,2011-09,1.0,23.662915311205,22.662915311205,0-10
90182C,2011-10,0.0,23.662915311205,23.662915311205,0-10
90183A,2011-07,3.0,23.662915311205,20.662915311205,0-10
90183A,2011-08,19.0,23.662915311205,4.662915311205001,11-50
90183A,2011-09,1.0,30.490546015955314,29.490546015955314,0-10
90183A,2011-10,3.0,30.07356861521602,27.07356861521602,0-10
90183A,2011-11,5.0,16.09900575574465,11.099005755744649,0-10
90183B,2011-07,1.0,23.662915311205,22.662915311205,0-10
90183B,2011-08,0.0,23.662915311205,23.662915311205,0-10
90183B,2011-11,2.0,16.09900575574465,14.099005755744649,0-10
90184B,2011-09,0.0,19.32134866516658,19.32134866516658,0-10
90184C,2011-10,4.0,18.880484830624948,14.880484830624948,0-10
90184C,2011-11,1.0,13.371347529813546,12.371347529813546,0-10
90185A,2011-10,1.0,22.779802707009082,21.779802707009082,0-10
90185B,2011-09,1.0,23.220666541550713,22.220666541550713,0-10
90185B,2011-10,1.0,22.779802707009082,21.779802707009082,0-10
90185B,2011-11,1.0,15.215893151548743,14.215893151548743,0-10
90186A,2011-08,0.0,23.662915311205,23.662915311205,0-10
90187B,2011-07,0.0,23.662915311205,23.662915311205,0-10
90188,2011-11,3.0,16.09900575574465,13.099005755744649,0-10
90190C,2011-09,0.0,23.662915311205,23.662915311205,0-10
90191,2011-10,6.0,20.491672524342565,14.491672524342565,0-10
90191,2011-11,2.0,20.222864668366185,18.222864668366185,0-10
90192,2011-07,2.0,18.880484830624948,16.880484830624948,0-10
90192,2011-08,6.0,18.880484830624948,12.880484830624948,0-10
90192,2011-09,5.0,19.32134866516658,14.321348665166578,0-10
90192,2011-10,6.0,18.880484830624948,12.880484830624948,0-10
90192,2011-11,3.0,13.812211364355173,10.812211364355173,0-10
90195A,2011-10,2.0,18.880484830624948,16.880484830624948,0-10
90195A,2011-11,6.0,16.09900575574465,10.099005755744649,0-10
90197B,2011-07,3.0,20.05558943831896,17.05558943831896,0-10
90197B,2011-08,1.0,18.880484830624948,17.880484830624948,0-10
90197B,2011-09,2.0,18.880484830624948,16.880484830624948,0-10
90197B,2011-10,6.0,18.880484830624948,12.880484830624948,0-10
90197B,2011-11,2.0,13.812211364355173,11.812211364355173,0-10
90198A,2011-07,4.0,22.779802707009082,18.779802707009082,0-10
90198A,2011-08,1.0,22.779802707009082,21.779802707009082,0-10
90198A,2011-09,5.0,22.779802707009082,17.779802707009082,0-10
90198A,2011-10,19.0,22.779802707009082,3.7798027070090825,11-50
90198A,2011-11,11.0,24.05766113375996,13.05766113375996,11-50
90198B,2011-07,3.0,22.779802707009082,19.779802707009082,0-10
90198B,2011-08,1.0,22.779802707009082,21.779802707009082,0-10
90198B,2011-09,1.0,22.779802707009082,21.779802707009082,0-10
90198B,2011-10,11.0,22.779802707009082,11.779802707009082,11-50
90198B,2011-11,2.0,16.220874912980477,14.220874912980477,0-10
90199B,2011-11,2.0,13.371347529813546,11.371347529813546,0-10
90199C,2011-09,0.0,18.880484830624948,18.880484830624948,0-10
90200A,2011-07,5.0,22.779802707009082,17.779802707009082,0-10
90200A,2011-08,2.0,22.779802707009082,20.779802707009082,0-10
90200A,2011-09,3.0,22.779802707009082,19.779802707009082,0-10
90200A,2011-10,7.0,22.779802707009082,15.779802707009082,0-10
90200A,2011-11,22.0,17.23003042900965,4.769969570990352,11-50
90200B,2011-07,6.0,23.220666541550713,17.220666541550713,0-10
90200B,2011-08,6.0,28.172133998957353,22.172133998957353,0-10
90200B,2011-09,5.0,24.793939984469997,19.793939984469997,0-10
90200B,2011-10,5.0,22.779802707009082,17.779802707009082,0-10
90200B,2011-11,11.0,16.390997759242744,5.390997759242744,11-50
90200D,2011-07,6.0,29.631319845561734,23.631319845561734,0-10
90200D,2011-08,5.0,28.172133998957353,23.172133998957353,0-10
90200D,2011-09,34.0,23.954907314703092,10.045092685296908,11-50
90200D,2011-10,14.0,43.52507021133354,29.525070211333542,11-50
90200D,2011-11,21.0,35.191400107270304,14.191400107270304,11-50
90200E,2011-07,6.0,22.779802707009082,16.779802707009082,0-10
90200E,2011-08,2.0,23.220666541550713,21.220666541550713,0-10
90200E,2011-09,26.0,22.779802707009082,3.2201972929909175,11-50
90200E,2011-10,8.0,41.95179676841426,33.95179676841426,0-10
90200E,2011-11,13.0,25.210791565416965,12.210791565416965,11-50
90201A,2011-07,0.0,28.614382768611634,28.614382768611634,0-10
90201A,2011-10,4.0,32.818781055306346,28.818781055306346,0-10
90201A,2011-11,2.0,16.09900575574465,14.099005755744649,0-10
90201B,2011-07,1.0,30.07356861521602,29.07356861521602,0-10
90201B,2011-08,24.0,28.614382768611634,4.614382768611634,11-50
90201B,2011-09,8.0,42.394045538068546,34.394045538068546,0-10
90201B,2011-10,1.0,32.818781055306346,31.818781055306346,0-10
90201B,2011-11,7.0,18.513285743148625,11.513285743148625,0-10
90201C,2011-07,0.0,30.07356861521602,30.07356861521602,0-10
90201C,2011-10,1.0,30.07356861521602,29.07356861521602,0-10
90201C,2011-11,2.0,17.109073783311608,15.109073783311608,0-10
90201D,2011-07,1.0,30.07356861521602,29.07356861521602,0-10
90201D,2011-08,27.0,24.672983338771953,2.327016661228047,11-50
90201D,2011-09,1.0,42.394045538068546,41.394045538068546,0-10
90201D,2011-10,5.0,32.818781055306346,27.818781055306346,0-10
90201D,2011-11,1.0,17.27411036343866,16.27411036343866,0-10
90202B,2011-10,2.0,23.662915311205,21.662915311205,0-10
90202B,2011-11,1.0,16.09900575574465,15.099005755744649,0-10
90202C,2011-09,0.0,23.662915311205,23.662915311205,0-10
90202D,2011-09,0.0,23.662915311205,23.662915311205,0-10
90204,2011-07,0.0,23.662915311205,23.662915311205,0-10
90204,2011-10,7.0,23.662915311205,16.662915311205,0-10
90204,2011-11,2.0,17.672279198663933,15.672279198663933,0-10
90205A,2011-07,9.0,23.662915311205,14.662915311205001,0-10
90205A,2011-08,4.0,23.662915311205,19.662915311205,0-10
90205A,2011-09,1.0,28.614382768611634,27.614382768611634,0-10
90205A,2011-10,4.0,23.662915311205,19.662915311205,0-10
90205C,2011-07,1.0,23.662915311205,22.662915311205,0-10
90205C,2011-08,4.0,23.662915311205,19.662915311205,0-10
90205C,2011-09,1.0,23.662915311205,22.662915311205,0-10
90205C,2011-10,4.0,23.662915311205,19.662915311205,0-10
90206C,2011-07,7.0,18.880484830624948,11.880484830624948,0-10
90206C,2011-08,0.0,19.32134866516658,19.32134866516658,0-10
90206C,2011-11,6.0,15.385484807274446,9.385484807274446,0-10
90208,2011-07,0.0,23.662915311205,23.662915311205,0-10
90208,2011-10,12.0,23.662915311205,11.662915311205001,11-50
90208,2011-11,8.0,14.969236316678264,6.9692363166782645,0-10
90209A,2011-09,0.0,42.40207784018768,42.40207784018768,0-10
90209B,2011-07,59.0,43.42428974037323,15.575710259626767,51-100
90209B,2011-08,0.0,57.15463711079776,57.15463711079776,0-10
90209C,2011-07,141.0,43.45499433071318,97.54500566928682,101-500
90209C,2011-08,5.0,100.91053315535447,95.91053315535447,0-10
90209C,2011-09,4.0,47.23437491446998,43.23437491446998,0-10
90210B,2011-10,0.0,24.84014187935909,24.84014187935909,0-10
90214A,2011-07,3.0,52.10985516151358,49.10985516151358,0-10
90214A,2011-08,6.0,43.27954688712752,37.27954688712752,0-10
90214A,2011-09,5.0,36.86889358311649,31.86889358311649,0-10
90214A,2011-10,16.0,36.86889358311649,20.86889358311649,11-50
90214A,2011-11,25.0,30.43304048026965,5.43304048026965,11-50
90214B,2011-07,3.0,39.643726176702955,36.643726176702955,0-10
90214B,2011-08,3.0,36.86889358311649,33.86889358311649,0-10
90214B,2011-09,0.0,36.86889358311649,36.86889358311649,0-10
90214C,2011-07,1.0,57.95774400525176,56.95774400525176,0-10
90214C,2011-08,1.0,43.27954688712752,42.27954688712752,0-10
90214C,2011-09,1.0,36.86889358311649,35.86889358311649,0-10
90214C,2011-10,6.0,36.86889358311649,30.86889358311649,0-10
90214C,2011-11,27.0,23.03651110011118,3.9634888998888194,11-50
90214D,2011-07,1.0,39.643726176702955,38.643726176702955,0-10
90214D,2011-08,1.0,41.82036104052314,40.82036104052314,0-10
90214D,2011-09,2.0,36.86889358311649,34.86889358311649,0-10
90214D,2011-10,6.0,36.86889358311649,30.86889358311649,0-10
90214D,2011-11,24.0,23.03651110011118,0.9634888998888194,11-50
90214E,2011-07,1.0,40.653794204269914,39.653794204269914,0-10
90214E,2011-08,4.0,41.82036104052314,37.82036104052314,0-10
90214E,2011-09,2.0,36.86889358311649,34.86889358311649,0-10
90214E,2011-10,6.0,36.86889358311649,30.86889358311649,0-10
90214E,2011-11,25.0,23.03651110011118,1.9634888998888194,11-50
90214F,2011-10,0.0,36.86889358311649,36.86889358311649,0-10
90214G,2011-07,2.0,39.643726176702955,37.643726176702955,0-10
90214G,2011-08,2.0,36.86889358311649,34.86889358311649,0-10
90214G,2011-09,1.0,36.86889358311649,35.86889358311649,0-10
90214G,2011-10,6.0,36.86889358311649,30.86889358311649,0-10
90214G,2011-11,25.0,23.03651110011118,1.9634888998888194,11-50
90214H,2011-07,2.0,39.643726176702955,37.643726176702955,0-10
90214H,2011-08,4.0,36.86889358311649,32.86889358311649,0-10
90214H,2011-09,1.0,36.86889358311649,35.86889358311649,0-10
90214H,2011-10,8.0,36.86889358311649,28.86889358311649,0-10
90214H,2011-11,13.0,23.03651110011118,10.03651110011118,11-50
90214I,2011-07,1.0,40.207844103593075,39.207844103593075,0-10
90214I,2011-08,2.0,43.27954688712752,41.27954688712752,0-10
90214I,2011-09,1.0,36.86889358311649,35.86889358311649,0-10
90214I,2011-10,0.0,36.86889358311649,36.86889358311649,0-10
90214J,2011-07,4.0,39.643726176702955,35.643726176702955,0-10
90214J,2011-08,6.0,36.86889358311649,30.86889358311649,0-10
90214J,2011-09,3.0,38.44216702603577,35.44216702603577,0-10
90214J,2011-10,7.0,36.86889358311649,29.86889358311649,0-10
90214J,2011-11,13.0,23.03651110011118,10.03651110011118,11-50
90214K,2011-07,1.0,39.643726176702955,38.643726176702955,0-10
90214K,2011-08,3.0,41.82036104052314,38.82036104052314,0-10
90214K,2011-09,1.0,36.86889358311649,35.86889358311649,0-10
90214K,2011-10,6.0,36.86889358311649,30.86889358311649,0-10
90214K,2011-11,26.0,23.03651110011118,2.9634888998888194,11-50
90214L,2011-07,4.0,41.049948346021736,37.049948346021736,0-10
90214L,2011-08,3.0,43.27954688712752,40.27954688712752,0-10
90214L,2011-09,6.0,36.86889358311649,30.86889358311649,0-10
90214L,2011-10,0.0,38.0439981908105,38.0439981908105,0-10
90214M,2011-08,4.0,36.86889358311649,32.86889358311649,0-10
90214M,2011-09,2.0,36.86889358311649,34.86889358311649,0-10
90214M,2011-10,6.0,36.86889358311649,30.86889358311649,0-10
90214M,2011-11,12.0,23.03651110011118,11.03651110011118,11-50
90214N,2011-07,1.0,39.643726176702955,38.643726176702955,0-10
90214N,2011-08,3.0,36.86889358311649,33.86889358311649,0-10
90214N,2011-09,1.0,36.86889358311649,35.86889358311649,0-10
90214N,2011-10,2.0,36.86889358311649,34.86889358311649,0-10
90214N,2011-11,15.0,23.03651110011118,8.03651110011118,11-50
90214R,2011-08,4.0,36.86889358311649,32.86889358311649,0-10
90214R,2011-09,0.0,36.86889358311649,36.86889358311649,0-10
90214S,2011-07,0.0,39.643726176702955,39.643726176702955,0-10
90214S,2011-10,12.0,41.82036104052314,29.82036104052314,11-50
90214S,2011-11,25.0,23.6006290270013,1.3993709729986996,11-50
90214T,2011-09,0.0,36.86889358311649,36.86889358311649,0-10
90214V,2011-07,1.0,39.643726176702955,38.643726176702955,0-10
90214V,2011-08,0.0,36.86889358311649,36.86889358311649,0-10
90214V,2011-11,12.0,23.03651110011118,11.03651110011118,11-50
90214Z,2011-07,0.0,39.643726176702955,39.643726176702955,0-10
90214Z,2011-10,0.0,36.86889358311649,36.86889358311649,0-10
BANK CHARGES,2011-10,2.0,18.880484830624948,16.880484830624948,0-10
BANK CHARGES,2011-11,1.0,13.371347529813546,12.371347529813546,0-10
C2,2011-07,8.0,32.8192103164746,24.819210316474603,0-10
C2,2011-08,18.0,26.130170804402873,8.130170804402873,11-50
C2,2011-09,14.0,49.25955911735343,35.25955911735343,11-50
C2,2011-10,23.0,46.70150729623069,23.701507296230687,11-50
C2,2011-11,4.0,39.591819644098884,35.591819644098884,0-10
DCGSSGIRL,2011-08,0.0,35.69166701496239,35.69166701496239,0-10
