product_id,product_category_name,month_year,qty,total_price,freight_price,unit_price,product_name_lenght,product_description_lenght,product_photos_qty,product_weight_g,product_score,customers,weekday,weekend,holiday,month,year,s,volume,comp_1,ps1,fp1,comp_2,ps2,fp2,comp_3,ps3,fp3,lag_price,Month,Year,Quarter,Is_First_Half,Is_Second_Half,Avg_Competitor_Price,Min_Competitor_Price,Max_Competitor_Price,Price_Difference,Price_Gap_Pct,Price_Change,Price_Change_Pct,Qty_Change_Pct,Price_Elasticity,Competitive_Position
bed1,bed_bath_table,2017-05-01,1,45.95,15.1,45.95,39,161,2,350,4.0,57,23,8,1,5,2017,10.26739356,3800,89.9,3.9,15.01189655,215.0,4.4,8.76,45.95,4.0,15.1,45.9,5,2017,2,True,False,116.94999999999999,45.95,215.0,-70.99999999999999,-60.70970500213766,0.05000000000000426,0.10893246187364763,,,Below Competitors
bed1,bed_bath_table,2017-06-01,3,137.85,12.93333333,45.95,39,161,2,350,4.0,61,22,8,1,6,2017,6.503115265,3800,89.9,3.9,14.76921569,209.0,4.4,21.322,45.95,4.0,12.93333333,45.95,6,2017,2,True,False,114.94999999999999,45.95,209.0,-68.99999999999999,-60.026098303610254,0.0,0.0,200.0,,Below Competitors
bed1,bed_bath_table,2017-07-01,6,275.7,14.84,45.95,39,161,2,350,4.0,123,21,10,1,7,2017,12.07165109,3800,89.9,3.9,13.99383333,205.0,4.4,22.1959322,45.95,4.0,14.84,45.95,7,2017,3,False,True,113.61666666666666,45.95,205.0,-67.66666666666666,-59.55698987824556,0.0,0.0,100.0,,Below Competitors
bed1,bed_bath_table,2017-08-01,4,183.8,14.2875,45.95,39,161,2,350,4.0,90,23,8,1,8,2017,9.293873313,3800,89.9,3.9,14.65675676,199.5098039,4.4,19.41288462,45.95,4.0,14.2875,45.95,8,2017,3,False,True,111.78660130000002,45.95,199.5098039,-65.83660130000001,-58.89489485713526,0.0,0.0,-33.333333333333336,,Below Competitors
bed1,bed_bath_table,2017-09-01,2,91.9,15.1,45.95,39,161,2,350,4.0,54,21,9,1,9,2017,5.555555556,3800,89.9,3.9,18.77652174,163.3987097,4.4,24.3246875,45.95,4.0,15.1,45.95,9,2017,3,False,True,99.7495699,45.95,163.3987097,-53.799569899999995,-53.934638469052686,0.0,0.0,-50.0,,Below Competitors
bed1,bed_bath_table,2017-10-01,3,137.85,15.1,45.95,39,161,2,350,4.0,50,22,9,2,10,2017,8.333333333,3800,89.9,3.9,21.57214286,45.95,4.0,15.1,45.95,4.0,15.1,45.95,10,2017,4,False,True,60.6,45.95,89.9,-14.649999999999999,-24.174917491749174,0.0,0.0,50.0,,Below Competitors
bed1,bed_bath_table,2017-11-01,11,445.85,15.83272727,40.53181818,39,161,2,350,4.0,97,22,8,4,11,2017,30.55555556,3800,89.9,3.9,16.294,40.53181818,4.0,15.83272727,40.53181818,4.0,15.83272727,45.95,11,2017,4,False,True,56.98787878666667,40.53181818,89.9,-16.456060606666668,-28.876422420054798,-5.418181820000001,-11.791472948857455,266.66666666666663,-22.615212520375202,Below Competitors
bed1,bed_bath_table,2017-12-01,6,239.94,15.23,39.99,39,161,2,350,4.0,41,21,10,1,12,2017,16.66666667,3800,88.48823529,3.9,18.89833333,39.99,4.0,15.23,39.99,4.0,15.23,40.53181818,12,2017,4,False,True,56.15607843000001,39.99,88.48823529,-16.166078430000006,-28.787762397175648,-0.5418181799999999,-1.3367724526785587,-45.45454545454546,34.003203285245654,Below Competitors
bed1,bed_bath_table,2018-01-01,19,759.81,16.53368421,39.99,39,161,2,350,4.0,62,23,8,2,1,2018,17.75700935,3800,86.9,3.9,19.38352941,39.99,4.0,16.53368421,39.99,4.0,16.53368421,39.99,1,2018,1,True,False,55.62666666666667,39.99,86.9,-15.63666666666667,-28.11001917545542,0.0,0.0,216.66666666666666,,Below Competitors
bed1,bed_bath_table,2018-02-01,18,719.82,13.74944444,39.99,39,161,2,350,4.0,62,20,8,2,2,2018,16.82242991,3800,86.9,3.9,19.20909091,39.99,4.0,13.74944444,39.99,4.0,13.74944444,39.99,2,2018,1,True,False,55.62666666666667,39.99,86.9,-15.63666666666667,-28.11001917545542,0.0,0.0,-5.263157894736848,,Below Competitors
bed1,bed_bath_table,2018-03-01,17,679.83,16.46235294,39.99,39,161,2,350,4.0,43,22,9,1,3,2018,15.88785047,3800,86.9,3.9,19.98235294,39.99,4.0,16.46235294,39.99,4.0,16.46235294,39.99,3,2018,1,True,False,55.62666666666667,39.99,86.9,-15.63666666666667,-28.11001917545542,0.0,0.0,-5.555555555555558,,Below Competitors
bed1,bed_bath_table,2018-04-01,13,519.87,14.23615385,39.99,39,161,2,350,4.0,34,21,9,1,4,2018,12.14953271,3800,85.045,3.9,12.94,39.99,4.0,14.23615385,39.99,4.0,14.23615385,39.99,4,2018,2,True,False,55.00833333333333,39.99,85.045,-15.01833333333333,-27.301923950916525,0.0,0.0,-23.529411764705888,,Below Competitors
bed1,bed_bath_table,2018-05-01,19,759.81,10.25631579,39.99,39,161,2,350,4.0,57,23,8,3,5,2018,10.26739356,3800,83.64961538,3.9,16.78038462,39.99,4.0,10.25631579,39.99,4.0,10.25631579,39.99,5,2018,2,True,False,54.54320512666667,39.99,83.64961538,-14.553205126666668,-26.681976412771302,0.0,0.0,46.153846153846146,,Below Competitors
bed1,bed_bath_table,2018-06-01,5,199.95,13.998,39.99,39,161,2,350,4.0,43,21,9,0,6,2018,6.503115265,3800,79.9,3.9,23.00565217,39.99,4.0,13.998,39.99,4.0,13.998,39.99,6,2018,2,True,False,53.293333333333344,39.99,79.9,-13.303333333333342,-24.962471853890428,0.0,0.0,-73.6842105263158,,Below Competitors
bed1,bed_bath_table,2018-07-01,8,319.92,20.4175,39.99,39,161,2,350,4.0,26,22,9,1,7,2018,12.07165109,3800,77.93333333,3.9,19.952,39.99,4.0,20.4175,39.99,4.0,20.4175,39.99,7,2018,3,False,True,52.63777777666667,39.99,77.93333333,-12.647777776666665,-24.02794781787537,0.0,0.0,60.00000000000001,,Below Competitors
bed1,bed_bath_table,2018-08-01,8,313.92,16.33375,39.24,39,161,2,350,4.0,15,23,8,1,8,2018,9.293873313,3800,74.0,3.9,17.25571429,39.24,4.0,16.33375,39.24,4.0,16.33375,39.99,8,2018,3,False,True,50.826666666666675,39.24,74.0,-11.586666666666673,-22.79643231899266,-0.75,-1.8754688672168043,0.0,-0.0,Below Competitors
bed2,bed_bath_table,2017-02-01,2,179.8,13.02,89.9,54,245,1,1383,3.9,2,20,8,2,2,2017,8.872301532,20000,89.9,3.9,13.02,89.9,3.9,13.02,89.9,3.9,13.02,89.85,2,2017,1,True,False,89.90000000000002,89.9,89.9,-1.4210854715202004e-14,-1.580740235283871e-14,0.05000000000001137,0.05564830272677949,,,Similar to Competitors
bed2,bed_bath_table,2017-03-01,22,1977.8,13.65272727,89.9,54,245,1,1383,3.9,20,23,8,1,3,2017,9.704691852,20000,89.9,3.9,13.65272727,89.9,3.9,13.65272727,89.9,3.9,13.65272727,89.9,3,2017,1,True,False,89.90000000000002,89.9,89.9,-1.4210854715202004e-14,-1.580740235283871e-14,0.0,0.0,1000.0,,Similar to Competitors
bed2,bed_bath_table,2017-04-01,34,3056.6,15.05,89.9,54,245,1,1383,3.9,31,20,10,2,4,2017,7.079126045,20000,89.9,3.9,15.05,89.9,3.9,15.05,89.9,3.9,15.05,89.9,4,2017,2,True,False,89.90000000000002,89.9,89.9,-1.4210854715202004e-14,-1.580740235283871e-14,0.0,0.0,54.54545454545454,,Similar to Competitors
bed2,bed_bath_table,2017-05-01,58,5214.2,15.01189655,89.9,54,245,1,1383,3.9,57,23,8,1,5,2017,18.23424443,20000,89.9,3.9,15.01189655,215.0,4.4,8.76,45.95,4.0,15.1,89.9,5,2017,2,True,False,116.94999999999999,45.95,215.0,-27.049999999999983,-23.1295425395468,0.0,0.0,70.58823529411764,,Below Competitors
bed2,bed_bath_table,2017-06-01,51,4584.9,14.76921569,89.9,54,245,1,1383,3.9,61,22,8,1,6,2017,16.08743907,20000,89.9,3.9,14.76921569,209.0,4.4,21.322,45.95,4.0,12.93333333,89.9,6,2017,2,True,False,114.94999999999999,45.95,209.0,-25.049999999999983,-21.79208351457154,0.0,0.0,-12.06896551724138,,Below Competitors
bed2,bed_bath_table,2017-07-01,60,5394.0,13.99383333,89.9,54,245,1,1383,3.9,123,21,10,1,7,2017,12.26279596,20000,89.9,3.9,13.99383333,205.0,4.4,22.1959322,45.95,4.0,14.84,89.9,7,2017,3,False,True,113.61666666666666,45.95,205.0,-23.716666666666654,-20.87428487604517,0.0,0.0,17.647058823529417,,Below Competitors
bed2,bed_bath_table,2017-08-01,37,3326.3,14.65675676,89.9,54,245,1,1383,3.9,90,23,8,1,8,2017,7.887578343,20000,89.9,3.9,14.65675676,199.5098039,4.4,19.41288462,45.95,4.0,14.2875,89.9,8,2017,3,False,True,111.78660130000002,45.95,199.5098039,-21.88660130000001,-19.578912897855503,0.0,0.0,-38.33333333333333,,Below Competitors
bed2,bed_bath_table,2017-09-01,23,2067.7,18.77652174,89.9,54,245,1,1383,3.9,54,21,9,1,9,2017,6.406685237,20000,89.9,3.9,18.77652174,163.3987097,4.4,24.3246875,45.95,4.0,15.1,89.9,9,2017,3,False,True,99.7495699,45.95,163.3987097,-9.849569899999992,-9.87429811464279,0.0,0.0,-37.83783783783784,,Below Competitors
bed2,bed_bath_table,2017-10-01,14,1258.6,21.57214286,89.9,54,245,1,1383,3.9,50,22,9,2,10,2017,3.899721448,20000,89.9,3.9,21.57214286,89.9,3.9,21.57214286,45.95,4.0,15.1,89.9,10,2017,4,False,True,75.25,45.95,89.9,14.650000000000006,19.468438538205987,0.0,0.0,-39.13043478260869,,Above Competitors
bed2,bed_bath_table,2017-11-01,40,3596.0,16.294,89.9,54,245,1,1383,3.9,97,22,8,4,11,2017,11.14206128,20000,89.9,3.9,16.294,89.9,3.9,16.294,40.53181818,4.0,15.83272727,89.9,11,2017,4,False,True,73.44393939333334,40.53181818,89.9,16.456060606666668,22.406288037649052,0.0,0.0,185.71428571428572,,Above Competitors
bed2,bed_bath_table,2017-12-01,18,1594.2,18.89833333,88.48823529,54,245,1,1383,3.9,41,21,10,1,12,2017,5.013927577,20000,88.48823529,3.9,18.89833333,88.48823529,3.9,18.89833333,39.99,4.0,15.23,89.9,12,2017,4,False,True,72.32215686,39.99,88.48823529,16.16607843,22.35287100368704,-1.41176471,-1.5703723136818684,-55.00000000000001,35.02354156451468,Above Competitors
bed2,bed_bath_table,2018-01-01,17,1477.3,19.38352941,86.9,54,245,1,1383,3.9,62,23,8,2,1,2018,13.28125,20000,86.9,3.9,19.38352941,86.9,3.9,19.38352941,39.99,4.0,16.53368421,88.48823529,1,2018,1,True,False,71.26333333333334,39.99,86.9,15.63666666666667,21.942092707797375,-1.58823529,-1.7948547451476697,-5.555555555555558,3.0952674975926704,Above Competitors
bed2,bed_bath_table,2018-02-01,22,1911.8,19.20909091,86.9,54,245,1,1383,3.9,62,20,8,2,2,2018,8.872301532,20000,86.9,3.9,19.20909091,86.9,3.9,19.20909091,39.99,4.0,13.74944444,86.9,2,2018,1,True,False,71.26333333333334,39.99,86.9,15.63666666666667,21.942092707797375,0.0,0.0,29.41176470588236,,Above Competitors
bed2,bed_bath_table,2018-03-01,17,1477.3,19.98235294,86.9,54,245,1,1383,3.9,43,22,9,1,3,2018,9.704691852,20000,86.9,3.9,19.98235294,86.9,3.9,19.98235294,39.99,4.0,16.46235294,86.9,3,2018,1,True,False,71.26333333333334,39.99,86.9,15.63666666666667,21.942092707797375,0.0,0.0,-22.72727272727273,,Above Competitors
bed2,bed_bath_table,2018-04-01,6,510.27,12.94,85.045,54,245,1,1383,3.9,34,21,9,1,4,2018,7.079126045,20000,85.045,3.9,12.94,85.045,3.9,12.94,39.99,4.0,14.23615385,86.9,4,2018,2,True,False,70.02666666666667,39.99,85.045,15.01833333333333,21.446591774562066,-1.855000000000004,-2.1346375143843543,-64.70588235294117,30.31235135563653,Above Competitors
bed2,bed_bath_table,2018-05-01,26,2174.89,16.78038462,83.64961538,54,245,1,1383,3.9,57,23,8,3,5,2018,18.23424443,20000,83.64961538,3.9,16.78038462,83.64961538,3.9,16.78038462,39.99,4.0,10.25631579,85.045,5,2018,2,True,False,69.09641025333333,39.99,83.64961538,14.553205126666668,21.062172511291347,-1.3953846200000015,-1.6407603268857682,333.3333333333333,-203.1578457080407,Above Competitors
bed2,bed_bath_table,2018-06-01,23,1837.7,23.00565217,79.9,54,245,1,1383,3.9,43,21,9,0,6,2018,16.08743907,20000,79.9,3.9,23.00565217,79.9,3.9,23.00565217,39.99,4.0,13.998,83.64961538,6,2018,2,True,False,66.59666666666668,39.99,79.9,13.303333333333327,19.975974773512174,-3.7496153799999945,-4.482525547746271,-11.538461538461542,2.57409833263814,Above Competitors
bed2,bed_bath_table,2018-07-01,10,781.3,19.952,77.93333333,54,245,1,1383,3.9,26,22,9,1,7,2018,12.26279596,20000,77.93333333,3.9,19.952,77.93333333,3.9,19.952,39.99,4.0,20.4175,79.9,7,2018,3,False,True,65.28555555333334,39.99,77.93333333,12.647777776666658,19.373010874257453,-1.9666666700000093,-2.461410100125168,-56.52173913043479,22.963153977291526,Above Competitors
bed2,bed_bath_table,2018-08-01,7,518.0,17.25571429,74.0,54,245,1,1383,3.9,15,23,8,1,8,2018,7.887578343,20000,74.0,3.9,17.25571429,74.0,3.9,17.25571429,39.24,4.0,16.33375,77.93333333,8,2018,3,False,True,62.413333333333334,39.24,74.0,11.586666666666666,18.56440931424909,-3.9333333299999964,-5.047048755562316,-30.000000000000004,5.944067801393284,Above Competitors
bed3,bed_bath_table,2017-10-01,8,792.0,16.35375,99.0,55,312,1,1550,3.3,50,22,9,2,10,2017,21.62162162,20944,89.9,3.9,21.57214286,99.0,3.3,16.35375,45.95,4.0,15.1,98.95,10,2017,4,False,True,78.28333333333335,45.95,99.0,20.716666666666654,26.463700234192018,0.04999999999999716,0.05053057099544938,,,Above Competitors
bed3,bed_bath_table,2017-11-01,22,2178.0,18.79636364,99.0,55,312,1,1550,3.3,97,22,8,4,11,2017,59.45945946,20944,89.9,3.9,16.294,99.0,3.3,18.79636364,40.53181818,4.0,15.83272727,99.0,11,2017,4,False,True,76.47727272666667,40.53181818,99.0,22.52272727333333,29.450222883641008,0.0,0.0,175.0,,Above Competitors
bed3,bed_bath_table,2017-12-01,7,693.0,18.66285714,99.0,55,312,1,1550,3.3,41,21,10,1,12,2017,18.91891892,20944,88.48823529,3.9,18.89833333,99.0,3.3,18.66285714,39.99,4.0,15.23,99.0,12,2017,4,False,True,75.82607843000001,39.99,99.0,23.17392156999999,30.56194128698525,0.0,0.0,-68.18181818181819,,Above Competitors
bed3,bed_bath_table,2018-01-01,11,1082.0,16.39727273,98.3,55,312,1,1550,3.3,62,23,8,2,1,2018,14.86486486,20944,86.9,3.9,19.38352941,98.3,3.3,16.39727273,39.99,4.0,16.53368421,99.0,1,2018,1,True,False,75.06333333333333,39.99,98.3,23.236666666666665,30.95608153115147,-0.7000000000000028,-0.70707070707071,57.14285714285714,-80.8163265306119,Above Competitors
bed3,bed_bath_table,2018-02-01,13,1196.0,16.19461538,92.0,55,312,1,1550,3.3,62,20,8,2,2,2018,17.56756757,20944,86.9,3.9,19.20909091,92.0,3.3,16.19461538,39.99,4.0,13.74944444,98.3,2,2018,1,True,False,72.96333333333334,39.99,92.0,19.03666666666666,26.090730503906062,-6.299999999999997,-6.408952187182093,18.181818181818187,-2.8369408369408387,Above Competitors
bed3,bed_bath_table,2018-03-01,3,276.0,14.04333333,92.0,55,312,1,1550,3.3,43,22,9,1,3,2018,4.054054054,20944,86.9,3.9,19.98235294,92.0,3.3,14.04333333,39.99,4.0,16.46235294,92.0,3,2018,1,True,False,72.96333333333334,39.99,92.0,19.03666666666666,26.090730503906062,0.0,0.0,-76.92307692307692,,Above Competitors
bed3,bed_bath_table,2018-04-01,9,815.0,17.82222222,90.875,55,312,1,1550,3.3,34,21,9,1,4,2018,12.16216216,20944,85.045,3.9,12.94,90.875,3.3,17.82222222,39.99,4.0,14.23615385,92.0,4,2018,2,True,False,71.97000000000001,39.99,90.875,18.904999999999987,26.267889398360406,-1.125,-1.2228260869565217,200.0,-163.55555555555554,Above Competitors
bed3,bed_bath_table,2018-05-01,14,1235.36,9.212857143,88.24,55,312,1,1550,3.3,57,23,8,3,5,2018,18.91891892,20944,83.64961538,3.9,16.78038462,88.24,3.3,9.212857143,39.99,4.0,10.25631579,90.875,5,2018,2,True,False,70.62653846,39.99,88.24,17.61346153999999,24.93887131389787,-2.635000000000005,-2.899587345254476,55.55555555555556,-19.15981446341974,Above Competitors
bed3,bed_bath_table,2018-06-01,14,1188.6,17.975,84.9,55,312,1,1550,3.3,43,21,9,0,6,2018,18.91891892,20944,79.9,3.9,23.00565217,84.9,3.3,17.975,39.99,4.0,13.998,88.24,6,2018,2,True,False,68.26333333333334,39.99,84.9,16.63666666666667,24.371307192734022,-3.339999999999989,-3.7851314596554735,0.0,-0.0,Above Competitors
bed3,bed_bath_table,2018-07-01,9,764.1,22.44777778,84.9,55,312,1,1550,3.3,26,22,9,1,7,2018,12.16216216,20944,77.93333333,3.9,19.952,84.9,3.3,22.44777778,39.99,4.0,20.4175,84.9,7,2018,3,False,True,67.60777777666668,39.99,84.9,17.292222223333326,25.577267574828277,0.0,0.0,-35.71428571428571,,Above Competitors
bed3,bed_bath_table,2018-08-01,1,84.9,4.41,84.9,55,312,1,1550,3.3,15,23,8,1,8,2018,1.351351351,20944,74.0,3.9,17.25571429,84.9,3.3,4.41,39.24,4.0,16.33375,84.9,8,2018,3,False,True,66.04666666666667,39.24,84.9,18.85333333333334,28.54547289795095,0.0,0.0,-88.88888888888889,,Above Competitors
bed4,bed_bath_table,2017-10-01,29,1331.1,13.88241379,45.9,38,735,5,800,4.2,50,22,9,2,10,2017,39.7260274,8000,89.9,3.9,21.57214286,45.9,4.2,13.88241379,45.95,4.0,15.1,45.85,10,2017,4,False,True,60.583333333333336,45.9,89.9,-14.683333333333337,-24.236588720770293,0.04999999999999716,0.10905125408941584,,,Below Competitors
bed4,bed_bath_table,2017-11-01,32,1421.67,13.95875,44.15444444,38,735,5,800,4.2,97,22,8,4,11,2017,43.83561644,8000,89.9,3.9,16.294,44.15444444,4.2,13.95875,40.53181818,4.0,15.83272727,45.9,11,2017,4,False,True,58.19542087333334,40.53181818,89.9,-14.040976433333341,-24.12728737522935,-1.7455555599999997,-3.802953289760348,10.344827586206895,-2.7202089528842985,Below Competitors
bed4,bed_bath_table,2017-12-01,12,550.8,13.6875,45.9,38,735,5,800,4.2,41,21,10,1,12,2017,16.43835616,8000,88.48823529,3.9,18.89833333,45.9,4.2,13.6875,39.99,4.0,15.23,44.15444444,12,2017,4,False,True,58.12607843000001,39.99,88.48823529,-12.226078430000008,-21.033723175946943,1.7455555599999997,3.9532952619797466,-62.5,-15.809595757009307,Below Competitors
bed4,bed_bath_table,2018-01-01,19,872.1,14.18210526,45.9,38,735,5,800,4.2,62,23,8,2,1,2018,32.75862069,8000,86.9,3.9,19.38352941,45.9,4.2,14.18210526,39.99,4.0,16.53368421,45.9,1,2018,1,True,False,57.59666666666667,39.99,86.9,-11.696666666666673,-20.307888187973848,0.0,0.0,58.33333333333333,,Below Competitors
bed4,bed_bath_table,2018-02-01,16,734.4,12.1725,45.9,38,735,5,800,4.2,62,20,8,2,2,2018,27.5862069,8000,86.9,3.9,19.20909091,45.9,4.2,12.1725,39.99,4.0,13.74944444,45.9,2,2018,1,True,False,57.59666666666667,39.99,86.9,-11.696666666666673,-20.307888187973848,0.0,0.0,-15.789473684210531,,Below Competitors
bed4,bed_bath_table,2018-03-01,8,383.2,15.22625,47.9,38,735,5,800,4.2,43,22,9,1,3,2018,13.79310345,8000,86.9,3.9,19.98235294,47.9,4.2,15.22625,39.99,4.0,16.46235294,45.9,3,2018,1,True,False,58.26333333333334,39.99,86.9,-10.363333333333344,-17.787058756221768,2.0,4.357298474945534,-50.0,-11.475,Below Competitors
bed4,bed_bath_table,2018-04-01,7,335.3,19.08428571,47.9,38,735,5,800,4.2,34,21,9,1,4,2018,12.06896552,8000,85.045,3.9,12.94,47.9,4.2,19.08428571,39.99,4.0,14.23615385,47.9,4,2018,2,True,False,57.645,39.99,85.045,-9.745000000000005,-16.90519559372019,0.0,0.0,-12.5,,Below Competitors
bed4,bed_bath_table,2018-05-01,2,95.8,12.055,47.9,38,735,5,800,4.2,57,23,8,3,5,2018,3.448275862,8000,83.64961538,3.9,16.78038462,47.9,4.2,12.055,39.99,4.0,10.25631579,47.9,5,2018,2,True,False,57.17987179333334,39.99,83.64961538,-9.279871793333342,-16.229263029609122,0.0,0.0,-71.42857142857143,,Below Competitors
bed4,bed_bath_table,2018-06-01,4,191.6,12.6375,47.9,38,735,5,800,4.2,43,21,9,0,6,2018,6.896551724,8000,79.9,3.9,23.00565217,47.9,4.2,12.6375,39.99,4.0,13.998,47.9,6,2018,2,True,False,55.93000000000001,39.99,79.9,-8.030000000000008,-14.357232254603982,0.0,0.0,100.0,,Below Competitors
bed4,bed_bath_table,2018-07-01,2,95.8,24.69,47.9,38,735,5,800,4.2,26,22,9,1,7,2018,3.448275862,8000,77.93333333,3.9,19.952,47.9,4.2,24.69,39.99,4.0,20.4175,47.9,7,2018,3,False,True,55.27444444333333,39.99,77.93333333,-7.374444443333331,-13.341508028893026,0.0,0.0,-50.0,,Below Competitors
bed5,bed_bath_table,2017-05-01,1,215.0,8.76,215.0,56,162,5,9750,4.4,57,23,8,1,5,2017,0.649350649,12600,89.9,3.9,15.01189655,215.0,4.4,8.76,45.95,4.0,15.1,214.95,5,2017,2,True,False,116.94999999999999,45.95,215.0,98.05000000000001,83.8392475416845,0.05000000000001137,0.023261223540363512,,,Above Competitors
bed5,bed_bath_table,2017-06-01,10,2090.0,21.322,209.0,56,162,5,9750,4.4,61,22,8,1,6,2017,6.493506494,12600,89.9,3.9,14.76921569,209.0,4.4,21.322,45.95,4.0,12.93333333,215.0,6,2017,2,True,False,114.94999999999999,45.95,209.0,94.05000000000001,81.81818181818184,-6.0,-2.7906976744186047,900.0,-322.5,Above Competitors
bed5,bed_bath_table,2017-07-01,59,12095.0,22.1959322,205.0,56,162,5,9750,4.4,123,21,10,1,7,2017,38.31168831,12600,89.9,3.9,13.99383333,205.0,4.4,22.1959322,45.95,4.0,14.84,209.0,7,2017,3,False,True,113.61666666666666,45.95,205.0,91.38333333333334,80.43127475429075,-4.0,-1.9138755980861244,490.00000000000006,-256.02500000000003,Above Competitors
bed5,bed_bath_table,2017-08-01,52,10375.0,19.41288462,199.5098039,56,162,5,9750,4.4,90,23,8,1,8,2017,33.76623377,12600,89.9,3.9,14.65675676,199.5098039,4.4,19.41288462,45.95,4.0,14.2875,205.0,8,2017,3,False,True,111.78660130000002,45.95,199.5098039,87.7232026,78.47380775499074,-5.4901960999999915,-2.678144439024386,-11.864406779661019,4.430084728358816,Above Competitors
bed5,bed_bath_table,2017-09-01,32,5222.36,24.3246875,163.3987097,56,162,5,9750,4.4,54,21,9,1,9,2017,20.77922078,12600,89.9,3.9,18.77652174,163.3987097,4.4,24.3246875,45.95,4.0,15.1,199.5098039,9,2017,3,False,True,99.7495699,45.95,163.3987097,63.649139800000015,63.8089365836955,-36.1110942,-18.099909625543965,-38.46153846153846,2.1249574863765406,Above Competitors
computers1,computers_accessories,2017-05-01,4,379.6,15.84,94.9,45,236,1,173,4.0,11,23,8,1,5,2017,10.81081081,2808,94.9,4.0,15.84,94.9,4.0,15.84,94.9,4.0,15.84,94.85,5,2017,2,True,False,94.90000000000002,94.9,94.9,-1.4210854715202004e-14,-1.4974557128769232e-14,0.05000000000001137,0.05271481286242633,,,Similar to Competitors
computers1,computers_accessories,2017-06-01,6,611.4,17.785,100.9,45,236,1,173,4.0,15,22,8,1,6,2017,10.06889242,2808,159.99,4.2,42.03333333,100.9,4.0,17.785,100.9,4.0,17.785,94.9,6,2017,2,True,False,120.59666666666665,100.9,159.99,-19.696666666666644,-16.332679178528963,6.0,6.322444678609061,50.0,7.908333333333334,Below Competitors
computers1,computers_accessories,2017-07-01,10,1099.0,12.015,109.9,45,236,1,173,4.0,17,21,10,1,7,2017,22.33704293,2808,139.99,4.2,48.10833333,109.9,4.0,12.015,109.9,4.0,12.015,100.9,7,2017,3,False,True,119.93,109.9,139.99,-10.030000000000001,-8.36321187359293,9.0,8.919722497522299,66.66666666666667,7.474074074074075,Below Competitors
computers1,computers_accessories,2017-08-01,2,219.8,10.39,109.9,45,236,1,173,4.0,15,23,8,1,8,2017,3.192898781,2808,145.7042857,4.2,36.46,109.9,4.0,10.39,109.9,4.0,10.39,109.9,8,2017,3,False,True,121.8347619,109.9,145.7042857,-11.934761899999998,-9.7958593375804,0.0,0.0,-80.0,,Below Competitors
computers1,computers_accessories,2017-09-01,4,395.6,14.975,98.9,45,236,1,173,4.0,15,21,9,1,9,2017,10.81081081,2808,151.99,4.2,43.72272727,98.9,4.0,14.975,98.9,4.0,14.975,109.9,9,2017,3,False,True,116.59666666666668,98.9,151.99,-17.696666666666673,-15.177678035392667,-11.0,-10.009099181073703,100.0,-9.990909090909092,Below Competitors
computers1,computers_accessories,2017-10-01,4,395.6,17.1225,98.9,45,236,1,173,4.0,31,22,9,2,10,2017,10.81081081,2808,154.6958824,4.2,43.88117647,98.9,4.0,17.1225,98.9,4.0,17.1225,98.9,10,2017,4,False,True,117.49862746666668,98.9,154.6958824,-18.59862746666667,-15.828804018960083,0.0,0.0,0.0,,Below Competitors
computers1,computers_accessories,2017-11-01,6,593.4,16.14,98.9,45,236,1,173,4.0,36,22,8,4,11,2017,16.21621622,2808,149.99,4.2,42.51722222,98.9,4.0,16.14,109.9,3.5,15.52,98.9,11,2017,4,False,True,119.59666666666668,98.9,149.99,-20.696666666666673,-17.305387552607378,0.0,0.0,50.0,,Below Competitors
computers1,computers_accessories,2017-12-01,1,98.9,13.71,98.9,45,236,1,173,4.0,35,21,10,1,12,2017,2.702702703,2808,149.99,4.2,38.57,98.9,4.0,13.71,109.9,3.5,25.24916667,98.9,12,2017,4,False,True,119.59666666666668,98.9,149.99,-20.696666666666673,-17.305387552607378,0.0,0.0,-83.33333333333334,,Below Competitors
computers1,computers_accessories,2018-01-01,31,2795.14,14.08322581,90.534,45,236,1,173,4.0,152,23,8,2,1,2018,30.39215686,2808,156.5113514,4.2,36.8072093,150.3545455,4.3,22.54772727,97.6425,3.5,14.84655172,98.9,1,2018,1,True,False,134.8361323,97.6425,156.5113514,-44.3021323,-32.85627638846179,-8.366,-8.459049544994944,3000.0,-354.6497728902702,Below Competitors
computers1,computers_accessories,2018-02-01,30,2537.19,14.096,84.75608696,45,236,1,173,4.0,202,20,8,2,2,2018,29.41176471,2808,149.0,4.2,41.16322581,149.9,4.3,26.55289855,78.7122807,3.5,14.53591549,90.534,2,2018,1,True,False,125.87076023333333,78.7122807,149.9,-41.114673273333324,-32.66419714723012,-5.777913040000001,-6.3820366271235125,-3.2258064516129004,0.5054509461608689,Below Competitors
computers1,computers_accessories,2018-03-01,13,1139.8,11.67230769,87.5,45,236,1,173,4.0,127,22,9,1,3,2018,12.74509804,2808,136.1428571,4.2,48.0475,149.9,4.3,28.47588235,81.02391304,3.5,18.22148148,84.75608696,3,2018,1,True,False,122.35559004666668,81.02391304,149.9,-34.85559004666668,-28.487125135331116,2.7439130399999954,3.2374229844930955,-56.666666666666664,-17.503633889699877,Below Competitors
computers1,computers_accessories,2018-04-01,5,470.0,15.48,94.0,45,236,1,173,4.0,107,21,9,1,4,2018,4.901960784,2808,120.9230769,4.2,27.25303571,149.9,4.3,30.22742857,80.66666667,3.5,18.17230769,87.5,4,2018,2,True,False,117.16324785666666,80.66666667,149.9,-23.163247856666658,-19.77006295097226,6.5,7.428571428571429,-61.53846153846154,-8.284023668639053,Below Competitors
computers1,computers_accessories,2018-06-01,4,292.0,17.1875,73.0,45,236,1,173,4.0,66,21,9,0,6,2018,10.06889242,2808,114.4911538,4.2,53.62555556,149.9,4.3,27.62666667,78.9,3.5,17.328,72.95,6,2018,2,True,False,114.43038459999998,78.9,149.9,-41.43038459999998,-36.20575491799928,0.04999999999999716,0.06854009595613043,-19.999999999999996,-291.80000000001655,Below Competitors
computers1,computers_accessories,2018-07-01,18,1199.48,21.16444444,66.34214286,45,236,1,173,4.0,43,22,9,1,7,2018,22.33704293,2808,119.99,4.2,48.62666667,149.9,4.3,33.57153846,77.9,3.5,14.63857143,73.0,7,2018,3,False,True,115.92999999999999,77.9,149.9,-49.58785714,-42.77396458207539,-6.657857140000004,-9.120352246575349,350.0,-38.37571077711647,Below Competitors
computers1,computers_accessories,2018-08-01,1,79.9,13.9,79.9,45,236,1,173,4.0,18,23,8,1,8,2018,3.192898781,2808,119.99,4.2,39.046,149.9,4.3,24.76,77.9,3.5,13.415,66.34214286,8,2018,3,False,True,115.92999999999999,77.9,149.9,-36.02999999999999,-31.07909945656861,13.55785714000001,20.43626653515064,-94.44444444444444,-4.62141381264522,Below Competitors
computers2,computers_accessories,2017-11-01,1,109.9,15.52,109.9,33,256,1,180,3.5,36,22,8,4,11,2017,7.692307692,2210,149.99,4.2,42.51722222,109.9,3.5,15.52,109.9,3.5,15.52,109.85,11,2017,4,False,True,123.26333333333332,109.9,149.99,-13.363333333333316,-10.84128829876415,0.05000000000001137,0.045516613563961195,,,Below Competitors
computers2,computers_accessories,2017-12-01,12,1318.8,25.24916667,109.9,33,256,1,180,3.5,35,21,10,1,12,2017,92.30769231,2210,149.99,4.2,38.57,109.9,3.5,25.24916667,109.9,3.5,25.24916667,109.9,12,2017,4,False,True,123.26333333333332,109.9,149.99,-13.363333333333316,-10.84128829876415,0.0,0.0,1100.0,,Below Competitors
computers2,computers_accessories,2018-01-01,29,2831.55,14.84655172,97.6425,33,256,1,180,3.5,152,23,8,2,1,2018,17.05882353,2210,156.5113514,4.2,36.8072093,150.3545455,4.3,22.54772727,97.6425,3.5,14.84655172,109.9,1,2018,1,True,False,134.8361323,97.6425,156.5113514,-37.193632300000004,-27.584321550581887,-12.257500000000007,-11.153321201091908,141.66666666666666,-12.701747229587319,Below Competitors
computers2,computers_accessories,2018-02-01,71,5581.8,14.53591549,78.7122807,33,256,1,180,3.5,202,20,8,2,2,2018,41.76470588,2210,149.0,4.2,41.16322581,149.9,4.3,26.55289855,78.7122807,3.5,14.53591549,97.6425,2,2018,1,True,False,125.87076023333333,78.7122807,149.9,-47.158479533333335,-37.4657938395805,-18.930219300000005,-19.387274291420237,144.82758620689654,-7.47023970620715,Below Competitors
computers2,computers_accessories,2018-03-01,27,2187.3,18.22148148,81.02391304,33,256,1,180,3.5,127,22,9,1,3,2018,15.88235294,2210,136.1428571,4.2,48.0475,149.9,4.3,28.47588235,81.02391304,3.5,18.22148148,78.7122807,3,2018,1,True,False,122.35559004666668,81.02391304,149.9,-41.33167700666668,-33.77996623685333,2.3116323400000027,2.9368128066450536,-61.9718309859155,-21.101730027086976,Below Competitors
computers2,computers_accessories,2018-04-01,13,1042.9,18.17230769,80.66666667,33,256,1,180,3.5,107,21,9,1,4,2018,7.647058824,2210,120.9230769,4.2,27.25303571,149.9,4.3,30.22742857,80.66666667,3.5,18.17230769,81.02391304,4,2018,2,True,False,117.16324785666666,80.66666667,149.9,-36.49658118666666,-31.15019586288294,-0.3572463699999986,-0.4409147331894878,-51.85185185185186,117.60063329425641,Below Competitors
computers2,computers_accessories,2018-05-01,11,876.9,14.41454545,79.8,33,256,1,180,3.5,78,23,8,3,5,2018,6.470588235,2210,119.0,4.2,39.2172,149.9,4.3,18.94307692,79.8,3.5,14.41454545,80.66666667,5,2018,2,True,False,116.23333333333333,79.8,149.9,-36.43333333333334,-31.344995698308004,-0.8666666700000007,-1.0743801693770927,-15.384615384615385,14.319526572735537,Below Competitors
computers2,computers_accessories,2018-06-01,10,789.0,17.328,78.9,33,256,1,180,3.5,66,21,9,0,6,2018,5.882352941,2210,114.4911538,4.2,53.62555556,149.9,4.3,27.62666667,78.9,3.5,17.328,79.8,6,2018,2,True,False,114.43038459999998,78.9,149.9,-35.53038459999998,-31.049781685344417,-0.8999999999999915,-1.1278195488721698,-9.090909090909093,8.060606060606139,Below Competitors
computers2,computers_accessories,2018-07-01,7,545.3,14.63857143,77.9,33,256,1,180,3.5,43,22,9,1,7,2018,4.117647059,2210,119.99,4.2,48.62666667,149.9,4.3,33.57153846,77.9,3.5,14.63857143,78.9,7,2018,3,False,True,115.92999999999999,77.9,149.9,-38.02999999999999,-32.80427844388855,-1.0,-1.2674271229404308,-30.000000000000004,23.670000000000005,Below Competitors
computers2,computers_accessories,2018-08-01,2,155.8,13.415,77.9,33,256,1,180,3.5,18,23,8,1,8,2018,1.176470588,2210,119.99,4.2,39.046,149.9,4.3,24.76,77.9,3.5,13.415,77.9,8,2018,3,False,True,115.92999999999999,77.9,149.9,-38.02999999999999,-32.80427844388855,0.0,0.0,-71.42857142857143,,Below Competitors
computers3,computers_accessories,2017-05-01,15,2715.7,18.75466667,178.0571429,42,363,1,922,4.2,11,23,8,1,5,2017,15.78947368,7650,178.0571429,4.2,18.75466667,178.0571429,4.2,18.75466667,178.0571429,4.2,18.75466667,178.0071429,5,2017,2,True,False,178.0571429,178.0571429,178.0571429,0.0,0.0,0.05000000000001137,0.028088760476370395,,,Similar to Competitors
computers3,computers_accessories,2017-06-01,15,2247.72,21.70066667,149.8525,42,363,1,922,4.2,15,22,8,1,6,2017,15.78947368,7650,159.99,4.2,42.03333333,149.8525,4.2,21.70066667,149.8525,4.2,21.70066667,178.0571429,6,2017,2,True,False,153.23166666666665,149.8525,159.99,-3.379166666666663,-2.205266535420222,-28.20464290000001,-15.840219853376075,0.0,-0.0,Similar to Competitors
computers3,computers_accessories,2017-07-01,4,584.77,18.27,146.6,42,363,1,922,4.2,17,21,10,1,7,2017,4.210526316,7650,139.99,4.2,48.10833333,146.6,4.2,18.27,146.6,4.2,18.27,149.8525,7,2017,3,False,True,144.39666666666668,139.99,146.6,2.203333333333319,1.5258893326253968,-3.2524999999999977,-2.1704676264993896,-73.33333333333334,33.78688188572895,Similar to Competitors
computers3,computers_accessories,2017-08-01,13,1884.45,19.28538462,144.96,42,363,1,922,4.2,15,23,8,1,8,2017,13.68421053,7650,145.7042857,4.2,36.46,144.96,4.2,19.28538462,144.96,4.2,19.28538462,146.6,8,2017,3,False,True,145.20809523333335,144.96,145.7042857,-0.24809523333334482,-0.17085496021050564,-1.6399999999999864,-1.1186903137789812,225.0,-201.12804878048948,Similar to Competitors
computers3,computers_accessories,2017-09-01,12,1656.87,35.9225,138.59,42,363,1,922,4.2,15,21,9,1,9,2017,12.63157895,7650,151.99,4.2,43.72272727,138.59,4.2,35.9225,138.59,4.2,35.9225,144.96,9,2017,3,False,True,143.0566666666667,138.59,151.99,-4.466666666666697,-3.1223058461682056,-6.3700000000000045,-4.394315673289186,-7.692307692307687,1.7505132230406932,Similar to Competitors
computers3,computers_accessories,2017-10-01,16,2206.4,36.021875,137.9,42,363,1,922,4.2,31,22,9,2,10,2017,16.84210526,7650,154.6958824,4.2,43.88117647,137.9,4.2,36.021875,137.9,4.2,36.021875,138.59,10,2017,4,False,True,143.49862746666668,137.9,154.6958824,-5.59862746666667,-3.9015198720051707,-0.6899999999999977,-0.4978714192943197,33.33333333333333,-66.95169082125625,Similar to Competitors
computers3,computers_accessories,2017-11-01,18,2482.2,39.39888889,137.9,42,363,1,922,4.2,36,22,8,4,11,2017,18.94736842,7650,149.99,4.2,42.51722222,137.9,4.2,39.39888889,109.9,3.5,15.52,137.9,11,2017,4,False,True,132.59666666666666,109.9,149.99,5.303333333333342,3.9995977777219203,0.0,0.0,12.5,,Similar to Competitors
computers3,computers_accessories,2017-12-01,2,269.8,38.78,134.9,42,363,1,922,4.2,35,21,10,1,12,2017,2.105263158,7650,149.99,4.2,38.57,134.9,4.2,38.78,109.9,3.5,25.24916667,137.9,12,2017,4,False,True,131.59666666666666,109.9,149.99,3.3033333333333417,2.5101952937004546,-3.0,-2.175489485134155,-88.88888888888889,40.85925925925926,Similar to Competitors
computers3,computers_accessories,2018-01-01,5,665.0,38.044,133.0,42,363,1,922,4.2,152,23,8,2,1,2018,62.5,7650,156.5113514,4.2,36.8072093,150.3545455,4.3,22.54772727,97.6425,3.5,14.84655172,134.9,1,2018,1,True,False,134.8361323,97.6425,156.5113514,-1.8361323000000027,-1.3617509407009316,-1.9000000000000057,-1.4084507042253562,150.0,-106.49999999999969,Similar to Competitors
computers3,computers_accessories,2018-02-01,3,398.91,14.59666667,132.97,42,363,1,922,4.2,202,20,8,2,2,2018,37.5,7650,149.0,4.2,41.16322581,149.9,4.3,26.55289855,78.7122807,3.5,14.53591549,133.0,2,2018,1,True,False,125.87076023333333,78.7122807,149.9,7.0992397666666704,5.640102398290462,-0.030000000000001137,-0.022556390977444465,-40.0,1773.333333333266,Above Competitors
computers4,computers_accessories,2017-02-01,3,479.97,33.4,159.99,59,1893,1,6550,4.2,3,20,8,2,2,2017,7.889030612,8000,159.99,4.2,33.4,159.99,4.2,33.4,159.99,4.2,33.4,159.94,2,2017,1,True,False,159.99,159.99,159.99,0.0,0.0,0.05000000000001137,0.03126172314618693,,,Similar to Competitors
computers4,computers_accessories,2017-03-01,3,479.97,33.4,159.99,59,1893,1,6550,4.2,3,23,8,1,3,2017,10.54209184,8000,159.99,4.2,33.4,159.99,4.2,33.4,159.99,4.2,33.4,159.99,3,2017,1,True,False,159.99,159.99,159.99,0.0,0.0,0.0,0.0,0.0,,Similar to Competitors
computers4,computers_accessories,2017-04-01,5,699.95,35.122,139.99,59,1893,1,6550,4.2,5,20,10,2,4,2017,14.0327381,8000,139.99,4.2,35.122,139.99,4.2,35.122,139.99,4.2,35.122,159.99,4,2017,2,True,False,139.99,139.99,139.99,0.0,0.0,-20.0,-12.500781298831177,66.66666666666667,-5.333,Similar to Competitors
computers4,computers_accessories,2017-06-01,3,479.97,42.03333333,159.99,59,1893,1,6550,4.2,15,22,8,1,6,2017,7.072704082,8000,159.99,4.2,42.03333333,159.99,4.2,42.03333333,159.99,4.2,42.03333333,159.94,6,2017,2,True,False,159.99,159.99,159.99,0.0,0.0,0.05000000000001137,0.03126172314618693,-40.0,-1279.519999999709,Similar to Competitors
computers4,computers_accessories,2017-07-01,6,839.94,48.10833333,139.99,59,1893,1,6550,4.2,17,21,10,1,7,2017,4.961734694,8000,139.99,4.2,48.10833333,139.99,4.2,48.10833333,139.99,4.2,48.10833333,159.99,7,2017,3,False,True,139.99,139.99,139.99,0.0,0.0,-20.0,-12.500781298831177,100.0,-7.9995,Similar to Competitors
computers4,computers_accessories,2017-08-01,7,1019.93,36.46,145.7042857,59,1893,1,6550,4.2,15,23,8,1,8,2017,5.68664966,8000,145.7042857,4.2,36.46,145.7042857,4.2,36.46,145.7042857,4.2,36.46,139.99,8,2017,3,False,True,145.7042857,145.7042857,145.7042857,0.0,0.0,5.714285700000005,4.081924208872065,16.666666666666675,4.08304167687427,Similar to Competitors
computers4,computers_accessories,2017-09-01,11,1679.89,43.72272727,151.99,59,1893,1,6550,4.2,15,21,9,1,9,2017,11.45833333,8000,151.99,4.2,43.72272727,151.99,4.2,43.72272727,151.99,4.2,43.72272727,145.7042857,9,2017,3,False,True,151.99,151.99,151.99,0.0,0.0,6.285714299999995,4.314021560726126,57.14285714285714,13.245844124441275,Similar to Competitors
computers4,computers_accessories,2017-10-01,17,2629.83,43.88117647,154.6958824,59,1893,1,6550,4.2,31,22,9,2,10,2017,17.70833333,8000,154.6958824,4.2,43.88117647,154.6958824,4.2,43.88117647,154.6958824,4.2,43.88117647,151.99,10,2017,4,False,True,154.6958824,154.6958824,154.6958824,0.0,0.0,2.705882399999979,1.7803029146654246,54.54545454545454,30.638299862417156,Similar to Competitors
computers4,computers_accessories,2017-11-01,18,2699.82,42.51722222,149.99,59,1893,1,6550,4.2,36,22,8,4,11,2017,18.75,8000,149.99,4.2,42.51722222,149.99,4.2,42.51722222,109.9,3.5,15.52,154.6958824,11,2017,4,False,True,136.62666666666667,109.9,149.99,13.363333333333344,9.780911486288678,-4.705882399999979,-3.042021757135004,5.882352941176472,-1.9336985106630238,Above Competitors
computers4,computers_accessories,2017-12-01,23,3449.77,38.57,149.99,59,1893,1,6550,4.2,35,21,10,1,12,2017,23.95833333,8000,149.99,4.2,38.57,149.99,4.2,38.57,109.9,3.5,25.24916667,149.99,12,2017,4,False,True,136.62666666666667,109.9,149.99,13.363333333333344,9.780911486288678,0.0,0.0,27.777777777777768,,Above Competitors
computers4,computers_accessories,2018-01-01,43,6746.9,36.8072093,156.5113514,59,1893,1,6550,4.2,152,23,8,2,1,2018,17.55102041,8000,156.5113514,4.2,36.8072093,150.3545455,4.3,22.54772727,97.6425,3.5,14.84655172,149.99,1,2018,1,True,False,134.8361323,97.6425,156.5113514,21.675219099999993,16.07523052632087,6.521351399999986,4.347857457163801,86.95652173913044,19.999855698087675,Above Competitors
computers4,computers_accessories,2018-02-01,31,4619.0,41.16322581,149.0,59,1893,1,6550,4.2,202,20,8,2,2,2018,7.889030612,8000,149.0,4.2,41.16322581,149.9,4.3,26.55289855,78.7122807,3.5,14.53591549,156.5113514,2,2018,1,True,False,125.87076023333333,78.7122807,149.9,23.12923976666667,18.37538736064736,-7.511351399999995,-4.7992374564596565,-27.906976744186053,5.814877258599477,Above Competitors
computers4,computers_accessories,2018-03-01,44,5986.0,48.0475,136.1428571,59,1893,1,6550,4.2,127,22,9,1,3,2018,10.54209184,8000,136.1428571,4.2,48.0475,149.9,4.3,28.47588235,81.02391304,3.5,18.22148148,149.0,3,2018,1,True,False,122.35559004666668,81.02391304,149.9,13.78726705333331,11.268195468694824,-12.857142900000014,-8.628954966442961,41.93548387096775,-4.859856614624847,Above Competitors
computers4,computers_accessories,2018-04-01,56,6764.0,27.25303571,120.9230769,59,1893,1,6550,4.2,107,21,9,1,4,2018,14.0327381,8000,120.9230769,4.2,27.25303571,149.9,4.3,30.22742857,80.66666667,3.5,18.17230769,136.1428571,4,2018,2,True,False,117.16324785666666,80.66666667,149.9,3.7598290433333403,3.2090515687419154,-15.219780199999988,-11.179271923771012,27.27272727272727,-2.4395799170727734,Similar to Competitors
computers4,computers_accessories,2018-05-01,25,2975.0,39.2172,119.0,59,1893,1,6550,4.2,78,23,8,3,5,2018,10.20408163,8000,119.0,4.2,39.2172,149.9,4.3,18.94307692,79.8,3.5,14.41454545,120.9230769,5,2018,2,True,False,116.23333333333333,79.8,149.9,2.7666666666666657,2.380269572698594,-1.923076899999998,-1.5903307700235985,-55.35714285714286,34.80857183963147,Similar to Competitors
computers4,computers_accessories,2018-06-01,27,3086.76,53.62555556,114.4911538,59,1893,1,6550,4.2,66,21,9,0,6,2018,7.072704082,8000,114.4911538,4.2,53.62555556,149.9,4.3,27.62666667,78.9,3.5,17.328,119.0,6,2018,2,True,False,114.43038459999998,78.9,149.9,0.06076920000002417,0.053105825181351506,-4.508846199999994,-3.788946386554617,8.000000000000007,-2.111404908865603,Similar to Competitors
computers4,computers_accessories,2018-07-01,9,1079.91,48.62666667,119.99,59,1893,1,6550,4.2,43,22,9,1,7,2018,4.961734694,8000,119.99,4.2,48.62666667,149.9,4.3,33.57153846,77.9,3.5,14.63857143,114.4911538,7,2018,3,False,True,115.92999999999999,77.9,149.9,4.060000000000002,3.5021133442594694,5.4988461999999885,4.802856829974568,-66.66666666666667,-13.88062751539893,Similar to Competitors
computers4,computers_accessories,2018-08-01,10,1199.9,39.046,119.99,59,1893,1,6550,4.2,18,23,8,1,8,2018,5.68664966,8000,119.99,4.2,39.046,149.9,4.3,24.76,77.9,3.5,13.415,119.99,8,2018,3,False,True,115.92999999999999,77.9,149.9,4.060000000000002,3.5021133442594694,0.0,0.0,11.111111111111116,,Similar to Competitors
computers5,computers_accessories,2017-10-01,1,167.0,14.92,167.0,33,300,1,207,3.5,31,22,9,2,10,2017,33.33333333,2926,154.6958824,4.2,43.88117647,167.0,3.5,14.92,167.0,3.5,14.92,166.95,10,2017,4,False,True,162.89862746666665,154.6958824,167.0,4.101372533333347,2.5177452978679,0.05000000000001137,0.029949086552866946,,,Similar to Competitors
computers5,computers_accessories,2017-12-01,2,239.8,13.44,119.9,33,300,1,207,3.5,35,21,10,1,12,2017,66.66666667,2926,149.99,4.2,38.57,119.9,3.5,13.44,109.9,3.5,25.24916667,119.85,12,2017,4,False,True,126.59666666666665,109.9,149.99,-6.696666666666644,-5.289765396666562,0.05000000000001137,0.04171881518565821,100.0,2396.999999999455,Below Competitors
computers5,computers_accessories,2018-01-01,57,5453.96,12.23912281,93.09489362,33,300,1,207,3.5,152,23,8,2,1,2018,45.96774194,2926,156.5113514,4.2,36.8072093,150.3545455,4.3,22.54772727,97.6425,3.5,14.84655172,119.9,1,2018,1,True,False,134.8361323,97.6425,156.5113514,-41.74123868000001,-30.957012759108938,-26.805106380000012,-22.35621883236031,2750.0,-123.00827884272694,Below Competitors
computers5,computers_accessories,2018-02-01,45,3465.8,11.51311111,77.155,33,300,1,207,3.5,202,20,8,2,2,2018,36.29032258,2926,149.0,4.2,41.16322581,149.9,4.3,26.55289855,78.7122807,3.5,14.53591549,93.09489362,2,2018,1,True,False,125.87076023333333,78.7122807,149.9,-48.71576023333333,-38.70299992073324,-15.939893619999992,-17.122199725652358,-21.052631578947366,1.2295518050409413,Below Competitors
computers5,computers_accessories,2018-03-01,6,528.0,17.55333333,88.0,33,300,1,207,3.5,127,22,9,1,3,2018,4.838709677,2926,136.1428571,4.2,48.0475,149.9,4.3,28.47588235,81.02391304,3.5,18.22148148,77.155,3,2018,1,True,False,122.35559004666668,81.02391304,149.9,-34.35559004666668,-28.07848013610443,10.844999999999999,14.056120795800659,-86.66666666666667,-6.165759950822193,Below Competitors
computers5,computers_accessories,2018-04-01,10,880.0,10.869,88.0,33,300,1,207,3.5,107,21,9,1,4,2018,8.064516129,2926,120.9230769,4.2,27.25303571,149.9,4.3,30.22742857,80.66666667,3.5,18.17230769,88.0,4,2018,2,True,False,117.16324785666666,80.66666667,149.9,-29.163247856666658,-24.89112276261233,0.0,0.0,66.66666666666667,,Below Competitors
computers5,computers_accessories,2018-06-01,3,269.7,21.82666667,89.9,33,300,1,207,3.5,66,21,9,0,6,2018,2.419354839,2926,114.4911538,4.2,53.62555556,149.9,4.3,27.62666667,78.9,3.5,17.328,89.85,6,2018,2,True,False,114.43038459999998,78.9,149.9,-24.530384599999977,-21.436950234631983,0.05000000000001137,0.05564830272677949,-70.0,-1257.899999999714,Below Competitors
computers5,computers_accessories,2018-07-01,3,236.7,13.41333333,78.9,33,300,1,207,3.5,43,22,9,1,7,2018,2.419354839,2926,119.99,4.2,48.62666667,149.9,4.3,33.57153846,77.9,3.5,14.63857143,89.9,7,2018,3,False,True,115.92999999999999,77.9,149.9,-37.02999999999999,-31.941688950228574,-11.0,-12.235817575083425,0.0,-0.0,Below Competitors
computers6,computers_accessories,2018-01-01,22,3307.8,22.54772727,150.3545455,48,894,1,533,4.3,152,23,8,2,1,2018,8.02919708,4840,156.5113514,4.2,36.8072093,150.3545455,4.3,22.54772727,97.6425,3.5,14.84655172,150.3045455,1,2018,1,True,False,134.8361323,97.6425,156.5113514,15.518413199999998,11.509091024261007,0.05000000000001137,0.033265793681543296,,,Above Competitors
computers6,computers_accessories,2018-02-01,69,10343.1,26.55289855,149.9,48,894,1,533,4.3,202,20,8,2,2,2018,25.18248175,4840,149.0,4.2,41.16322581,149.9,4.3,26.55289855,78.7122807,3.5,14.53591549,150.3545455,2,2018,1,True,False,125.87076023333333,78.7122807,149.9,24.029239766666677,19.09040647893315,-0.4545454999999947,-0.3023157686975248,213.63636363636363,-706.6662931833789,Above Competitors
computers6,computers_accessories,2018-03-01,51,7644.9,28.47588235,149.9,48,894,1,533,4.3,127,22,9,1,3,2018,18.61313869,4840,136.1428571,4.2,48.0475,149.9,4.3,28.47588235,81.02391304,3.5,18.22148148,149.9,3,2018,1,True,False,122.35559004666668,81.02391304,149.9,27.54440995333333,22.511770768158474,0.0,0.0,-26.086956521739136,,Above Competitors
computers6,computers_accessories,2018-04-01,35,5246.5,30.22742857,149.9,48,894,1,533,4.3,107,21,9,1,4,2018,12.77372263,4840,120.9230769,4.2,27.25303571,149.9,4.3,30.22742857,80.66666667,3.5,18.17230769,149.9,4,2018,2,True,False,117.16324785666666,80.66666667,149.9,32.73675214333335,27.941144294141047,0.0,0.0,-31.372549019607842,,Above Competitors
computers6,computers_accessories,2018-05-01,52,7794.8,18.94307692,149.9,48,894,1,533,4.3,78,23,8,3,5,2018,18.97810219,4840,119.0,4.2,39.2172,149.9,4.3,18.94307692,79.8,3.5,14.41454545,149.9,5,2018,2,True,False,116.23333333333333,79.8,149.9,33.66666666666667,28.96472612560941,0.0,0.0,48.57142857142858,,Above Competitors
computers6,computers_accessories,2018-06-01,27,4047.3,27.62666667,149.9,48,894,1,533,4.3,66,21,9,0,6,2018,9.854014599,4840,114.4911538,4.2,53.62555556,149.9,4.3,27.62666667,78.9,3.5,17.328,149.9,6,2018,2,True,False,114.43038459999998,78.9,149.9,35.46961540000002,30.99667586016313,0.0,0.0,-48.07692307692307,,Above Competitors
computers6,computers_accessories,2018-07-01,13,1948.7,33.57153846,149.9,48,894,1,533,4.3,43,22,9,1,7,2018,4.744525547,4840,119.99,4.2,48.62666667,149.9,4.3,33.57153846,77.9,3.5,14.63857143,149.9,7,2018,3,False,True,115.92999999999999,77.9,149.9,33.97000000000001,29.3021650996291,0.0,0.0,-51.85185185185186,,Above Competitors
computers6,computers_accessories,2018-08-01,5,749.5,24.76,149.9,48,894,1,533,4.3,18,23,8,1,8,2018,1.824817518,4840,119.99,4.2,39.046,149.9,4.3,24.76,77.9,3.5,13.415,149.9,8,2018,3,False,True,115.92999999999999,77.9,149.9,33.97000000000001,29.3021650996291,0.0,0.0,-61.53846153846154,,Above Competitors
consoles1,consoles_games,2017-07-01,13,258.7,13.47307692,19.9,49,100,4,150,4.2,13,21,10,1,7,2017,7.59180791,2304,19.9,4.2,13.47307692,19.9,3.9,11.85,19.9,4.2,13.47307692,19.85,7,2017,3,False,True,19.9,19.9,19.9,0.0,0.0,0.04999999999999716,0.25188916876572875,,,Similar to Competitors
consoles1,consoles_games,2017-08-01,24,477.6,16.16375,19.9,49,100,4,150,4.2,33,23,8,1,8,2017,20.33898305,2304,19.9,4.2,16.16375,19.9,3.9,15.83272727,19.9,4.2,16.16375,19.9,8,2017,3,False,True,19.9,19.9,19.9,0.0,0.0,0.0,0.0,84.61538461538463,,Similar to Competitors
consoles1,consoles_games,2017-09-01,9,179.1,16.13333333,19.9,49,100,4,150,4.2,17,21,9,1,9,2017,7.627118644,2304,19.9,4.2,16.13333333,19.9,3.9,15.41111111,19.9,4.2,16.13333333,19.9,9,2017,3,False,True,19.9,19.9,19.9,0.0,0.0,0.0,0.0,-62.5,,Similar to Competitors
consoles1,consoles_games,2017-10-01,28,603.2,13.53428571,21.54285714,49,100,4,150,4.2,38,22,9,2,10,2017,23.72881356,2304,21.54285714,4.2,13.53428571,20.66666667,3.9,12.80333333,21.54285714,4.2,13.53428571,19.9,10,2017,4,False,True,21.250793650000002,20.66666667,21.54285714,0.29206348999999676,1.3743650934185074,1.6428571400000003,8.255563517587941,211.11111111111111,25.57198072080151,Similar to Competitors
consoles1,consoles_games,2017-11-01,28,686.0,13.64535714,24.5,49,100,4,150,4.2,49,22,8,4,11,2017,23.72881356,2304,24.5,4.2,13.64535714,24.5,3.9,13.65217391,24.5,4.2,13.64535714,21.54285714,11,2017,4,False,True,24.5,24.5,24.5,0.0,0.0,2.957142860000001,13.726790466011519,0.0,0.0,Similar to Competitors
consoles1,consoles_games,2017-12-01,16,392.0,12.87375,24.5,49,100,4,150,4.2,30,21,10,1,12,2017,13.55932203,2304,24.5,4.2,12.87375,24.5,3.9,13.52470588,24.5,4.2,12.87375,24.5,12,2017,4,False,True,24.5,24.5,24.5,0.0,0.0,0.0,0.0,-42.85714285714286,,Similar to Competitors
consoles1,consoles_games,2018-02-01,5,162.5,15.256,32.5,49,100,4,150,4.2,6,20,8,2,2,2018,20.83333333,2304,32.5,4.2,15.256,32.5,3.9,11.85,32.5,4.2,15.256,32.45,2,2018,1,True,False,32.5,32.5,32.5,0.0,0.0,0.04999999999999716,0.15408320493065378,-68.75,-446.1875000000254,Similar to Competitors
consoles1,consoles_games,2018-03-01,6,195.0,18.05666667,32.5,49,100,4,150,4.2,13,22,9,1,3,2018,25.0,2304,32.5,4.2,18.05666667,32.74285714,3.9,14.02714286,32.5,4.2,18.05666667,32.5,3,2018,1,True,False,32.58095238,32.5,32.74285714,-0.08095237999999938,-0.24846535808969306,0.0,0.0,19.999999999999996,,Similar to Competitors
consoles1,consoles_games,2018-04-01,7,245.4,12.98571429,35.05714286,49,100,4,150,4.2,13,21,9,1,4,2018,29.16666667,2304,35.05714286,4.2,12.98571429,34.2,3.9,15.015,35.05714286,4.2,12.98571429,32.5,4,2018,2,True,False,34.77142857333333,34.2,35.05714286,0.28571428666666776,0.8216926896290533,2.557142859999999,7.868131876923074,16.666666666666675,2.1182495320838943,Similar to Competitors
consoles1,consoles_games,2018-05-01,3,108.6,15.87,36.2,49,100,4,150,4.2,3,23,8,3,5,2018,12.5,2304,36.2,4.2,15.87,36.2,4.2,15.87,36.2,4.2,15.87,35.05714286,5,2018,2,True,False,36.2,36.2,36.2,0.0,0.0,1.1428571400000038,3.2599836916658638,-57.14285714285714,-17.52857147382137,Similar to Competitors
consoles1,consoles_games,2018-06-01,2,72.4,18.35,36.2,49,100,4,150,4.2,2,21,9,0,6,2018,8.333333333,2304,36.2,4.2,18.35,36.2,4.2,18.35,36.2,4.2,18.35,36.2,6,2018,2,True,False,36.2,36.2,36.2,0.0,0.0,0.0,0.0,-33.333333333333336,,Similar to Competitors
consoles1,consoles_games,2018-07-01,1,36.2,22.18,36.2,49,100,4,150,4.2,1,22,9,1,7,2018,7.59180791,2304,36.2,4.2,22.18,36.2,4.2,22.18,36.2,4.2,22.18,36.2,7,2018,3,False,True,36.2,36.2,36.2,0.0,0.0,0.0,0.0,-50.0,,Similar to Competitors
consoles2,consoles_games,2017-07-01,1,19.9,11.85,19.9,56,237,3,100,3.9,13,21,10,1,7,2017,1.369863014,2304,19.9,4.2,13.47307692,19.9,3.9,11.85,19.9,3.9,11.85,19.85,7,2017,3,False,True,19.9,19.9,19.9,0.0,0.0,0.04999999999999716,0.25188916876572875,,,Similar to Competitors
consoles2,consoles_games,2017-08-01,11,218.9,15.83272727,19.9,56,237,3,100,3.9,33,23,8,1,8,2017,15.06849315,2304,19.9,4.2,16.16375,19.9,3.9,15.83272727,19.9,3.9,15.83272727,19.9,8,2017,3,False,True,19.9,19.9,19.9,0.0,0.0,0.0,0.0,1000.0,,Similar to Competitors
consoles2,consoles_games,2017-09-01,9,179.1,15.41111111,19.9,56,237,3,100,3.9,17,21,9,1,9,2017,12.32876712,2304,19.9,4.2,16.13333333,19.9,3.9,15.41111111,19.9,3.9,15.41111111,19.9,9,2017,3,False,True,19.9,19.9,19.9,0.0,0.0,0.0,0.0,-18.181818181818176,,Similar to Competitors
consoles2,consoles_games,2017-10-01,12,248.0,12.80333333,20.66666667,56,237,3,100,3.9,38,22,9,2,10,2017,16.43835616,2304,21.54285714,4.2,13.53428571,20.66666667,3.9,12.80333333,20.66666667,3.9,12.80333333,19.9,10,2017,4,False,True,20.95873016,20.66666667,21.54285714,-0.2920634900000003,-1.393517106095517,0.7666666700000029,3.8525963316583063,33.33333333333333,8.652173875425296,Similar to Competitors
consoles2,consoles_games,2017-11-01,23,563.5,13.65217391,24.5,56,237,3,100,3.9,49,22,8,4,11,2017,31.50684932,2304,24.5,4.2,13.64535714,24.5,3.9,13.65217391,24.5,3.9,13.65217391,20.66666667,11,2017,4,False,True,24.5,24.5,24.5,0.0,0.0,3.8333333299999985,18.548387077653476,91.66666666666667,4.942028990601767,Similar to Competitors
consoles2,consoles_games,2017-12-01,17,416.5,13.52470588,24.5,56,237,3,100,3.9,30,21,10,1,12,2017,23.28767123,2304,24.5,4.2,12.87375,24.5,3.9,13.52470588,24.5,3.9,13.52470588,24.5,12,2017,4,False,True,24.5,24.5,24.5,0.0,0.0,0.0,0.0,-26.086956521739136,,Similar to Competitors
consoles2,consoles_games,2018-01-01,10,271.2,13.319,27.03333333,56,237,3,100,3.9,9,23,8,2,1,2018,41.66666667,2304,27.03333333,3.9,13.319,27.03333333,3.9,13.319,27.03333333,3.9,13.319,24.5,1,2018,1,True,False,27.03333333,27.03333333,27.03333333,0.0,0.0,2.5333333300000014,10.340136040816333,-41.17647058823529,-3.9821981476545925,Similar to Competitors
consoles2,consoles_games,2018-02-01,1,32.5,11.85,32.5,56,237,3,100,3.9,6,20,8,2,2,2018,4.166666667,2304,32.5,4.2,15.256,32.5,3.9,11.85,32.5,3.9,11.85,27.03333333,2,2018,1,True,False,32.5,32.5,32.5,0.0,0.0,5.466666669999999,20.221948226907756,-90.0,-4.450609752834995,Similar to Competitors
consoles2,consoles_games,2018-03-01,7,229.2,14.02714286,32.74285714,56,237,3,100,3.9,13,22,9,1,3,2018,29.16666667,2304,32.5,4.2,18.05666667,32.74285714,3.9,14.02714286,32.74285714,3.9,14.02714286,32.5,3,2018,1,True,False,32.66190476,32.5,32.74285714,0.08095237999999938,0.24784953784795552,0.24285713999999814,0.7472527384615327,600.0,802.9411859169613,Similar to Competitors
consoles2,consoles_games,2018-04-01,6,205.2,15.015,34.2,56,237,3,100,3.9,13,21,9,1,4,2018,25.0,2304,35.05714286,4.2,12.98571429,34.2,3.9,15.015,34.2,3.9,15.015,32.74285714,4,2018,2,True,False,34.48571428666667,34.2,35.05714286,-0.28571428666666776,-0.8285004169889978,1.4571428600000047,4.45026178921906,-14.28571428571429,-3.2100840270390414,Similar to Competitors
cool1,cool_stuff,2017-02-01,7,599.93,21.97142857,85.70428571,54,1012,1,1200,4.2,7,20,8,2,2,2017,8.708708709,15750,85.70428571,4.2,21.97142857,85.70428571,4.2,21.97142857,85.70428571,4.2,21.97142857,85.65428571,2,2017,1,True,False,85.70428570999998,85.70428571,85.70428571,1.4210854715202004e-14,1.6581264982812734e-14,0.04999999999999716,0.05837419527293979,,,Similar to Competitors
cool1,cool_stuff,2017-03-01,14,1399.86,16.64428571,99.99,54,1012,1,1200,4.2,22,23,8,1,3,2017,17.41741742,15750,99.99,4.2,16.64428571,129.99,4.3,18.77875,99.99,4.2,16.64428571,85.70428571,3,2017,1,True,False,109.99000000000001,99.99,129.99,-10.000000000000014,-9.091735612328405,14.285714290000001,16.668611343823546,100.0,5.999299997900209,Below Competitors
cool1,cool_stuff,2017-04-01,17,1699.83,14.20235294,99.99,54,1012,1,1200,4.2,33,20,10,2,4,2017,24.32432432,15750,99.99,4.2,14.20235294,129.99,4.3,17.39642857,99.99,4.2,14.20235294,99.99,4,2017,2,True,False,109.99000000000001,99.99,129.99,-10.000000000000014,-9.091735612328405,0.0,0.0,21.42857142857142,,Below Competitors
cool1,cool_stuff,2017-05-01,22,2199.78,15.02090909,99.99,54,1012,1,1200,4.2,58,23,8,1,5,2017,19.81981982,15750,99.99,4.2,15.02090909,129.99,4.3,18.27277778,99.99,4.2,15.02090909,99.99,5,2017,2,True,False,109.99000000000001,99.99,129.99,-10.000000000000014,-9.091735612328405,0.0,0.0,29.41176470588236,,Below Competitors
cool1,cool_stuff,2017-06-01,14,1399.86,13.82642857,99.99,54,1012,1,1200,4.2,42,22,8,1,6,2017,12.61261261,15750,99.99,4.2,13.82642857,129.99,4.3,17.06117647,99.99,4.2,13.82642857,99.99,6,2017,2,True,False,109.99000000000001,99.99,129.99,-10.000000000000014,-9.091735612328405,0.0,0.0,-36.36363636363637,,Below Competitors
cool1,cool_stuff,2017-07-01,11,1099.89,16.52909091,99.99,54,1012,1,1200,4.2,42,21,10,1,7,2017,9.90990991,15750,99.99,4.2,16.52909091,129.99,4.3,18.715625,99.99,4.2,16.52909091,99.99,7,2017,3,False,True,109.99000000000001,99.99,129.99,-10.000000000000014,-9.091735612328405,0.0,0.0,-21.42857142857143,,Below Competitors
cool1,cool_stuff,2017-08-01,14,1399.86,18.975,99.99,54,1012,1,1200,4.2,39,23,8,1,8,2017,12.61261261,15750,99.99,4.2,18.975,116.9275,4.3,19.02125,99.99,4.2,18.975,99.99,8,2017,3,False,True,105.63583333333332,99.99,116.9275,-5.645833333333329,-5.34461948675875,0.0,0.0,27.27272727272727,,Below Competitors
cool1,cool_stuff,2017-09-01,3,299.97,15.93333333,99.99,54,1012,1,1200,4.2,10,21,9,1,9,2017,2.702702703,15750,99.99,4.2,15.93333333,99.99,4.2,15.93333333,29.5,4.4,11.73,99.99,9,2017,3,False,True,76.49333333333333,29.5,99.99,23.49666666666667,30.71727383649992,0.0,0.0,-78.57142857142857,,Above Competitors
cool1,cool_stuff,2017-10-01,2,199.98,16.95,99.99,54,1012,1,1200,4.2,33,22,9,2,10,2017,1.801801802,15750,99.99,4.2,16.95,119.99,4.3,19.997,99.99,4.2,16.95,99.99,10,2017,4,False,True,106.65666666666665,99.99,119.99,-6.666666666666657,-6.250585992436783,0.0,0.0,-33.333333333333336,,Below Competitors
cool1,cool_stuff,2017-11-01,4,399.96,16.1875,99.99,54,1012,1,1200,4.2,42,22,8,4,11,2017,3.603603604,15750,99.99,4.2,16.1875,129.99,4.3,22.67444444,99.99,4.2,16.1875,99.99,11,2017,4,False,True,109.99000000000001,99.99,129.99,-10.000000000000014,-9.091735612328405,0.0,0.0,100.0,,Below Competitors
cool1,cool_stuff,2017-12-01,3,299.97,15.26666667,99.99,54,1012,1,1200,4.2,38,21,10,1,12,2017,2.702702703,15750,99.99,4.2,15.26666667,129.99,4.3,25.59,99.99,4.2,15.26666667,99.99,12,2017,4,False,True,109.99000000000001,99.99,129.99,-10.000000000000014,-9.091735612328405,0.0,0.0,-25.0,,Below Competitors
cool1,cool_stuff,2018-01-01,3,299.97,16.54,99.99,54,1012,1,1200,4.2,102,23,8,2,1,2018,33.33333333,15750,99.99,4.2,16.54,129.99,4.3,17.41,29.5,4.4,16.53263158,99.99,1,2018,1,True,False,86.49333333333334,29.5,129.99,13.496666666666655,15.60428549406504,0.0,0.0,0.0,,Above Competitors
cool1,cool_stuff,2018-02-01,1,99.99,13.72,99.99,54,1012,1,1200,4.2,20,20,8,2,2,2018,8.708708709,15750,99.99,4.2,13.72,129.99,4.3,16.71,99.99,4.2,13.72,99.99,2,2018,1,True,False,109.99000000000001,99.99,129.99,-10.000000000000014,-9.091735612328405,0.0,0.0,-66.66666666666667,,Below Competitors
cool1,cool_stuff,2018-03-01,2,199.98,20.78,99.99,54,1012,1,1200,4.2,45,22,9,1,3,2018,17.41741742,15750,99.99,4.2,20.78,129.99,4.3,18.49,35.0,4.4,16.25615385,99.99,3,2018,1,True,False,88.32666666666667,35.0,129.99,11.663333333333327,13.204770171333676,0.0,0.0,100.0,,Above Competitors
cool1,cool_stuff,2018-04-01,3,269.59,19.87666667,89.86333333,54,1012,1,1200,4.2,18,21,9,1,4,2018,24.32432432,15750,89.86333333,4.2,19.87666667,129.99,4.3,23.49,35.0,4.4,14.845,99.99,4,2018,2,True,False,84.95111111,35.0,129.99,4.912222220000004,5.78241079582744,-10.126666669999992,-10.127679437943787,50.0,-4.936965106999028,Above Competitors
cool2,cool_stuff,2017-03-01,8,1039.92,18.77875,129.99,33,897,1,1600,4.3,22,23,8,1,3,2017,9.853603604,15750,99.99,4.2,16.64428571,129.99,4.3,18.77875,129.99,4.3,18.77875,129.94,3,2017,1,True,False,119.99000000000001,99.99,129.99,10.0,8.33402783565297,0.05000000000001137,0.03847929813761072,,,Above Competitors
cool2,cool_stuff,2017-04-01,14,1819.86,17.39642857,129.99,33,897,1,1600,4.3,33,20,10,2,4,2017,12.55630631,15750,99.99,4.2,14.20235294,129.99,4.3,17.39642857,129.99,4.3,17.39642857,129.99,4,2017,2,True,False,119.99000000000001,99.99,129.99,10.0,8.33402783565297,0.0,0.0,75.0,,Above Competitors
cool2,cool_stuff,2017-05-01,18,2339.82,18.27277778,129.99,33,897,1,1600,4.3,58,23,8,1,5,2017,16.21621622,15750,99.99,4.2,15.02090909,129.99,4.3,18.27277778,129.99,4.3,18.27277778,129.99,5,2017,2,True,False,119.99000000000001,99.99,129.99,10.0,8.33402783565297,0.0,0.0,28.57142857142858,,Above Competitors
cool2,cool_stuff,2017-06-01,17,2209.83,17.06117647,129.99,33,897,1,1600,4.3,42,22,8,1,6,2017,15.31531532,15750,99.99,4.2,13.82642857,129.99,4.3,17.06117647,129.99,4.3,17.06117647,129.99,6,2017,2,True,False,119.99000000000001,99.99,129.99,10.0,8.33402783565297,0.0,0.0,-5.555555555555558,,Above Competitors
cool2,cool_stuff,2017-07-01,16,2079.84,18.715625,129.99,33,897,1,1600,4.3,42,21,10,1,7,2017,14.41441441,15750,99.99,4.2,16.52909091,129.99,4.3,18.715625,129.99,4.3,18.715625,129.99,7,2017,3,False,True,119.99000000000001,99.99,129.99,10.0,8.33402783565297,0.0,0.0,-5.882352941176472,,Above Competitors
cool2,cool_stuff,2017-08-01,16,1870.84,19.02125,116.9275,33,897,1,1600,4.3,39,23,8,1,8,2017,14.41441441,15750,99.99,4.2,18.975,116.9275,4.3,19.02125,116.9275,4.3,19.02125,129.99,8,2017,3,False,True,111.28166666666665,99.99,116.9275,5.645833333333343,5.073462235468565,-13.062500000000014,-10.048849911531667,0.0,-0.0,Above Competitors
cool2,cool_stuff,2017-10-01,10,1199.9,19.997,119.99,33,897,1,1600,4.3,33,22,9,2,10,2017,9.009009009,15750,99.99,4.2,16.95,119.99,4.3,19.997,119.99,4.3,19.997,119.94,10,2017,4,False,True,113.32333333333332,99.99,119.99,6.666666666666671,5.882872018119251,0.04999999999999716,0.04168751042187524,-37.5,-899.550000000051,Above Competitors
cool2,cool_stuff,2017-11-01,9,1169.91,22.67444444,129.99,33,897,1,1600,4.3,42,22,8,4,11,2017,8.108108108,15750,99.99,4.2,16.1875,129.99,4.3,22.67444444,129.99,4.3,22.67444444,119.99,11,2017,4,False,True,119.99000000000001,99.99,129.99,10.0,8.33402783565297,10.000000000000014,8.334027835652984,-9.999999999999998,-1.199899999999998,Above Competitors
cool2,cool_stuff,2017-12-01,3,389.97,25.59,129.99,33,897,1,1600,4.3,38,21,10,1,12,2017,2.702702703,15750,99.99,4.2,15.26666667,129.99,4.3,25.59,129.99,4.3,25.59,129.99,12,2017,4,False,True,119.99000000000001,99.99,129.99,10.0,8.33402783565297,0.0,0.0,-66.66666666666667,,Above Competitors
cool2,cool_stuff,2018-01-01,4,519.96,17.41,129.99,33,897,1,1600,4.3,102,23,8,2,1,2018,50.0,15750,99.99,4.2,16.54,129.99,4.3,17.41,29.5,4.4,16.53263158,129.99,1,2018,1,True,False,86.49333333333334,29.5,129.99,43.49666666666667,50.28903961769693,0.0,0.0,33.33333333333333,,Above Competitors
cool2,cool_stuff,2018-02-01,2,259.98,16.71,129.99,33,897,1,1600,4.3,20,20,8,2,2,2018,25.0,15750,99.99,4.2,13.72,129.99,4.3,16.71,129.99,4.3,16.71,129.99,2,2018,1,True,False,119.99000000000001,99.99,129.99,10.0,8.33402783565297,0.0,0.0,-50.0,,Above Competitors
cool2,cool_stuff,2018-03-01,1,129.99,18.49,129.99,33,897,1,1600,4.3,45,22,9,1,3,2018,9.853603604,15750,99.99,4.2,20.78,129.99,4.3,18.49,35.0,4.4,16.25615385,129.99,3,2018,1,True,False,88.32666666666667,35.0,129.99,41.66333333333334,47.16959770548721,0.0,0.0,-50.0,,Above Competitors
cool2,cool_stuff,2018-04-01,1,129.99,23.49,129.99,33,897,1,1600,4.3,18,21,9,1,4,2018,12.55630631,15750,89.86333333,4.2,19.87666667,129.99,4.3,23.49,35.0,4.4,14.845,129.99,4,2018,2,True,False,84.95111111,35.0,129.99,45.03888889000001,53.01742178708039,0.0,0.0,0.0,,Above Competitors
cool3,cool_stuff,2017-09-01,1,29.5,11.73,29.5,57,787,8,1867,4.4,10,21,9,1,9,2017,100.0,7776,99.99,4.2,15.93333333,29.5,4.4,11.73,29.5,4.4,11.73,29.45,9,2017,3,False,True,52.99666666666667,29.5,99.99,-23.49666666666667,-44.3361217686647,0.05000000000000071,0.16977928692699734,,,Below Competitors
cool3,cool_stuff,2018-01-01,76,2242.0,16.53263158,29.5,57,787,8,1867,4.4,102,23,8,2,1,2018,67.25663717,7776,99.99,4.2,16.54,129.99,4.3,17.41,29.5,4.4,16.53263158,29.45,1,2018,1,True,False,86.49333333333334,29.5,129.99,-56.99333333333334,-65.893325111762,0.05000000000000071,0.16977928692699734,7500.0,44174.99999999937,Below Competitors
cool3,cool_stuff,2018-03-01,26,910.0,16.25615385,35.0,57,787,8,1867,4.4,45,22,9,1,3,2018,23.00884956,7776,99.99,4.2,20.78,129.99,4.3,18.49,35.0,4.4,16.25615385,34.95,3,2018,1,True,False,88.32666666666667,35.0,129.99,-53.32666666666667,-60.37436787682089,0.04999999999999716,0.14306151645206625,-65.78947368421053,-459.8684210526578,Below Competitors
cool3,cool_stuff,2018-04-01,4,140.0,14.845,35.0,57,787,8,1867,4.4,18,21,9,1,4,2018,3.539823009,7776,89.86333333,4.2,19.87666667,129.99,4.3,23.49,35.0,4.4,14.845,35.0,4,2018,2,True,False,84.95111111,35.0,129.99,-49.95111111,-58.79983258290782,0.0,0.0,-84.61538461538461,,Below Competitors
cool3,cool_stuff,2018-05-01,4,140.0,13.6375,35.0,57,787,8,1867,4.4,4,23,8,3,5,2018,3.539823009,7776,35.0,4.4,13.6375,35.0,4.4,13.6375,35.0,4.4,13.6375,35.0,5,2018,2,True,False,35.0,35.0,35.0,0.0,0.0,0.0,0.0,0.0,,Similar to Competitors
cool3,cool_stuff,2018-06-01,2,130.0,15.01,65.0,57,787,8,1867,4.4,2,21,9,0,6,2018,1.769911504,7776,65.0,4.4,15.01,65.0,4.4,15.01,65.0,4.4,15.01,35.0,6,2018,2,True,False,65.0,65.0,65.0,0.0,0.0,30.0,85.71428571428571,-50.0,-0.5833333333333334,Similar to Competitors
cool3,cool_stuff,2018-08-01,1,65.0,57.23,65.0,57,787,8,1867,4.4,1,23,8,1,8,2018,0.884955752,7776,65.0,4.4,57.23,65.0,4.4,57.23,65.0,4.4,57.23,64.95,8,2018,3,False,True,65.0,65.0,65.0,0.0,0.0,0.04999999999999716,0.07698229407235899,-50.0,-649.5000000000368,Similar to Competitors
cool4,cool_stuff,2017-07-01,1,134.99,15.7,134.99,40,1456,1,2425,3.8,42,21,10,1,7,2017,1.428571429,16530,99.99,4.2,16.52909091,129.99,4.3,18.715625,134.99,3.8,15.7,134.94,7,2017,3,False,True,121.65666666666668,99.99,134.99,13.333333333333329,10.9598049154725,0.05000000000001137,0.037053505261606175,,,Above Competitors
cool4,cool_stuff,2017-08-01,1,134.99,15.7,134.99,40,1456,1,2425,3.8,39,23,8,1,8,2017,1.428571429,16530,99.99,4.2,18.975,116.9275,4.3,19.02125,134.99,3.8,15.7,134.99,8,2017,3,False,True,117.30250000000001,99.99,134.99,17.6875,15.078536263080498,0.0,0.0,0.0,,Above Competitors
cool4,cool_stuff,2017-10-01,12,1763.88,18.755,146.99,40,1456,1,2425,3.8,33,22,9,2,10,2017,17.14285714,16530,99.99,4.2,16.95,119.99,4.3,19.997,146.99,3.8,18.755,146.94,10,2017,4,False,True,122.32333333333334,99.99,146.99,24.66666666666667,20.165136114668776,0.05000000000001137,0.03402749421533372,1100.0,32326.799999992647,Above Competitors
cool4,cool_stuff,2017-11-01,27,4248.73,20.83703704,157.3603704,40,1456,1,2425,3.8,42,22,8,4,11,2017,38.57142857,16530,99.99,4.2,16.1875,129.99,4.3,22.67444444,157.3603704,3.8,20.83703704,146.99,11,2017,4,False,True,129.1134568,99.99,157.3603704,28.2469136,21.877590686581325,10.370370399999985,7.0551536839240665,125.0,17.717544592235612,Above Competitors
cool4,cool_stuff,2017-12-01,29,4842.71,24.47137931,166.99,40,1456,1,2425,3.8,38,21,10,1,12,2017,41.42857143,16530,99.99,4.2,15.26666667,129.99,4.3,25.59,166.99,3.8,24.47137931,157.3603704,12,2017,4,False,True,132.32333333333335,99.99,166.99,34.66666666666666,26.198453283623437,9.629629600000015,6.119475682169604,7.407407407407418,1.2104643914168134,Above Competitors
cool4,cool_stuff,2018-01-01,13,2170.87,25.28615385,166.99,40,1456,1,2425,3.8,102,23,8,2,1,2018,34.21052632,16530,99.99,4.2,16.54,129.99,4.3,17.41,29.5,4.4,16.53263158,166.99,1,2018,1,True,False,86.49333333333334,29.5,129.99,80.49666666666667,93.06690303684292,0.0,0.0,-55.172413793103445,,Above Competitors
cool4,cool_stuff,2018-02-01,8,1415.92,22.87625,176.99,40,1456,1,2425,3.8,20,20,8,2,2,2018,21.05263158,16530,99.99,4.2,13.72,129.99,4.3,16.71,176.99,3.8,22.87625,166.99,2,2018,1,True,False,135.65666666666667,99.99,176.99,41.33333333333334,30.46907634469372,10.0,5.98838253787652,-38.46153846153846,-6.422692307692307,Above Competitors
cool4,cool_stuff,2018-03-01,11,1911.89,23.95454545,173.8081818,40,1456,1,2425,3.8,45,22,9,1,3,2018,28.94736842,16530,99.99,4.2,20.78,129.99,4.3,18.49,35.0,4.4,16.25615385,176.99,3,2018,1,True,False,88.32666666666667,35.0,129.99,85.48151513333333,96.7788306287267,-3.1818182000000093,-1.7977389683032992,37.5,-20.859535595088307,Above Competitors
cool4,cool_stuff,2018-04-01,6,1019.94,24.87833333,169.99,40,1456,1,2425,3.8,18,21,9,1,4,2018,15.78947368,16530,89.86333333,4.2,19.87666667,129.99,4.3,23.49,35.0,4.4,14.845,173.8081818,4,2018,2,True,False,84.95111111,35.0,129.99,85.03888889000001,100.10332740661431,-3.8181817999999907,-2.196779093169244,-45.45454545454546,20.69145031281648,Above Competitors
cool5,cool_stuff,2017-04-01,2,199.98,21.17,99.99,54,995,1,4475,4.3,33,20,10,2,4,2017,9.703196347,32736,99.99,4.2,14.20235294,129.99,4.3,17.39642857,99.99,4.3,21.17,99.94,4,2017,2,True,False,109.99000000000001,99.99,129.99,-10.000000000000014,-9.091735612328405,0.04999999999999716,0.05003001801080364,,,Below Competitors
cool5,cool_stuff,2017-05-01,18,1799.82,15.57722222,99.99,54,995,1,4475,4.3,58,23,8,1,5,2017,24.65753425,32736,99.99,4.2,15.02090909,129.99,4.3,18.27277778,99.99,4.3,15.57722222,99.99,5,2017,2,True,False,109.99000000000001,99.99,129.99,-10.000000000000014,-9.091735612328405,0.0,0.0,800.0,,Below Competitors
cool5,cool_stuff,2017-06-01,11,1099.89,20.49090909,99.99,54,995,1,4475,4.3,42,22,8,1,6,2017,15.06849315,32736,99.99,4.2,13.82642857,129.99,4.3,17.06117647,99.99,4.3,20.49090909,99.99,6,2017,2,True,False,109.99000000000001,99.99,129.99,-10.000000000000014,-9.091735612328405,0.0,0.0,-38.888888888888886,,Below Competitors
cool5,cool_stuff,2017-07-01,14,1399.86,19.91214286,99.99,54,995,1,4475,4.3,42,21,10,1,7,2017,19.17808219,32736,99.99,4.2,16.52909091,129.99,4.3,18.715625,99.99,4.3,19.91214286,99.99,7,2017,3,False,True,109.99000000000001,99.99,129.99,-10.000000000000014,-9.091735612328405,0.0,0.0,27.27272727272727,,Below Competitors
cool5,cool_stuff,2017-08-01,8,799.92,18.22875,99.99,54,995,1,4475,4.3,39,23,8,1,8,2017,10.95890411,32736,99.99,4.2,18.975,116.9275,4.3,19.02125,99.99,4.3,18.22875,99.99,8,2017,3,False,True,105.63583333333332,99.99,116.9275,-5.645833333333329,-5.34461948675875,0.0,0.0,-42.85714285714286,,Below Competitors
cool5,cool_stuff,2017-09-01,6,599.94,17.78166667,99.99,54,995,1,4475,4.3,10,21,9,1,9,2017,8.219178082,32736,99.99,4.2,15.93333333,99.99,4.3,17.78166667,29.5,4.4,11.73,99.99,9,2017,3,False,True,76.49333333333333,29.5,99.99,23.49666666666667,30.71727383649992,0.0,0.0,-25.0,,Above Competitors
cool5,cool_stuff,2017-10-01,9,899.91,18.51888889,99.99,54,995,1,4475,4.3,33,22,9,2,10,2017,12.32876712,32736,99.99,4.2,16.95,119.99,4.3,19.997,99.99,4.3,18.51888889,99.99,10,2017,4,False,True,106.65666666666665,99.99,119.99,-6.666666666666657,-6.250585992436783,0.0,0.0,50.0,,Below Competitors
cool5,cool_stuff,2017-11-01,2,199.98,17.45,99.99,54,995,1,4475,4.3,42,22,8,4,11,2017,2.739726027,32736,99.99,4.2,16.1875,129.99,4.3,22.67444444,99.99,4.3,17.45,99.99,11,2017,4,False,True,109.99000000000001,99.99,129.99,-10.000000000000014,-9.091735612328405,0.0,0.0,-77.77777777777779,,Below Competitors
cool5,cool_stuff,2017-12-01,3,299.97,17.95,99.99,54,995,1,4475,4.3,38,21,10,1,12,2017,4.109589041,32736,99.99,4.2,15.26666667,129.99,4.3,25.59,99.99,4.3,17.95,99.99,12,2017,4,False,True,109.99000000000001,99.99,129.99,-10.000000000000014,-9.091735612328405,0.0,0.0,50.0,,Below Competitors
cool5,cool_stuff,2018-01-01,6,599.94,15.90166667,99.99,54,995,1,4475,4.3,102,23,8,2,1,2018,25.0,32736,99.99,4.2,16.54,129.99,4.3,17.41,29.5,4.4,16.53263158,99.99,1,2018,1,True,False,86.49333333333334,29.5,129.99,13.496666666666655,15.60428549406504,0.0,0.0,100.0,,Above Competitors
cool5,cool_stuff,2018-02-01,9,899.91,19.08111111,99.99,54,995,1,4475,4.3,20,20,8,2,2,2018,37.5,32736,99.99,4.2,13.72,129.99,4.3,16.71,99.99,4.3,19.08111111,99.99,2,2018,1,True,False,109.99000000000001,99.99,129.99,-10.000000000000014,-9.091735612328405,0.0,0.0,50.0,,Below Competitors
cool5,cool_stuff,2018-03-01,5,489.76,17.592,97.952,54,995,1,4475,4.3,45,22,9,1,3,2018,20.83333333,32736,99.99,4.2,20.78,129.99,4.3,18.49,35.0,4.4,16.25615385,99.99,3,2018,1,True,False,88.32666666666667,35.0,129.99,9.62533333333333,10.897426220846853,-2.0379999999999967,-2.038203820382035,-44.44444444444444,21.8056918547596,Above Competitors
cool5,cool_stuff,2018-04-01,4,338.77,18.195,84.6925,54,995,1,4475,4.3,18,21,9,1,4,2018,9.703196347,32736,89.86333333,4.2,19.87666667,129.99,4.3,23.49,35.0,4.4,14.845,97.952,4,2018,2,True,False,84.95111111,35.0,129.99,-0.2586111100000039,-0.3044234579405773,-13.259500000000003,-13.536732277033654,-19.999999999999996,1.4774614427391675,Similar to Competitors
furniture1,furniture_decor,2017-07-01,1,38.4,7.78,38.4,49,829,1,850,3.7,5,21,10,1,7,2017,5.93883357,10000,75.0,4.1,15.856,38.4,3.7,7.78,38.4,3.7,7.78,38.35,7,2017,3,False,True,50.6,38.4,75.0,-12.200000000000003,-24.110671936758898,0.04999999999999716,0.130378096479784,,,Below Competitors
furniture1,furniture_decor,2017-08-01,8,307.2,12.105,38.4,49,829,1,850,3.7,14,23,8,1,8,2017,13.82645804,10000,75.0,4.1,15.37692308,38.4,3.7,12.105,38.4,3.7,12.105,38.4,8,2017,3,False,True,50.6,38.4,75.0,-12.200000000000003,-24.110671936758898,0.0,0.0,700.0,,Below Competitors
furniture1,furniture_decor,2017-09-01,12,460.8,17.95,38.4,49,829,1,850,3.7,7,21,9,1,9,2017,16.21621622,10000,38.4,3.7,17.95,38.4,3.7,17.95,38.4,3.7,17.95,38.4,9,2017,3,False,True,38.4,38.4,38.4,0.0,0.0,0.0,0.0,50.0,,Similar to Competitors
furniture1,furniture_decor,2017-10-01,25,960.0,13.98,38.4,49,829,1,850,3.7,17,22,9,2,10,2017,33.78378378,10000,75.0,4.1,13.64,38.4,3.7,13.98,38.4,3.7,13.98,38.4,10,2017,4,False,True,50.6,38.4,75.0,-12.200000000000003,-24.110671936758898,0.0,0.0,108.33333333333334,,Below Competitors
furniture1,furniture_decor,2017-11-01,28,1026.51,13.65214286,36.85428571,49,829,1,850,3.7,64,22,8,4,11,2017,37.83783784,10000,75.0,4.1,16.13272727,36.85428571,3.7,13.65214286,99.9,4.4,21.19,38.4,11,2017,4,False,True,70.58476190333333,36.85428571,99.9,-33.73047619333333,-47.787192708148,-1.5457142899999994,-4.025297630208332,12.00000000000001,-2.981146017612353,Below Competitors
furniture1,furniture_decor,2018-01-01,2,76.8,9.34,38.4,49,829,1,850,3.7,125,23,8,2,1,2018,2.105263158,10000,69.9953271,4.1,17.66311475,38.4,3.7,9.34,99.9,4.4,22.81923077,38.35,1,2018,1,True,False,69.4317757,38.4,99.9,-31.031775700000004,-44.69391051451966,0.04999999999999716,0.130378096479784,-92.85714285714286,-712.2142857143263,Below Competitors
furniture1,furniture_decor,2018-02-01,9,345.6,18.68555556,38.4,49,829,1,850,3.7,52,20,8,2,2,2018,9.473684211,10000,69.9,4.1,16.11590909,38.4,3.7,18.68555556,99.9,4.4,28.89076923,38.4,2,2018,1,True,False,69.4,38.4,99.9,-31.000000000000007,-44.66858789625361,0.0,0.0,350.0,,Below Competitors
furniture1,furniture_decor,2018-03-01,17,601.8,15.44823529,35.48571429,49,829,1,850,3.7,83,22,9,1,3,2018,17.89473684,10000,69.9,4.1,18.42507692,35.48571429,3.7,15.44823529,99.9,4.4,22.14583333,38.4,3,2018,1,True,False,68.42857143,35.48571429,99.9,-32.94285714000001,-48.14196241653149,-2.9142857100000015,-7.589285703125004,88.88888888888889,-11.712418317877733,Below Competitors
furniture1,furniture_decor,2018-04-01,17,595.0,13.46941176,35.0,49,829,1,850,3.7,92,21,9,1,4,2018,17.89473684,10000,69.9,4.1,9.071566265,35.0,3.7,13.46941176,99.9,4.4,23.32769231,35.48571429,4,2018,2,True,False,68.26666666666667,35.0,99.9,-33.266666666666666,-48.73046875,-0.4857142899999971,-1.3687600763242158,0.0,-0.0,Below Competitors
furniture1,furniture_decor,2018-05-01,11,385.0,14.63454545,35.0,49,829,1,850,3.7,95,23,8,3,5,2018,11.57894737,10000,69.9,4.1,3.801630435,35.0,3.7,14.63454545,99.9,4.4,19.41076923,35.0,5,2018,2,True,False,68.26666666666667,35.0,99.9,-33.266666666666666,-48.73046875,0.0,0.0,-35.29411764705882,,Below Competitors
furniture1,furniture_decor,2018-06-01,13,455.0,18.10153846,35.0,49,829,1,850,3.7,18,21,9,0,6,2018,13.68421053,10000,89.9,4.1,21.93,35.0,3.7,18.10153846,99.9,4.4,25.636,35.0,6,2018,2,True,False,74.93333333333334,35.0,99.9,-39.93333333333334,-53.29181494661922,0.0,0.0,18.181818181818187,,Below Competitors
furniture1,furniture_decor,2018-07-01,10,350.0,17.238,35.0,49,829,1,850,3.7,22,22,9,1,7,2018,5.93883357,10000,89.9,4.1,29.79,35.0,3.7,17.238,78.53571429,4.4,23.84714286,35.0,7,2018,3,False,True,67.81190476333335,35.0,89.9,-32.811904763333345,-48.38664372848454,0.0,0.0,-23.076923076923073,,Below Competitors
furniture1,furniture_decor,2018-08-01,16,560.0,15.628125,35.0,49,829,1,850,3.7,19,23,8,1,8,2018,13.82645804,10000,103.2333333,4.1,22.3,35.0,3.7,15.628125,83.83333333,4.4,23.77666667,35.0,8,2018,3,False,True,74.02222221,35.0,103.2333333,-39.022222209999995,-52.716901823474714,0.0,0.0,60.00000000000001,,Below Competitors
furniture2,furniture_decor,2017-07-01,5,375.0,15.856,75.0,44,903,6,2600,4.1,5,21,10,1,7,2017,2.435113207,15000,75.0,4.1,15.856,38.4,3.7,7.78,75.0,4.1,15.856,74.95,7,2017,3,False,True,62.800000000000004,38.4,75.0,12.199999999999996,19.42675159235668,0.04999999999999716,0.06671114076050322,,,Above Competitors
furniture2,furniture_decor,2017-08-01,13,975.0,15.37692308,75.0,44,903,6,2600,4.1,14,23,8,1,8,2017,6.064950512,15000,75.0,4.1,15.37692308,38.4,3.7,12.105,75.0,4.1,15.37692308,75.0,8,2017,3,False,True,62.800000000000004,38.4,75.0,12.199999999999996,19.42675159235668,0.0,0.0,160.0,,Above Competitors
furniture2,furniture_decor,2017-10-01,5,375.0,13.64,75.0,44,903,6,2600,4.1,17,22,9,2,10,2017,4.385964912,15000,75.0,4.1,13.64,38.4,3.7,13.98,75.0,4.1,13.64,74.95,10,2017,4,False,True,62.800000000000004,38.4,75.0,12.199999999999996,19.42675159235668,0.04999999999999716,0.06671114076050322,-61.53846153846154,-922.4615384615909,Above Competitors
furniture2,furniture_decor,2017-11-01,44,3300.0,16.13272727,75.0,44,903,6,2600,4.1,64,22,8,4,11,2017,38.59649123,15000,75.0,4.1,16.13272727,36.85428571,3.7,13.65214286,99.9,4.4,21.19,75.0,11,2017,4,False,True,70.58476190333333,36.85428571,99.9,4.41523809666667,6.255228434025733,0.0,0.0,780.0000000000001,,Above Competitors
furniture2,furniture_decor,2017-12-01,47,3525.0,17.44638298,75.0,44,903,6,2600,4.1,40,21,10,1,12,2017,41.22807018,15000,75.0,4.1,17.44638298,75.0,4.1,17.44638298,99.9,4.4,20.64666667,75.0,12,2017,4,False,True,83.3,75.0,99.9,-8.299999999999997,-9.963985594237693,0.0,0.0,6.818181818181812,,Below Competitors
furniture2,furniture_decor,2018-01-01,122,8538.0,17.66311475,69.9953271,44,903,6,2600,4.1,125,23,8,2,1,2018,29.53995157,15000,69.9953271,4.1,17.66311475,38.4,3.7,9.34,99.9,4.4,22.81923077,75.0,1,2018,1,True,False,69.4317757,38.4,99.9,0.5635513999999944,0.8116620874496723,-5.004672900000003,-6.672897200000004,159.5744680851064,-23.91382083409082,Similar to Competitors
furniture2,furniture_decor,2018-02-01,44,3075.6,16.11590909,69.9,44,903,6,2600,4.1,52,20,8,2,2,2018,10.65375303,15000,69.9,4.1,16.11590909,38.4,3.7,18.68555556,99.9,4.4,28.89076923,69.9953271,2,2018,1,True,False,69.4,38.4,99.9,0.5,0.7204610951008645,-0.09532709999999156,-0.13619066293354257,-63.934426229508205,469.44794050019794,Similar to Competitors
furniture2,furniture_decor,2018-03-01,65,4543.5,18.42507692,69.9,44,903,6,2600,4.1,83,22,9,1,3,2018,15.73849879,15000,69.9,4.1,18.42507692,35.48571429,3.7,15.44823529,99.9,4.4,22.14583333,69.9,3,2018,1,True,False,68.42857143,35.48571429,99.9,1.4714285700000005,2.150313150268261,0.0,0.0,47.72727272727273,,Similar to Competitors
furniture2,furniture_decor,2018-04-01,83,5801.7,9.071566265,69.9,44,903,6,2600,4.1,92,21,9,1,4,2018,20.0968523,15000,69.9,4.1,9.071566265,35.0,3.7,13.46941176,99.9,4.4,23.32769231,69.9,4,2018,2,True,False,68.26666666666667,35.0,99.9,1.63333333333334,2.3925781250000098,0.0,0.0,27.692307692307683,,Similar to Competitors
furniture2,furniture_decor,2018-05-01,92,6430.8,3.801630435,69.9,44,903,6,2600,4.1,95,23,8,3,5,2018,22.27602906,15000,69.9,4.1,3.801630435,35.0,3.7,14.63454545,99.9,4.4,19.41076923,69.9,5,2018,2,True,False,68.26666666666667,35.0,99.9,1.63333333333334,2.3925781250000098,0.0,0.0,10.843373493975905,,Similar to Competitors
furniture2,furniture_decor,2018-06-01,2,179.8,21.93,89.9,44,903,6,2600,4.1,18,21,9,0,6,2018,0.484261501,15000,89.9,4.1,21.93,35.0,3.7,18.10153846,99.9,4.4,25.636,69.9,6,2018,2,True,False,74.93333333333334,35.0,99.9,14.966666666666669,19.973309608540927,20.0,28.612303290414875,-97.82608695652173,-3.419021739130435,Above Competitors
furniture2,furniture_decor,2018-07-01,2,179.8,29.79,89.9,44,903,6,2600,4.1,22,22,9,1,7,2018,2.435113207,15000,89.9,4.1,29.79,35.0,3.7,17.238,78.53571429,4.4,23.84714286,89.9,7,2018,3,False,True,67.81190476333335,35.0,89.9,22.08809523666666,32.57259225169257,0.0,0.0,0.0,,Above Competitors
furniture2,furniture_decor,2018-08-01,3,309.7,22.3,103.2333333,44,903,6,2600,4.1,19,23,8,1,8,2018,6.064950512,15000,103.2333333,4.1,22.3,35.0,3.7,15.628125,83.83333333,4.4,23.77666667,89.9,8,2018,3,False,True,74.02222221,35.0,103.2333333,29.211111090000003,39.46262381468162,13.333333299999993,14.83129399332591,50.0,3.371250008428127,Above Competitors
furniture3,furniture_decor,2017-08-01,1,38.4,11.85,38.4,41,789,1,950,3.8,14,23,8,1,8,2017,2.079759863,14000,75.0,4.1,15.37692308,38.4,3.7,12.105,38.4,3.8,11.85,38.35,8,2017,3,False,True,50.6,38.4,75.0,-12.200000000000003,-24.110671936758898,0.04999999999999716,0.130378096479784,,,Below Competitors
furniture3,furniture_decor,2017-09-01,6,230.4,13.5,38.4,41,789,1,950,3.8,7,21,9,1,9,2017,11.32075472,14000,38.4,3.8,13.5,38.4,3.7,17.95,38.4,3.8,13.5,38.4,9,2017,3,False,True,38.4,38.4,38.4,0.0,0.0,0.0,0.0,500.0,,Similar to Competitors
furniture3,furniture_decor,2017-10-01,8,307.2,15.55875,38.4,41,789,1,950,3.8,17,22,9,2,10,2017,15.09433962,14000,75.0,4.1,13.64,38.4,3.7,13.98,38.4,3.8,15.55875,38.4,10,2017,4,False,True,50.6,38.4,75.0,-12.200000000000003,-24.110671936758898,0.0,0.0,33.33333333333333,,Below Competitors
furniture3,furniture_decor,2017-11-01,34,1170.35,13.75058824,34.58117647,41,789,1,950,3.8,64,22,8,4,11,2017,64.1509434,14000,75.0,4.1,16.13272727,36.85428571,3.7,13.65214286,99.9,4.4,21.19,38.4,11,2017,4,False,True,70.58476190333333,36.85428571,99.9,-36.00358543333333,-51.00758926217058,-3.818823529999996,-9.944852942708323,325.0,-32.680221806426374,Below Competitors
furniture3,furniture_decor,2017-12-01,4,153.6,11.015,38.4,41,789,1,950,3.8,40,21,10,1,12,2017,7.547169811,14000,75.0,4.1,17.44638298,38.4,3.8,11.015,99.9,4.4,20.64666667,34.58117647,12,2017,4,False,True,71.10000000000001,38.4,99.9,-32.70000000000001,-45.99156118143461,3.818823529999996,11.04307001617749,-88.23529411764706,-7.990105467808065,Below Competitors
furniture3,furniture_decor,2018-01-01,15,576.0,14.27533333,38.4,41,789,1,950,3.8,125,23,8,2,1,2018,34.09090909,14000,69.9953271,4.1,17.66311475,38.4,3.7,9.34,99.9,4.4,22.81923077,38.4,1,2018,1,True,False,69.4317757,38.4,99.9,-31.031775700000004,-44.69391051451966,0.0,0.0,275.0,,Below Competitors
furniture3,furniture_decor,2018-02-01,4,153.6,15.61,38.4,41,789,1,950,3.8,52,20,8,2,2,2018,9.090909091,14000,69.9,4.1,16.11590909,38.4,3.7,18.68555556,99.9,4.4,28.89076923,38.4,2,2018,1,True,False,69.4,38.4,99.9,-31.000000000000007,-44.66858789625361,0.0,0.0,-73.33333333333334,,Below Competitors
furniture3,furniture_decor,2018-03-01,14,493.4,15.18928571,35.48571429,41,789,1,950,3.8,83,22,9,1,3,2018,31.81818182,14000,69.9,4.1,18.42507692,35.48571429,3.7,15.44823529,99.9,4.4,22.14583333,38.4,3,2018,1,True,False,68.42857143,35.48571429,99.9,-32.94285714000001,-48.14196241653149,-2.9142857100000015,-7.589285703125004,250.0,-32.941176519031124,Below Competitors
furniture3,furniture_decor,2018-04-01,4,140.0,15.0,35.0,41,789,1,950,3.8,92,21,9,1,4,2018,9.090909091,14000,69.9,4.1,9.071566265,35.0,3.7,13.46941176,99.9,4.4,23.32769231,35.48571429,4,2018,2,True,False,68.26666666666667,35.0,99.9,-33.266666666666666,-48.73046875,-0.4857142899999971,-1.3687600763242158,-71.42857142857143,52.184873495427894,Below Competitors
furniture3,furniture_decor,2018-05-01,4,140.0,11.58,35.0,41,789,1,950,3.8,95,23,8,3,5,2018,9.090909091,14000,69.9,4.1,3.801630435,35.0,3.7,14.63454545,99.9,4.4,19.41076923,35.0,5,2018,2,True,False,68.26666666666667,35.0,99.9,-33.266666666666666,-48.73046875,0.0,0.0,0.0,,Below Competitors
furniture3,furniture_decor,2018-06-01,2,70.0,19.32,35.0,41,789,1,950,3.8,18,21,9,0,6,2018,4.545454545,14000,89.9,4.1,21.93,35.0,3.7,18.10153846,99.9,4.4,25.636,35.0,6,2018,2,True,False,74.93333333333334,35.0,99.9,-39.93333333333334,-53.29181494661922,0.0,0.0,-50.0,,Below Competitors
furniture3,furniture_decor,2018-08-01,1,35.0,19.44,35.0,41,789,1,950,3.8,19,23,8,1,8,2018,2.079759863,14000,103.2333333,4.1,22.3,35.0,3.7,15.628125,83.83333333,4.4,23.77666667,34.95,8,2018,3,False,True,74.02222221,35.0,103.2333333,-39.022222209999995,-52.716901823474714,0.04999999999999716,0.14306151645206625,-50.0,-349.5000000000199,Below Competitors
furniture4,furniture_decor,2017-11-01,1,99.9,21.19,99.9,57,272,1,2500,4.4,64,22,8,4,11,2017,25.0,12000,75.0,4.1,16.13272727,36.85428571,3.7,13.65214286,99.9,4.4,21.19,99.85,11,2017,4,False,True,70.58476190333333,36.85428571,99.9,29.315238096666675,41.53196427412229,0.05000000000001137,0.0500751126690149,,,Above Competitors
furniture4,furniture_decor,2017-12-01,3,299.7,20.64666667,99.9,57,272,1,2500,4.4,40,21,10,1,12,2017,75.0,12000,75.0,4.1,17.44638298,99.9,4.4,20.64666667,99.9,4.4,20.64666667,99.9,12,2017,4,False,True,91.60000000000001,75.0,99.9,8.299999999999997,9.061135371179036,0.0,0.0,200.0,,Above Competitors
furniture4,furniture_decor,2018-01-01,13,1298.7,22.81923077,99.9,57,272,1,2500,4.4,125,23,8,2,1,2018,13.40206186,12000,69.9953271,4.1,17.66311475,38.4,3.7,9.34,99.9,4.4,22.81923077,99.9,1,2018,1,True,False,69.4317757,38.4,99.9,30.468224300000003,43.882248427069975,0.0,0.0,333.3333333333333,,Above Competitors
furniture4,furniture_decor,2018-02-01,13,1298.7,28.89076923,99.9,57,272,1,2500,4.4,52,20,8,2,2,2018,13.40206186,12000,69.9,4.1,16.11590909,38.4,3.7,18.68555556,99.9,4.4,28.89076923,99.9,2,2018,1,True,False,69.4,38.4,99.9,30.5,43.94812680115273,0.0,0.0,0.0,,Above Competitors
furniture4,furniture_decor,2018-03-01,12,1198.8,22.14583333,99.9,57,272,1,2500,4.4,83,22,9,1,3,2018,12.37113402,12000,69.9,4.1,18.42507692,35.48571429,3.7,15.44823529,99.9,4.4,22.14583333,99.9,3,2018,1,True,False,68.42857143,35.48571429,99.9,31.47142857,45.99164926626322,0.0,0.0,-7.692307692307687,,Above Competitors
furniture4,furniture_decor,2018-04-01,13,1298.7,23.32769231,99.9,57,272,1,2500,4.4,92,21,9,1,4,2018,13.40206186,12000,69.9,4.1,9.071566265,35.0,3.7,13.46941176,99.9,4.4,23.32769231,99.9,4,2018,2,True,False,68.26666666666667,35.0,99.9,31.63333333333334,46.337890625000014,0.0,0.0,8.333333333333325,,Above Competitors
furniture4,furniture_decor,2018-05-01,13,1298.7,19.41076923,99.9,57,272,1,2500,4.4,95,23,8,3,5,2018,13.40206186,12000,69.9,4.1,3.801630435,35.0,3.7,14.63454545,99.9,4.4,19.41076923,99.9,5,2018,2,True,False,68.26666666666667,35.0,99.9,31.63333333333334,46.337890625000014,0.0,0.0,0.0,,Above Competitors
furniture4,furniture_decor,2018-06-01,10,999.0,25.636,99.9,57,272,1,2500,4.4,18,21,9,0,6,2018,10.30927835,12000,89.9,4.1,21.93,35.0,3.7,18.10153846,99.9,4.4,25.636,99.9,6,2018,2,True,False,74.93333333333334,35.0,99.9,24.96666666666667,33.31850533807829,0.0,0.0,-23.076923076923073,,Above Competitors
furniture4,furniture_decor,2018-07-01,14,1099.5,23.84714286,78.53571429,57,272,1,2500,4.4,22,22,9,1,7,2018,14.43298969,12000,89.9,4.1,29.79,35.0,3.7,17.238,78.53571429,4.4,23.84714286,99.9,7,2018,3,False,True,67.81190476333335,35.0,89.9,10.723809526666656,15.814051476791931,-21.364285710000004,-21.385671381381385,39.99999999999999,-1.8704112340763104,Above Competitors
furniture4,furniture_decor,2018-08-01,9,754.5,23.77666667,83.83333333,57,272,1,2500,4.4,19,23,8,1,8,2018,9.278350515,12000,103.2333333,4.1,22.3,35.0,3.7,15.628125,83.83333333,4.4,23.77666667,78.53571429,8,2018,3,False,True,74.02222221,35.0,103.2333333,9.811111120000007,13.254278008793122,5.297619040000001,6.74549036434313,-35.71428571428571,-5.294542544019116,Above Competitors
garden1,garden_tools,2017-02-01,1,99.99,28.89,99.99,58,1893,1,5950,4.3,3,20,8,2,2,2017,7.510204082,8000,99.99,4.3,28.89,99.99,4.3,28.89,99.99,4.3,28.89,99.94,2,2017,1,True,False,99.99,99.99,99.99,0.0,0.0,0.04999999999999716,0.05003001801080364,,,Similar to Competitors
garden1,garden_tools,2017-03-01,5,499.95,31.946,99.99,58,1893,1,5950,4.3,21,23,8,1,3,2017,8.551020408,8000,99.99,4.3,31.946,99.99,4.3,31.946,99.99,4.3,31.946,99.99,3,2017,1,True,False,99.99,99.99,99.99,0.0,0.0,0.0,0.0,400.0,,Similar to Competitors
garden1,garden_tools,2017-05-01,4,439.96,32.0925,109.99,58,1893,1,5950,4.3,34,23,8,1,5,2017,4.040816327,8000,59.9,4.1,19.7325,59.9,4.2,26.24666667,109.99,4.3,32.0925,109.94,5,2017,2,True,False,76.59666666666666,59.9,109.99,33.39333333333333,43.59632708124809,0.04999999999999716,0.045479352374019615,-19.999999999999996,-439.7600000000249,Above Competitors
garden1,garden_tools,2017-06-01,6,659.94,38.35166667,109.99,58,1893,1,5950,4.3,26,22,8,1,6,2017,9.06122449,8000,59.9,4.1,17.67,59.9,4.2,16.26,109.99,4.3,38.35166667,109.99,6,2017,2,True,False,76.59666666666666,59.9,109.99,33.39333333333333,43.59632708124809,0.0,0.0,50.0,,Above Competitors
garden1,garden_tools,2017-07-01,1,120.0,34.2,120.0,58,1893,1,5950,4.3,74,21,10,1,7,2017,7.510204082,8000,59.9,4.1,16.62642857,59.9,4.2,16.11157895,59.9,4.1,15.39230769,109.99,7,2017,3,False,True,59.9,59.9,59.9,60.1,100.3338898163606,10.010000000000005,9.100827347940726,-83.33333333333334,-9.156676656676654,Above Competitors
garden1,garden_tools,2017-08-01,2,240.0,33.83,120.0,58,1893,1,5950,4.3,113,23,8,1,8,2017,7.020408163,8000,59.9,4.1,18.16230769,59.9,4.2,17.68111111,59.9,4.1,18.05043478,120.0,8,2017,3,False,True,59.9,59.9,59.9,60.1,100.3338898163606,0.0,0.0,100.0,,Above Competitors
garden1,garden_tools,2017-09-01,7,735.0,30.04,102.5,58,1893,1,5950,4.3,115,21,9,1,9,2017,7.142857143,8000,59.9,4.1,17.18702703,59.9,4.2,16.81176471,59.9,4.1,16.29461538,120.0,9,2017,3,False,True,59.9,59.9,59.9,42.6,71.11853088480802,-17.5,-14.583333333333334,250.0,-17.142857142857142,Above Competitors
garden1,garden_tools,2017-10-01,17,1619.93,41.08941176,95.29,58,1893,1,5950,4.3,146,22,9,2,10,2017,17.34693878,8000,59.9,4.1,18.06589744,59.9,4.2,17.59548387,59.9,4.1,16.81416667,102.5,10,2017,4,False,True,59.9,59.9,59.9,35.39000000000001,59.08180300500836,-7.209999999999994,-7.0341463414634084,142.85714285714283,-20.30909451159106,Above Competitors
garden1,garden_tools,2017-11-01,28,2519.72,39.33678571,89.99,58,1893,1,5950,4.3,339,22,8,4,11,2017,28.57142857,8000,52.40694444,4.1,17.06747253,53.64828125,4.2,16.07586207,53.78571429,4.1,18.27550725,95.29,11,2017,4,False,True,53.28031332666666,52.40694444,53.78571429,36.70968667333334,68.89915689546112,-5.300000000000011,-5.561968727043773,64.70588235294117,-11.633629300776889,Above Competitors
garden1,garden_tools,2017-12-01,27,2429.73,38.4162963,89.99,58,1893,1,5950,4.3,184,21,10,1,12,2017,27.55102041,8000,55.1,4.1,15.75960784,55.425,4.2,19.184375,55.75,4.1,17.26727273,89.99,12,2017,4,False,True,55.425000000000004,55.1,55.75,34.56499999999999,62.36355435272889,0.0,0.0,-3.57142857142857,,Above Competitors
garden1,garden_tools,2018-01-01,11,1405.0,45.97,127.7272727,58,1893,1,5950,4.3,137,23,8,2,1,2018,22.0,8000,49.9,4.1,19.495,49.9,4.2,15.84103448,49.9,4.1,16.50512821,89.99,1,2018,1,True,False,49.9,49.9,49.9,77.82727270000001,155.96647835671345,37.737272700000005,41.93496244027115,-59.25925925925925,-1.4131229840413821,Above Competitors
garden1,garden_tools,2018-02-01,7,840.0,43.38142857,120.0,58,1893,1,5950,4.3,160,20,8,2,2,2018,7.510204082,8000,50.54516129,4.1,16.61153846,50.9,4.2,17.51944444,50.35714286,4.1,18.281875,127.7272727,2,2018,1,True,False,50.60076805,50.35714286,50.9,69.39923195,137.15055052410415,-7.7272727,-6.049822043996404,-36.36363636363637,6.010695207096571,Above Competitors
garden1,garden_tools,2018-03-01,6,660.0,54.53166667,110.0,58,1893,1,5950,4.3,116,22,9,1,3,2018,8.551020408,8000,53.9,4.1,20.35967742,53.9,4.2,21.85285714,53.9,4.1,19.02423077,120.0,3,2018,1,True,False,53.9,53.9,53.9,56.1,104.08163265306123,-10.0,-8.333333333333332,-14.28571428571429,1.714285714285715,Above Competitors
garden1,garden_tools,2018-04-01,5,550.0,42.726,110.0,58,1893,1,5950,4.3,111,21,9,1,4,2018,10.0,8000,53.9,4.1,5.28173913,53.9,4.2,19.46846154,53.9,4.1,19.07142857,110.0,4,2018,2,True,False,53.9,53.9,53.9,56.1,104.08163265306123,0.0,0.0,-16.666666666666664,,Above Competitors
garden1,garden_tools,2018-05-01,2,220.0,32.23,110.0,58,1893,1,5950,4.3,102,23,8,3,5,2018,4.040816327,8000,53.41515152,4.1,10.75303571,53.70952381,4.2,13.51034483,53.05789474,4.1,12.98,110.0,5,2018,2,True,False,53.39419002333333,53.05789474,53.70952381,56.60580997666667,106.0149240056453,0.0,0.0,-60.0,,Above Competitors
garden1,garden_tools,2018-06-01,6,539.94,48.17833333,89.99,58,1893,1,5950,4.3,58,21,9,0,6,2018,9.06122449,8000,49.9,4.1,19.89083333,49.9,4.2,23.25166667,49.9,4.1,22.87866667,110.0,6,2018,2,True,False,49.9,49.9,49.9,40.089999999999996,80.34068136272545,-20.010000000000005,-18.190909090909095,200.0,-10.994502748625685,Above Competitors
garden1,garden_tools,2018-07-01,7,699.93,43.68,99.99,58,1893,1,5950,4.3,54,22,9,1,7,2018,7.510204082,8000,49.91,4.1,28.37333333,49.9,4.2,33.28142857,49.9,4.1,20.99,89.99,7,2018,3,False,True,49.903333333333336,49.9,49.91,50.08666666666666,100.36737692872886,10.0,11.1123458162018,16.666666666666675,1.499833333333334,Above Competitors
garden1,garden_tools,2018-08-01,6,589.94,34.08333333,98.32333333,58,1893,1,5950,4.3,46,23,8,1,8,2018,7.020408163,8000,49.91,4.1,20.32833333,49.9,4.2,36.442,49.9,4.1,32.32,99.99,8,2018,3,False,True,49.903333333333336,49.9,49.91,48.41999999666666,97.02758666087769,-1.666666669999998,-1.6668333533353317,-14.28571428571429,8.570571411430297,Above Competitors
garden10,garden_tools,2017-05-01,3,179.7,26.24666667,59.9,59,341,2,1750,4.2,34,23,8,1,5,2017,9.115164065,32560,59.9,4.1,19.7325,59.9,4.2,26.24666667,59.9,4.2,26.24666667,59.85,5,2017,2,True,False,59.9,59.9,59.9,0.0,0.0,0.04999999999999716,0.08354218880534195,,,Similar to Competitors
garden10,garden_tools,2017-06-01,3,179.7,16.26,59.9,59,341,2,1750,4.2,26,22,8,1,6,2017,2.429117553,32560,59.9,4.1,17.67,59.9,4.2,16.26,59.9,4.2,16.26,59.9,6,2017,2,True,False,59.9,59.9,59.9,0.0,0.0,0.0,0.0,0.0,,Similar to Competitors
garden10,garden_tools,2017-07-01,19,1138.1,16.11157895,59.9,59,341,2,1750,4.2,74,21,10,1,7,2017,8.407666985,32560,59.9,4.1,16.62642857,59.9,4.2,16.11157895,59.9,4.1,15.39230769,59.9,7,2017,3,False,True,59.9,59.9,59.9,0.0,0.0,0.0,0.0,533.3333333333333,,Similar to Competitors
garden10,garden_tools,2017-08-01,27,1617.3,17.68111111,59.9,59,341,2,1750,4.2,113,23,8,1,8,2017,9.071360306,32560,59.9,4.1,18.16230769,59.9,4.2,17.68111111,59.9,4.1,18.05043478,59.9,8,2017,3,False,True,59.9,59.9,59.9,0.0,0.0,0.0,0.0,42.10526315789473,,Similar to Competitors
garden10,garden_tools,2017-09-01,17,1018.3,16.81176471,59.9,59,341,2,1750,4.2,115,21,9,1,9,2017,7.762557078,32560,59.9,4.1,17.18702703,59.9,4.2,16.81176471,59.9,4.1,16.29461538,59.9,9,2017,3,False,True,59.9,59.9,59.9,0.0,0.0,0.0,0.0,-37.03703703703704,,Similar to Competitors
garden10,garden_tools,2017-10-01,31,1856.9,17.59548387,59.9,59,341,2,1750,4.2,146,22,9,2,10,2017,14.15525114,32560,59.9,4.1,18.06589744,59.9,4.2,17.59548387,59.9,4.1,16.81416667,59.9,10,2017,4,False,True,59.9,59.9,59.9,0.0,0.0,0.0,0.0,82.35294117647058,,Similar to Competitors
garden10,garden_tools,2017-11-01,87,4712.19,16.07586207,53.64828125,59,341,2,1750,4.2,339,22,8,4,11,2017,39.7260274,32560,52.40694444,4.1,17.06747253,53.64828125,4.2,16.07586207,53.78571429,4.1,18.27550725,59.9,11,2017,4,False,True,53.28031332666666,52.40694444,53.78571429,0.36796792333333883,0.6906264253314213,-6.251718750000002,-10.436926126878134,180.6451612903226,-17.30827248313165,Similar to Competitors
garden10,garden_tools,2017-12-01,32,1769.7,19.184375,55.425,59,341,2,1750,4.2,184,21,10,1,12,2017,14.61187215,32560,55.1,4.1,15.75960784,55.425,4.2,19.184375,55.75,4.1,17.26727273,53.64828125,12,2017,4,False,True,55.425000000000004,55.1,55.75,-7.105427357601002e-15,-1.2819895999280111e-14,1.7767187500000006,3.3117906270296418,-63.2183908045977,-19.08888511508909,Similar to Competitors
garden10,garden_tools,2018-01-01,29,1447.1,15.84103448,49.9,59,341,2,1750,4.2,137,23,8,2,1,2018,16.86046512,32560,49.9,4.1,19.495,49.9,4.2,15.84103448,49.9,4.1,16.50512821,55.425,1,2018,1,True,False,49.9,49.9,49.9,0.0,0.0,-5.524999999999999,-9.968425800631483,-9.375,0.9404694570135748,Similar to Competitors
garden10,garden_tools,2018-02-01,36,1828.4,17.51944444,50.9,59,341,2,1750,4.2,160,20,8,2,2,2018,20.93023256,32560,50.54516129,4.1,16.61153846,50.9,4.2,17.51944444,50.35714286,4.1,18.281875,49.9,2,2018,1,True,False,50.60076805,50.35714286,50.9,0.29923194999999936,0.5913585139741755,1.0,2.004008016032064,24.13793103448276,12.0448275862069,Similar to Competitors
garden10,garden_tools,2018-03-01,35,1886.5,21.85285714,53.9,59,341,2,1750,4.2,116,22,9,1,3,2018,20.34883721,32560,53.9,4.1,20.35967742,53.9,4.2,21.85285714,53.9,4.1,19.02423077,50.9,3,2018,1,True,False,53.9,53.9,53.9,0.0,0.0,3.0,5.893909626719057,-2.777777777777779,-0.4712962962962965,Similar to Competitors
garden10,garden_tools,2018-04-01,13,700.7,19.46846154,53.9,59,341,2,1750,4.2,111,21,9,1,4,2018,7.558139535,32560,53.9,4.1,5.28173913,53.9,4.2,19.46846154,53.9,4.1,19.07142857,53.9,4,2018,2,True,False,53.9,53.9,53.9,0.0,0.0,0.0,0.0,-62.857142857142854,,Similar to Competitors
garden10,garden_tools,2018-05-01,29,1559.1,13.51034483,53.70952381,59,341,2,1750,4.2,102,23,8,3,5,2018,9.115164065,32560,53.41515152,4.1,10.75303571,53.70952381,4.2,13.51034483,53.05789474,4.1,12.98,53.9,5,2018,2,True,False,53.39419002333333,53.05789474,53.70952381,0.31533378666667033,0.5905769645140587,-0.19047618999999827,-0.3533881076066758,123.07692307692308,-348.27692394761857,Similar to Competitors
garden10,garden_tools,2018-06-01,6,299.4,23.25166667,49.9,59,341,2,1750,4.2,58,21,9,0,6,2018,2.429117553,32560,49.9,4.1,19.89083333,49.9,4.2,23.25166667,49.9,4.1,22.87866667,53.70952381,6,2018,2,True,False,49.9,49.9,49.9,0.0,0.0,-3.8095238100000017,-7.092827379137402,-79.3103448275862,11.181767240080722,Similar to Competitors
garden10,garden_tools,2018-07-01,14,698.6,33.28142857,49.9,59,341,2,1750,4.2,54,22,9,1,7,2018,8.407666985,32560,49.91,4.1,28.37333333,49.9,4.2,33.28142857,49.9,4.1,20.99,49.9,7,2018,3,False,True,49.903333333333336,49.9,49.91,-0.003333333333337407,-0.00667958052235136,0.0,0.0,133.33333333333334,,Similar to Competitors
garden10,garden_tools,2018-08-01,10,499.0,36.442,49.9,59,341,2,1750,4.2,46,23,8,1,8,2018,9.071360306,32560,49.91,4.1,20.32833333,49.9,4.2,36.442,49.9,4.1,32.32,49.9,8,2018,3,False,True,49.903333333333336,49.9,49.91,-0.003333333333337407,-0.00667958052235136,0.0,0.0,-28.57142857142857,,Similar to Competitors
garden2,garden_tools,2017-04-01,5,299.5,18.652,59.9,59,341,2,1850,4.3,17,20,10,2,4,2017,6.593851133,32560,59.9,4.3,18.652,59.9,4.3,18.652,59.9,4.3,18.652,59.85,4,2017,2,True,False,59.9,59.9,59.9,0.0,0.0,0.04999999999999716,0.08354218880534195,,,Similar to Competitors
garden2,garden_tools,2017-05-01,2,119.8,17.67,59.9,59,341,2,1850,4.3,34,23,8,1,5,2017,9.30420712,32560,59.9,4.1,19.7325,59.9,4.2,26.24666667,59.9,4.3,17.67,59.9,5,2017,2,True,False,59.9,59.9,59.9,0.0,0.0,0.0,0.0,-60.0,,Similar to Competitors
garden2,garden_tools,2017-06-01,5,299.5,15.978,59.9,59,341,2,1850,4.3,26,22,8,1,6,2017,12.84385113,32560,59.9,4.1,17.67,59.9,4.2,16.26,59.9,4.3,15.978,59.9,6,2017,2,True,False,59.9,59.9,59.9,0.0,0.0,0.0,0.0,150.0,,Similar to Competitors
garden2,garden_tools,2017-07-01,15,898.5,17.87866667,59.9,59,341,2,1850,4.3,74,21,10,1,7,2017,13.5315534,32560,59.9,4.1,16.62642857,59.9,4.2,16.11157895,59.9,4.1,15.39230769,59.9,7,2017,3,False,True,59.9,59.9,59.9,0.0,0.0,0.0,0.0,200.0,,Similar to Competitors
garden2,garden_tools,2017-08-01,19,1138.1,16.11157895,59.9,59,341,2,1850,4.3,113,23,8,1,8,2017,15.47330097,32560,59.9,4.1,18.16230769,59.9,4.2,17.68111111,59.9,4.1,18.05043478,59.9,8,2017,3,False,True,59.9,59.9,59.9,0.0,0.0,0.0,0.0,26.66666666666666,,Similar to Competitors
garden2,garden_tools,2017-09-01,34,2036.6,19.71176471,59.9,59,341,2,1850,4.3,115,21,9,1,9,2017,33.00970874,32560,59.9,4.1,17.18702703,59.9,4.2,16.81176471,59.9,4.1,16.29461538,59.9,9,2017,3,False,True,59.9,59.9,59.9,0.0,0.0,0.0,0.0,78.94736842105263,,Similar to Competitors
garden2,garden_tools,2017-10-01,13,778.7,18.98153846,59.9,59,341,2,1850,4.3,146,22,9,2,10,2017,12.62135922,32560,59.9,4.1,18.06589744,59.9,4.2,17.59548387,59.9,4.1,16.81416667,59.9,10,2017,4,False,True,59.9,59.9,59.9,0.0,0.0,0.0,0.0,-61.76470588235294,,Similar to Competitors
garden2,garden_tools,2017-11-01,9,495.5,45.69666667,54.45,59,341,2,1850,4.3,339,22,8,4,11,2017,8.737864078,32560,52.40694444,4.1,17.06747253,53.64828125,4.2,16.07586207,53.78571429,4.1,18.27550725,59.9,11,2017,4,False,True,53.28031332666666,52.40694444,53.78571429,1.169686673333345,2.195344960082883,-5.449999999999996,-9.09849749582637,-30.76923076923077,3.381792519407201,Similar to Competitors
garden2,garden_tools,2017-12-01,1,49.9,18.0,49.9,59,341,2,1850,4.3,184,21,10,1,12,2017,0.970873786,32560,55.1,4.1,15.75960784,55.425,4.2,19.184375,55.75,4.1,17.26727273,54.45,12,2017,4,False,True,55.425000000000004,55.1,55.75,-5.525000000000006,-9.968425800631493,-4.550000000000004,-8.356290174472,-88.88888888888889,10.637362637362626,Below Competitors
garden2,garden_tools,2018-01-01,1,49.9,35.86,49.9,59,341,2,1850,4.3,137,23,8,2,1,2018,4.166666667,32560,49.9,4.1,19.495,49.9,4.2,15.84103448,49.9,4.1,16.50512821,49.9,1,2018,1,True,False,49.9,49.9,49.9,0.0,0.0,0.0,0.0,0.0,,Similar to Competitors
garden2,garden_tools,2018-02-01,4,203.6,33.525,51.23333333,59,341,2,1850,4.3,160,20,8,2,2,2018,16.66666667,32560,50.54516129,4.1,16.61153846,50.9,4.2,17.51944444,50.35714286,4.1,18.281875,49.9,2,2018,1,True,False,50.60076805,50.35714286,50.9,0.6325652800000015,1.2501100366202869,1.333333330000002,2.67201068136273,300.0,112.27500028068731,Similar to Competitors
garden2,garden_tools,2018-03-01,2,107.8,62.27,53.9,59,341,2,1850,4.3,116,22,9,1,3,2018,8.333333333,32560,53.9,4.1,20.35967742,53.9,4.2,21.85285714,53.9,4.1,19.02423077,51.23333333,3,2018,1,True,False,53.9,53.9,53.9,0.0,0.0,2.666666669999998,5.204944704307409,-50.0,-9.606249987367196,Similar to Competitors
garden2,garden_tools,2018-04-01,2,107.8,33.93,53.9,59,341,2,1850,4.3,111,21,9,1,4,2018,6.593851133,32560,53.9,4.1,5.28173913,53.9,4.2,19.46846154,53.9,4.1,19.07142857,53.9,4,2018,2,True,False,53.9,53.9,53.9,0.0,0.0,0.0,0.0,0.0,,Similar to Competitors
garden2,garden_tools,2018-05-01,4,199.6,21.21,49.9,59,341,2,1850,4.3,102,23,8,3,5,2018,9.30420712,32560,53.41515152,4.1,10.75303571,53.70952381,4.2,13.51034483,53.05789474,4.1,12.98,53.9,5,2018,2,True,False,53.39419002333333,53.05789474,53.70952381,-3.4941900233333314,-6.544139019257275,-4.0,-7.421150278293136,100.0,-13.475,Below Competitors
garden2,garden_tools,2018-06-01,5,249.5,22.42,49.9,59,341,2,1850,4.3,58,21,9,0,6,2018,12.84385113,32560,49.9,4.1,19.89083333,49.9,4.2,23.25166667,49.9,4.1,22.87866667,49.9,6,2018,2,True,False,49.9,49.9,49.9,0.0,0.0,0.0,0.0,25.0,,Similar to Competitors
garden2,garden_tools,2018-07-01,3,149.7,34.55,49.9,59,341,2,1850,4.3,54,22,9,1,7,2018,13.5315534,32560,49.91,4.1,28.37333333,49.9,4.2,33.28142857,49.9,4.1,20.99,49.9,7,2018,3,False,True,49.903333333333336,49.9,49.91,-0.003333333333337407,-0.00667958052235136,0.0,0.0,-40.0,,Similar to Competitors
garden2,garden_tools,2018-08-01,3,149.7,20.99,49.9,59,341,2,1850,4.3,46,23,8,1,8,2018,15.47330097,32560,49.91,4.1,20.32833333,49.9,4.2,36.442,49.9,4.1,32.32,49.9,8,2018,3,False,True,49.903333333333336,49.9,49.91,-0.003333333333337407,-0.00667958052235136,0.0,0.0,0.0,,Similar to Competitors
garden3,garden_tools,2017-02-01,1,99.99,33.0,99.99,47,1893,1,6050,4.1,3,20,8,2,2,2017,11.58685065,8000,99.99,4.1,33.0,99.99,4.1,33.0,99.99,4.1,33.0,99.94,2,2017,1,True,False,99.99,99.99,99.99,0.0,0.0,0.04999999999999716,0.05003001801080364,,,Similar to Competitors
garden3,garden_tools,2017-03-01,11,1099.89,30.53909091,99.99,47,1893,1,6050,4.1,21,23,8,1,3,2017,11.83035714,8000,99.99,4.1,30.53909091,99.99,4.1,30.53909091,99.99,4.1,30.53909091,99.99,3,2017,1,True,False,99.99,99.99,99.99,0.0,0.0,0.0,0.0,1000.0,,Similar to Competitors
garden3,garden_tools,2017-04-01,8,759.92,33.71,96.65666667,47,1893,1,6050,4.1,17,20,10,2,4,2017,10.66355519,8000,96.65666667,4.1,33.71,96.65666667,4.1,33.71,96.65666667,4.1,33.71,99.99,4,2017,2,True,False,96.65666667,96.65666667,96.65666667,0.0,0.0,-3.333333329999988,-3.333666696669655,-27.27272727272727,8.181000008181028,Similar to Competitors
garden3,garden_tools,2017-05-01,2,219.98,34.13,109.99,47,1893,1,6050,4.1,34,23,8,1,5,2017,7.548701299,8000,59.9,4.1,19.7325,59.9,4.2,26.24666667,109.99,4.1,34.13,96.65666667,5,2017,2,True,False,76.59666666666666,59.9,109.99,33.39333333333333,43.59632708124809,13.333333329999988,13.794530464744803,-75.0,-5.4369375015467405,Above Competitors
garden3,garden_tools,2017-06-01,2,239.98,34.2,119.99,47,1893,1,6050,4.1,26,22,8,1,6,2017,9.111201299,8000,59.9,4.1,17.67,59.9,4.2,16.26,119.99,4.1,34.2,109.99,6,2017,2,True,False,79.92999999999999,59.9,119.99,40.06,50.118853997247605,10.0,9.091735612328394,0.0,0.0,Above Competitors
garden3,garden_tools,2017-07-01,2,240.0,36.28,120.0,47,1893,1,6050,4.1,74,21,10,1,7,2017,5.204951299,8000,59.9,4.1,16.62642857,59.9,4.2,16.11157895,59.9,4.1,15.39230769,119.99,7,2017,3,False,True,59.9,59.9,59.9,60.1,100.3338898163606,0.010000000000005116,0.008334027835657235,0.0,0.0,Above Competitors
garden3,garden_tools,2017-09-01,4,417.0,33.09,104.25,47,1893,1,6050,4.1,115,21,9,1,9,2017,5.194805195,8000,59.9,4.1,17.18702703,59.9,4.2,16.81176471,59.9,4.1,16.29461538,104.2,9,2017,3,False,True,59.9,59.9,59.9,44.35,74.04006677796328,0.04999999999999716,0.04798464491362491,100.0,2084.0000000001182,Above Competitors
garden3,garden_tools,2017-10-01,12,1105.92,30.83416667,92.594,47,1893,1,6050,4.1,146,22,9,2,10,2017,15.58441558,8000,59.9,4.1,18.06589744,59.9,4.2,17.59548387,59.9,4.1,16.81416667,104.25,10,2017,4,False,True,59.9,59.9,59.9,32.693999999999996,54.58096828046743,-11.656000000000006,-11.180815347721829,200.0,-17.887783115991752,Above Competitors
garden3,garden_tools,2017-11-01,21,1889.79,47.52571429,89.99,47,1893,1,6050,4.1,339,22,8,4,11,2017,27.27272727,8000,52.40694444,4.1,17.06747253,53.64828125,4.2,16.07586207,53.78571429,4.1,18.27550725,92.594,11,2017,4,False,True,53.28031332666666,52.40694444,53.78571429,36.70968667333334,68.89915689546112,-2.603999999999999,-2.812277253385748,75.0,-26.668778801843324,Above Competitors
garden3,garden_tools,2017-12-01,14,1259.86,42.60714286,89.99,47,1893,1,6050,4.1,184,21,10,1,12,2017,18.18181818,8000,55.1,4.1,15.75960784,55.425,4.2,19.184375,55.75,4.1,17.26727273,89.99,12,2017,4,False,True,55.425000000000004,55.1,55.75,34.56499999999999,62.36355435272889,0.0,0.0,-33.333333333333336,,Above Competitors
garden3,garden_tools,2018-01-01,12,1479.98,39.19416667,123.3316667,47,1893,1,6050,4.1,137,23,8,2,1,2018,18.75,8000,49.9,4.1,19.495,49.9,4.2,15.84103448,49.9,4.1,16.50512821,89.99,1,2018,1,True,False,49.9,49.9,49.9,73.4316667,147.1576486973948,33.341666700000005,37.05041304589399,-14.28571428571429,-0.38557503442724683,Above Competitors
garden3,garden_tools,2018-02-01,14,1680.0,33.00214286,120.0,47,1893,1,6050,4.1,160,20,8,2,2,2018,11.58685065,8000,50.54516129,4.1,16.61153846,50.9,4.2,17.51944444,50.35714286,4.1,18.281875,123.3316667,2,2018,1,True,False,50.60076805,50.35714286,50.9,69.39923195,137.15055052410415,-3.3316666999999995,-2.701387882889934,16.666666666666675,-6.169668107357001,Above Competitors
garden3,garden_tools,2018-03-01,6,680.0,50.19333333,113.3333333,47,1893,1,6050,4.1,116,22,9,1,3,2018,11.83035714,8000,53.9,4.1,20.35967742,53.9,4.2,21.85285714,53.9,4.1,19.02423077,120.0,3,2018,1,True,False,53.9,53.9,53.9,59.43333330000001,110.26592448979594,-6.666666699999993,-5.555555583333327,-57.14285714285714,10.285714234285726,Above Competitors
garden3,garden_tools,2018-04-01,7,770.0,42.21142857,110.0,47,1893,1,6050,4.1,111,21,9,1,4,2018,10.66355519,8000,53.9,4.1,5.28173913,53.9,4.2,19.46846154,53.9,4.1,19.07142857,113.3333333,4,2018,2,True,False,53.9,53.9,53.9,56.1,104.08163265306123,-3.3333333000000067,-2.9411764420415283,16.666666666666675,-5.666666721666659,Above Competitors
garden3,garden_tools,2018-05-01,8,880.0,39.37125,110.0,47,1893,1,6050,4.1,102,23,8,3,5,2018,7.548701299,8000,53.41515152,4.1,10.75303571,53.70952381,4.2,13.51034483,53.05789474,4.1,12.98,110.0,5,2018,2,True,False,53.39419002333333,53.05789474,53.70952381,56.60580997666667,106.0149240056453,0.0,0.0,14.28571428571428,,Above Competitors
garden3,garden_tools,2018-06-01,10,969.9,41.186,96.65666667,47,1893,1,6050,4.1,58,21,9,0,6,2018,9.111201299,8000,49.9,4.1,19.89083333,49.9,4.2,23.25166667,49.9,4.1,22.87866667,110.0,6,2018,2,True,False,49.9,49.9,49.9,46.75666667000001,93.70073480961926,-13.343333329999993,-12.13030302727272,25.0,-2.0609542848016384,Above Competitors
garden3,garden_tools,2018-07-01,5,499.95,44.232,99.99,47,1893,1,6050,4.1,54,22,9,1,7,2018,5.204951299,8000,49.91,4.1,28.37333333,49.9,4.2,33.28142857,49.9,4.1,20.99,96.65666667,7,2018,3,False,True,49.903333333333336,49.9,49.91,50.08666666666666,100.36737692872886,3.333333329999988,3.4486326135997167,-50.0,-14.498500014998555,Above Competitors
garden3,garden_tools,2018-08-01,2,199.98,47.745,99.99,47,1893,1,6050,4.1,46,23,8,1,8,2018,3.125,8000,49.91,4.1,20.32833333,49.9,4.2,36.442,49.9,4.1,32.32,99.99,8,2018,3,False,True,49.903333333333336,49.9,49.91,50.08666666666666,100.36737692872886,0.0,0.0,-60.0,,Above Competitors
garden4,garden_tools,2017-07-01,13,778.7,15.39230769,59.9,57,366,2,1650,4.1,74,21,10,1,7,2017,4.072301967,19800,59.9,4.1,16.62642857,59.9,4.2,16.11157895,59.9,4.1,15.39230769,59.85,7,2017,3,False,True,59.9,59.9,59.9,0.0,0.0,0.04999999999999716,0.08354218880534195,,,Similar to Competitors
garden4,garden_tools,2017-08-01,23,1377.7,18.05043478,59.9,57,366,2,1650,4.1,113,23,8,1,8,2017,7.387028177,19800,59.9,4.1,18.16230769,59.9,4.2,17.68111111,59.9,4.1,18.05043478,59.9,8,2017,3,False,True,59.9,59.9,59.9,0.0,0.0,0.0,0.0,76.92307692307692,,Similar to Competitors
garden4,garden_tools,2017-09-01,13,778.7,16.29461538,59.9,57,366,2,1650,4.1,115,21,9,1,9,2017,6.565656566,19800,59.9,4.1,17.18702703,59.9,4.2,16.81176471,59.9,4.1,16.29461538,59.9,9,2017,3,False,True,59.9,59.9,59.9,0.0,0.0,0.0,0.0,-43.47826086956522,,Similar to Competitors
garden4,garden_tools,2017-10-01,36,2156.4,16.81416667,59.9,57,366,2,1650,4.1,146,22,9,2,10,2017,18.18181818,19800,59.9,4.1,18.06589744,59.9,4.2,17.59548387,59.9,4.1,16.81416667,59.9,10,2017,4,False,True,59.9,59.9,59.9,0.0,0.0,0.0,0.0,176.9230769230769,,Similar to Competitors
garden4,garden_tools,2017-11-01,69,3711.7,18.27550725,53.78571429,57,366,2,1650,4.1,339,22,8,4,11,2017,34.84848485,19800,52.40694444,4.1,17.06747253,53.64828125,4.2,16.07586207,53.78571429,4.1,18.27550725,59.9,11,2017,4,False,True,53.28031332666666,52.40694444,53.78571429,0.5054009633333436,0.9485698033243204,-6.114285709999997,-10.20748866444073,91.66666666666667,-8.980334897260365,Similar to Competitors
garden4,garden_tools,2017-12-01,44,2468.6,17.26727273,55.75,57,366,2,1650,4.1,184,21,10,1,12,2017,22.22222222,19800,55.1,4.1,15.75960784,55.425,4.2,19.184375,55.75,4.1,17.26727273,53.78571429,12,2017,4,False,True,55.425000000000004,55.1,55.75,0.32499999999999574,0.5863779882724325,1.9642857099999986,3.652058424675796,-36.23188405797102,-9.92094863903702,Similar to Competitors
garden4,garden_tools,2018-01-01,39,1946.1,16.50512821,49.9,57,366,2,1650,4.1,137,23,8,2,1,2018,20.52631579,19800,49.9,4.1,19.495,49.9,4.2,15.84103448,49.9,4.1,16.50512821,55.75,1,2018,1,True,False,49.9,49.9,49.9,0.0,0.0,-5.850000000000001,-10.4932735426009,-11.363636363636365,1.0829448329448328,Similar to Competitors
garden4,garden_tools,2018-02-01,48,2411.2,18.281875,50.35714286,57,366,2,1650,4.1,160,20,8,2,2,2018,25.26315789,19800,50.54516129,4.1,16.61153846,50.9,4.2,17.51944444,50.35714286,4.1,18.281875,49.9,2,2018,1,True,False,50.60076805,50.35714286,50.9,-0.24362518999999594,-0.4814653994169876,0.4571428600000047,0.9161179559118332,23.076923076923084,25.189903688716694,Similar to Competitors
garden4,garden_tools,2018-03-01,26,1401.4,19.02423077,53.9,57,366,2,1650,4.1,116,22,9,1,3,2018,13.68421053,19800,53.9,4.1,20.35967742,53.9,4.2,21.85285714,53.9,4.1,19.02423077,50.35714286,3,2018,1,True,False,53.9,53.9,53.9,0.0,0.0,3.5428571399999953,7.035460986834857,-45.833333333333336,-6.514616941107228,Similar to Competitors
garden4,garden_tools,2018-04-01,28,1509.2,19.07142857,53.9,57,366,2,1650,4.1,111,21,9,1,4,2018,14.73684211,19800,53.9,4.1,5.28173913,53.9,4.2,19.46846154,53.9,4.1,19.07142857,53.9,4,2018,2,True,False,53.9,53.9,53.9,0.0,0.0,0.0,0.0,7.692307692307687,,Similar to Competitors
garden4,garden_tools,2018-05-01,25,1319.5,12.98,53.05789474,57,366,2,1650,4.1,102,23,8,3,5,2018,13.15789474,19800,53.41515152,4.1,10.75303571,53.70952381,4.2,13.51034483,53.05789474,4.1,12.98,53.9,5,2018,2,True,False,53.39419002333333,53.05789474,53.70952381,-0.33629528333332814,-0.6298349749033868,-0.8421052599999967,-1.5623474211502724,-10.71428571428571,6.85781252571682,Similar to Competitors
garden4,garden_tools,2018-06-01,15,748.5,22.87866667,49.9,57,366,2,1650,4.1,58,21,9,0,6,2018,7.894736842,19800,49.9,4.1,19.89083333,49.9,4.2,23.25166667,49.9,4.1,22.87866667,53.05789474,6,2018,2,True,False,49.9,49.9,49.9,0.0,0.0,-3.1578947400000033,-5.951790502572065,-40.0,6.7206666603459935,Similar to Competitors
garden4,garden_tools,2018-07-01,3,149.7,20.99,49.9,57,366,2,1650,4.1,54,22,9,1,7,2018,4.072301967,19800,49.91,4.1,28.37333333,49.9,4.2,33.28142857,49.9,4.1,20.99,49.9,7,2018,3,False,True,49.903333333333336,49.9,49.91,-0.003333333333337407,-0.00667958052235136,0.0,0.0,-80.0,,Similar to Competitors
garden4,garden_tools,2018-08-01,6,299.4,32.32,49.9,57,366,2,1650,4.1,46,23,8,1,8,2018,7.387028177,19800,49.91,4.1,20.32833333,49.9,4.2,36.442,49.9,4.1,32.32,49.9,8,2018,3,False,True,49.903333333333336,49.9,49.91,-0.003333333333337407,-0.00667958052235136,0.0,0.0,100.0,,Similar to Competitors
garden5,garden_tools,2017-03-01,6,419.4,32.68,69.9,36,450,1,9000,4.1,21,23,8,1,3,2017,9.107142857,19656,69.9,4.1,32.68,69.9,4.1,32.68,69.9,4.1,32.68,69.85,3,2017,1,True,False,69.9,69.9,69.9,0.0,0.0,0.05000000000001137,0.07158196134575716,,,Similar to Competitors
garden5,garden_tools,2017-04-01,3,247.9,34.21666667,82.63333333,36,450,1,9000,4.1,17,20,10,2,4,2017,7.678571429,19656,82.63333333,4.1,34.21666667,82.63333333,4.1,34.21666667,82.63333333,4.1,34.21666667,69.9,4,2017,2,True,False,82.63333333,82.63333333,82.63333333,0.0,0.0,12.733333329999994,18.21649975679541,-50.0,-2.7447643986242856,Similar to Competitors
garden5,garden_tools,2017-05-01,20,1956.0,39.8975,97.58823529,36,450,1,9000,4.1,34,23,8,1,5,2017,19.04761905,19656,59.9,4.1,19.7325,59.9,4.2,26.24666667,97.58823529,4.1,39.8975,82.63333333,5,2017,2,True,False,72.46274509666667,59.9,97.58823529,25.125490193333334,34.673665978035274,14.95490196,18.097904752646148,566.6666666666667,31.311175211252714,Above Competitors
garden5,garden_tools,2017-06-01,8,712.0,40.80125,89.0,36,450,1,9000,4.1,26,22,8,1,6,2017,7.619047619,19656,59.9,4.1,17.67,59.9,4.2,16.26,89.0,4.1,40.80125,97.58823529,6,2017,2,True,False,69.60000000000001,59.9,89.0,19.39999999999999,27.87356321839079,-8.58823529,-8.800482214355657,-60.0,6.817808222159222,Above Competitors
garden5,garden_tools,2017-07-01,10,890.0,39.156,89.0,36,450,1,9000,4.1,74,21,10,1,7,2017,9.523809524,19656,59.9,4.1,16.62642857,59.9,4.2,16.11157895,59.9,4.1,15.39230769,89.0,7,2017,3,False,True,59.9,59.9,59.9,29.1,48.58096828046745,0.0,0.0,25.0,,Above Competitors
garden5,garden_tools,2017-08-01,7,683.0,39.5,97.33333333,36,450,1,9000,4.1,113,23,8,1,8,2017,6.666666667,19656,59.9,4.1,18.16230769,59.9,4.2,17.68111111,59.9,4.1,18.05043478,89.0,8,2017,3,False,True,59.9,59.9,59.9,37.43333333,62.49304395659433,8.333333330000002,9.363295876404496,-30.000000000000004,-3.2040000012815995,Above Competitors
garden5,garden_tools,2017-09-01,9,891.0,39.01888889,99.0,36,450,1,9000,4.1,115,21,9,1,9,2017,8.571428571,19656,59.9,4.1,17.18702703,59.9,4.2,16.81176471,59.9,4.1,16.29461538,97.33333333,9,2017,3,False,True,59.9,59.9,59.9,39.1,65.2754590984975,1.666666669999998,1.7123287706065846,28.57142857142858,16.685714251771454,Above Competitors
garden5,garden_tools,2017-10-01,14,1386.0,45.77642857,99.0,36,450,1,9000,4.1,146,22,9,2,10,2017,13.33333333,19656,59.9,4.1,18.06589744,59.9,4.2,17.59548387,59.9,4.1,16.81416667,99.0,10,2017,4,False,True,59.9,59.9,59.9,39.1,65.2754590984975,0.0,0.0,55.55555555555556,,Above Competitors
garden5,garden_tools,2017-11-01,17,1683.0,32.86352941,99.0,36,450,1,9000,4.1,339,22,8,4,11,2017,16.19047619,19656,52.40694444,4.1,17.06747253,53.64828125,4.2,16.07586207,53.78571429,4.1,18.27550725,99.0,11,2017,4,False,True,53.28031332666666,52.40694444,53.78571429,45.71968667333334,85.8097181092416,0.0,0.0,21.42857142857142,,Above Competitors
garden5,garden_tools,2017-12-01,11,1089.0,38.05545455,99.0,36,450,1,9000,4.1,184,21,10,1,12,2017,10.47619048,19656,55.1,4.1,15.75960784,55.425,4.2,19.184375,55.75,4.1,17.26727273,99.0,12,2017,4,False,True,55.425000000000004,55.1,55.75,43.574999999999996,78.61975642760486,0.0,0.0,-35.29411764705882,,Above Competitors
garden5,garden_tools,2018-01-01,4,398.0,41.54,99.5,36,450,1,9000,4.1,137,23,8,2,1,2018,50.0,19656,49.9,4.1,19.495,49.9,4.2,15.84103448,49.9,4.1,16.50512821,99.0,1,2018,1,True,False,49.9,49.9,49.9,49.6,99.39879759519039,0.5,0.5050505050505051,-63.63636363636363,-125.99999999999999,Above Competitors
garden5,garden_tools,2018-02-01,2,202.0,43.555,101.0,36,450,1,9000,4.1,160,20,8,2,2,2018,25.0,19656,50.54516129,4.1,16.61153846,50.9,4.2,17.51944444,50.35714286,4.1,18.281875,99.5,2,2018,1,True,False,50.60076805,50.35714286,50.9,50.39923195,99.60171335778766,1.5,1.507537688442211,-50.0,-33.16666666666667,Above Competitors
garden5,garden_tools,2018-03-01,1,101.0,67.02,101.0,36,450,1,9000,4.1,116,22,9,1,3,2018,9.107142857,19656,53.9,4.1,20.35967742,53.9,4.2,21.85285714,53.9,4.1,19.02423077,101.0,3,2018,1,True,False,53.9,53.9,53.9,47.1,87.38404452690168,0.0,0.0,-50.0,,Above Competitors
garden5,garden_tools,2018-04-01,1,101.0,79.76,101.0,36,450,1,9000,4.1,111,21,9,1,4,2018,7.678571429,19656,53.9,4.1,5.28173913,53.9,4.2,19.46846154,53.9,4.1,19.07142857,101.0,4,2018,2,True,False,53.9,53.9,53.9,47.1,87.38404452690168,0.0,0.0,0.0,,Above Competitors
garden6,garden_tools,2017-05-01,4,239.6,19.7325,59.9,56,348,2,1550,4.1,34,23,8,1,5,2017,14.18617614,19800,59.9,4.1,19.7325,59.9,4.2,26.24666667,59.9,4.1,19.7325,59.85,5,2017,2,True,False,59.9,59.9,59.9,0.0,0.0,0.04999999999999716,0.08354218880534195,,,Similar to Competitors
garden6,garden_tools,2017-06-01,1,59.9,17.67,59.9,56,348,2,1550,4.1,26,22,8,1,6,2017,3.065774805,19800,59.9,4.1,17.67,59.9,4.2,16.26,59.9,4.1,17.67,59.9,6,2017,2,True,False,59.9,59.9,59.9,0.0,0.0,0.0,0.0,-75.0,,Similar to Competitors
garden6,garden_tools,2017-07-01,14,838.6,16.62642857,59.9,56,348,2,1550,4.1,74,21,10,1,7,2017,3.978539576,19800,59.9,4.1,16.62642857,59.9,4.2,16.11157895,59.9,4.1,15.39230769,59.9,7,2017,3,False,True,59.9,59.9,59.9,0.0,0.0,0.0,0.0,1300.0,,Similar to Competitors
garden6,garden_tools,2017-08-01,39,2336.1,18.16230769,59.9,56,348,2,1550,4.1,113,23,8,1,8,2017,8.507525084,19800,59.9,4.1,18.16230769,59.9,4.2,17.68111111,59.9,4.1,18.05043478,59.9,8,2017,3,False,True,59.9,59.9,59.9,0.0,0.0,0.0,0.0,178.57142857142856,,Similar to Competitors
garden6,garden_tools,2017-09-01,37,2216.3,17.18702703,59.9,56,348,2,1550,4.1,115,21,9,1,9,2017,13.4057971,19800,59.9,4.1,17.18702703,59.9,4.2,16.81176471,59.9,4.1,16.29461538,59.9,9,2017,3,False,True,59.9,59.9,59.9,0.0,0.0,0.0,0.0,-5.128205128205132,,Similar to Competitors
garden6,garden_tools,2017-10-01,39,2336.1,18.06589744,59.9,56,348,2,1550,4.1,146,22,9,2,10,2017,14.13043478,19800,59.9,4.1,18.06589744,59.9,4.2,17.59548387,59.9,4.1,16.81416667,59.9,10,2017,4,False,True,59.9,59.9,59.9,0.0,0.0,0.0,0.0,5.405405405405395,,Similar to Competitors
garden6,garden_tools,2017-11-01,91,4769.7,17.06747253,52.40694444,56,348,2,1550,4.1,339,22,8,4,11,2017,32.97101449,19800,52.40694444,4.1,17.06747253,53.64828125,4.2,16.07586207,53.78571429,4.1,18.27550725,59.9,11,2017,4,False,True,53.28031332666666,52.40694444,53.78571429,-0.8733688866666611,-1.6391962286557018,-7.493055560000002,-12.509274724540905,133.33333333333334,-10.658758103038362,Similar to Competitors
garden6,garden_tools,2017-12-01,51,2881.6,15.75960784,55.1,56,348,2,1550,4.1,184,21,10,1,12,2017,18.47826087,19800,55.1,4.1,15.75960784,55.425,4.2,19.184375,55.75,4.1,17.26727273,52.40694444,12,2017,4,False,True,55.425000000000004,55.1,55.75,-0.32500000000000284,-0.5863779882724452,2.693055560000005,5.138737983633539,-43.956043956043956,-8.553859740667917,Similar to Competitors
garden6,garden_tools,2018-01-01,12,598.8,19.495,49.9,56,348,2,1550,4.1,137,23,8,2,1,2018,5.769230769,19800,49.9,4.1,19.495,49.9,4.2,15.84103448,49.9,4.1,16.50512821,55.1,1,2018,1,True,False,49.9,49.9,49.9,0.0,0.0,-5.200000000000003,-9.437386569872963,-76.47058823529412,8.102941176470583,Similar to Competitors
garden6,garden_tools,2018-02-01,39,1970.1,16.61153846,50.54516129,56,348,2,1550,4.1,160,20,8,2,2,2018,18.75,19800,50.54516129,4.1,16.61153846,50.9,4.2,17.51944444,50.35714286,4.1,18.281875,49.9,2,2018,1,True,False,50.60076805,50.35714286,50.9,-0.055606759999996314,-0.10989311455717383,0.6451612900000043,1.2929083967935957,225.0,174.026250087012,Similar to Competitors
garden6,garden_tools,2018-03-01,31,1670.9,20.35967742,53.9,56,348,2,1550,4.1,116,22,9,1,3,2018,14.90384615,19800,53.9,4.1,20.35967742,53.9,4.2,21.85285714,53.9,4.1,19.02423077,50.54516129,3,2018,1,True,False,53.9,53.9,53.9,0.0,0.0,3.3548387099999957,6.637309337587823,-20.512820512820518,-3.0905325440618125,Similar to Competitors
garden6,garden_tools,2018-04-01,46,2479.4,5.28173913,53.9,56,348,2,1550,4.1,111,21,9,1,4,2018,22.11538462,19800,53.9,4.1,5.28173913,53.9,4.2,19.46846154,53.9,4.1,19.07142857,53.9,4,2018,2,True,False,53.9,53.9,53.9,0.0,0.0,0.0,0.0,48.38709677419355,,Similar to Competitors
garden6,garden_tools,2018-05-01,56,2982.4,10.75303571,53.41515152,56,348,2,1550,4.1,102,23,8,3,5,2018,14.18617614,19800,53.41515152,4.1,10.75303571,53.70952381,4.2,13.51034483,53.05789474,4.1,12.98,53.9,5,2018,2,True,False,53.39419002333333,53.05789474,53.70952381,0.02096149666667202,0.03925801038935476,-0.4848484799999966,-0.8995333580704945,21.739130434782616,-24.16711980688877,Similar to Competitors
garden6,garden_tools,2018-06-01,12,598.8,19.89083333,49.9,56,348,2,1550,4.1,58,21,9,0,6,2018,3.065774805,19800,49.9,4.1,19.89083333,49.9,4.2,23.25166667,49.9,4.1,22.87866667,53.41515152,6,2018,2,True,False,49.9,49.9,49.9,0.0,0.0,-3.5151515200000034,-6.580813533186067,-78.57142857142857,11.93947042796525,Similar to Competitors
garden6,garden_tools,2018-07-01,6,299.46,28.37333333,49.91,56,348,2,1550,4.1,54,22,9,1,7,2018,3.978539576,19800,49.91,4.1,28.37333333,49.9,4.2,33.28142857,49.9,4.1,20.99,49.9,7,2018,3,False,True,49.903333333333336,49.9,49.91,0.006666666666660603,0.013359161044674243,0.00999999999999801,0.020040080160316654,-50.0,-2495.0000000004966,Similar to Competitors
garden6,garden_tools,2018-08-01,6,299.46,20.32833333,49.91,56,348,2,1550,4.1,46,23,8,1,8,2018,8.507525084,19800,49.91,4.1,20.32833333,49.9,4.2,36.442,49.9,4.1,32.32,49.91,8,2018,3,False,True,49.903333333333336,49.9,49.91,0.006666666666660603,0.013359161044674243,0.0,0.0,0.0,,Similar to Competitors
garden7,garden_tools,2017-04-01,1,59.9,17.16,59.9,57,339,2,1800,4.2,17,20,10,2,4,2017,7.879612825,32560,59.9,4.2,17.16,59.9,4.2,17.16,59.9,4.2,17.16,59.85,4,2017,2,True,False,59.9,59.9,59.9,0.0,0.0,0.04999999999999716,0.08354218880534195,,,Similar to Competitors
garden7,garden_tools,2017-05-01,1,59.9,13.44,59.9,57,339,2,1800,4.2,34,23,8,1,5,2017,8.756805808,32560,59.9,4.1,19.7325,59.9,4.2,26.24666667,59.9,4.2,13.44,59.9,5,2017,2,True,False,59.9,59.9,59.9,0.0,0.0,0.0,0.0,0.0,,Similar to Competitors
garden7,garden_tools,2017-07-01,4,239.6,17.67,59.9,57,339,2,1800,4.2,74,21,10,1,7,2017,8.711433757,32560,59.9,4.1,16.62642857,59.9,4.2,16.11157895,59.9,4.1,15.39230769,59.85,7,2017,3,False,True,59.9,59.9,59.9,0.0,0.0,0.04999999999999716,0.08354218880534195,300.0,3591.000000000204,Similar to Competitors
garden7,garden_tools,2017-08-01,6,359.4,16.26,59.9,57,339,2,1800,4.2,113,23,8,1,8,2017,11.31276467,32560,59.9,4.1,18.16230769,59.9,4.2,17.68111111,59.9,4.1,18.05043478,59.9,8,2017,3,False,True,59.9,59.9,59.9,0.0,0.0,0.0,0.0,50.0,,Similar to Competitors
garden7,garden_tools,2017-09-01,5,299.5,16.782,59.9,57,339,2,1800,4.2,115,21,9,1,9,2017,8.620689655,32560,59.9,4.1,17.18702703,59.9,4.2,16.81176471,59.9,4.1,16.29461538,59.9,9,2017,3,False,True,59.9,59.9,59.9,0.0,0.0,0.0,0.0,-16.666666666666664,,Similar to Competitors
garden7,garden_tools,2017-10-01,11,658.9,14.80727273,59.9,57,339,2,1800,4.2,146,22,9,2,10,2017,18.96551724,32560,59.9,4.1,18.06589744,59.9,4.2,17.59548387,59.9,4.1,16.81416667,59.9,10,2017,4,False,True,59.9,59.9,59.9,0.0,0.0,0.0,0.0,120.00000000000001,,Similar to Competitors
garden7,garden_tools,2017-11-01,20,1043.6,16.016,51.32222222,57,339,2,1800,4.2,339,22,8,4,11,2017,34.48275862,32560,52.40694444,4.1,17.06747253,53.64828125,4.2,16.07586207,53.78571429,4.1,18.27550725,59.9,11,2017,4,False,True,53.28031332666666,52.40694444,53.78571429,-1.9580911066666573,-3.67507430870651,-8.577777779999998,-14.320163238731215,81.81818181818181,-5.71349505268845,Similar to Competitors
garden7,garden_tools,2017-12-01,10,571.8,18.103,56.97777778,57,339,2,1800,4.2,184,21,10,1,12,2017,17.24137931,32560,55.1,4.1,15.75960784,55.425,4.2,19.184375,55.75,4.1,17.26727273,51.32222222,12,2017,4,False,True,55.425000000000004,55.1,55.75,1.5527777799999924,2.8015837257555116,5.655555559999996,11.019701243170363,-50.0,-4.537328090540413,Similar to Competitors
garden7,garden_tools,2018-01-01,11,548.9,21.98272727,49.9,57,339,2,1800,4.2,137,23,8,2,1,2018,19.29824561,32560,49.9,4.1,19.495,49.9,4.2,15.84103448,49.9,4.1,16.50512821,56.97777778,1,2018,1,True,False,49.9,49.9,49.9,0.0,0.0,-7.077777779999998,-12.421996883290872,10.000000000000009,-0.8050235476593341,Similar to Competitors
garden7,garden_tools,2018-02-01,8,411.2,14.08375,51.4,57,339,2,1800,4.2,160,20,8,2,2,2018,14.03508772,32560,50.54516129,4.1,16.61153846,50.9,4.2,17.51944444,50.35714286,4.1,18.281875,49.9,2,2018,1,True,False,50.60076805,50.35714286,50.9,0.7992319499999994,1.5794858078246095,1.5,3.0060120240480965,-27.27272727272727,-9.07272727272727,Similar to Competitors
garden7,garden_tools,2018-03-01,3,161.7,21.35,53.9,57,339,2,1800,4.2,116,22,9,1,3,2018,5.263157895,32560,53.9,4.1,20.35967742,53.9,4.2,21.85285714,53.9,4.1,19.02423077,51.4,3,2018,1,True,False,53.9,53.9,53.9,0.0,0.0,2.5,4.863813229571985,-62.5,-12.849999999999998,Similar to Competitors
garden7,garden_tools,2018-04-01,8,431.2,19.56375,53.9,57,339,2,1800,4.2,111,21,9,1,4,2018,7.879612825,32560,53.9,4.1,5.28173913,53.9,4.2,19.46846154,53.9,4.1,19.07142857,53.9,4,2018,2,True,False,53.9,53.9,53.9,0.0,0.0,0.0,0.0,166.66666666666666,,Similar to Competitors
garden7,garden_tools,2018-05-01,9,477.1,16.46,52.9,57,339,2,1800,4.2,102,23,8,3,5,2018,8.756805808,32560,53.41515152,4.1,10.75303571,53.70952381,4.2,13.51034483,53.05789474,4.1,12.98,53.9,5,2018,2,True,False,53.39419002333333,53.05789474,53.70952381,-0.4941900233333314,-0.9255501827396758,-1.0,-1.855287569573284,12.5,-6.7375,Similar to Competitors
garden7,garden_tools,2018-06-01,5,249.5,23.122,49.9,57,339,2,1800,4.2,58,21,9,0,6,2018,8.771929825,32560,49.9,4.1,19.89083333,49.9,4.2,23.25166667,49.9,4.1,22.87866667,52.9,6,2018,2,True,False,49.9,49.9,49.9,0.0,0.0,-3.0,-5.671077504725898,-44.44444444444444,7.837037037037037,Similar to Competitors
garden7,garden_tools,2018-07-01,6,299.4,20.99,49.9,57,339,2,1800,4.2,54,22,9,1,7,2018,8.711433757,32560,49.91,4.1,28.37333333,49.9,4.2,33.28142857,49.9,4.1,20.99,49.9,7,2018,3,False,True,49.903333333333336,49.9,49.91,-0.003333333333337407,-0.00667958052235136,0.0,0.0,19.999999999999996,,Similar to Competitors
garden7,garden_tools,2018-08-01,7,349.3,24.48142857,49.9,57,339,2,1800,4.2,46,23,8,1,8,2018,11.31276467,32560,49.91,4.1,20.32833333,49.9,4.2,36.442,49.9,4.1,32.32,49.9,8,2018,3,False,True,49.903333333333336,49.9,49.91,-0.003333333333337407,-0.00667958052235136,0.0,0.0,16.666666666666675,,Similar to Competitors
garden8,garden_tools,2017-02-01,1,179.99,33.54,179.99,33,2188,2,7650,4.2,3,20,8,2,2,2017,8.942307692,8000,179.99,4.2,33.54,179.99,4.2,33.54,179.99,4.2,33.54,179.94,2,2017,1,True,False,179.99,179.99,179.99,0.0,0.0,0.05000000000001137,0.02778704012449226,,,Similar to Competitors
garden8,garden_tools,2017-04-01,3,539.97,36.64333333,179.99,33,2188,2,7650,4.2,17,20,10,2,4,2017,10.80128205,8000,179.99,4.2,36.64333333,179.99,4.2,36.64333333,179.99,4.2,36.64333333,179.94,4,2017,2,True,False,179.99,179.99,179.99,0.0,0.0,0.05000000000001137,0.02778704012449226,200.0,7197.599999998363,Similar to Competitors
garden8,garden_tools,2017-09-01,2,359.98,26.88,179.99,33,2188,2,7650,4.2,115,21,9,1,9,2017,5.0,8000,59.9,4.1,17.18702703,59.9,4.2,16.81176471,59.9,4.1,16.29461538,179.94,9,2017,3,False,True,59.9,59.9,59.9,120.09,200.48414023372288,0.05000000000001137,0.02778704012449226,-33.333333333333336,-1199.5999999997273,Above Competitors
garden8,garden_tools,2017-10-01,6,1079.94,36.75666667,179.99,33,2188,2,7650,4.2,146,22,9,2,10,2017,15.0,8000,59.9,4.1,18.06589744,59.9,4.2,17.59548387,59.9,4.1,16.81416667,179.99,10,2017,4,False,True,59.9,59.9,59.9,120.09,200.48414023372288,0.0,0.0,200.0,,Above Competitors
garden8,garden_tools,2017-11-01,13,2339.87,43.14153846,179.99,33,2188,2,7650,4.2,339,22,8,4,11,2017,32.5,8000,52.40694444,4.1,17.06747253,53.64828125,4.2,16.07586207,53.78571429,4.1,18.27550725,179.99,11,2017,4,False,True,53.28031332666666,52.40694444,53.78571429,126.70968667333335,237.81708244931713,0.0,0.0,116.66666666666666,,Above Competitors
garden8,garden_tools,2017-12-01,15,2759.85,47.594,183.99,33,2188,2,7650,4.2,184,21,10,1,12,2017,37.5,8000,55.1,4.1,15.75960784,55.425,4.2,19.184375,55.75,4.1,17.26727273,179.99,12,2017,4,False,True,55.425000000000004,55.1,55.75,128.565,231.96211096075774,4.0,2.222345685871437,15.384615384615374,6.922692307692303,Above Competitors
garden8,garden_tools,2018-01-01,14,2629.96,38.53785714,187.8542857,33,2188,2,7650,4.2,137,23,8,2,1,2018,17.94871795,8000,49.9,4.1,19.495,49.9,4.2,15.84103448,49.9,4.1,16.50512821,183.99,1,2018,1,True,False,49.9,49.9,49.9,137.95428569999999,276.46149438877757,3.864285699999982,2.1002694168161216,-6.666666666666665,-3.174195945191127,Above Competitors
garden8,garden_tools,2018-02-01,12,2148.0,47.82583333,179.0,33,2188,2,7650,4.2,160,20,8,2,2,2018,8.942307692,8000,50.54516129,4.1,16.61153846,50.9,4.2,17.51944444,50.35714286,4.1,18.281875,187.8542857,2,2018,1,True,False,50.60076805,50.35714286,50.9,128.39923195,253.74957119845539,-8.854285699999991,-4.71337966392746,-14.28571428571429,3.0308855437736173,Above Competitors
garden8,garden_tools,2018-03-01,13,2277.0,57.29846154,175.1538462,33,2188,2,7650,4.2,116,22,9,1,3,2018,16.66666667,8000,53.9,4.1,20.35967742,53.9,4.2,21.85285714,53.9,4.1,19.02423077,179.0,3,2018,1,True,False,53.9,53.9,53.9,121.2538462,224.96075361781078,-3.846153799999996,-2.1486892737430145,8.333333333333325,-3.878333379873334,Above Competitors
garden8,garden_tools,2018-04-01,11,1969.0,28.63272727,179.0,33,2188,2,7650,4.2,111,21,9,1,4,2018,10.80128205,8000,53.9,4.1,5.28173913,53.9,4.2,19.46846154,53.9,4.1,19.07142857,175.1538462,4,2018,2,True,False,53.9,53.9,53.9,125.1,232.09647495361781,3.846153799999996,2.195871734160067,-15.384615384615385,-7.006153932073854,Above Competitors
garden8,garden_tools,2018-05-01,3,537.0,24.37,179.0,33,2188,2,7650,4.2,102,23,8,3,5,2018,3.846153846,8000,53.41515152,4.1,10.75303571,53.70952381,4.2,13.51034483,53.05789474,4.1,12.98,179.0,5,2018,2,True,False,53.39419002333333,53.05789474,53.70952381,125.60580997666668,235.24246724555007,0.0,0.0,-72.72727272727273,,Above Competitors
garden8,garden_tools,2018-06-01,10,1590.0,54.763,159.0,33,2188,2,7650,4.2,58,21,9,0,6,2018,12.82051282,8000,49.9,4.1,19.89083333,49.9,4.2,23.25166667,49.9,4.1,22.87866667,179.0,6,2018,2,True,False,49.9,49.9,49.9,109.1,218.63727454909818,-20.0,-11.1731843575419,233.33333333333334,-20.883333333333333,Above Competitors
garden8,garden_tools,2018-07-01,8,1112.0,48.62875,139.0,33,2188,2,7650,4.2,54,22,9,1,7,2018,10.25641026,8000,49.91,4.1,28.37333333,49.9,4.2,33.28142857,49.9,4.1,20.99,159.0,7,2018,3,False,True,49.903333333333336,49.9,49.91,89.09666666666666,178.5385077817113,-20.0,-12.578616352201259,-19.999999999999996,1.5899999999999996,Above Competitors
garden8,garden_tools,2018-08-01,7,973.0,73.59,139.0,33,2188,2,7650,4.2,46,23,8,1,8,2018,8.974358974,8000,49.91,4.1,20.32833333,49.9,4.2,36.442,49.9,4.1,32.32,139.0,8,2018,3,False,True,49.903333333333336,49.9,49.91,89.09666666666666,178.5385077817113,0.0,0.0,-12.5,,Above Competitors
garden9,garden_tools,2017-04-01,3,179.7,18.39333333,59.9,58,340,2,1500,4.0,17,20,10,2,4,2017,7.139686298,19800,59.9,4.0,18.39333333,59.9,4.0,18.39333333,59.9,4.0,18.39333333,59.85,4,2017,2,True,False,59.9,59.9,59.9,0.0,0.0,0.04999999999999716,0.08354218880534195,,,Similar to Competitors
garden9,garden_tools,2017-05-01,7,419.3,15.79428571,59.9,58,340,2,1500,4.0,34,23,8,1,5,2017,7.089375555,19800,59.9,4.1,19.7325,59.9,4.2,26.24666667,59.9,4.0,15.79428571,59.9,5,2017,2,True,False,59.9,59.9,59.9,0.0,0.0,0.0,0.0,133.33333333333334,,Similar to Competitors
garden9,garden_tools,2017-06-01,4,239.6,16.6125,59.9,58,340,2,1500,4.0,26,22,8,1,6,2017,3.498076354,19800,59.9,4.1,17.67,59.9,4.2,16.26,59.9,4.0,16.6125,59.9,6,2017,2,True,False,59.9,59.9,59.9,0.0,0.0,0.0,0.0,-42.85714285714286,,Similar to Competitors
garden9,garden_tools,2017-07-01,19,1138.1,16.03052632,59.9,58,340,2,1500,4.0,74,21,10,1,7,2017,7.261023972,19800,59.9,4.1,16.62642857,59.9,4.2,16.11157895,59.9,4.1,15.39230769,59.9,7,2017,3,False,True,59.9,59.9,59.9,0.0,0.0,0.0,0.0,375.0,,Similar to Competitors
garden9,garden_tools,2017-08-01,21,1257.9,18.83142857,59.9,58,340,2,1500,4.0,113,23,8,1,8,2017,7.074578278,19800,59.9,4.1,18.16230769,59.9,4.2,17.68111111,59.9,4.1,18.05043478,59.9,8,2017,3,False,True,59.9,59.9,59.9,0.0,0.0,0.0,0.0,10.526315789473696,,Similar to Competitors
garden9,garden_tools,2017-09-01,23,1377.7,18.64347826,59.9,58,340,2,1500,4.0,115,21,9,1,9,2017,10.55045872,19800,59.9,4.1,17.18702703,59.9,4.2,16.81176471,59.9,4.1,16.29461538,59.9,9,2017,3,False,True,59.9,59.9,59.9,0.0,0.0,0.0,0.0,9.523809523809534,,Similar to Competitors
garden9,garden_tools,2017-10-01,19,1138.1,17.73052632,59.9,58,340,2,1500,4.0,146,22,9,2,10,2017,8.71559633,19800,59.9,4.1,18.06589744,59.9,4.2,17.59548387,59.9,4.1,16.81416667,59.9,10,2017,4,False,True,59.9,59.9,59.9,0.0,0.0,0.0,0.0,-17.391304347826086,,Similar to Competitors
garden9,garden_tools,2017-11-01,82,4397.7,17.80780488,53.37910448,58,340,2,1500,4.0,339,22,8,4,11,2017,37.6146789,19800,52.40694444,4.1,17.06747253,53.64828125,4.2,16.07586207,53.78571429,4.1,18.27550725,59.9,11,2017,4,False,True,53.28031332666666,52.40694444,53.78571429,0.09879115333334454,0.18541774093490518,-6.520895519999996,-10.886303038397322,331.57894736842104,-30.45836095127074,Similar to Competitors
garden9,garden_tools,2017-12-01,40,2232.6,17.5175,55.77096774,58,340,2,1500,4.0,184,21,10,1,12,2017,18.34862385,19800,55.1,4.1,15.75960784,55.425,4.2,19.184375,55.75,4.1,17.26727273,53.37910448,12,2017,4,False,True,55.425000000000004,55.1,55.75,0.34596773999999897,0.6242088227334216,2.391863260000001,4.4808980654521475,-51.21951219512195,-11.430635432219683,Similar to Competitors
garden9,garden_tools,2018-01-01,25,1247.5,17.7532,49.9,58,340,2,1500,4.0,137,23,8,2,1,2018,16.12903226,19800,49.9,4.1,19.495,49.9,4.2,15.84103448,49.9,4.1,16.50512821,55.77096774,1,2018,1,True,False,49.9,49.9,49.9,0.0,0.0,-5.870967740000005,-10.52692463105537,-37.5,3.562293957094709,Similar to Competitors
garden9,garden_tools,2018-02-01,44,2247.6,16.28340909,51.025,58,340,2,1500,4.0,160,20,8,2,2,2018,28.38709677,19800,50.54516129,4.1,16.61153846,50.9,4.2,17.51944444,50.35714286,4.1,18.281875,49.9,2,2018,1,True,False,50.60076805,50.35714286,50.9,0.42423194999999936,0.838390337436784,1.125,2.2545090180360723,76.0,33.71022222222222,Similar to Competitors
garden9,garden_tools,2018-03-01,25,1347.5,19.2648,53.9,58,340,2,1500,4.0,116,22,9,1,3,2018,16.12903226,19800,53.9,4.1,20.35967742,53.9,4.2,21.85285714,53.9,4.1,19.02423077,51.025,3,2018,1,True,False,53.9,53.9,53.9,0.0,0.0,2.875,5.634492895639393,-43.18181818181818,-7.663833992094861,Similar to Competitors
garden9,garden_tools,2018-04-01,20,1078.0,20.563,53.9,58,340,2,1500,4.0,111,21,9,1,4,2018,7.139686298,19800,53.9,4.1,5.28173913,53.9,4.2,19.46846154,53.9,4.1,19.07142857,53.9,4,2018,2,True,False,53.9,53.9,53.9,0.0,0.0,0.0,0.0,-19.999999999999996,,Similar to Competitors
garden9,garden_tools,2018-05-01,17,888.3,14.38823529,52.56666667,58,340,2,1500,4.0,102,23,8,3,5,2018,7.089375555,19800,53.41515152,4.1,10.75303571,53.70952381,4.2,13.51034483,53.05789474,4.1,12.98,53.9,5,2018,2,True,False,53.39419002333333,53.05789474,53.70952381,-0.8275233533333335,-1.5498378249987586,-1.333333330000002,-2.473716753246757,-15.000000000000002,6.063750015159367,Similar to Competitors
garden9,garden_tools,2018-06-01,8,399.2,29.78625,49.9,58,340,2,1500,4.0,58,21,9,0,6,2018,3.498076354,19800,49.9,4.1,19.89083333,49.9,4.2,23.25166667,49.9,4.1,22.87866667,52.56666667,6,2018,2,True,False,49.9,49.9,49.9,0.0,0.0,-2.666666669999998,-5.072923278054979,-52.94117647058824,10.436029399381441,Similar to Competitors
garden9,garden_tools,2018-07-01,9,449.1,27.77,49.9,58,340,2,1500,4.0,54,22,9,1,7,2018,7.261023972,19800,49.91,4.1,28.37333333,49.9,4.2,33.28142857,49.9,4.1,20.99,49.9,7,2018,3,False,True,49.903333333333336,49.9,49.91,-0.003333333333337407,-0.00667958052235136,0.0,0.0,12.5,,Similar to Competitors
garden9,garden_tools,2018-08-01,7,349.3,33.74,49.9,58,340,2,1500,4.0,46,23,8,1,8,2018,7.074578278,19800,49.91,4.1,20.32833333,49.9,4.2,36.442,49.9,4.1,32.32,49.9,8,2018,3,False,True,49.903333333333336,49.9,49.91,-0.003333333333337407,-0.00667958052235136,0.0,0.0,-22.22222222222222,,Similar to Competitors
health1,health_beauty,2017-08-01,3,254.97,15.57,84.99,49,1495,3,600,3.8,82,23,8,1,8,2017,3.125,8151,23.39740741,4.3,14.27678571,89.99,4.1,13.41055556,58.99,3.9,16.24090909,84.94,8,2017,3,False,True,57.45913580333333,23.39740741,89.99,27.530864196666663,47.91381529109168,0.04999999999999716,0.05886508123380876,,,Above Competitors
health1,health_beauty,2017-09-01,4,339.96,15.6,84.99,49,1495,3,600,3.8,89,21,9,1,9,2017,4.166666667,8151,23.99,4.3,16.12,89.99,4.1,13.96428571,58.99,3.9,15.6392,84.99,9,2017,3,False,True,57.656666666666666,23.99,89.99,27.33333333333333,47.4070648089264,0.0,0.0,33.33333333333333,,Above Competitors
health1,health_beauty,2017-10-01,3,254.97,19.61,84.99,49,1495,3,600,3.8,81,22,9,2,10,2017,3.125,8151,23.99,4.3,13.13666667,89.99,4.1,16.56291667,58.99,3.9,19.06526316,84.99,10,2017,4,False,True,57.656666666666666,23.99,89.99,27.33333333333333,47.4070648089264,0.0,0.0,-25.0,,Above Competitors
health1,health_beauty,2017-11-01,36,3059.64,17.40833333,84.99,49,1495,3,600,3.8,139,22,8,4,11,2017,37.5,8151,23.99,4.3,12.37535714,89.99,4.1,16.99038462,58.99,3.9,15.71166667,84.99,11,2017,4,False,True,57.656666666666666,23.99,89.99,27.33333333333333,47.4070648089264,0.0,0.0,1100.0,,Above Competitors
health1,health_beauty,2017-12-01,50,4249.5,16.2446,84.99,49,1495,3,600,3.8,112,21,10,1,12,2017,52.08333333,8151,23.99,4.3,12.45684211,89.99,4.1,15.89473684,58.99,3.9,16.33222222,84.99,12,2017,4,False,True,57.656666666666666,23.99,89.99,27.33333333333333,47.4070648089264,0.0,0.0,38.888888888888886,,Above Competitors
health1,health_beauty,2018-01-01,13,1104.87,15.99615385,84.99,49,1495,3,600,3.8,98,23,8,2,1,2018,50.0,8151,23.99,4.3,11.28736842,89.99,4.1,14.811,58.99,3.9,22.67833333,84.99,1,2018,1,True,False,57.656666666666666,23.99,89.99,27.33333333333333,47.4070648089264,0.0,0.0,-74.0,,Above Competitors
health1,health_beauty,2018-02-01,7,594.93,15.86714286,84.99,49,1495,3,600,3.8,126,20,8,2,2,2018,26.92307692,8151,23.99,4.3,12.55,89.99,4.1,16.30764706,58.99,3.9,19.575,84.99,2,2018,1,True,False,57.656666666666666,23.99,89.99,27.33333333333333,47.4070648089264,0.0,0.0,-46.15384615384615,,Above Competitors
health1,health_beauty,2018-03-01,4,339.96,16.375,84.99,49,1495,3,600,3.8,169,22,9,1,3,2018,15.38461538,8151,23.99,4.3,14.19875,83.74,4.1,11.876875,58.99,3.9,15.228,84.99,3,2018,1,True,False,55.57333333333333,23.99,83.74,29.416666666666664,52.93306142034548,0.0,0.0,-42.85714285714286,,Above Competitors
health1,health_beauty,2018-06-01,2,169.98,22.08,84.99,49,1495,3,600,3.8,131,21,9,0,6,2018,7.692307692,8151,23.99,4.3,16.27,79.99,4.1,13.36230769,58.99,3.9,16.43,84.94,6,2018,2,True,False,54.32333333333333,23.99,79.99,30.666666666666664,56.45210774989262,0.04999999999999716,0.05886508123380876,-50.0,-849.4000000000483,Above Competitors
health10,health_beauty,2018-02-01,21,994.04,10.20047619,47.35789474,40,409,1,1110,4.2,126,20,8,2,2,2018,13.5483871,3762,23.99,4.3,12.55,89.99,4.1,16.30764706,58.99,3.9,19.575,47.30789474,2,2018,1,True,False,57.656666666666666,23.99,89.99,-10.298771926666667,-17.86223956755507,0.04999999999999716,0.10569060465445088,,,Below Competitors
health10,health_beauty,2018-03-01,58,2809.65,12.56344828,48.45944444,40,409,1,1110,4.2,169,22,9,1,3,2018,37.41935484,3762,23.99,4.3,14.19875,83.74,4.1,11.876875,58.99,3.9,15.228,47.35789474,3,2018,1,True,False,55.57333333333333,23.99,83.74,-7.113888893333332,-12.800903718809979,1.1015496999999996,2.3260107022232037,176.19047619047618,75.74792154742586,Below Competitors
health10,health_beauty,2018-04-01,18,965.91,13.16055556,53.70176471,40,409,1,1110,4.2,118,21,9,1,4,2018,11.61290323,3762,53.70176471,4.2,13.16055556,79.99,4.1,14.485,58.99,3.9,16.30272727,48.45944444,4,2018,2,True,False,64.22725490333333,53.70176471,79.99,-10.525490193333333,-16.387887368337566,5.2423202700000004,10.817953714865165,-68.96551724137932,-6.375098198711317,Below Competitors
health10,health_beauty,2018-05-01,33,1723.08,10.63121212,52.06928571,40,409,1,1110,4.2,159,23,8,3,5,2018,21.29032258,3762,23.99,4.3,7.988571429,79.99,4.1,21.943125,58.99,3.9,9.4225,53.70176471,5,2018,2,True,False,54.32333333333333,23.99,79.99,-2.254047623333328,-4.149317586058774,-1.6324789999999965,-3.0398982395005105,83.33333333333333,-27.41319832700253,Similar to Competitors
health10,health_beauty,2018-06-01,9,449.82,12.91,49.98,40,409,1,1110,4.2,131,21,9,0,6,2018,5.806451613,3762,23.99,4.3,16.27,79.99,4.1,13.36230769,58.99,3.9,16.43,52.06928571,6,2018,2,True,False,54.32333333333333,23.99,79.99,-4.343333333333334,-7.995336565011966,-2.0892857100000057,-4.01251079501318,-72.72727272727273,18.125128240816068,Below Competitors
health10,health_beauty,2018-07-01,5,257.56,14.368,51.512,40,409,1,1110,4.2,113,22,9,1,7,2018,3.225806452,3762,23.99,4.3,18.81,79.99,4.1,16.745,58.99,3.9,7.67,49.98,7,2018,3,False,True,54.32333333333333,23.99,79.99,-2.81133333333333,-5.175185616984716,1.5320000000000036,3.0652260904361817,-44.44444444444444,-14.499564838990391,Below Competitors
health10,health_beauty,2018-08-01,11,557.85,9.312727273,50.71,40,409,1,1110,4.2,127,23,8,1,8,2018,7.096774194,3762,23.99,4.3,16.77,82.82142857,4.1,12.41857143,58.99,3.9,12.08333333,51.512,8,2018,3,False,True,55.26714285666666,23.99,82.82142857,-4.557142856666658,-8.245663917321442,-0.8019999999999996,-1.5569187762074848,120.00000000000001,-77.07531172069831,Below Competitors
health2,health_beauty,2017-08-01,6,1950.0,21.075,325.0,60,2644,6,400,4.2,82,23,8,1,8,2017,16.9688676,2992,23.39740741,4.3,14.27678571,89.99,4.1,13.41055556,58.99,3.9,16.24090909,324.95,8,2017,3,False,True,57.45913580333333,23.39740741,89.99,267.5408641966667,465.61936662671843,0.05000000000001137,0.015386982612713146,,,Above Competitors
health2,health_beauty,2017-09-01,11,3575.0,19.52363636,325.0,60,2644,6,400,4.2,89,21,9,1,9,2017,29.72972973,2992,23.99,4.3,16.12,89.99,4.1,13.96428571,58.99,3.9,15.6392,325.0,9,2017,3,False,True,57.656666666666666,23.99,89.99,267.34333333333336,463.68156327686887,0.0,0.0,83.33333333333333,,Above Competitors
health2,health_beauty,2017-10-01,2,650.0,19.545,325.0,60,2644,6,400,4.2,81,22,9,2,10,2017,5.405405405,2992,23.99,4.3,13.13666667,89.99,4.1,16.56291667,58.99,3.9,19.06526316,325.0,10,2017,4,False,True,57.656666666666666,23.99,89.99,267.34333333333336,463.68156327686887,0.0,0.0,-81.81818181818181,,Above Competitors
health2,health_beauty,2017-11-01,12,3900.0,16.99416667,325.0,60,2644,6,400,4.2,139,22,8,4,11,2017,32.43243243,2992,23.99,4.3,12.37535714,89.99,4.1,16.99038462,58.99,3.9,15.71166667,325.0,11,2017,4,False,True,57.656666666666666,23.99,89.99,267.34333333333336,463.68156327686887,0.0,0.0,500.0,,Above Competitors
health2,health_beauty,2017-12-01,6,1950.0,17.58333333,325.0,60,2644,6,400,4.2,112,21,10,1,12,2017,16.21621622,2992,23.99,4.3,12.45684211,89.99,4.1,15.89473684,58.99,3.9,16.33222222,325.0,12,2017,4,False,True,57.656666666666666,23.99,89.99,267.34333333333336,463.68156327686887,0.0,0.0,-50.0,,Above Competitors
health2,health_beauty,2018-01-01,10,3250.0,19.824,325.0,60,2644,6,400,4.2,98,23,8,2,1,2018,6.329113924,2992,23.99,4.3,11.28736842,89.99,4.1,14.811,58.99,3.9,22.67833333,325.0,1,2018,1,True,False,57.656666666666666,23.99,89.99,267.34333333333336,463.68156327686887,0.0,0.0,66.66666666666667,,Above Competitors
health2,health_beauty,2018-02-01,23,7475.0,15.63782609,325.0,60,2644,6,400,4.2,126,20,8,2,2,2018,14.55696203,2992,23.99,4.3,12.55,89.99,4.1,16.30764706,58.99,3.9,19.575,325.0,2,2018,1,True,False,57.656666666666666,23.99,89.99,267.34333333333336,463.68156327686887,0.0,0.0,129.99999999999997,,Above Competitors
health2,health_beauty,2018-03-01,28,9125.0,19.37035714,325.8928571,60,2644,6,400,4.2,169,22,9,1,3,2018,17.72151899,2992,23.99,4.3,14.19875,83.74,4.1,11.876875,58.99,3.9,15.228,325.0,3,2018,1,True,False,55.57333333333333,23.99,83.74,270.3195237666667,486.41948854366615,0.8928571000000147,0.27472526153846605,21.739130434782616,79.13043858086847,Above Competitors
health2,health_beauty,2018-04-01,21,6930.0,17.30904762,330.0,60,2644,6,400,4.2,118,21,9,1,4,2018,13.29113924,2992,330.0,4.2,17.30904762,79.99,4.1,14.485,58.99,3.9,16.30272727,325.8928571,4,2018,2,True,False,156.32666666666668,58.99,330.0,173.67333333333332,111.09642202226107,4.107142899999985,1.2602739859191547,-25.0,-19.83695631213618,Above Competitors
health2,health_beauty,2018-05-01,19,6270.0,15.74789474,330.0,60,2644,6,400,4.2,159,23,8,3,5,2018,12.02531646,2992,23.99,4.3,7.988571429,79.99,4.1,21.943125,58.99,3.9,9.4225,330.0,5,2018,2,True,False,54.32333333333333,23.99,79.99,275.6766666666667,507.4737681781923,0.0,0.0,-9.523809523809524,,Above Competitors
health2,health_beauty,2018-06-01,16,5280.0,20.29875,330.0,60,2644,6,400,4.2,131,21,9,0,6,2018,10.12658228,2992,23.99,4.3,16.27,79.99,4.1,13.36230769,58.99,3.9,16.43,330.0,6,2018,2,True,False,54.32333333333333,23.99,79.99,275.6766666666667,507.4737681781923,0.0,0.0,-15.789473684210531,,Above Competitors
health2,health_beauty,2018-07-01,13,4290.0,28.42,330.0,60,2644,6,400,4.2,113,22,9,1,7,2018,8.227848101,2992,23.99,4.3,18.81,79.99,4.1,16.745,58.99,3.9,7.67,330.0,7,2018,3,False,True,54.32333333333333,23.99,79.99,275.6766666666667,507.4737681781923,0.0,0.0,-18.75,,Above Competitors
health2,health_beauty,2018-08-01,28,9240.0,20.50535714,330.0,60,2644,6,400,4.2,127,23,8,1,8,2018,16.9688676,2992,23.99,4.3,16.77,82.82142857,4.1,12.41857143,58.99,3.9,12.08333333,330.0,8,2018,3,False,True,55.26714285666666,23.99,82.82142857,274.7328571433333,497.09980097187776,0.0,0.0,115.38461538461537,,Above Competitors
health3,health_beauty,2018-01-01,1,110.99,44.63,110.99,50,1257,1,700,4.1,98,23,8,2,1,2018,0.641025641,5700,23.99,4.3,11.28736842,89.99,4.1,14.811,58.99,3.9,22.67833333,110.94,1,2018,1,True,False,57.656666666666666,23.99,89.99,53.33333333333333,92.50158987107591,0.04999999999999716,0.04506940688660281,,,Above Competitors
health3,health_beauty,2018-02-01,2,221.98,20.55,110.99,50,1257,1,700,4.1,126,20,8,2,2,2018,1.282051282,5700,23.99,4.3,12.55,89.99,4.1,16.30764706,58.99,3.9,19.575,110.99,2,2018,1,True,False,57.656666666666666,23.99,89.99,53.33333333333333,92.50158987107591,0.0,0.0,100.0,,Above Competitors
health3,health_beauty,2018-03-01,9,998.91,38.19222222,110.99,50,1257,1,700,4.1,169,22,9,1,3,2018,5.769230769,5700,23.99,4.3,14.19875,83.74,4.1,11.876875,58.99,3.9,15.228,110.99,3,2018,1,True,False,55.57333333333333,23.99,83.74,55.416666666666664,99.71809021113243,0.0,0.0,350.0,,Above Competitors
health3,health_beauty,2018-04-01,13,1514.87,37.09153846,116.5284615,50,1257,1,700,4.1,118,21,9,1,4,2018,8.333333333,5700,116.5284615,4.1,37.09153846,79.99,4.1,14.485,58.99,3.9,16.30272727,110.99,4,2018,2,True,False,85.16948716666667,58.99,116.5284615,31.358974333333336,36.81949413640065,5.538461500000011,4.990054509415272,44.44444444444444,8.90660500012301,Above Competitors
health3,health_beauty,2018-05-01,23,2759.77,31.5826087,119.99,50,1257,1,700,4.1,159,23,8,3,5,2018,14.74358974,5700,23.99,4.3,7.988571429,79.99,4.1,21.943125,58.99,3.9,9.4225,116.5284615,5,2018,2,True,False,54.32333333333333,23.99,79.99,65.66666666666666,120.8811437687918,3.461538499999989,2.9705519625349117,76.92307692307692,25.895213378942156,Above Competitors
health3,health_beauty,2018-06-01,43,5288.57,35.51837209,122.99,50,1257,1,700,4.1,131,21,9,0,6,2018,27.56410256,5700,23.99,4.3,16.27,79.99,4.1,13.36230769,58.99,3.9,16.43,119.99,6,2018,2,True,False,54.32333333333333,23.99,79.99,68.66666666666666,126.40363257041172,3.0,2.500208350695891,86.95652173913044,34.77971014492754,Above Competitors
health3,health_beauty,2018-07-01,33,4058.67,33.01,122.99,50,1257,1,700,4.1,113,22,9,1,7,2018,21.15384615,5700,23.99,4.3,18.81,79.99,4.1,16.745,58.99,3.9,7.67,122.99,7,2018,3,False,True,54.32333333333333,23.99,79.99,68.66666666666666,126.40363257041172,0.0,0.0,-23.25581395348837,,Above Competitors
health3,health_beauty,2018-08-01,32,3935.68,36.941875,122.99,50,1257,1,700,4.1,127,23,8,1,8,2018,20.51282051,5700,23.99,4.3,16.77,82.82142857,4.1,12.41857143,58.99,3.9,12.08333333,122.99,8,2018,3,False,True,55.26714285666666,23.99,82.82142857,67.72285714333333,122.53728642888255,0.0,0.0,-3.0303030303030276,,Above Competitors
health4,health_beauty,2017-10-01,1,29.9,11.85,29.9,55,388,1,250,4.5,81,22,9,2,10,2017,7.692307692,1200,23.99,4.3,13.13666667,89.99,4.1,16.56291667,58.99,3.9,19.06526316,29.85,10,2017,4,False,True,57.656666666666666,23.99,89.99,-27.756666666666668,-48.14129617852807,0.04999999999999716,0.16750418760468058,,,Below Competitors
health4,health_beauty,2017-11-01,6,179.4,12.51,29.9,55,388,1,250,4.5,139,22,8,4,11,2017,46.15384615,1200,23.99,4.3,12.37535714,89.99,4.1,16.99038462,58.99,3.9,15.71166667,29.9,11,2017,4,False,True,57.656666666666666,23.99,89.99,-27.756666666666668,-48.14129617852807,0.0,0.0,500.0,,Below Competitors
health4,health_beauty,2017-12-01,6,179.4,10.115,29.9,55,388,1,250,4.5,112,21,10,1,12,2017,46.15384615,1200,23.99,4.3,12.45684211,89.99,4.1,15.89473684,58.99,3.9,16.33222222,29.9,12,2017,4,False,True,57.656666666666666,23.99,89.99,-27.756666666666668,-48.14129617852807,0.0,0.0,0.0,,Below Competitors
health4,health_beauty,2018-01-01,15,448.5,9.551333333,29.9,55,388,1,250,4.5,98,23,8,2,1,2018,12.09677419,1200,23.99,4.3,11.28736842,89.99,4.1,14.811,58.99,3.9,22.67833333,29.9,1,2018,1,True,False,57.656666666666666,23.99,89.99,-27.756666666666668,-48.14129617852807,0.0,0.0,150.0,,Below Competitors
health4,health_beauty,2018-02-01,16,478.4,10.09125,29.9,55,388,1,250,4.5,126,20,8,2,2,2018,12.90322581,1200,23.99,4.3,12.55,89.99,4.1,16.30764706,58.99,3.9,19.575,29.9,2,2018,1,True,False,57.656666666666666,23.99,89.99,-27.756666666666668,-48.14129617852807,0.0,0.0,6.666666666666665,,Below Competitors
health4,health_beauty,2018-03-01,11,328.9,11.43454545,29.9,55,388,1,250,4.5,169,22,9,1,3,2018,8.870967742,1200,23.99,4.3,14.19875,83.74,4.1,11.876875,58.99,3.9,15.228,29.9,3,2018,1,True,False,55.57333333333333,23.99,83.74,-25.673333333333332,-46.19721689059501,0.0,0.0,-31.25,,Below Competitors
health4,health_beauty,2018-04-01,22,657.8,10.10318182,29.9,55,388,1,250,4.5,118,21,9,1,4,2018,17.74193548,1200,29.9,4.5,10.10318182,79.99,4.1,14.485,58.99,3.9,16.30272727,29.9,4,2018,2,True,False,56.29333333333333,29.9,79.99,-26.39333333333333,-46.88536238749408,0.0,0.0,100.0,,Below Competitors
health4,health_beauty,2018-05-01,22,657.8,9.772727273,29.9,55,388,1,250,4.5,159,23,8,3,5,2018,17.74193548,1200,23.99,4.3,7.988571429,79.99,4.1,21.943125,58.99,3.9,9.4225,29.9,5,2018,2,True,False,54.32333333333333,23.99,79.99,-24.423333333333332,-44.9591949438547,0.0,0.0,0.0,,Below Competitors
health4,health_beauty,2018-06-01,7,209.3,11.50285714,29.9,55,388,1,250,4.5,131,21,9,0,6,2018,5.64516129,1200,23.99,4.3,16.27,79.99,4.1,13.36230769,58.99,3.9,16.43,29.9,6,2018,2,True,False,54.32333333333333,23.99,79.99,-24.423333333333332,-44.9591949438547,0.0,0.0,-68.18181818181819,,Below Competitors
health4,health_beauty,2018-07-01,18,538.2,9.365555556,29.9,55,388,1,250,4.5,113,22,9,1,7,2018,14.51612903,1200,23.99,4.3,18.81,79.99,4.1,16.745,58.99,3.9,7.67,29.9,7,2018,3,False,True,54.32333333333333,23.99,79.99,-24.423333333333332,-44.9591949438547,0.0,0.0,157.14285714285717,,Below Competitors
health4,health_beauty,2018-08-01,13,388.7,9.553076923,29.9,55,388,1,250,4.5,127,23,8,1,8,2018,10.48387097,1200,23.99,4.3,16.77,82.82142857,4.1,12.41857143,58.99,3.9,12.08333333,29.9,8,2018,3,False,True,55.26714285666666,23.99,82.82142857,-25.36714285666666,-45.899139245275315,0.0,0.0,-27.77777777777778,,Below Competitors
health5,health_beauty,2017-01-01,8,2799.2,22.90125,349.9,51,625,1,900,4.3,9,22,9,1,1,2017,12.77173913,11400,349.9,4.3,22.90125,349.9,4.3,22.90125,64.99,3.9,11.06,349.85,1,2017,1,True,False,254.92999999999998,64.99,349.9,94.97,37.253363668458015,0.049999999999954525,0.014291839359712597,,,Above Competitors
health5,health_beauty,2017-02-01,4,1399.6,26.9275,349.9,51,625,1,900,4.3,19,20,8,2,2,2017,11.27717391,11400,19.99,4.3,11.75090909,349.9,4.3,26.9275,64.99,3.9,15.348,349.9,2,2017,1,True,False,144.96,19.99,349.9,204.93999999999997,141.37693156732888,0.0,0.0,-50.0,,Above Competitors
health5,health_beauty,2017-03-01,2,699.8,21.275,349.9,51,625,1,900,4.3,25,23,8,1,3,2017,10.80163043,11400,19.99,4.3,13.81888889,89.99,4.1,13.02,64.99,3.9,17.26222222,349.9,3,2017,1,True,False,58.32333333333332,19.99,89.99,291.57666666666665,499.9314168143111,0.0,0.0,-50.0,,Above Competitors
health5,health_beauty,2017-04-01,1,349.9,19.29,349.9,51,625,1,900,4.3,23,20,10,2,4,2017,4.585597826,11400,19.99,4.3,18.03846154,349.9,4.3,19.29,64.99,3.9,15.16888889,349.9,4,2017,2,True,False,144.96,19.99,349.9,204.93999999999997,141.37693156732888,0.0,0.0,-50.0,,Above Competitors
health5,health_beauty,2017-05-01,4,1399.6,26.73,349.9,51,625,1,900,4.3,41,23,8,1,5,2017,8.559782609,11400,19.99,4.3,14.8475,89.99,4.1,16.09833333,64.99,3.9,14.811875,349.9,5,2017,2,True,False,58.32333333333332,19.99,89.99,291.57666666666665,499.9314168143111,0.0,0.0,300.0,,Above Competitors
health5,health_beauty,2017-06-01,2,699.8,24.505,349.9,51,625,1,900,4.3,53,22,8,1,6,2017,7.54076087,11400,19.99,4.3,12.68333333,89.99,4.1,14.16333333,58.79952381,3.9,13.90333333,349.9,6,2017,2,True,False,56.25984127,19.99,89.99,293.64015873,521.9356331290978,0.0,0.0,-50.0,,Above Competitors
health5,health_beauty,2017-07-01,1,349.9,29.3,349.9,51,625,1,900,4.3,61,21,10,1,7,2017,6.75951087,11400,19.99,4.3,11.13517241,89.99,4.1,12.11882353,59.25666667,3.9,17.998,349.9,7,2017,3,False,True,56.41222222333332,19.99,89.99,293.48777777666663,520.2556577451645,0.0,0.0,-50.0,,Above Competitors
health5,health_beauty,2017-08-01,7,2449.3,29.94714286,349.9,51,625,1,900,4.3,82,23,8,1,8,2017,10.36005435,11400,23.39740741,4.3,14.27678571,89.99,4.1,13.41055556,58.99,3.9,16.24090909,349.9,8,2017,3,False,True,57.45913580333333,23.39740741,89.99,292.44086419666667,508.9545119467347,0.0,0.0,600.0,,Above Competitors
health5,health_beauty,2017-09-01,7,2449.3,26.58285714,349.9,51,625,1,900,4.3,89,21,9,1,9,2017,10.9375,11400,23.99,4.3,16.12,89.99,4.1,13.96428571,58.99,3.9,15.6392,349.9,9,2017,3,False,True,57.656666666666666,23.99,89.99,292.24333333333334,506.8682430479274,0.0,0.0,0.0,,Above Competitors
health5,health_beauty,2017-10-01,10,3499.0,22.84,349.9,51,625,1,900,4.3,81,22,9,2,10,2017,15.625,11400,23.99,4.3,13.13666667,89.99,4.1,16.56291667,58.99,3.9,19.06526316,349.9,10,2017,4,False,True,57.656666666666666,23.99,89.99,292.24333333333334,506.8682430479274,0.0,0.0,42.85714285714286,,Above Competitors
health5,health_beauty,2017-11-01,11,3543.5,20.47818182,322.1363636,51,625,1,900,4.3,139,22,8,4,11,2017,17.1875,11400,23.99,4.3,12.37535714,89.99,4.1,16.99038462,58.99,3.9,15.71166667,349.9,11,2017,4,False,True,57.656666666666666,23.99,89.99,264.47969693333334,458.714858530381,-27.763636399999996,-7.9347346098885385,10.000000000000009,-1.2602815962537255,Above Competitors
health5,health_beauty,2017-12-01,7,2449.3,29.09285714,349.9,51,625,1,900,4.3,112,21,10,1,12,2017,10.9375,11400,23.99,4.3,12.45684211,89.99,4.1,15.89473684,58.99,3.9,16.33222222,322.1363636,12,2017,4,False,True,57.656666666666666,23.99,89.99,292.24333333333334,506.8682430479274,27.763636399999996,8.61859744417876,-36.36363636363637,-4.219205804558998,Above Competitors
health5,health_beauty,2018-01-01,12,4198.8,28.41416667,349.9,51,625,1,900,4.3,98,23,8,2,1,2018,12.77173913,11400,23.99,4.3,11.28736842,89.99,4.1,14.811,58.99,3.9,22.67833333,349.9,1,2018,1,True,False,57.656666666666666,23.99,89.99,292.24333333333334,506.8682430479274,0.0,0.0,71.42857142857142,,Above Competitors
health5,health_beauty,2018-02-01,15,5248.5,23.20533333,349.9,51,625,1,900,4.3,126,20,8,2,2,2018,11.27717391,11400,23.99,4.3,12.55,89.99,4.1,16.30764706,58.99,3.9,19.575,349.9,2,2018,1,True,False,57.656666666666666,23.99,89.99,292.24333333333334,506.8682430479274,0.0,0.0,25.0,,Above Competitors
health5,health_beauty,2018-03-01,17,5948.3,29.6,349.9,51,625,1,900,4.3,169,22,9,1,3,2018,10.80163043,11400,23.99,4.3,14.19875,83.74,4.1,11.876875,58.99,3.9,15.228,349.9,3,2018,1,True,False,55.57333333333333,23.99,83.74,294.32666666666665,529.6185220729367,0.0,0.0,13.33333333333333,,Above Competitors
health5,health_beauty,2018-04-01,7,2449.3,25.64142857,349.9,51,625,1,900,4.3,118,21,9,1,4,2018,4.585597826,11400,349.9,4.3,25.64142857,79.99,4.1,14.485,58.99,3.9,16.30272727,349.9,4,2018,2,True,False,162.96,58.99,349.9,186.93999999999997,114.71526755031907,0.0,0.0,-58.82352941176471,,Above Competitors
health5,health_beauty,2018-05-01,10,3513.1,38.57,352.25,51,625,1,900,4.3,159,23,8,3,5,2018,8.559782609,11400,23.99,4.3,7.988571429,79.99,4.1,21.943125,58.99,3.9,9.4225,349.9,5,2018,2,True,False,54.32333333333333,23.99,79.99,297.9266666666667,548.4322267902069,2.3500000000000227,0.671620462989432,42.85714285714286,63.81155015197508,Above Competitors
health5,health_beauty,2018-06-01,11,4004.0,32.69727273,364.0,51,625,1,900,4.3,131,21,9,0,6,2018,7.54076087,11400,23.99,4.3,16.27,79.99,4.1,13.36230769,58.99,3.9,16.43,352.25,6,2018,2,True,False,54.32333333333333,23.99,79.99,309.6766666666667,570.0619745965515,11.75,3.33569907735983,10.000000000000009,2.997872340425534,Above Competitors
health5,health_beauty,2018-07-01,11,4004.0,36.24636364,364.0,51,625,1,900,4.3,113,22,9,1,7,2018,6.75951087,11400,23.99,4.3,18.81,79.99,4.1,16.745,58.99,3.9,7.67,364.0,7,2018,3,False,True,54.32333333333333,23.99,79.99,309.6766666666667,570.0619745965515,0.0,0.0,0.0,,Above Competitors
health5,health_beauty,2018-08-01,9,3276.0,28.55111111,364.0,51,625,1,900,4.3,127,23,8,1,8,2018,10.36005435,11400,23.99,4.3,16.77,82.82142857,4.1,12.41857143,58.99,3.9,12.08333333,364.0,8,2018,3,False,True,55.26714285666666,23.99,82.82142857,308.7328571433333,558.619174405344,0.0,0.0,-18.181818181818176,,Above Competitors
health6,health_beauty,2018-01-01,3,185.97,24.05,61.99,50,1257,1,350,3.9,98,23,8,2,1,2018,2.0,2964,23.99,4.3,11.28736842,89.99,4.1,14.811,58.99,3.9,22.67833333,61.94,1,2018,1,True,False,57.656666666666666,23.99,89.99,4.333333333333336,7.515754177024922,0.05000000000000426,0.08072328059413023,,,Above Competitors
health6,health_beauty,2018-03-01,13,805.87,28.61461538,61.99,50,1257,1,350,3.9,169,22,9,1,3,2018,8.666666667,2964,23.99,4.3,14.19875,83.74,4.1,11.876875,58.99,3.9,15.228,61.94,3,2018,1,True,False,55.57333333333333,23.99,83.74,6.416666666666671,11.54630518234166,0.05000000000000426,0.08072328059413023,333.3333333333333,4129.333333332981,Above Competitors
health6,health_beauty,2018-04-01,15,974.85,25.346,64.99,50,1257,1,350,3.9,118,21,9,1,4,2018,10.0,2964,64.99,3.9,25.346,79.99,4.1,14.485,58.99,3.9,16.30272727,61.99,4,2018,2,True,False,67.99,58.99,79.99,-3.0,-4.412413590233858,2.999999999999993,4.839490240361337,15.384615384615374,3.1789743589743646,Similar to Competitors
health6,health_beauty,2018-05-01,38,2469.62,24.77447368,64.99,50,1257,1,350,3.9,159,23,8,3,5,2018,25.33333333,2964,23.99,4.3,7.988571429,79.99,4.1,21.943125,58.99,3.9,9.4225,64.99,5,2018,2,True,False,54.32333333333333,23.99,79.99,10.666666666666664,19.635515739093083,0.0,0.0,153.33333333333331,,Above Competitors
health6,health_beauty,2018-06-01,26,1741.74,30.24153846,66.99,50,1257,1,350,3.9,131,21,9,0,6,2018,17.33333333,2964,23.99,4.3,16.27,79.99,4.1,13.36230769,58.99,3.9,16.43,64.99,6,2018,2,True,False,54.32333333333333,23.99,79.99,12.666666666666664,23.317174940173036,2.0,3.07739652254193,-31.57894736842105,-10.261578947368418,Above Competitors
health6,health_beauty,2018-07-01,27,1808.73,25.90074074,66.99,50,1257,1,350,3.9,113,22,9,1,7,2018,18.0,2964,23.99,4.3,18.81,79.99,4.1,16.745,58.99,3.9,7.67,66.99,7,2018,3,False,True,54.32333333333333,23.99,79.99,12.666666666666664,23.317174940173036,0.0,0.0,3.8461538461538547,,Above Competitors
health6,health_beauty,2018-08-01,28,1875.72,23.52821429,66.99,50,1257,1,350,3.9,127,23,8,1,8,2018,18.66666667,2964,23.99,4.3,16.77,82.82142857,4.1,12.41857143,58.99,3.9,12.08333333,66.99,8,2018,3,False,True,55.26714285666666,23.99,82.82142857,11.722857143333336,21.211259597291185,0.0,0.0,3.703703703703698,,Above Competitors
health7,health_beauty,2017-01-01,1,64.99,11.06,64.99,59,492,2,200,3.9,9,22,9,1,1,2017,5.642857143,3960,64.99,3.9,11.06,64.99,3.9,11.06,64.99,3.9,11.06,64.94,1,2017,1,True,False,64.99,64.99,64.99,0.0,0.0,0.04999999999999716,0.07699414844471382,,,Similar to Competitors
health7,health_beauty,2017-02-01,5,324.95,15.348,64.99,59,492,2,200,3.9,19,20,8,2,2,2017,13.92857143,3960,19.99,4.3,11.75090909,64.99,3.9,15.348,64.99,3.9,15.348,64.99,2,2017,1,True,False,49.98999999999999,19.99,64.99,15.000000000000007,30.006001200240068,0.0,0.0,400.0,,Above Competitors
health7,health_beauty,2017-03-01,9,584.91,17.26222222,64.99,59,492,2,200,3.9,25,23,8,1,3,2017,11.5,3960,19.99,4.3,13.81888889,89.99,4.1,13.02,64.99,3.9,17.26222222,64.99,3,2017,1,True,False,58.32333333333332,19.99,89.99,6.666666666666671,11.430530948162552,0.0,0.0,80.0,,Above Competitors
health7,health_beauty,2017-04-01,9,584.91,15.16888889,64.99,59,492,2,200,3.9,23,20,10,2,4,2017,12.39285714,3960,19.99,4.3,18.03846154,64.99,3.9,15.16888889,64.99,3.9,15.16888889,64.99,4,2017,2,True,False,49.98999999999999,19.99,64.99,15.000000000000007,30.006001200240068,0.0,0.0,0.0,,Above Competitors
health7,health_beauty,2017-05-01,16,1039.84,14.811875,64.99,59,492,2,200,3.9,41,23,8,1,5,2017,8.142857143,3960,19.99,4.3,14.8475,89.99,4.1,16.09833333,64.99,3.9,14.811875,64.99,5,2017,2,True,False,58.32333333333332,19.99,89.99,6.666666666666671,11.430530948162552,0.0,0.0,77.77777777777777,,Above Competitors
health7,health_beauty,2017-06-01,21,1234.79,13.90333333,58.79952381,59,492,2,200,3.9,53,22,8,1,6,2017,11.35714286,3960,19.99,4.3,12.68333333,89.99,4.1,14.16333333,58.79952381,3.9,13.90333333,64.99,6,2017,2,True,False,56.25984127,19.99,89.99,2.539682539999994,4.514201396004035,-6.190476189999998,-9.525274949992305,31.25,-3.2807451925600577,Similar to Competitors
health7,health_beauty,2017-07-01,15,888.85,17.998,59.25666667,59,492,2,200,3.9,61,21,10,1,7,2017,6.071428571,3960,19.99,4.3,11.13517241,89.99,4.1,12.11882353,59.25666667,3.9,17.998,58.79952381,7,2017,3,False,True,56.41222222333332,19.99,89.99,2.844444446666678,5.0422485315427865,0.4571428600000047,0.7774601397745652,-28.57142857142857,-36.74970215156398,Above Competitors
health7,health_beauty,2017-08-01,22,1297.78,16.24090909,58.99,59,492,2,200,3.9,82,23,8,1,8,2017,8.964285714,3960,23.39740741,4.3,14.27678571,89.99,4.1,13.41055556,58.99,3.9,16.24090909,59.25666667,8,2017,3,False,True,57.45913580333333,23.39740741,89.99,1.5308641966666698,2.6642659609542214,-0.26666666999999933,-0.4500196939612961,46.66666666666666,-103.69916537626067,Similar to Competitors
health7,health_beauty,2017-09-01,25,1474.75,15.6392,58.99,59,492,2,200,3.9,89,21,9,1,9,2017,14.28571429,3960,23.99,4.3,16.12,89.99,4.1,13.96428571,58.99,3.9,15.6392,58.99,9,2017,3,False,True,57.656666666666666,23.99,89.99,1.3333333333333357,2.3125397467769018,0.0,0.0,13.636363636363647,,Similar to Competitors
health7,health_beauty,2017-10-01,19,1120.81,19.06526316,58.99,59,492,2,200,3.9,81,22,9,2,10,2017,10.85714286,3960,23.99,4.3,13.13666667,89.99,4.1,16.56291667,58.99,3.9,19.06526316,58.99,10,2017,4,False,True,57.656666666666666,23.99,89.99,1.3333333333333357,2.3125397467769018,0.0,0.0,-24.0,,Similar to Competitors
health7,health_beauty,2017-11-01,24,1415.76,15.71166667,58.99,59,492,2,200,3.9,139,22,8,4,11,2017,13.71428571,3960,23.99,4.3,12.37535714,89.99,4.1,16.99038462,58.99,3.9,15.71166667,58.99,11,2017,4,False,True,57.656666666666666,23.99,89.99,1.3333333333333357,2.3125397467769018,0.0,0.0,26.315789473684205,,Similar to Competitors
health7,health_beauty,2017-12-01,9,530.91,16.33222222,58.99,59,492,2,200,3.9,112,21,10,1,12,2017,5.142857143,3960,23.99,4.3,12.45684211,89.99,4.1,15.89473684,58.99,3.9,16.33222222,58.99,12,2017,4,False,True,57.656666666666666,23.99,89.99,1.3333333333333357,2.3125397467769018,0.0,0.0,-62.5,,Similar to Competitors
health7,health_beauty,2018-01-01,6,353.94,22.67833333,58.99,59,492,2,200,3.9,98,23,8,2,1,2018,5.642857143,3960,23.99,4.3,11.28736842,89.99,4.1,14.811,58.99,3.9,22.67833333,58.99,1,2018,1,True,False,57.656666666666666,23.99,89.99,1.3333333333333357,2.3125397467769018,0.0,0.0,-33.333333333333336,,Similar to Competitors
health7,health_beauty,2018-02-01,14,825.86,19.575,58.99,59,492,2,200,3.9,126,20,8,2,2,2018,13.92857143,3960,23.99,4.3,12.55,89.99,4.1,16.30764706,58.99,3.9,19.575,58.99,2,2018,1,True,False,57.656666666666666,23.99,89.99,1.3333333333333357,2.3125397467769018,0.0,0.0,133.33333333333334,,Similar to Competitors
health7,health_beauty,2018-03-01,10,589.9,15.228,58.99,59,492,2,200,3.9,169,22,9,1,3,2018,11.5,3960,23.99,4.3,14.19875,83.74,4.1,11.876875,58.99,3.9,15.228,58.99,3,2018,1,True,False,55.57333333333333,23.99,83.74,3.4166666666666714,6.14803262955855,0.0,0.0,-28.57142857142857,,Above Competitors
health7,health_beauty,2018-04-01,11,648.89,16.30272727,58.99,59,492,2,200,3.9,118,21,9,1,4,2018,12.39285714,3960,58.99,3.9,16.30272727,79.99,4.1,14.485,58.99,3.9,16.30272727,58.99,4,2018,2,True,False,65.99,58.99,79.99,-6.999999999999993,-10.607667828458847,0.0,0.0,10.000000000000009,,Below Competitors
health7,health_beauty,2018-05-01,4,235.96,9.4225,58.99,59,492,2,200,3.9,159,23,8,3,5,2018,8.142857143,3960,23.99,4.3,7.988571429,79.99,4.1,21.943125,58.99,3.9,9.4225,58.99,5,2018,2,True,False,54.32333333333333,23.99,79.99,4.666666666666671,8.590538135853233,0.0,0.0,-63.63636363636363,,Above Competitors
health7,health_beauty,2018-06-01,6,353.94,16.43,58.99,59,492,2,200,3.9,131,21,9,0,6,2018,11.35714286,3960,23.99,4.3,16.27,79.99,4.1,13.36230769,58.99,3.9,16.43,58.99,6,2018,2,True,False,54.32333333333333,23.99,79.99,4.666666666666671,8.590538135853233,0.0,0.0,50.0,,Above Competitors
health7,health_beauty,2018-07-01,2,117.98,7.67,58.99,59,492,2,200,3.9,113,22,9,1,7,2018,6.071428571,3960,23.99,4.3,18.81,79.99,4.1,16.745,58.99,3.9,7.67,58.99,7,2018,3,False,True,54.32333333333333,23.99,79.99,4.666666666666671,8.590538135853233,0.0,0.0,-66.66666666666667,,Above Competitors
health7,health_beauty,2018-08-01,3,176.97,12.08333333,58.99,59,492,2,200,3.9,127,23,8,1,8,2018,8.964285714,3960,23.99,4.3,16.77,82.82142857,4.1,12.41857143,58.99,3.9,12.08333333,58.99,8,2018,3,False,True,55.26714285666666,23.99,82.82142857,3.722857143333343,6.7361129070638555,0.0,0.0,50.0,,Above Competitors
health8,health_beauty,2017-03-01,6,539.94,13.02,89.99,59,492,3,250,4.1,25,23,8,1,3,2017,9.134440538,3960,19.99,4.3,13.81888889,89.99,4.1,13.02,64.99,3.9,17.26222222,89.94,3,2017,1,True,False,58.32333333333332,19.99,89.99,31.66666666666667,54.2950220037721,0.04999999999999716,0.05559261730041934,,,Above Competitors
health8,health_beauty,2017-05-01,6,539.94,16.09833333,89.99,59,492,3,250,4.1,41,23,8,1,5,2017,9.134440538,3960,19.99,4.3,14.8475,89.99,4.1,16.09833333,64.99,3.9,14.811875,89.94,5,2017,2,True,False,58.32333333333332,19.99,89.99,31.66666666666667,54.2950220037721,0.04999999999999716,0.05559261730041934,0.0,0.0,Above Competitors
health8,health_beauty,2017-06-01,9,809.91,14.16333333,89.99,59,492,3,250,4.1,53,22,8,1,6,2017,8.83440417,3960,19.99,4.3,12.68333333,89.99,4.1,14.16333333,58.79952381,3.9,13.90333333,89.99,6,2017,2,True,False,56.25984127,19.99,89.99,33.73015872999999,59.95423728290229,0.0,0.0,50.0,,Above Competitors
health8,health_beauty,2017-07-01,17,1529.83,12.11882353,89.99,59,492,3,250,4.1,61,21,10,1,7,2017,10.24669657,3960,19.99,4.3,11.13517241,89.99,4.1,12.11882353,59.25666667,3.9,17.998,89.99,7,2017,3,False,True,56.41222222333332,19.99,89.99,33.57777777666667,59.52216816372494,0.0,0.0,88.88888888888889,,Above Competitors
health8,health_beauty,2017-08-01,18,1619.82,13.41055556,89.99,59,492,3,250,4.1,82,23,8,1,8,2017,9.261728694,3960,23.39740741,4.3,14.27678571,89.99,4.1,13.41055556,58.99,3.9,16.24090909,89.99,8,2017,3,False,True,57.45913580333333,23.39740741,89.99,32.53086419666666,56.61565170073351,0.0,0.0,5.882352941176472,,Above Competitors
health8,health_beauty,2017-09-01,21,1889.79,13.96428571,89.99,59,492,3,250,4.1,89,21,9,1,9,2017,14.38356164,3960,23.99,4.3,16.12,89.99,4.1,13.96428571,58.99,3.9,15.6392,89.99,9,2017,3,False,True,57.656666666666666,23.99,89.99,32.33333333333333,56.07908885933976,0.0,0.0,16.666666666666675,,Above Competitors
health8,health_beauty,2017-10-01,24,2159.76,16.56291667,89.99,59,492,3,250,4.1,81,22,9,2,10,2017,16.43835616,3960,23.99,4.3,13.13666667,89.99,4.1,16.56291667,58.99,3.9,19.06526316,89.99,10,2017,4,False,True,57.656666666666666,23.99,89.99,32.33333333333333,56.07908885933976,0.0,0.0,14.28571428571428,,Above Competitors
health8,health_beauty,2017-11-01,26,2339.74,16.99038462,89.99,59,492,3,250,4.1,139,22,8,4,11,2017,17.80821918,3960,23.99,4.3,12.37535714,89.99,4.1,16.99038462,58.99,3.9,15.71166667,89.99,11,2017,4,False,True,57.656666666666666,23.99,89.99,32.33333333333333,56.07908885933976,0.0,0.0,8.333333333333325,,Above Competitors
health8,health_beauty,2017-12-01,19,1709.81,15.89473684,89.99,59,492,3,250,4.1,112,21,10,1,12,2017,13.01369863,3960,23.99,4.3,12.45684211,89.99,4.1,15.89473684,58.99,3.9,16.33222222,89.99,12,2017,4,False,True,57.656666666666666,23.99,89.99,32.33333333333333,56.07908885933976,0.0,0.0,-26.923076923076927,,Above Competitors
health8,health_beauty,2018-01-01,20,1799.8,14.811,89.99,59,492,3,250,4.1,98,23,8,2,1,2018,17.69911504,3960,23.99,4.3,11.28736842,89.99,4.1,14.811,58.99,3.9,22.67833333,89.99,1,2018,1,True,False,57.656666666666666,23.99,89.99,32.33333333333333,56.07908885933976,0.0,0.0,5.263157894736836,,Above Competitors
health8,health_beauty,2018-02-01,17,1529.83,16.30764706,89.99,59,492,3,250,4.1,126,20,8,2,2,2018,15.04424779,3960,23.99,4.3,12.55,89.99,4.1,16.30764706,58.99,3.9,19.575,89.99,2,2018,1,True,False,57.656666666666666,23.99,89.99,32.33333333333333,56.07908885933976,0.0,0.0,-15.000000000000002,,Above Competitors
health8,health_beauty,2018-03-01,16,1339.84,11.876875,83.74,59,492,3,250,4.1,169,22,9,1,3,2018,9.134440538,3960,23.99,4.3,14.19875,83.74,4.1,11.876875,58.99,3.9,15.228,89.99,3,2018,1,True,False,55.57333333333333,23.99,83.74,28.166666666666664,50.6837811900192,-6.25,-6.945216135126126,-5.882352941176472,0.8469647058823531,Above Competitors
health8,health_beauty,2018-04-01,14,1119.86,14.485,79.99,59,492,3,250,4.1,118,21,9,1,4,2018,12.38938053,3960,79.99,4.1,14.485,79.99,4.1,14.485,58.99,3.9,16.30272727,83.74,4,2018,2,True,False,72.99,58.99,79.99,7.0,9.590354843129196,-3.75,-4.478146644375449,-12.5,2.7913333333333328,Above Competitors
health8,health_beauty,2018-05-01,16,1279.84,21.943125,79.99,59,492,3,250,4.1,159,23,8,3,5,2018,9.134440538,3960,23.99,4.3,7.988571429,79.99,4.1,21.943125,58.99,3.9,9.4225,79.99,5,2018,2,True,False,54.32333333333333,23.99,79.99,25.666666666666664,47.24795974719273,0.0,0.0,14.28571428571428,,Above Competitors
health8,health_beauty,2018-06-01,13,1039.87,13.36230769,79.99,59,492,3,250,4.1,131,21,9,0,6,2018,8.83440417,3960,23.99,4.3,16.27,79.99,4.1,13.36230769,58.99,3.9,16.43,79.99,6,2018,2,True,False,54.32333333333333,23.99,79.99,25.666666666666664,47.24795974719273,0.0,0.0,-18.75,,Above Competitors
health8,health_beauty,2018-07-01,10,799.9,16.745,79.99,59,492,3,250,4.1,113,22,9,1,7,2018,10.24669657,3960,23.99,4.3,18.81,79.99,4.1,16.745,58.99,3.9,7.67,79.99,7,2018,3,False,True,54.32333333333333,23.99,79.99,25.666666666666664,47.24795974719273,0.0,0.0,-23.076923076923073,,Above Competitors
health8,health_beauty,2018-08-01,7,579.75,12.41857143,82.82142857,59,492,3,250,4.1,127,23,8,1,8,2018,9.261728694,3960,23.99,4.3,16.77,82.82142857,4.1,12.41857143,58.99,3.9,12.08333333,79.99,8,2018,3,False,True,55.26714285666666,23.99,82.82142857,27.554285713333336,49.85654095561694,2.83142857,3.5397281785223154,-30.000000000000004,-8.475227047666614,Above Competitors
health9,health_beauty,2017-02-01,11,219.89,11.75090909,19.99,48,575,1,100,4.3,19,20,8,2,2,2017,14.94444444,4500,19.99,4.3,11.75090909,19.99,4.3,11.75090909,64.99,3.9,15.348,19.94,2,2017,1,True,False,34.99,19.99,64.99,-15.000000000000004,-42.86939125464419,0.04999999999999716,0.25075225677029667,,,Below Competitors
health9,health_beauty,2017-03-01,9,179.91,13.81888889,19.99,48,575,1,100,4.3,25,23,8,1,3,2017,9.142857143,4500,19.99,4.3,13.81888889,89.99,4.1,13.02,64.99,3.9,17.26222222,19.99,3,2017,1,True,False,58.32333333333332,19.99,89.99,-38.33333333333333,-65.72555295193462,0.0,0.0,-18.181818181818176,,Below Competitors
health9,health_beauty,2017-04-01,13,259.87,18.03846154,19.99,48,575,1,100,4.3,23,20,10,2,4,2017,5.777777778,4500,19.99,4.3,18.03846154,19.99,4.3,18.03846154,64.99,3.9,15.16888889,19.99,4,2017,2,True,False,34.99,19.99,64.99,-15.000000000000004,-42.86939125464419,0.0,0.0,44.44444444444444,,Below Competitors
health9,health_beauty,2017-05-01,16,319.84,14.8475,19.99,48,575,1,100,4.3,41,23,8,1,5,2017,9.805555556,4500,19.99,4.3,14.8475,89.99,4.1,16.09833333,64.99,3.9,14.811875,19.99,5,2017,2,True,False,58.32333333333332,19.99,89.99,-38.33333333333333,-65.72555295193462,0.0,0.0,23.076923076923084,,Below Competitors
health9,health_beauty,2017-06-01,21,419.79,12.68333333,19.99,48,575,1,100,4.3,53,22,8,1,6,2017,7.345238095,4500,19.99,4.3,12.68333333,89.99,4.1,14.16333333,58.79952381,3.9,13.90333333,19.99,6,2017,2,True,False,56.25984127,19.99,89.99,-36.26984127,-64.46843867890635,0.0,0.0,31.25,,Below Competitors
health9,health_beauty,2017-07-01,29,579.71,11.13517241,19.99,48,575,1,100,4.3,61,21,10,1,7,2017,9.123015873,4500,19.99,4.3,11.13517241,89.99,4.1,12.11882353,59.25666667,3.9,17.998,19.99,7,2017,3,False,True,56.41222222333332,19.99,89.99,-36.42222222333332,-64.56441669526768,0.0,0.0,38.095238095238095,,Below Competitors
health9,health_beauty,2017-08-01,28,651.72,14.27678571,23.39740741,48,575,1,100,4.3,82,23,8,1,8,2017,8.007936508,4500,23.39740741,4.3,14.27678571,89.99,4.1,13.41055556,58.99,3.9,16.24090909,19.99,8,2017,3,False,True,57.45913580333333,23.39740741,89.99,-34.06172839333333,-59.27991766168773,3.407407410000001,17.045559829914964,-3.4482758620689613,-0.2022976010454779,Below Competitors
health9,health_beauty,2017-09-01,24,575.76,16.12,23.99,48,575,1,100,4.3,89,21,9,1,9,2017,10.66666667,4500,23.99,4.3,16.12,89.99,4.1,13.96428571,58.99,3.9,15.6392,23.39740741,9,2017,3,False,True,57.656666666666666,23.99,89.99,-33.66666666666667,-58.391628606116676,0.5925925899999989,2.53272757795689,-14.28571428571429,-5.640446453873394,Below Competitors
health9,health_beauty,2017-10-01,27,647.73,13.13666667,23.99,48,575,1,100,4.3,81,22,9,2,10,2017,12.0,4500,23.99,4.3,13.13666667,89.99,4.1,16.56291667,58.99,3.9,19.06526316,23.99,10,2017,4,False,True,57.656666666666666,23.99,89.99,-33.66666666666667,-58.391628606116676,0.0,0.0,12.5,,Below Competitors
health9,health_beauty,2017-11-01,28,671.72,12.37535714,23.99,48,575,1,100,4.3,139,22,8,4,11,2017,12.44444444,4500,23.99,4.3,12.37535714,89.99,4.1,16.99038462,58.99,3.9,15.71166667,23.99,11,2017,4,False,True,57.656666666666666,23.99,89.99,-33.66666666666667,-58.391628606116676,0.0,0.0,3.703703703703698,,Below Competitors
health9,health_beauty,2017-12-01,19,455.81,12.45684211,23.99,48,575,1,100,4.3,112,21,10,1,12,2017,8.444444444,4500,23.99,4.3,12.45684211,89.99,4.1,15.89473684,58.99,3.9,16.33222222,23.99,12,2017,4,False,True,57.656666666666666,23.99,89.99,-33.66666666666667,-58.391628606116676,0.0,0.0,-32.14285714285714,,Below Competitors
health9,health_beauty,2018-01-01,19,455.81,11.28736842,23.99,48,575,1,100,4.3,98,23,8,2,1,2018,33.92857143,4500,23.99,4.3,11.28736842,89.99,4.1,14.811,58.99,3.9,22.67833333,23.99,1,2018,1,True,False,57.656666666666666,23.99,89.99,-33.66666666666667,-58.391628606116676,0.0,0.0,0.0,,Below Competitors
health9,health_beauty,2018-02-01,14,335.86,12.55,23.99,48,575,1,100,4.3,126,20,8,2,2,2018,14.94444444,4500,23.99,4.3,12.55,89.99,4.1,16.30764706,58.99,3.9,19.575,23.99,2,2018,1,True,False,57.656666666666666,23.99,89.99,-33.66666666666667,-58.391628606116676,0.0,0.0,-26.315789473684216,,Below Competitors
health9,health_beauty,2018-03-01,8,191.92,14.19875,23.99,48,575,1,100,4.3,169,22,9,1,3,2018,9.142857143,4500,23.99,4.3,14.19875,83.74,4.1,11.876875,58.99,3.9,15.228,23.99,3,2018,1,True,False,55.57333333333333,23.99,83.74,-31.583333333333332,-56.83181381957774,0.0,0.0,-42.85714285714286,,Below Competitors
health9,health_beauty,2018-05-01,7,167.93,7.988571429,23.99,48,575,1,100,4.3,159,23,8,3,5,2018,9.805555556,4500,23.99,4.3,7.988571429,79.99,4.1,21.943125,58.99,3.9,9.4225,23.94,5,2018,2,True,False,54.32333333333333,23.99,79.99,-30.333333333333332,-55.83849788304596,0.04999999999999716,0.20885547201335486,-12.5,-59.850000000003405,Below Competitors
health9,health_beauty,2018-06-01,3,71.97,16.27,23.99,48,575,1,100,4.3,131,21,9,0,6,2018,7.345238095,4500,23.99,4.3,16.27,79.99,4.1,13.36230769,58.99,3.9,16.43,23.99,6,2018,2,True,False,54.32333333333333,23.99,79.99,-30.333333333333332,-55.83849788304596,0.0,0.0,-57.14285714285714,,Below Competitors
health9,health_beauty,2018-07-01,3,71.97,18.81,23.99,48,575,1,100,4.3,113,22,9,1,7,2018,9.123015873,4500,23.99,4.3,18.81,79.99,4.1,16.745,58.99,3.9,7.67,23.99,7,2018,3,False,True,54.32333333333333,23.99,79.99,-30.333333333333332,-55.83849788304596,0.0,0.0,0.0,,Below Competitors
health9,health_beauty,2018-08-01,2,47.98,16.77,23.99,48,575,1,100,4.3,127,23,8,1,8,2018,8.007936508,4500,23.99,4.3,16.77,82.82142857,4.1,12.41857143,58.99,3.9,12.08333333,23.99,8,2018,3,False,True,55.26714285666666,23.99,82.82142857,-31.27714285666666,-56.59265386268076,0.0,0.0,-33.333333333333336,,Below Competitors
perfumery1,perfumery,2017-06-01,4,227.96,18.4525,56.99,54,1536,2,250,4.3,4,22,8,1,6,2017,4.166666667,3360,56.99,4.3,18.4525,56.99,4.3,18.4525,56.99,4.3,18.4525,56.94,6,2017,2,True,False,56.99,56.99,56.99,0.0,0.0,0.05000000000000426,0.08781173164735558,,,Similar to Competitors
perfumery1,perfumery,2017-07-01,7,398.93,11.75,56.99,54,1536,2,250,4.3,7,21,10,1,7,2017,13.16964286,3360,56.99,4.3,11.75,56.99,4.3,11.75,56.99,4.3,11.75,56.99,7,2017,3,False,True,56.99,56.99,56.99,0.0,0.0,0.0,0.0,75.0,,Similar to Competitors
perfumery1,perfumery,2017-08-01,7,398.93,13.58857143,56.99,54,1536,2,250,4.3,8,23,8,1,8,2017,8.407738095,3360,56.99,4.3,13.58857143,142.5,4.4,15.75,56.99,4.3,13.58857143,56.99,8,2017,3,False,True,85.49333333333334,56.99,142.5,-28.503333333333337,-33.3398315658141,0.0,0.0,0.0,,Below Competitors
perfumery1,perfumery,2017-09-01,17,968.83,13.74117647,56.99,54,1536,2,250,4.3,18,21,9,1,9,2017,17.70833333,3360,56.99,4.3,13.74117647,142.5,4.4,9.19,56.99,4.3,13.74117647,56.99,9,2017,3,False,True,85.49333333333334,56.99,142.5,-28.503333333333337,-33.3398315658141,0.0,0.0,142.85714285714283,,Below Competitors
perfumery1,perfumery,2017-10-01,17,968.83,12.29294118,56.99,54,1536,2,250,4.3,19,22,9,2,10,2017,17.70833333,3360,56.99,4.3,12.29294118,142.5,4.4,17.15,56.99,4.3,12.29294118,56.99,10,2017,4,False,True,85.49333333333334,56.99,142.5,-28.503333333333337,-33.3398315658141,0.0,0.0,0.0,,Below Competitors
perfumery1,perfumery,2017-11-01,20,1139.8,12.714,56.99,54,1536,2,250,4.3,27,22,8,4,11,2017,20.83333333,3360,56.99,4.3,12.714,118.05,4.4,14.29375,56.99,4.3,12.714,56.99,11,2017,4,False,True,77.34333333333333,56.99,118.05,-20.35333333333333,-26.31556264276171,0.0,0.0,17.647058823529417,,Below Competitors
perfumery1,perfumery,2017-12-01,24,1367.76,13.82,56.99,54,1536,2,250,4.3,34,21,10,1,12,2017,25.0,3360,56.99,4.3,13.82,118.0,4.4,11.02666667,56.99,4.3,13.82,56.99,12,2017,4,False,True,77.32666666666667,56.99,118.0,-20.336666666666666,-26.29968100698336,0.0,0.0,19.999999999999996,,Below Competitors
perfumery1,perfumery,2018-01-01,10,569.9,12.215,56.99,54,1536,2,250,4.3,15,23,8,2,1,2018,23.80952381,3360,56.99,4.3,12.215,117.9,4.4,14.03833333,56.99,4.3,12.215,56.99,1,2018,1,True,False,77.29333333333334,56.99,117.9,-20.303333333333335,-26.267897188200795,0.0,0.0,-58.33333333333333,,Below Competitors
perfumery1,perfumery,2018-02-01,4,227.96,14.5575,56.99,54,1536,2,250,4.3,12,20,8,2,2,2018,9.523809524,3360,56.99,4.3,14.5575,117.8888889,4.4,13.88090909,56.99,4.3,14.5575,56.99,2,2018,1,True,False,77.28962963333333,56.99,117.8888889,-20.299629633333332,-26.264363964009142,0.0,0.0,-60.0,,Below Competitors
perfumery1,perfumery,2018-03-01,14,706.86,15.19642857,50.49,54,1536,2,250,4.3,18,22,9,1,3,2018,33.33333333,3360,50.49,4.3,15.19642857,117.7,4.4,15.175,50.49,4.3,15.19642857,56.99,3,2018,1,True,False,72.89333333333333,50.49,117.7,-22.40333333333333,-30.734406438631783,-6.5,-11.405509738550622,250.0,-21.919230769230772,Below Competitors
perfumery1,perfumery,2018-04-01,2,99.98,13.665,49.99,54,1536,2,250,4.3,10,21,9,1,4,2018,4.761904762,3360,49.99,4.3,13.665,117.975,4.4,21.65,49.99,4.3,13.665,50.49,4,2018,2,True,False,72.65166666666667,49.99,117.975,-22.66166666666667,-31.192218577229248,-0.5,-0.9902951079421667,-85.71428571428572,86.55428571428573,Below Competitors
perfumery1,perfumery,2018-07-01,8,399.92,12.5225,49.99,54,1536,2,250,4.3,13,22,9,1,7,2018,13.16964286,3360,49.99,4.3,12.5225,118.7,4.4,15.978,49.99,4.3,12.5225,49.94,7,2018,3,False,True,72.89333333333333,49.99,118.7,-22.90333333333333,-31.42034022315712,0.05000000000000426,0.10012014417301615,300.0,2996.3999999997445,Below Competitors
perfumery1,perfumery,2018-08-01,4,199.96,12.28,49.99,54,1536,2,250,4.3,19,23,8,1,8,2018,8.407738095,3360,49.99,4.3,12.28,116.9066667,4.4,17.79058824,49.99,4.3,12.28,49.99,8,2018,3,False,True,72.29555556666666,49.99,116.9066667,-22.305555566666662,-30.853287441850842,0.0,0.0,-50.0,,Below Competitors
perfumery2,perfumery,2017-08-01,1,142.5,15.75,142.5,29,178,1,400,4.4,8,23,8,1,8,2017,12.44918699,4693,56.99,4.3,13.58857143,142.5,4.4,15.75,142.5,4.4,15.75,142.45,8,2017,3,False,True,113.99666666666667,56.99,142.5,28.50333333333333,25.003655077633844,0.05000000000001137,0.03510003510004309,,,Above Competitors
perfumery2,perfumery,2017-09-01,1,142.5,9.19,142.5,29,178,1,400,4.4,18,21,9,1,9,2017,4.166666667,4693,56.99,4.3,13.74117647,142.5,4.4,9.19,142.5,4.4,9.19,142.5,9,2017,3,False,True,113.99666666666667,56.99,142.5,28.50333333333333,25.003655077633844,0.0,0.0,0.0,,Above Competitors
perfumery2,perfumery,2017-10-01,2,285.0,17.15,142.5,29,178,1,400,4.4,19,22,9,2,10,2017,8.333333333,4693,56.99,4.3,12.29294118,142.5,4.4,17.15,142.5,4.4,17.15,142.5,10,2017,4,False,True,113.99666666666667,56.99,142.5,28.50333333333333,25.003655077633844,0.0,0.0,100.0,,Above Competitors
perfumery2,perfumery,2017-11-01,8,944.4,14.29375,118.05,29,178,1,400,4.4,27,22,8,4,11,2017,33.33333333,4693,56.99,4.3,12.714,118.05,4.4,14.29375,118.05,4.4,14.29375,142.5,11,2017,4,False,True,97.69666666666666,56.99,118.05,20.35333333333334,20.833191169947803,-24.450000000000003,-17.15789473684211,300.0,-17.48466257668711,Above Competitors
perfumery2,perfumery,2017-12-01,12,1416.0,11.02666667,118.0,29,178,1,400,4.4,34,21,10,1,12,2017,50.0,4693,56.99,4.3,13.82,118.0,4.4,11.02666667,118.0,4.4,11.02666667,118.05,12,2017,4,False,True,97.66333333333334,56.99,118.0,20.33666666666666,20.82323628792791,-0.04999999999999716,-0.04235493434984935,50.0,-1180.500000000067,Above Competitors
perfumery2,perfumery,2018-01-01,6,707.4,14.03833333,117.9,29,178,1,400,4.4,15,23,8,2,1,2018,7.317073171,4693,56.99,4.3,12.215,117.9,4.4,14.03833333,117.9,4.4,14.03833333,118.0,1,2018,1,True,False,97.59666666666668,56.99,117.9,20.303333333333327,20.80330612384302,-0.09999999999999432,-0.08474576271185959,-50.0,590.0000000000335,Above Competitors
perfumery2,perfumery,2018-02-01,11,1296.8,13.88090909,117.8888889,29,178,1,400,4.4,12,20,8,2,2,2018,13.41463415,4693,56.99,4.3,14.5575,117.8888889,4.4,13.88090909,117.8888889,4.4,13.88090909,117.9,2,2018,1,True,False,97.58925926666666,56.99,117.8888889,20.29962963333334,20.80108998251925,-0.011111100000007923,-0.009424173027996542,83.33333333333333,-8842.508842502537,Above Competitors
perfumery2,perfumery,2018-03-01,4,470.8,15.175,117.7,29,178,1,400,4.4,18,22,9,1,3,2018,4.87804878,4693,50.49,4.3,15.19642857,117.7,4.4,15.175,117.7,4.4,15.175,117.8888889,3,2018,1,True,False,95.29666666666667,50.49,117.7,22.403333333333336,23.50904193920739,-0.18888889999999492,-0.16022621110647767,-63.63636363636363,397.165752075822,Above Competitors
perfumery2,perfumery,2018-04-01,8,943.8,21.65,117.975,29,178,1,400,4.4,10,21,9,1,4,2018,9.756097561,4693,49.99,4.3,13.665,117.975,4.4,21.65,117.975,4.4,21.65,117.7,4,2018,2,True,False,95.31333333333333,49.99,117.975,22.66166666666666,23.77596698608099,0.2749999999999915,0.23364485981307687,100.0,428.0000000000133,Above Competitors
perfumery2,perfumery,2018-05-01,17,2038.3,15.85235294,119.9,29,178,1,400,4.4,16,23,8,3,5,2018,20.73170732,4693,119.9,4.4,15.85235294,119.9,4.4,15.85235294,119.9,4.4,15.85235294,117.975,5,2018,2,True,False,119.90000000000002,119.9,119.9,-1.4210854715202004e-14,-1.185225580917598e-14,1.9250000000000114,1.6317016317016413,112.5,68.94642857142817,Similar to Competitors
perfumery2,perfumery,2018-06-01,14,1668.5,14.17285714,119.1785714,29,178,1,400,4.4,14,21,9,0,6,2018,17.07317073,4693,119.1785714,4.4,14.17285714,119.1785714,4.4,14.17285714,119.1785714,4.4,14.17285714,119.9,6,2018,2,True,False,119.1785714,119.1785714,119.1785714,0.0,0.0,-0.7214286000000101,-0.6016919099249458,-17.647058823529417,29.32906115644913,Similar to Competitors
perfumery2,perfumery,2018-07-01,5,593.5,15.978,118.7,29,178,1,400,4.4,13,22,9,1,7,2018,6.097560976,4693,49.99,4.3,12.5225,118.7,4.4,15.978,118.7,4.4,15.978,119.1785714,7,2018,3,False,True,95.79666666666667,49.99,118.7,22.903333333333336,23.90827794982428,-0.47857139999999276,-0.401558262008159,-64.28571428571428,160.09062785615927,Above Competitors
perfumery2,perfumery,2018-08-01,17,1987.4,17.79058824,116.9066667,29,178,1,400,4.4,19,23,8,1,8,2018,12.44918699,4693,49.99,4.3,12.28,116.9066667,4.4,17.79058824,116.9066667,4.4,17.79058824,118.7,8,2018,3,False,True,94.60111113333333,49.99,116.9066667,22.30555556666667,23.578534437326663,-1.7933333000000005,-1.5108115417017696,240.0,-158.85502154005613,Above Competitors
watches1,watches_gifts,2017-03-01,5,1205.03,21.318,241.006,35,514,2,4338,3.8,6,23,8,1,3,2017,17.62007555,2856,241.006,3.8,21.318,241.006,3.8,21.318,241.006,3.8,21.318,240.956,3,2017,1,True,False,241.006,241.006,241.006,0.0,0.0,0.05000000000001137,0.020750676472057708,,,Similar to Competitors
watches1,watches_gifts,2017-04-01,3,766.83,21.22666667,255.61,35,514,2,4338,3.8,3,20,10,2,4,2017,5.893146249,2856,255.61,3.8,21.22666667,255.61,3.8,21.22666667,255.61,3.8,21.22666667,241.006,4,2017,2,True,False,255.61,255.61,255.61,0.0,0.0,14.604000000000013,6.059600175929235,-40.0,-6.601095590249241,Similar to Competitors
watches1,watches_gifts,2017-06-01,5,925.0,14.74,185.0,35,514,2,4338,3.8,17,22,8,1,6,2017,9.821910416,2856,163.0,4.2,14.265,185.0,3.8,14.74,185.0,3.8,14.74,184.95,6,2017,2,True,False,177.66666666666666,163.0,185.0,7.333333333333343,4.12757973733584,0.05000000000001137,0.027034333603682816,66.66666666666667,2465.9999999994393,Similar to Competitors
watches1,watches_gifts,2017-07-01,10,1973.83,16.606,197.383,35,514,2,4338,3.8,29,21,10,1,7,2017,6.799784134,2856,161.5909091,4.2,15.52545455,197.383,3.8,16.606,197.383,3.8,16.606,185.0,7,2017,3,False,True,185.45230303333335,161.5909091,197.383,11.930696966666659,6.433296740737819,12.38300000000001,6.693513513513519,100.0,14.939836873132508,Above Competitors
watches1,watches_gifts,2017-08-01,15,2698.5,14.92666667,179.9,35,514,2,4338,3.8,48,23,8,1,8,2017,13.86940097,2856,160.6692308,4.2,15.18538462,179.9,3.8,14.92666667,179.9,3.8,14.92666667,197.383,8,2017,3,False,True,173.4897436,160.6692308,179.9,6.410256400000009,3.6948906990026864,-17.483000000000004,-8.857399066788934,50.0,-5.644997998055253,Similar to Competitors
watches1,watches_gifts,2017-09-01,20,3291.4,19.528,164.57,35,514,2,4338,3.8,54,21,9,1,9,2017,23.52941176,2856,148.7785714,4.2,14.04111111,164.57,3.8,19.528,164.57,3.8,19.528,179.9,9,2017,3,False,True,159.30619046666666,148.7785714,164.57,5.26380953333333,3.3042090316224924,-15.330000000000013,-8.521400778210124,33.33333333333333,-3.9117199391171957,Similar to Competitors
watches1,watches_gifts,2017-10-01,4,929.96,14.2125,232.49,35,514,2,4338,3.8,43,22,9,2,10,2017,4.705882353,2856,134.9,4.2,6.81,232.49,3.8,14.2125,232.49,3.8,14.2125,164.57,10,2017,4,False,True,199.96,134.9,232.49,32.53,16.268253650730145,67.92000000000002,41.271191590204786,-80.0,-1.938398115429917,Above Competitors
watches1,watches_gifts,2017-11-01,18,3139.8,20.99277778,174.4333333,35,514,2,4338,3.8,91,22,8,4,11,2017,21.17647059,2856,133.0,4.2,19.91666667,108.0,4.2,15.90846154,174.4333333,3.8,20.99277778,232.49,11,2017,4,False,True,138.47777776666666,108.0,174.4333333,35.955555533333325,25.964855959717948,-58.05666670000002,-24.97168338423159,350.0,-14.015875286205498,Above Competitors
watches1,watches_gifts,2017-12-01,5,929.8,18.686,185.96,35,514,2,4338,3.8,73,21,10,1,12,2017,5.882352941,2856,149.0,4.2,19.1,108.0,4.2,16.65384615,185.96,3.8,18.686,174.4333333,12,2017,4,False,True,147.65333333333334,108.0,185.96,38.30666666666667,25.943651797001987,11.526666700000021,6.6080642282836095,-72.22222222222221,-10.929406816764756,Above Competitors
watches1,watches_gifts,2018-01-01,2,398.0,21.88,199.0,35,514,2,4338,3.8,59,23,8,2,1,2018,1.834862385,2856,199.0,3.8,21.88,108.0,4.2,16.19636364,199.0,3.8,21.88,185.96,1,2018,1,True,False,168.66666666666666,108.0,199.0,30.333333333333343,17.984189723320164,13.039999999999992,7.012260701226065,-60.0,-8.556441717791417,Above Competitors
watches1,watches_gifts,2018-02-01,6,1092.0,19.33,182.0,35,514,2,4338,3.8,90,20,8,2,2,2018,5.504587156,2856,128.2416667,4.2,15.92666667,108.0,4.2,18.25363636,182.0,3.8,19.33,199.0,2,2018,1,True,False,139.4138889,108.0,182.0,42.58611110000001,30.546534090693466,-17.0,-8.542713567839195,200.0,-23.411764705882355,Above Competitors
watches1,watches_gifts,2018-03-01,32,4860.11,20.31375,151.8784375,35,514,2,4338,3.8,125,22,9,1,3,2018,17.62007555,2856,117.4412903,4.2,18.26129032,105.6428571,4.2,21.6652381,151.8784375,3.8,20.31375,182.0,3,2018,1,True,False,124.98752830000001,105.6428571,151.8784375,26.89090919999998,21.51487397643016,-30.12156250000001,-16.550309065934073,433.3333333333333,-26.18279402559765,Above Competitors
watches1,watches_gifts,2018-04-01,9,1351.2,19.44777778,150.1333333,35,514,2,4338,3.8,178,21,9,1,4,2018,5.893146249,2856,105.648625,4.2,2.181647059,105.0,4.2,13.63142857,150.1333333,3.8,19.44777778,151.8784375,4,2018,2,True,False,120.26065276666667,105.0,150.1333333,29.872680533333337,24.83994544025402,-1.745104199999986,-1.1490137959840323,-71.875,62.55364404780292,Above Competitors
watches1,watches_gifts,2018-05-01,32,4241.0,15.7621875,132.53125,35,514,2,4338,3.8,260,23,8,3,5,2018,29.35779817,2856,103.7925234,4.2,0.095438596,105.0,4.2,11.3772973,132.53125,3.8,15.7621875,150.1333333,5,2018,2,True,False,113.77459113333333,103.7925234,132.53125,18.75665886666667,16.485806435186916,-17.602083300000004,-11.724300602070228,255.55555555555554,-21.797083188947802,Above Competitors
watches1,watches_gifts,2018-06-01,15,2073.3,16.108,138.22,35,514,2,4338,3.8,93,21,9,0,6,2018,9.821910416,2856,119.0,4.2,19.20666667,105.0,4.2,23.82357143,138.22,3.8,16.108,132.53125,6,2018,2,True,False,120.74000000000001,105.0,138.22,17.47999999999999,14.477389431836995,5.688749999999999,4.292383871728365,-53.125,-12.376572456602947,Above Competitors
watches1,watches_gifts,2018-07-01,2,310.0,16.47,155.0,35,514,2,4338,3.8,122,22,9,1,7,2018,6.799784134,2856,118.3636364,4.2,15.48,105.0,4.2,24.93875,155.0,3.8,16.47,138.22,7,2018,3,False,True,126.12121213333334,105.0,155.0,28.878787866666656,22.89764535099493,16.78,12.140066560555637,-86.66666666666667,-7.138895510528407,Above Competitors
watches1,watches_gifts,2018-08-01,11,1601.06,21.89727273,145.5509091,35,514,2,4338,3.8,61,23,8,1,8,2018,13.86940097,2856,112.0,4.2,13.44,105.0,4.2,23.38571429,145.5509091,3.8,21.89727273,155.0,8,2018,3,False,True,120.85030303333333,105.0,145.5509091,24.70060606666668,20.43901045068433,-9.449090899999987,-6.096187677419347,450.0,-73.81662504696625,Above Competitors
watches2,watches_gifts,2017-06-01,5,789.95,13.91,157.99,35,591,3,444,4.0,17,22,8,1,6,2017,4.072822823,4480,163.0,4.2,14.265,157.99,4.0,13.91,185.0,3.8,14.74,157.94,6,2017,2,True,False,168.66333333333333,157.99,185.0,-10.673333333333318,-6.328188304116673,0.05000000000001137,0.031657591490446606,,,Below Competitors
watches2,watches_gifts,2017-07-01,6,1016.95,14.95,171.792,35,591,3,444,4.0,29,21,10,1,7,2017,7.526276276,4480,161.5909091,4.2,15.52545455,171.792,4.0,14.95,197.383,3.8,16.606,157.99,7,2017,3,False,True,176.9219697,161.5909091,197.383,-5.129969700000004,-2.8995662374202045,13.801999999999992,8.735995949110698,19.999999999999996,2.2893783509636294,Similar to Competitors
watches2,watches_gifts,2017-08-01,5,849.5,17.084,169.9,35,591,3,444,4.0,48,23,8,1,8,2017,5.461711712,4480,160.6692308,4.2,15.18538462,169.9,4.0,17.084,179.9,3.8,14.92666667,171.792,8,2017,3,False,True,170.15641026666665,160.6692308,179.9,-0.25641026666664857,-0.15069092387692368,-1.891999999999996,-1.1013318431591668,-16.666666666666664,15.133192389006375,Similar to Competitors
watches2,watches_gifts,2017-09-01,10,1604.0,17.856,160.4,35,591,3,444,4.0,54,21,9,1,9,2017,13.51351351,4480,148.7785714,4.2,14.04111111,160.4,4.0,17.856,164.57,3.8,19.528,169.9,9,2017,3,False,True,157.91619046666668,148.7785714,164.57,2.4838095333333285,1.5728656612050282,-9.5,-5.591524426133019,100.0,-17.88421052631579,Similar to Competitors
watches2,watches_gifts,2017-10-01,16,2391.6,18.505625,149.475,35,591,3,444,4.0,43,22,9,2,10,2017,21.62162162,4480,134.9,4.2,6.81,149.475,4.0,18.505625,232.49,3.8,14.2125,160.4,10,2017,4,False,True,172.28833333333333,134.9,232.49,-22.813333333333333,-13.24136863591073,-10.925000000000011,-6.811097256857862,60.00000000000001,-8.809153318077795,Below Competitors
watches2,watches_gifts,2017-11-01,26,3660.0,19.17230769,140.56,35,591,3,444,4.0,91,22,8,4,11,2017,35.13513514,4480,133.0,4.2,19.91666667,108.0,4.2,15.90846154,174.4333333,3.8,20.99277778,149.475,11,2017,4,False,True,138.47777776666666,108.0,174.4333333,2.08222223333334,1.5036508145313094,-8.914999999999992,-5.9642080615487485,62.5,-10.479178351093672,Similar to Competitors
watches2,watches_gifts,2017-12-01,6,894.0,17.00333333,149.0,35,591,3,444,4.0,73,21,10,1,12,2017,8.108108108,4480,149.0,4.2,19.1,108.0,4.2,16.65384615,185.96,3.8,18.686,140.56,12,2017,4,False,True,147.65333333333334,108.0,185.96,1.346666666666664,0.9120462344229708,8.439999999999998,6.004553215708593,-76.92307692307692,-12.81079110462997,Similar to Competitors
watches2,watches_gifts,2018-01-01,8,1188.0,14.165,148.5,35,591,3,444,4.0,59,23,8,2,1,2018,11.11111111,4480,148.5,4.0,14.165,108.0,4.2,16.19636364,199.0,3.8,21.88,149.0,1,2018,1,True,False,151.83333333333334,108.0,199.0,-3.333333333333343,-2.195389681668502,-0.5,-0.33557046979865773,33.33333333333333,-99.33333333333331,Similar to Competitors
watches2,watches_gifts,2018-02-01,14,2043.92,15.12928571,145.9942857,35,591,3,444,4.0,90,20,8,2,2,2018,19.44444444,4480,128.2416667,4.2,15.92666667,108.0,4.2,18.25363636,182.0,3.8,19.33,148.5,2,2018,1,True,False,139.4138889,108.0,182.0,6.580396800000017,4.720043929568639,-2.505714299999994,-1.6873496969696928,75.0,-44.448403395391196,Similar to Competitors
watches2,watches_gifts,2018-03-01,9,1115.7,26.27222222,123.9666667,35,591,3,444,4.0,125,22,9,1,3,2018,12.5,4480,117.4412903,4.2,18.26129032,105.6428571,4.2,21.6652381,151.8784375,3.8,20.31375,145.9942857,3,2018,1,True,False,124.98752830000001,105.6428571,151.8784375,-1.0208616000000035,-0.8167707721603159,-22.027619,-15.088000803856119,-35.71428571428571,2.367065470009653,Similar to Competitors
watches2,watches_gifts,2018-04-01,10,1191.9,21.229,119.19,35,591,3,444,4.0,178,21,9,1,4,2018,13.88888889,4480,105.648625,4.2,2.181647059,105.0,4.2,13.63142857,150.1333333,3.8,19.44777778,123.9666667,4,2018,2,True,False,120.26065276666667,105.0,150.1333333,-1.0706527666666688,-0.8902768628272636,-4.776666700000007,-3.8531863662669625,11.111111111111116,-2.883616325538846,Similar to Competitors
watches2,watches_gifts,2018-05-01,22,2598.9,14.71227273,118.1318182,35,591,3,444,4.0,260,23,8,3,5,2018,30.55555556,4480,103.7925234,4.2,0.095438596,105.0,4.2,11.3772973,132.53125,3.8,15.7621875,119.19,5,2018,2,True,False,113.77459113333333,103.7925234,132.53125,4.357227066666667,3.8297013623722003,-1.0581817999999998,-0.8878108901753501,120.00000000000001,-135.16391984817736,Similar to Competitors
watches2,watches_gifts,2018-06-01,1,139.9,18.86,139.9,35,591,3,444,4.0,93,21,9,0,6,2018,4.072822823,4480,119.0,4.2,19.20666667,105.0,4.2,23.82357143,138.22,3.8,16.108,118.1318182,6,2018,2,True,False,120.74000000000001,105.0,138.22,19.159999999999997,15.868809011098223,21.768181800000008,18.42702680081158,-95.45454545454545,-5.180138200609844,Above Competitors
watches2,watches_gifts,2018-07-01,5,694.9,23.162,138.98,35,591,3,444,4.0,122,22,9,1,7,2018,7.526276276,4480,118.3636364,4.2,15.48,105.0,4.2,24.93875,155.0,3.8,16.47,139.9,7,2018,3,False,True,126.12121213333334,105.0,155.0,12.858787866666646,10.195579037943704,-0.9200000000000159,-0.6576125804145931,400.0,-608.2608695652069,Above Competitors
watches2,watches_gifts,2018-08-01,3,414.0,23.52666667,138.0,35,591,3,444,4.0,61,23,8,1,8,2018,5.461711712,4480,112.0,4.2,13.44,105.0,4.2,23.38571429,145.5509091,3.8,21.89727273,138.98,8,2018,3,False,True,120.85030303333333,105.0,145.5509091,17.149696966666667,14.190859713389697,-0.9799999999999898,-0.7051374298460137,-40.0,56.72653061224549,Above Competitors
watches3,watches_gifts,2017-03-01,1,78.0,17.98,78.0,59,319,4,250,3.9,6,23,8,1,3,2017,2.740664611,640,78.0,3.9,17.98,78.0,3.9,17.98,241.006,3.8,21.318,77.95,3,2017,1,True,False,132.33533333333332,78.0,241.006,-54.335333333333324,-41.058825307426076,0.04999999999999716,0.06414368184733439,,,Below Competitors
watches3,watches_gifts,2017-06-01,3,234.0,10.3,78.0,59,319,4,250,3.9,17,22,8,1,6,2017,21.17163412,640,163.0,4.2,14.265,78.0,3.9,10.3,185.0,3.8,14.74,77.95,6,2017,2,True,False,142.0,78.0,185.0,-64.0,-45.07042253521127,0.04999999999999716,0.06414368184733439,200.0,3118.0000000001774,Below Competitors
watches3,watches_gifts,2017-07-01,1,78.0,14.3,78.0,59,319,4,250,3.9,29,21,10,1,7,2017,16.76944159,640,161.5909091,4.2,15.52545455,78.0,3.9,14.3,197.383,3.8,16.606,78.0,7,2017,3,False,True,145.6579697,78.0,197.383,-67.6579697,-46.449892058326554,0.0,0.0,-66.66666666666667,,Below Competitors
watches3,watches_gifts,2017-08-01,5,390.0,18.22,78.0,59,319,4,250,3.9,48,23,8,1,8,2017,21.97670435,640,160.6692308,4.2,15.18538462,78.0,3.9,18.22,179.9,3.8,14.92666667,78.0,8,2017,3,False,True,139.52307693333333,78.0,179.9,-61.52307693333333,-44.09526960384495,0.0,0.0,400.0,,Below Competitors
watches3,watches_gifts,2017-10-01,3,234.0,12.13333333,78.0,59,319,4,250,3.9,43,22,9,2,10,2017,14.28571429,640,134.9,4.2,6.81,78.0,3.9,12.13333333,232.49,3.8,14.2125,77.95,10,2017,4,False,True,148.46333333333334,78.0,232.49,-70.46333333333334,-47.461775073531065,0.04999999999999716,0.06414368184733439,-40.0,-623.6000000000355,Below Competitors
watches3,watches_gifts,2017-11-01,2,156.0,7.8,78.0,59,319,4,250,3.9,91,22,8,4,11,2017,9.523809524,640,133.0,4.2,19.91666667,108.0,4.2,15.90846154,174.4333333,3.8,20.99277778,78.0,11,2017,4,False,True,138.47777776666666,108.0,174.4333333,-60.47777776666666,-43.673272883228215,0.0,0.0,-33.333333333333336,,Below Competitors
watches3,watches_gifts,2017-12-01,6,468.0,19.69166667,78.0,59,319,4,250,3.9,73,21,10,1,12,2017,28.57142857,640,149.0,4.2,19.1,108.0,4.2,16.65384615,185.96,3.8,18.686,78.0,12,2017,4,False,True,147.65333333333334,108.0,185.96,-69.65333333333334,-47.17355968936247,0.0,0.0,200.0,,Below Competitors
watches3,watches_gifts,2018-01-01,9,702.0,14.63333333,78.0,59,319,4,250,3.9,59,23,8,2,1,2018,6.474820144,640,78.0,3.9,14.63333333,108.0,4.2,16.19636364,199.0,3.8,21.88,78.0,1,2018,1,True,False,128.33333333333334,78.0,199.0,-50.33333333333334,-39.22077922077922,0.0,0.0,50.0,,Below Competitors
watches3,watches_gifts,2018-02-01,1,78.0,15.3,78.0,59,319,4,250,3.9,90,20,8,2,2,2018,0.71942446,640,128.2416667,4.2,15.92666667,108.0,4.2,18.25363636,182.0,3.8,19.33,78.0,2,2018,1,True,False,139.4138889,108.0,182.0,-61.41388889999999,-44.0514853897028,0.0,0.0,-88.88888888888889,,Below Competitors
watches3,watches_gifts,2018-03-01,1,78.0,19.24,78.0,59,319,4,250,3.9,125,22,9,1,3,2018,2.740664611,640,117.4412903,4.2,18.26129032,105.6428571,4.2,21.6652381,151.8784375,3.8,20.31375,78.0,3,2018,1,True,False,124.98752830000001,105.6428571,151.8784375,-46.98752830000001,-37.59377350612029,0.0,0.0,0.0,,Below Competitors
watches3,watches_gifts,2018-04-01,16,1248.0,16.645625,78.0,59,319,4,250,3.9,178,21,9,1,4,2018,11.51079137,640,105.648625,4.2,2.181647059,105.0,4.2,13.63142857,150.1333333,3.8,19.44777778,78.0,4,2018,2,True,False,120.26065276666667,105.0,150.1333333,-42.26065276666667,-35.1408809069597,0.0,0.0,1500.0,,Below Competitors
watches3,watches_gifts,2018-05-01,5,390.0,10.24,78.0,59,319,4,250,3.9,260,23,8,3,5,2018,3.597122302,640,103.7925234,4.2,0.095438596,105.0,4.2,11.3772973,132.53125,3.8,15.7621875,78.0,5,2018,2,True,False,113.77459113333333,103.7925234,132.53125,-35.77459113333333,-31.443392392778463,0.0,0.0,-68.75,,Below Competitors
watches3,watches_gifts,2018-06-01,39,3042.0,15.6825641,78.0,59,319,4,250,3.9,93,21,9,0,6,2018,21.17163412,640,119.0,4.2,19.20666667,105.0,4.2,23.82357143,138.22,3.8,16.108,78.0,6,2018,2,True,False,120.74000000000001,105.0,138.22,-42.74000000000001,-35.398376677157536,0.0,0.0,680.0,,Below Competitors
watches3,watches_gifts,2018-07-01,40,3120.0,17.9795,78.0,59,319,4,250,3.9,122,22,9,1,7,2018,16.76944159,640,118.3636364,4.2,15.48,105.0,4.2,24.93875,155.0,3.8,16.47,78.0,7,2018,3,False,True,126.12121213333334,105.0,155.0,-48.121212133333344,-38.15473330724126,0.0,0.0,2.564102564102555,,Below Competitors
watches3,watches_gifts,2018-08-01,28,2179.0,13.09035714,77.82142857,59,319,4,250,3.9,61,23,8,1,8,2018,21.97670435,640,112.0,4.2,13.44,105.0,4.2,23.38571429,145.5509091,3.8,21.89727273,78.0,8,2018,3,False,True,120.85030303333333,105.0,145.5509091,-43.02887446333334,-35.605102662808356,-0.1785714300000052,-0.22893773076923743,-30.000000000000004,131.0399989516762,Below Competitors
watches4,watches_gifts,2017-11-01,13,1404.0,15.90846154,108.0,58,3006,2,1000,4.2,91,22,8,4,11,2017,50.0,7632,133.0,4.2,19.91666667,108.0,4.2,15.90846154,174.4333333,3.8,20.99277778,107.95,11,2017,4,False,True,138.47777776666666,108.0,174.4333333,-30.477777766666662,-22.009147069085223,0.04999999999999716,0.04631773969430028,,,Below Competitors
watches4,watches_gifts,2017-12-01,13,1404.0,16.65384615,108.0,58,3006,2,1000,4.2,73,21,10,1,12,2017,50.0,7632,149.0,4.2,19.1,108.0,4.2,16.65384615,185.96,3.8,18.686,108.0,12,2017,4,False,True,147.65333333333334,108.0,185.96,-39.653333333333336,-26.855698031424964,0.0,0.0,0.0,,Below Competitors
watches4,watches_gifts,2018-01-01,44,4752.0,16.19636364,108.0,58,3006,2,1000,4.2,59,23,8,2,1,2018,22.11055276,7632,108.0,4.2,16.19636364,108.0,4.2,16.19636364,199.0,3.8,21.88,108.0,1,2018,1,True,False,138.33333333333334,108.0,199.0,-30.333333333333343,-21.9277108433735,0.0,0.0,238.46153846153845,,Below Competitors
watches4,watches_gifts,2018-02-01,33,3564.0,18.25363636,108.0,58,3006,2,1000,4.2,90,20,8,2,2,2018,16.58291457,7632,128.2416667,4.2,15.92666667,108.0,4.2,18.25363636,182.0,3.8,19.33,108.0,2,2018,1,True,False,139.4138889,108.0,182.0,-31.41388889999999,-22.532825924203877,0.0,0.0,-25.0,,Below Competitors
watches4,watches_gifts,2018-03-01,21,2214.0,21.6652381,105.6428571,58,3006,2,1000,4.2,125,22,9,1,3,2018,10.55276382,7632,117.4412903,4.2,18.26129032,105.6428571,4.2,21.6652381,151.8784375,3.8,20.31375,108.0,3,2018,1,True,False,124.98752830000001,105.6428571,151.8784375,-19.344671200000008,-15.47728118406195,-2.3571428999999995,-2.182539722222222,-36.36363636363637,16.66115672186327,Below Competitors
watches4,watches_gifts,2018-04-01,21,2205.0,13.63142857,105.0,58,3006,2,1000,4.2,178,21,9,1,4,2018,10.55276382,7632,105.648625,4.2,2.181647059,105.0,4.2,13.63142857,150.1333333,3.8,19.44777778,105.6428571,4,2018,2,True,False,120.26065276666667,105.0,150.1333333,-15.260652766666666,-12.68964737475344,-0.6428571000000005,-0.6085192294557893,0.0,-0.0,Below Competitors
watches4,watches_gifts,2018-05-01,37,3885.0,11.3772973,105.0,58,3006,2,1000,4.2,260,23,8,3,5,2018,18.59296482,7632,103.7925234,4.2,0.095438596,105.0,4.2,11.3772973,132.53125,3.8,15.7621875,105.0,5,2018,2,True,False,113.77459113333333,103.7925234,132.53125,-8.774591133333331,-7.712258990278699,0.0,0.0,76.19047619047619,,Below Competitors
watches4,watches_gifts,2018-06-01,28,2940.0,23.82357143,105.0,58,3006,2,1000,4.2,93,21,9,0,6,2018,14.07035176,7632,119.0,4.2,19.20666667,105.0,4.2,23.82357143,138.22,3.8,16.108,105.0,6,2018,2,True,False,120.74000000000001,105.0,138.22,-15.740000000000009,-13.036276296173602,0.0,0.0,-24.32432432432432,,Below Competitors
watches4,watches_gifts,2018-07-01,8,840.0,24.93875,105.0,58,3006,2,1000,4.2,122,22,9,1,7,2018,4.020100503,7632,118.3636364,4.2,15.48,105.0,4.2,24.93875,155.0,3.8,16.47,105.0,7,2018,3,False,True,126.12121213333334,105.0,155.0,-21.121212133333344,-16.746756375132467,0.0,0.0,-71.42857142857143,,Below Competitors
watches4,watches_gifts,2018-08-01,7,735.0,23.38571429,105.0,58,3006,2,1000,4.2,61,23,8,1,8,2018,3.51758794,7632,112.0,4.2,13.44,105.0,4.2,23.38571429,145.5509091,3.8,21.89727273,105.0,8,2018,3,False,True,120.85030303333333,105.0,145.5509091,-15.850303033333333,-13.115650218073057,0.0,0.0,-12.5,,Below Competitors
watches5,watches_gifts,2017-08-01,8,1839.2,15.14125,229.9,42,236,1,342,4.1,48,23,8,1,8,2017,12.12121212,3510,160.6692308,4.2,15.18538462,229.9,4.1,15.14125,179.9,3.8,14.92666667,229.85,8,2017,3,False,True,190.15641026666665,160.6692308,229.9,39.74358973333335,20.90047328806784,0.05000000000001137,0.021753317380905534,,,Above Competitors
watches5,watches_gifts,2017-09-01,10,2190.6,15.345,219.06,42,236,1,342,4.1,54,21,9,1,9,2017,15.15151515,3510,148.7785714,4.2,14.04111111,219.06,4.1,15.345,164.57,3.8,19.528,229.9,9,2017,3,False,True,177.46952380000002,148.7785714,219.06,41.59047619999998,23.43527796179277,-10.840000000000003,-4.715093518921272,25.0,-5.302121771217711,Above Competitors
watches5,watches_gifts,2017-10-01,8,1729.2,19.1,216.15,42,236,1,342,4.1,43,22,9,2,10,2017,12.12121212,3510,134.9,4.2,6.81,216.15,4.1,19.1,232.49,3.8,14.2125,219.06,10,2017,4,False,True,194.51333333333332,134.9,232.49,21.636666666666684,11.123487678651003,-2.9099999999999966,-1.3284031772117213,-19.999999999999996,15.055670103092798,Above Competitors
watches5,watches_gifts,2017-11-01,12,2395.2,19.795,203.2909091,42,236,1,342,4.1,91,22,8,4,11,2017,18.18181818,3510,133.0,4.2,19.91666667,108.0,4.2,15.90846154,174.4333333,3.8,20.99277778,216.15,11,2017,4,False,True,138.47777776666666,108.0,174.4333333,64.81313133333333,46.803994387130224,-12.859090900000012,-5.949151468887353,50.0,-8.40455992110608,Above Competitors
watches5,watches_gifts,2017-12-01,28,6287.2,17.48678571,224.5428571,42,236,1,342,4.1,73,21,10,1,12,2017,42.42424242,3510,149.0,4.2,19.1,108.0,4.2,16.65384615,185.96,3.8,18.686,203.2909091,12,2017,4,False,True,147.65333333333334,108.0,185.96,76.88952376666666,52.07435689452772,21.251948,10.453958858310797,133.33333333333334,12.754338824218218,Above Competitors
watches5,watches_gifts,2018-01-01,10,2207.7,20.496,220.77,42,236,1,342,4.1,59,23,8,2,1,2018,12.98701299,3510,220.77,4.1,20.496,108.0,4.2,16.19636364,199.0,3.8,21.88,224.5428571,1,2018,1,True,False,175.92333333333332,108.0,220.77,44.84666666666669,25.492165147696934,-3.7728570999999818,-1.6802391974195567,-64.28571428571428,38.25985870609475,Above Competitors
watches5,watches_gifts,2018-02-01,21,4319.4,20.90238095,205.6857143,42,236,1,342,4.1,90,20,8,2,2,2018,27.27272727,3510,128.2416667,4.2,15.92666667,108.0,4.2,18.25363636,182.0,3.8,19.33,220.77,2,2018,1,True,False,139.4138889,108.0,182.0,66.27182540000001,47.53602809798674,-15.08428570000001,-6.8325794718485335,110.00000000000001,-16.099337073680587,Above Competitors
watches5,watches_gifts,2018-03-01,16,3459.0,29.476875,216.1875,42,236,1,342,4.1,125,22,9,1,3,2018,20.77922078,3510,117.4412903,4.2,18.26129032,105.6428571,4.2,21.6652381,151.8784375,3.8,20.31375,205.6857143,3,2018,1,True,False,124.98752830000001,105.6428571,151.8784375,91.19997169999999,72.96725756596946,10.5017857,5.1057438460129365,-23.809523809523814,-4.663282085355029,Above Competitors
watches5,watches_gifts,2018-04-01,13,2657.0,4.088461538,204.3846154,42,236,1,342,4.1,178,21,9,1,4,2018,16.88311688,3510,105.648625,4.2,2.181647059,105.0,4.2,13.63142857,150.1333333,3.8,19.44777778,216.1875,4,2018,2,True,False,120.26065276666667,105.0,150.1333333,84.12396263333333,69.95136039761331,-11.802884599999999,-5.459559225209597,-18.75,3.434343181665947,Above Competitors
watches5,watches_gifts,2018-05-01,17,3383.0,0.0,199.0,42,236,1,342,4.1,260,23,8,3,5,2018,22.07792208,3510,103.7925234,4.2,0.095438596,105.0,4.2,11.3772973,132.53125,3.8,15.7621875,204.3846154,5,2018,2,True,False,113.77459113333333,103.7925234,132.53125,85.22540886666667,74.90724248509085,-5.384615400000001,-2.6345502519657855,30.76923076923077,-11.67912084663108,Above Competitors
watches6,watches_gifts,2017-06-01,4,652.0,14.265,163.0,33,523,3,584,4.2,17,22,8,1,6,2017,4.781275793,2288,163.0,4.2,14.265,163.0,4.2,14.265,185.0,3.8,14.74,162.95,6,2017,2,True,False,170.33333333333334,163.0,185.0,-7.333333333333343,-4.305283757338557,0.05000000000001137,0.03068425897515273,,,Similar to Competitors
watches6,watches_gifts,2017-07-01,11,1777.5,15.52545455,161.5909091,33,523,3,584,4.2,29,21,10,1,7,2017,10.47341115,2288,161.5909091,4.2,15.52545455,161.5909091,4.2,15.52545455,197.383,3.8,16.606,163.0,7,2017,3,False,True,173.52160606666666,161.5909091,197.383,-11.930696966666659,-6.875626175384124,-1.4090908999999954,-0.8644729447852733,175.0,-202.43548517700378,Below Competitors
watches6,watches_gifts,2017-08-01,13,2088.7,15.18538462,160.6692308,33,523,3,584,4.2,48,23,8,1,8,2017,10.04303738,2288,160.6692308,4.2,15.18538462,160.6692308,4.2,15.18538462,179.9,3.8,14.92666667,161.5909091,8,2017,3,False,True,167.07948720000002,160.6692308,179.9,-6.410256400000009,-3.8366507507451866,-0.9216782999999964,-0.5703775695881622,18.181818181818187,-31.87681134611633,Similar to Competitors
watches6,watches_gifts,2017-09-01,18,2762.5,14.04111111,148.7785714,33,523,3,584,4.2,54,21,9,1,9,2017,27.27272727,2288,148.7785714,4.2,14.04111111,148.7785714,4.2,14.04111111,164.57,3.8,19.528,160.6692308,9,2017,3,False,True,154.04238093333333,148.7785714,164.57,-5.26380953333333,-3.417117744766233,-11.890659400000004,-7.400707242322843,38.46153846153846,-5.1970085023207355,Similar to Competitors
watches6,watches_gifts,2017-10-01,1,134.9,6.81,134.9,33,523,3,584,4.2,43,22,9,2,10,2017,1.515151515,2288,134.9,4.2,6.81,134.9,4.2,6.81,232.49,3.8,14.2125,148.7785714,10,2017,4,False,True,167.43,134.9,232.49,-32.53,-19.42901511079257,-13.878571399999998,-9.328340277368733,-94.44444444444444,10.124463906357906,Below Competitors
watches6,watches_gifts,2017-11-01,15,1995.0,19.91666667,133.0,33,523,3,584,4.2,91,22,8,4,11,2017,22.72727273,2288,133.0,4.2,19.91666667,108.0,4.2,15.90846154,174.4333333,3.8,20.99277778,134.9,11,2017,4,False,True,138.47777776666666,108.0,174.4333333,-5.477777766666662,-3.9557088906327267,-1.9000000000000057,-1.4084507042253562,1400.0,-993.999999999997,Similar to Competitors
watches6,watches_gifts,2017-12-01,4,596.0,19.1,149.0,33,523,3,584,4.2,73,21,10,1,12,2017,6.060606061,2288,149.0,4.2,19.1,108.0,4.2,16.65384615,185.96,3.8,18.686,133.0,12,2017,4,False,True,147.65333333333334,108.0,185.96,1.346666666666664,0.9120462344229708,16.0,12.030075187969924,-73.33333333333334,-6.095833333333334,Similar to Competitors
watches6,watches_gifts,2018-02-01,6,769.45,15.92666667,128.2416667,33,523,3,584,4.2,90,20,8,2,2,2018,2.33463035,2288,128.2416667,4.2,15.92666667,108.0,4.2,18.25363636,182.0,3.8,19.33,128.1916667,2,2018,1,True,False,139.4138889,108.0,182.0,-11.172222199999993,-8.013708166489568,0.04999999999998295,0.039004095419864715,50.0,1281.9166670004374,Below Competitors
watches6,watches_gifts,2018-03-01,31,3640.68,18.26129032,117.4412903,33,523,3,584,4.2,125,22,9,1,3,2018,12.06225681,2288,117.4412903,4.2,18.26129032,105.6428571,4.2,21.6652381,151.8784375,3.8,20.31375,128.2416667,3,2018,1,True,False,124.98752830000001,105.6428571,151.8784375,-7.546238000000002,-6.03759279236823,-10.80037639999999,-8.421893350205492,416.6666666666667,-49.47422739050716,Below Competitors
watches6,watches_gifts,2018-04-01,85,8961.49,2.181647059,105.648625,33,523,3,584,4.2,178,21,9,1,4,2018,33.07392996,2288,105.648625,4.2,2.181647059,105.0,4.2,13.63142857,150.1333333,3.8,19.44777778,117.4412903,4,2018,2,True,False,120.26065276666667,105.0,150.1333333,-14.612027766666671,-12.15029806550058,-11.79266530000001,-10.041328113711987,174.19354838709674,-17.347660231242305,Below Competitors
watches6,watches_gifts,2018-05-01,114,11820.2,0.095438596,103.7925234,33,523,3,584,4.2,260,23,8,3,5,2018,44.35797665,2288,103.7925234,4.2,0.095438596,105.0,4.2,11.3772973,132.53125,3.8,15.7621875,105.648625,5,2018,2,True,False,113.77459113333333,103.7925234,132.53125,-9.982067733333338,-8.773547444908218,-1.8561016000000023,-1.7568629975070686,34.11764705882352,-19.419640067116987,Below Competitors
watches6,watches_gifts,2018-06-01,9,1071.0,19.20666667,119.0,33,523,3,584,4.2,93,21,9,0,6,2018,4.781275793,2288,119.0,4.2,19.20666667,105.0,4.2,23.82357143,138.22,3.8,16.108,103.7925234,6,2018,2,True,False,120.74000000000001,105.0,138.22,-1.740000000000009,-1.4411131356634164,15.207476600000007,14.651803522873024,-92.10526315789474,-6.28627479300474,Similar to Competitors
watches6,watches_gifts,2018-07-01,11,1302.0,15.48,118.3636364,33,523,3,584,4.2,122,22,9,1,7,2018,10.47341115,2288,118.3636364,4.2,15.48,105.0,4.2,24.93875,155.0,3.8,16.47,119.0,7,2018,3,False,True,126.12121213333334,105.0,155.0,-7.75757573333334,-6.150888975862485,-0.6363635999999957,-0.5347593277310888,22.222222222222232,-41.55555793015917,Below Competitors
watches6,watches_gifts,2018-08-01,1,112.0,13.44,112.0,33,523,3,584,4.2,61,23,8,1,8,2018,10.04303738,2288,112.0,4.2,13.44,105.0,4.2,23.38571429,145.5509091,3.8,21.89727273,118.3636364,8,2018,3,False,True,120.85030303333333,105.0,145.5509091,-8.850303033333333,-7.32336023261126,-6.363636400000004,-5.376344115091756,-90.9090909090909,16.909090817662328,Below Competitors
watches7,watches_gifts,2017-08-01,2,678.0,13.845,339.0,46,501,4,363,3.7,48,23,8,1,8,2017,6.060606061,3042,160.6692308,4.2,15.18538462,339.0,3.7,13.845,179.9,3.8,14.92666667,338.95,8,2017,3,False,True,226.52307693333333,160.6692308,339.0,112.47692306666667,49.65362672509039,0.05000000000001137,0.014751438265234213,,,Above Competitors
watches7,watches_gifts,2017-09-01,1,339.0,13.94,339.0,46,501,4,363,3.7,54,21,9,1,9,2017,3.03030303,3042,148.7785714,4.2,14.04111111,339.0,3.7,13.94,164.57,3.8,19.528,339.0,9,2017,3,False,True,217.44952380000004,148.7785714,339.0,121.55047619999996,55.89824897101013,0.0,0.0,-50.0,,Above Competitors
watches7,watches_gifts,2017-10-01,10,3461.58,13.455,346.158,46,501,4,363,3.7,43,22,9,2,10,2017,30.3030303,3042,134.9,4.2,6.81,346.158,3.7,13.455,232.49,3.8,14.2125,339.0,10,2017,4,False,True,237.84933333333333,134.9,346.158,108.30866666666668,45.53667027305802,7.1580000000000155,2.111504424778766,900.0,426.23637887678024,Above Competitors
watches7,watches_gifts,2017-11-01,9,3111.36,14.27555556,345.7066667,46,501,4,363,3.7,91,22,8,4,11,2017,27.27272727,3042,133.0,4.2,19.91666667,108.0,4.2,15.90846154,174.4333333,3.8,20.99277778,346.158,11,2017,4,False,True,138.47777776666666,108.0,174.4333333,207.22888893333337,149.6477574058933,-0.4513332999999875,-0.1303836109522205,-9.999999999999998,76.69675603373595,Above Competitors
watches7,watches_gifts,2017-12-01,11,3836.8,16.10272727,348.8,46,501,4,363,3.7,73,21,10,1,12,2017,33.33333333,3042,149.0,4.2,19.1,108.0,4.2,16.65384615,185.96,3.8,18.686,345.7066667,12,2017,4,False,True,147.65333333333334,108.0,185.96,201.14666666666668,136.2290048762868,3.0933332999999834,0.8947855502839752,22.222222222222232,24.835249312161597,Above Competitors
watches7,watches_gifts,2018-01-01,1,339.9,17.13,339.9,46,501,4,363,3.7,59,23,8,2,1,2018,1.111111111,3042,339.9,3.7,17.13,108.0,4.2,16.19636364,199.0,3.8,21.88,348.8,1,2018,1,True,False,215.63333333333333,108.0,339.9,124.26666666666665,57.62869067862111,-8.900000000000034,-2.5516055045871657,-90.9090909090909,35.62819203268628,Above Competitors
watches7,watches_gifts,2018-02-01,5,1735.0,17.176,347.0,46,501,4,363,3.7,90,20,8,2,2,2018,5.555555556,3042,128.2416667,4.2,15.92666667,108.0,4.2,18.25363636,182.0,3.8,19.33,339.9,2,2018,1,True,False,139.4138889,108.0,182.0,207.5861111,148.89916115093754,7.100000000000023,2.0888496616652024,400.0,191.49295774647825,Above Competitors
watches7,watches_gifts,2018-03-01,6,1847.0,18.22333333,307.8333333,46,501,4,363,3.7,125,22,9,1,3,2018,6.666666667,3042,117.4412903,4.2,18.26129032,105.6428571,4.2,21.6652381,151.8784375,3.8,20.31375,347.0,3,2018,1,True,False,124.98752830000001,105.6428571,151.8784375,182.84580499999998,146.2912400036636,-39.16666670000001,-11.287223832853028,19.999999999999996,-1.771914892109008,Above Competitors
watches7,watches_gifts,2018-04-01,6,1684.0,18.16833333,280.6666667,46,501,4,363,3.7,178,21,9,1,4,2018,6.666666667,3042,105.648625,4.2,2.181647059,105.0,4.2,13.63142857,150.1333333,3.8,19.44777778,307.8333333,4,2018,2,True,False,120.26065276666667,105.0,150.1333333,160.40601393333333,133.3819584736147,-27.166666599999985,-8.825121798465087,0.0,-0.0,Above Competitors
watches7,watches_gifts,2018-05-01,23,5956.3,13.63130435,258.9695652,46,501,4,363,3.7,260,23,8,3,5,2018,25.55555556,3042,103.7925234,4.2,0.095438596,105.0,4.2,11.3772973,132.53125,3.8,15.7621875,280.6666667,5,2018,2,True,False,113.77459113333333,103.7925234,132.53125,145.19497406666665,127.6163444055022,-21.69710150000003,-7.730558728298044,283.33333333333337,-36.65108089744917,Above Competitors
watches7,watches_gifts,2018-06-01,4,983.6,14.795,245.9,46,501,4,363,3.7,93,21,9,0,6,2018,4.444444444,3042,119.0,4.2,19.20666667,105.0,4.2,23.82357143,138.22,3.8,16.108,258.9695652,6,2018,2,True,False,120.74000000000001,105.0,138.22,125.16,103.66075865496107,-13.069565199999971,-5.046757208672941,-82.6086956521739,16.3686684808632,Above Competitors
watches7,watches_gifts,2018-07-01,45,7651.27,17.95355556,169.3493182,46,501,4,363,3.7,122,22,9,1,7,2018,50.0,3042,118.3636364,4.2,15.48,105.0,4.2,24.93875,155.0,3.8,16.47,245.9,7,2018,3,False,True,126.12121213333334,105.0,155.0,43.228106066666655,34.27504805533155,-76.5506818,-31.130818137454252,1025.0,-32.92557219261762,Above Competitors
watches8,watches_gifts,2017-07-01,2,479.8,14.805,239.9,35,640,1,335,4.1,29,21,10,1,7,2017,31.19469027,2992,161.5909091,4.2,15.52545455,239.9,4.1,14.805,197.383,3.8,16.606,239.85,7,2017,3,False,True,199.62463636666666,161.5909091,239.9,40.27536363333334,20.175547651020555,0.05000000000001137,0.020846362309781683,,,Above Competitors
watches8,watches_gifts,2017-10-01,2,479.8,11.22,239.9,35,640,1,335,4.1,43,22,9,2,10,2017,50.0,2992,134.9,4.2,6.81,239.9,4.1,11.22,232.49,3.8,14.2125,239.85,10,2017,4,False,True,202.42999999999998,134.9,239.9,37.47000000000003,18.510102257570534,0.05000000000001137,0.020846362309781683,0.0,0.0,Above Competitors
watches8,watches_gifts,2018-01-01,2,459.8,16.36,229.9,35,640,1,335,4.1,59,23,8,2,1,2018,1.769911504,2992,229.9,4.1,16.36,108.0,4.2,16.19636364,199.0,3.8,21.88,229.85,1,2018,1,True,False,178.96666666666667,108.0,229.9,50.93333333333334,28.45967591730304,0.05000000000001137,0.021753317380905534,0.0,0.0,Above Competitors
watches8,watches_gifts,2018-02-01,11,2250.8,17.02545455,204.6181818,35,640,1,335,4.1,90,20,8,2,2,2018,9.734513274,2992,128.2416667,4.2,15.92666667,108.0,4.2,18.25363636,182.0,3.8,19.33,229.9,2,2018,1,True,False,139.4138889,108.0,182.0,65.20429290000001,46.77029915345832,-25.281818200000004,-10.996876120052198,450.0,-40.92071194468125,Above Competitors
watches8,watches_gifts,2018-03-01,16,2680.0,17.154375,167.5,35,640,1,335,4.1,125,22,9,1,3,2018,14.15929204,2992,117.4412903,4.2,18.26129032,105.6428571,4.2,21.6652381,151.8784375,3.8,20.31375,204.6181818,3,2018,1,True,False,124.98752830000001,105.6428571,151.8784375,42.51247169999999,34.013370996472446,-37.1181818,-18.14021680452641,45.45454545454546,-2.505733307619757,Above Competitors
watches8,watches_gifts,2018-04-01,26,3908.9,17.50192308,150.3423077,35,640,1,335,4.1,178,21,9,1,4,2018,23.00884956,2992,105.648625,4.2,2.181647059,105.0,4.2,13.63142857,150.1333333,3.8,19.44777778,167.5,4,2018,2,True,False,120.26065276666667,105.0,150.1333333,30.081654933333326,25.01371333124115,-17.157692300000008,-10.243398388059706,62.5,-6.101490699888583,Above Competitors
watches8,watches_gifts,2018-05-01,30,4355.0,16.259,145.1666667,35,640,1,335,4.1,260,23,8,3,5,2018,26.54867257,2992,103.7925234,4.2,0.095438596,105.0,4.2,11.3772973,132.53125,3.8,15.7621875,150.3423077,5,2018,2,True,False,113.77459113333333,103.7925234,132.53125,31.392075566666676,27.59146418718223,-5.175640999999985,-3.4425712091154663,15.384615384615374,-4.468931635714311,Above Competitors
watches8,watches_gifts,2018-06-01,3,457.9,19.17,152.6333333,35,640,1,335,4.1,93,21,9,0,6,2018,2.654867257,2992,119.0,4.2,19.20666667,105.0,4.2,23.82357143,138.22,3.8,16.108,145.1666667,6,2018,2,True,False,120.74000000000001,105.0,138.22,31.893333299999995,26.414885953288053,7.466666599999996,5.143513156109409,-90.0,-17.497768017390793,Above Competitors
watches8,watches_gifts,2018-07-01,14,2200.0,16.65714286,157.1428571,35,640,1,335,4.1,122,22,9,1,7,2018,31.19469027,2992,118.3636364,4.2,15.48,105.0,4.2,24.93875,155.0,3.8,16.47,152.6333333,7,2018,3,False,True,126.12121213333334,105.0,155.0,31.021644966666642,24.596691105276605,4.509523799999982,2.954481634189655,366.6666666666667,124.10524486717101,Above Competitors
watches8,watches_gifts,2018-08-01,11,1737.4,14.59272727,157.9454545,35,640,1,335,4.1,61,23,8,1,8,2018,9.734513274,2992,112.0,4.2,13.44,105.0,4.2,23.38571429,145.5509091,3.8,21.89727273,157.1428571,8,2018,3,False,True,120.85030303333333,105.0,145.5509091,37.09515146666668,30.695124907080267,0.8025974000000247,0.5107438001393095,-21.42857142857143,-41.95561732267061,Above Competitors
