StockCode,MonthYear,Next_Month_Quantity,Predicted_Quantity,Absolute_Error,Relative_Error_Pct,Prediction_Risk,Suggested_Stock
10080,2011-07,60.0,83.39326089722736,23.393260897227364,38.98876816204561,Moderate,92
10080,2011-08,60.0,79.97529020400461,19.975290204004608,33.29215034000768,Moderate,88
10080,2011-09,6.0,91.58763832343256,85.58763832343256,1426.460638723876,High,101
10080,2011-10,91.0,72.07298594106612,18.92701405893388,20.79891654827899,Moderate,80
10120,2011-08,10.0,61.7334619622918,51.7334619622918,517.334619622918,High,68
10120,2011-09,10.0,65.07727849176912,55.07727849176912,550.7727849176912,High,72
10120,2011-10,49.0,52.05811853597356,3.058118535973556,6.241058236680726,Low,58
10120,2011-11,6.0,58.198617259804514,52.198617259804514,869.9769543300752,High,65
10125,2011-07,85.0,138.17254714474706,53.17254714474706,62.55593781734948,High,152
10125,2011-08,210.0,98.13180797209128,111.86819202790872,53.27056763233748,High,108
10125,2011-09,51.0,151.97232245538655,100.97232245538656,197.98494599095403,High,168
10125,2011-10,62.0,93.403329749172,31.403329749171988,50.65053185350321,High,103
10125,2011-11,26.0,68.97581943487121,42.97581943487121,165.29161321104314,High,76
10133,2011-07,753.0,586.3286390193273,166.67136098067272,22.13431088720753,Moderate,645
10133,2011-08,207.0,489.2211196367549,282.2211196367549,136.33870513852895,High,539
10135,2011-07,151.0,148.1468145165038,2.8531854834961905,1.8895268102623777,Low,163
10135,2011-08,70.0,129.13933699703674,59.139336997036736,84.48476713862391,High,143
10135,2011-09,69.0,123.32733033977772,54.32733033977772,78.73526136199669,High,136
10135,2011-10,181.0,108.34361823943384,72.65638176056615,40.14164738152826,Moderate,120
10135,2011-11,69.0,101.58175091409493,32.58175091409491,47.21992886100711,Moderate,112
11001,2011-07,499.0,200.68850939055744,298.31149060944256,59.78186184557968,High,221
11001,2011-08,96.0,275.32171413126014,179.32171413126014,186.79345222006265,High,303
11001,2011-09,116.0,157.0081210386891,41.0081210386891,35.35182848162853,Moderate,173
11001,2011-10,128.0,184.5639947067416,56.56399470674157,44.19062086464185,Moderate,204
11001,2011-11,22.0,107.32666821697278,85.32666821697278,387.84849189533077,High,119
15030,2011-07,2.0,94.37860107947888,92.37860107947888,4618.930053973944,High,104
15030,2011-08,3.0,72.07298594106612,69.07298594106612,2302.4328647022044,High,80
15030,2011-09,10.0,46.12694965944646,36.12694965944646,361.2694965944646,High,51
15030,2011-10,22.0,45.64746523196252,23.64746523196252,107.48847832710237,High,51
15030,2011-11,2.0,53.74761485640741,51.74761485640741,2587.3807428203704,High,60
15034,2011-07,205.0,336.1101128440364,131.1101128440364,63.95615260684701,High,370
15034,2011-08,394.0,386.6946576086124,7.305342391387569,1.8541478150729869,Low,426
15034,2011-09,1791.0,579.9589093330552,1211.041090666945,67.61815134935483,High,638
15034,2011-10,573.0,822.763751696969,249.76375169696905,43.58878738166999,Moderate,906
15034,2011-11,2.0,477.21966029803474,475.21966029803474,23760.983014901736,High,525
15036,2011-07,1427.0,2408.9731805826805,981.9731805826804,68.81381784041209,High,2650
15036,2011-08,487.0,2249.8176451316685,1762.8176451316683,361.97487579705717,High,2475
15036,2011-09,1255.0,1352.4179580666696,97.4179580666696,7.762387096945784,Low,1488
15036,2011-10,604.0,1741.076705088041,1137.076705088041,188.2577326304704,High,1916
15036,2011-11,69.0,612.4156198427937,543.4156198427937,787.5588693373822,High,674
15039,2011-07,152.0,244.3700839195565,92.37008391955652,60.769792052339824,High,269
15039,2011-08,61.0,241.80824319814417,180.80824319814417,296.40695606253144,High,266
15039,2011-09,134.0,115.68276082310663,18.317239176893352,13.669581475293546,Low,128
15039,2011-10,208.0,186.93567498949824,21.06432501050176,10.127079331972002,Low,206
15039,2011-11,47.0,141.7863701026982,94.7863701026982,201.67312787808126,High,156
15044A,2011-07,27.0,70.95080592323575,43.95080592323575,162.78076267865092,High,79
15044A,2011-08,32.0,57.77020311827876,25.77020311827876,80.53188474462112,High,64
15044A,2011-09,3.0,49.62258382556071,46.62258382556071,1554.0861275186903,High,55
15044A,2011-10,34.0,32.98858494163596,1.011415058364037,2.974750171658932,Low,37
15044A,2011-11,3.0,30.420243171463333,27.420243171463333,914.0081057154445,High,34
15044B,2011-07,0.0,60.9012255840152,60.9012255840152,,Zero Demand,67
15044C,2011-07,16.0,62.83432137360497,46.83432137360497,292.71450858503107,High,70
15044C,2011-08,31.0,46.21565959001035,15.215659590010349,49.082772871001126,Moderate,51
15044C,2011-09,6.0,48.196500980760455,42.196500980760455,703.2750163460075,High,54
15044C,2011-10,16.0,33.87169754583188,17.87169754583188,111.69810966144924,High,38
15044C,2011-11,2.0,25.552826393939785,23.552826393939785,1177.6413196969893,High,29
15044D,2011-07,25.0,94.55934874590444,69.55934874590443,278.2373949836177,High,105
15044D,2011-08,100.0,59.134670178335725,40.86532982166428,40.86532982166428,Moderate,66
15044D,2011-09,78.0,91.08079460174592,13.080794601745907,16.77024948941783,Low,101
15044D,2011-10,24.0,80.61647057302955,56.616470573029545,235.90196072095642,High,89
15044D,2011-11,2.0,53.19963101443958,51.19963101443958,2559.981550721979,High,59
15056BL,2011-07,221.0,373.5562711323658,152.5562711323658,69.02998693772207,High,411
15056BL,2011-08,261.0,228.5444890139304,32.45551098606964,12.435061680486452,Low,252
15056BL,2011-09,549.0,254.4097472468971,294.5902527531029,53.65942673098414,High,280
15056BL,2011-10,169.0,434.3095267677047,265.30952676770465,156.9878856613637,High,478
15056BL,2011-11,72.0,167.63290328914405,95.63290328914404,132.82347679047783,High,185
15056N,2011-07,420.0,516.6157714790853,96.61577147908532,23.003755114067932,Moderate,569
15056N,2011-08,350.0,385.2865736657764,35.286573665776416,10.081878190221834,Low,424
15056N,2011-09,275.0,469.9135403920848,194.9135403920848,70.8776510516672,High,517
15056N,2011-10,162.0,361.8538090968458,199.8538090968458,123.36654882521346,High,399
15056N,2011-11,84.0,194.12994420176216,110.1299442017622,131.10707643066928,High,214
15056P,2011-07,79.0,115.35458080786562,36.35458080786562,46.018456718817234,Moderate,127
15056P,2011-08,48.0,96.80445786538908,48.80445786538907,101.67595388622723,High,107
15056P,2011-09,48.0,86.50041276328379,38.50041276328379,80.20919325684123,High,96
15056P,2011-10,87.0,81.8257846330605,5.174215366939507,5.947373984987939,Low,91
15056P,2011-11,19.0,61.39006176884028,42.39006176884028,223.1055882570541,High,68
15056bl,2011-07,10.0,25.29113813463597,15.291138134635968,152.9113813463597,High,28
15056bl,2011-08,8.0,19.32134866516658,11.321348665166578,141.51685831458224,High,22
15056bl,2011-09,5.0,25.7320019691776,20.7320019691776,414.64003938355194,High,29
15056bl,2011-10,7.0,21.294764818028927,14.294764818028929,204.21092597184182,High,24
15056bl,2011-11,5.0,14.987315972049176,9.987315972049176,199.7463194409835,High,17
15056n,2011-07,21.0,50.98622261644805,29.986222616448053,142.79153626880026,High,57
15056n,2011-08,10.0,39.2278356229745,29.227835622974503,292.27835622974504,High,44
15056n,2011-09,11.0,26.78491845970312,15.784918459703118,143.4992587245738,High,30
15056n,2011-10,7.0,27.18308729492839,20.18308729492839,288.32981849897703,High,30
15056p,2011-07,5.0,18.880484830624948,13.880484830624948,277.60969661249896,High,21
15056p,2011-08,1.0,18.880484830624948,17.880484830624948,1788.0484830624948,High,21
15056p,2011-09,1.0,18.880484830624948,17.880484830624948,1788.0484830624948,High,21
15056p,2011-10,1.0,18.880484830624948,17.880484830624948,1788.0484830624948,High,21
15056p,2011-11,1.0,13.371347529813546,12.371347529813546,1237.1347529813545,High,15
15058A,2011-07,24.0,51.59458133407383,27.59458133407383,114.97742222530762,High,57
15058A,2011-08,5.0,63.4202094214896,58.4202094214896,1168.4041884297922,High,70
15058A,2011-09,4.0,29.089267065251835,25.089267065251835,627.2316766312958,High,32
15058A,2011-10,2.0,18.880484830624948,16.880484830624948,844.0242415312474,High,21
15058B,2011-07,32.0,52.483798466263046,20.48379846626305,64.01187020707204,High,58
15058B,2011-08,7.0,63.4202094214896,56.4202094214896,806.0029917355658,High,70
15058B,2011-09,0.0,29.928299735018733,29.928299735018733,,Zero Demand,33
15058C,2011-07,11.0,62.015251902560685,51.015251902560685,463.7750172960062,High,69
15058C,2011-08,4.0,30.78570269744973,26.78570269744973,669.6425674362432,High,34
15058C,2011-09,1.0,26.344054625161487,25.344054625161487,2534.405462516149,High,29
15058C,2011-10,1.0,19.93340132115047,18.93340132115047,1893.340132115047,High,22
15058C,2011-11,1.0,13.371347529813546,12.371347529813546,1237.1347529813545,High,15
15060B,2011-07,95.0,56.99830148184939,38.00169851815061,40.001787913842755,Moderate,63
15060B,2011-08,77.0,109.49786778527964,32.49786778527964,42.20502309776577,Moderate,121
15060B,2011-09,22.0,100.13766572536812,78.13766572536811,355.1712078425823,High,111
15060B,2011-10,18.0,56.65468478136585,38.65468478136585,214.74824878536586,High,63
15060b,2011-10,1.0,18.880484830624948,17.880484830624948,1788.0484830624948,High,21
16008,2011-07,458.0,126.11086384220178,331.88913615779825,72.46487689034896,High,139
16008,2011-08,268.0,262.91922760263907,5.080772397360931,1.8958105960301983,Low,290
16008,2011-09,342.0,179.47118671560878,162.52881328439122,47.52304481999744,Moderate,198
16008,2011-10,941.0,298.23833969443945,642.7616603055606,68.30623382630824,High,329
16008,2011-11,336.0,466.559735158282,130.55973515828202,38.85706403520298,Moderate,514
16011,2011-07,192.0,147.78347728914355,44.21652271085645,23.0294389119044,Moderate,163
16011,2011-08,48.0,154.21133653632393,106.21133653632393,221.2736177840082,High,170
16011,2011-09,119.0,130.4349300256745,11.434930025674504,9.609184895524793,Low,144
16011,2011-10,359.0,150.95838387496673,208.04161612503327,57.95031089833795,High,167
16011,2011-11,25.0,135.37048888032862,110.37048888032862,441.48195552131455,High,149
16012,2011-07,0.0,147.91909285342567,147.91909285342567,,Zero Demand,163
16014,2011-07,2065.0,408.3438781814503,1656.6561218185498,80.22547805416706,High,450
16014,2011-08,1061.0,986.2008172542828,74.79918274571708,7.049875847852693,Low,1085
16014,2011-09,40.0,488.6655871776789,448.6655871776789,1121.663967944197,High,538
16014,2011-10,3606.0,415.2058775776085,3190.7941224223914,88.4856939107707,High,457
16014,2011-11,70.0,0.0,70.0,100.0,High,0
16016,2011-07,65.0,98.86748906899992,33.86748906899992,52.103829336922956,High,109
16016,2011-08,50.0,92.92283711786568,42.92283711786568,85.84567423573137,High,103
16016,2011-09,40.0,80.99415142463764,40.99415142463764,102.4853785615941,High,90
16016,2011-10,140.0,78.249529166617,61.750470833383005,44.10747916670215,Moderate,87
16016,2011-11,80.0,84.6969813072412,4.696981307241202,5.871226634051503,Low,94
16045,2011-07,1000.0,1090.742023990117,90.7420239901171,9.07420239901171,Low,1200
16045,2011-08,1400.0,826.8991947492934,573.1008052507066,40.9357718036219,Moderate,910
16045,2011-09,1700.0,1178.7963672662995,521.2036327337003,30.659037219629425,Moderate,1297
16045,2011-10,1000.0,1804.111808272179,804.1118082721789,80.41118082721789,High,1985
16045,2011-11,200.0,534.2221856701266,334.2221856701266,167.1110928350633,High,588
16046,2011-07,31.0,39.64372617670296,8.643726176702955,27.882987666783727,Moderate,44
16046,2011-08,0.0,54.007806803971285,54.007806803971285,,Zero Demand,60
16048,2011-07,194.0,142.50058634158958,51.49941365841042,26.546089514644542,Moderate,157
16048,2011-08,145.0,184.07952240900076,39.07952240900073,26.95139476482809,Moderate,203
16048,2011-09,210.0,163.07388564881947,46.92611435118053,22.345768738657394,Moderate,180
16048,2011-10,126.0,183.9580476510579,57.95804765105791,45.99845051671262,Moderate,203
16048,2011-11,2.0,110.98596630533764,108.98596630533764,5449.298315266882,High,123
16054,2011-07,74.0,154.21700724242515,80.21700724242515,108.40136113841237,High,170
16054,2011-08,110.0,125.38190637905971,15.381906379059714,13.98355125369065,Low,138
16054,2011-09,254.0,137.3127959061744,116.6872040938256,45.9398441314274,Moderate,152
16054,2011-10,330.0,167.4187493048428,162.5812506951572,49.26704566519915,Moderate,185
16054,2011-11,36.0,154.17267929607124,118.17267929607124,328.25744248908677,High,170
16156L,2011-07,0.0,113.38750490191174,113.38750490191174,,Zero Demand,125
16156S,2011-07,200.0,422.1097729620441,222.10977296204413,111.05488648102207,High,465
16156S,2011-08,475.0,357.3147277528768,117.68527224712318,24.775846788868037,Moderate,394
16156S,2011-09,900.0,522.610906847692,377.389093152308,41.93212146136756,Moderate,575
16156S,2011-10,475.0,562.334425278646,87.334425278646,18.38619479550442,Low,619
16156S,2011-11,100.0,328.06922855631217,228.06922855631217,228.06922855631217,High,361
16161G,2011-07,50.0,147.97398548199268,97.97398548199268,195.94797096398537,High,163
16161G,2011-08,175.0,158.43296967993695,16.567030320063026,9.466874468607443,Low,175
16161G,2011-09,50.0,165.49781547067735,115.49781547067737,230.99563094135473,High,183
16161G,2011-10,125.0,163.9849791319894,38.984979131989405,31.187983305591526,Moderate,181
16161P,2011-07,625.0,727.2890242131708,102.28902421317082,16.36624387410733,Low,801
16161P,2011-08,475.0,768.0926193893424,293.0926193893424,61.70370934512472,High,845
16161P,2011-09,1000.0,721.5949384217727,278.40506157822733,27.84050615782273,Moderate,794
16161P,2011-10,525.0,730.0532215152064,205.0532215152064,39.05775647908693,Moderate,804
16161P,2011-11,150.0,369.3933843062047,219.39338430620472,146.2622562041365,High,407
16161U,2011-07,350.0,282.41113692998204,67.58886307001796,19.311103734290846,Low,311
16161U,2011-08,325.0,292.5432169885917,32.45678301140828,9.986702465048701,Low,322
16161U,2011-09,850.0,294.2830622375523,555.7169377624477,65.37846326617033,High,324
16161U,2011-10,300.0,545.1663979943338,245.1663979943338,81.72213266477793,High,600
16161U,2011-11,50.0,272.9269476575624,222.9269476575624,445.8538953151249,High,301
16162L,2011-07,1.0,47.36938133502347,46.36938133502347,4636.938133502347,High,53
16162L,2011-08,10.0,44.594548741437,34.594548741437,345.94548741437,High,50
16168M,2011-07,0.0,93.74395864280652,93.74395864280652,,Zero Demand,104
16168M,2011-10,35.0,44.33246337765304,9.332463377653042,26.664181079008692,Moderate,49
16168M,2011-11,29.0,48.58813258367521,19.58813258367521,67.54528477129384,High,54
16169M,2011-09,25.0,102.29188495821909,77.29188495821909,309.16753983287634,High,113
16169M,2011-10,50.0,80.6184283036409,30.618428303640897,61.236856607281794,High,89
16169M,2011-11,25.0,59.7060156968634,34.7060156968634,138.8240627874536,High,66
16207B,2011-07,2.0,28.614382768611637,26.614382768611637,1330.7191384305818,High,32
16216,2011-07,0.0,450.6309273461679,450.6309273461679,,Zero Demand,496
16216,2011-10,394.0,301.340956967337,92.65904303266302,23.51752361235102,Moderate,332
16216,2011-11,110.0,372.8877833439863,262.88778334398626,238.98889394907843,High,411
16218,2011-07,320.0,174.08396719257004,145.91603280742996,45.59876025232186,Moderate,192
16218,2011-08,720.0,476.36986700198025,243.63013299801972,33.83751847194718,Moderate,525
16218,2011-09,366.0,482.667315602382,116.66731560238202,31.876315738355743,Moderate,531
16218,2011-10,565.0,368.8682859746768,196.1317140253232,34.713577703597025,Moderate,406
16218,2011-11,105.0,342.2341322567595,237.2341322567595,225.9372688159614,High,377
16219,2011-07,780.0,323.1127248858371,456.8872751141629,58.57529168130293,High,356
16219,2011-08,517.0,604.218078936128,87.218078936128,16.87003461046963,Low,665
16219,2011-09,492.0,441.34687751617815,50.653122483821846,10.295350098337773,Low,486
16219,2011-10,265.0,444.0818350415221,179.08183504152208,67.57805095906494,High,489
16219,2011-11,22.0,180.8444318475179,158.8444318475179,722.0201447614451,High,199
16225,2011-07,4.0,31.250795183370133,27.250795183370133,681.2698795842533,High,35
16225,2011-08,12.0,42.10232031897342,30.10232031897342,250.85266932477847,High,47
16225,2011-09,114.0,25.404259806249208,88.5957401937508,77.71556157346562,High,28
16225,2011-10,112.0,123.20885834759558,11.20885834759558,10.007909238924626,Low,136
16225,2011-11,105.0,80.0064282413158,24.9935717586842,23.803401674937337,Moderate,89
16235,2011-07,189.0,348.34106690918713,159.34106690918713,84.30744280909373,High,384
16235,2011-08,93.0,229.8081380144536,136.8081380144536,147.10552474672429,High,253
16235,2011-09,198.0,250.2787917849372,52.2787917849372,26.403430194412724,Moderate,276
16235,2011-10,228.0,224.73410383119125,3.265896168808752,1.432410600354716,Low,248
16235,2011-11,56.0,130.65811199342875,74.65811199342875,133.31805713112277,High,144
16236,2011-07,63.0,177.05961986181535,114.05961986181536,181.04701565367517,High,195
16236,2011-08,95.0,120.61580634925096,25.61580634925096,26.964006683422063,Moderate,133
16236,2011-09,141.0,233.1105524179163,92.1105524179163,65.326632920508,High,257
16236,2011-10,260.0,168.72473194059808,91.27526805940192,35.1058723305392,Moderate,186
16236,2011-11,46.0,101.45961050578018,55.45961050578018,120.5643706647395,High,112
16237,2011-07,266.0,324.28114744091204,58.28114744091204,21.91020580485415,Moderate,357
16237,2011-08,333.0,271.584024968818,61.41597503118203,18.44323574509971,Low,299
16237,2011-09,293.0,334.45043256879234,41.45043256879234,14.146905313581001,Low,368
16237,2011-10,927.0,302.8367473525023,624.1632526474978,67.33152671494042,High,334
16237,2011-11,223.0,367.4520370961623,144.45203709616231,64.77669824940014,High,405
16238,2011-07,146.0,148.5562271254622,2.556227125462214,1.7508404968919276,Low,164
16238,2011-08,89.0,148.08276770372834,59.08276770372834,66.38513225138016,High,163
16238,2011-09,99.0,142.3491142241958,43.3491142241958,43.78698406484424,Moderate,157
16238,2011-10,176.0,152.54720315512623,23.45279684487377,13.325452752769188,Low,168
16238,2011-11,61.0,101.53792625764078,40.53792625764078,66.45561681580455,High,112
16254,2011-07,3.0,44.877152912559886,41.877152912559886,1395.9050970853295,High,50
16254,2011-08,1.0,23.662915311205,22.662915311205,2266.2915311205,High,27
16254,2011-09,15.0,23.662915311205,8.662915311205001,57.75276874136668,High,27
16254,2011-10,7.0,26.246364048677872,19.246364048677872,274.9480578382553,High,29
16258A,2011-07,2.0,76.36690879840049,74.36690879840049,3718.3454399200245,High,85
16258A,2011-08,8.0,56.66097260262466,48.66097260262466,608.2621575328083,High,63
16258A,2011-09,81.0,45.64746523196252,35.35253476803748,43.64510465189812,Moderate,51
16258A,2011-10,37.0,91.52290216711503,54.52290216711505,147.3591950462569,High,101
16258A,2011-11,161.0,53.03356438822202,107.96643561177798,67.05989789551427,High,59
16259,2011-07,324.0,614.1851559617639,290.18515596176394,89.56331974128517,High,676
16259,2011-08,456.0,563.015350012778,107.01535001277796,23.468278511574113,Moderate,620
16259,2011-09,24.0,591.6294886441801,567.6294886441801,2365.1228693507505,High,651
16259,2011-10,20.0,260.2643870288756,240.2643870288756,1201.3219351443781,High,287
17003,2011-07,1454.0,1864.2121259130404,410.2121259130404,28.212663405298517,Moderate,2051
17003,2011-08,2159.0,1610.4575150474536,548.5424849525464,25.407248029298117,Moderate,1772
17003,2011-09,2400.0,1868.9374347403168,531.0625652596834,22.127606885820143,Moderate,2056
17003,2011-10,1071.0,1639.0125027391482,568.0125027391482,53.035714541470426,High,1803
17003,2011-11,297.0,960.0110133358824,663.0110133358825,223.23603142622304,High,1057
17012A,2011-07,12.0,50.064832595215,38.064832595215,317.20693829345834,High,56
17012A,2011-08,58.0,31.732691038027447,26.267308961972557,45.28846372753889,Moderate,35
17012A,2011-09,94.0,57.72565774666598,36.27434225333402,38.58972580141916,Moderate,64
17012A,2011-10,10.0,102.04254435541672,92.04254435541672,920.4254435541673,High,113
17012A,2011-11,5.0,46.60797070337616,41.60797070337616,832.1594140675232,High,52
17012B,2011-07,37.0,64.63968494611105,27.639684946111046,74.70185120570552,High,72
17012B,2011-08,41.0,56.14528186153323,15.145281861533228,36.939711857398116,Moderate,62
17012B,2011-09,136.0,70.19679621939055,65.80320378060945,48.38470866221283,Moderate,78
17012B,2011-10,5.0,148.39866753103638,143.39866753103638,2867.9733506207276,High,164
17012C,2011-07,6.0,39.48046266839182,33.48046266839182,558.0077111398637,High,44
17012C,2011-08,11.0,31.126485105741544,20.126485105741544,182.96804641583222,High,35
17012C,2011-09,71.0,26.45717629677473,44.54282370322527,62.73637141299333,High,30
17012C,2011-10,94.0,94.86971473441102,0.8697147344110192,0.9252284408627863,Low,105
17012C,2011-11,20.0,69.38180275074971,49.38180275074971,246.90901375374858,High,77
17012D,2011-07,58.0,32.06381945887461,25.93618054112539,44.71755265711273,Moderate,36
17012D,2011-08,43.0,76.6758322631363,33.6758322631363,78.31588898403791,High,85
17012D,2011-09,86.0,64.35330261954827,21.646697380451727,25.170578349362472,Moderate,71
17012D,2011-10,165.0,93.26003283247756,71.73996716752244,43.47876798031663,Moderate,103
17012D,2011-11,50.0,104.6195611555774,54.61956115557739,109.23912231115477,High,116
17012F,2011-07,27.0,60.58048271623482,33.58048271623482,124.37215820827711,High,67
17012F,2011-08,34.0,57.37203428305349,23.372034283053488,68.74127730309849,High,64
17012F,2011-09,48.0,50.23768439585795,2.237684395857947,4.661842491370724,Low,56
17012F,2011-10,162.0,91.58496036704057,70.41503963295945,43.46607384750583,Moderate,101
17012F,2011-11,49.0,95.2370387646383,46.2370387646383,94.36130360130265,High,105
17021,2011-07,37.0,154.924436144079,117.924436144079,318.71469228129456,High,171
17021,2011-08,180.0,109.19909605587308,70.80090394412692,39.33383552451495,Moderate,121
17021,2011-09,144.0,165.8303668208977,21.83036682089769,15.159976958956731,Low,183
17021,2011-10,108.0,143.50345656592802,35.50345656592802,32.8735708943778,Moderate,158
17021,2011-11,36.0,108.50526453392342,72.50526453392342,201.40351259423173,High,120
17038,2011-07,36.0,101.92776013948698,65.92776013948698,183.13266705413048,High,113
17038,2011-08,200.0,119.68314073694997,80.31685926305003,40.15842963152502,Moderate,132
17038,2011-09,205.0,148.16393800640444,56.83606199359557,27.724908289558815,Moderate,163
17038,2011-10,204.0,158.79064767412424,45.20935232587576,22.16144721856655,Moderate,175
17038,2011-11,3.0,117.04649380657762,114.04649380657762,3801.5497935525873,High,129
17084A,2011-07,0.0,71.78091277779944,71.78091277779944,,Zero Demand,79
17084N,2011-07,103.0,116.19840143429104,13.198401434291045,12.813981975039848,Low,128
17084N,2011-08,147.0,120.52402035439034,26.47597964560965,18.01087050721745,Low,133
17084N,2011-09,181.0,148.54296214902956,32.45703785097044,17.932065111033392,Low,164
17084N,2011-10,162.0,155.8796297743517,6.120370225648287,3.778006312128572,Low,172
17084N,2011-11,30.0,92.65887654186729,62.658876541867286,208.8629218062243,High,102
17084P,2011-07,58.0,83.39326089722736,25.393260897227364,43.78148430556442,Moderate,92
17084P,2011-08,53.0,76.92017738029158,23.920177380291577,45.13241015149354,Moderate,85
17084P,2011-09,28.0,86.63050716904222,58.63050716904222,209.39466846086506,High,96
17084P,2011-10,38.0,80.6184283036409,42.6184283036409,112.15375869379183,High,89
17084P,2011-11,27.0,55.17369770120767,28.173697701207665,104.34702852299137,High,61
17084R,2011-07,0.0,190.7611335952947,190.7611335952947,,Zero Demand,210
17084R,2011-10,216.0,176.50539382770287,39.494606172297125,18.284539894582004,Low,195
17084R,2011-11,72.0,229.3086420425683,157.3086420425683,218.48422505912262,High,253
17090A,2011-07,0.0,39.64372617670296,39.64372617670296,,Zero Demand,44
17091J,2011-07,183.0,160.98703249759657,22.012967502403427,12.028943990384386,Low,178
17091J,2011-08,71.0,176.45707648861747,105.45707648861747,148.5310936459401,High,195
17091J,2011-09,207.0,136.2512935286878,70.7487064713122,34.17811906826677,Moderate,150
17091J,2011-10,182.0,169.98062349314068,12.019376506859317,6.604053025746877,Low,187
17091J,2011-11,216.0,107.71738093375684,108.28261906624316,50.13084216029776,High,119
17107D,2011-09,25.0,31.66565062364934,6.665650623649341,26.662602494597365,Moderate,35
17107D,2011-10,15.0,48.638749750414746,33.638749750414746,224.25833166943164,High,54
17107D,2011-11,5.0,27.101350509785792,22.101350509785792,442.0270101957159,High,30
17129F,2011-07,95.0,117.01709322807513,22.01709322807513,23.175887608500137,Moderate,129
17129F,2011-08,15.0,102.52202878290066,87.52202878290066,583.4801918860044,High,113
17129F,2011-09,37.0,65.69716175098718,28.697161750987178,77.55989662428966,High,73
17129F,2011-10,1.0,50.65555303859862,49.65555303859862,4965.555303859862,High,56
17129F,2011-11,1.0,43.01583061152223,42.01583061152223,4201.583061152223,High,48
17136A,2011-07,6.0,155.1957234081221,149.1957234081221,2486.5953901353682,High,171
17136A,2011-08,86.0,225.74949174465573,139.74949174465573,162.49940900541364,High,249
17136A,2011-09,9.0,99.905810946409,90.905810946409,1010.0645660712111,High,110
17136A,2011-10,96.0,219.4719434891455,123.4719434891455,128.61660780119323,High,242
18094C,2011-07,6.0,67.57333391972278,61.57333391972279,1026.2222319953798,High,75
18094C,2011-08,22.0,47.23437491446998,25.23437491446998,114.70170415668173,High,52
18094C,2011-09,3.0,42.39404553806855,39.39404553806855,1313.134851268952,High,47
18097C,2011-07,49.0,53.01421048064778,4.014210480647783,8.192266287036293,Low,59
18097C,2011-08,3.0,52.18487145093082,49.18487145093082,1639.4957150310272,High,58
18097C,2011-09,15.0,48.59884197452697,33.59884197452697,223.9922798301798,High,54
18097C,2011-10,26.0,27.65047819373786,1.650478193737861,6.347993052837928,Low,31
18097C,2011-11,2.0,41.99705848535709,39.99705848535709,1999.8529242678544,High,47
18098C,2011-07,4.0,26.008343778074988,22.008343778074988,550.2085944518747,High,29
20615,2011-07,47.0,63.91779817424871,16.91779817424871,35.99531526435896,Moderate,71
20615,2011-08,3.0,73.73610336119901,70.73610336119901,2357.8701120399674,High,82
20615,2011-09,27.0,47.23437491446998,20.23437491446998,74.94212931285178,High,52
20615,2011-10,75.0,43.96731898098783,31.032681019012173,41.376908025349564,Moderate,49
20615,2011-11,2.0,51.37455923745448,49.37455923745448,2468.727961872724,High,57
20616,2011-07,9.0,63.02734360990394,54.02734360990394,600.3038178878215,High,70
20616,2011-08,1.0,55.97022218533437,54.97022218533437,5497.022218533437,High,62
20616,2011-09,8.0,49.02196193354831,41.02196193354831,512.7745241693539,High,54
20616,2011-10,25.0,37.26494045788167,12.264940457881671,49.059761831526686,Moderate,41
20616,2011-11,1.0,38.41952057770617,37.41952057770617,3741.952057770617,High,43
20617,2011-07,7.0,31.250795183370133,24.250795183370133,346.4399311910019,High,35
20617,2011-08,2.0,40.64313447236904,38.64313447236904,1932.1567236184521,High,45
20617,2011-09,4.0,24.672983338771957,20.672983338771957,516.8245834692989,High,28
20617,2011-10,12.0,23.662915311205,11.662915311205,97.19096092670833,High,27
20617,2011-11,1.0,18.84260305783992,17.84260305783992,1784.260305783992,High,21
20618,2011-07,12.0,34.26986638105715,22.26986638105715,185.5822198421429,High,38
20618,2011-08,2.0,32.1308598732527,30.130859873252703,1506.5429936626351,High,36
20618,2011-09,4.0,31.126485105741544,27.126485105741544,678.1621276435386,High,35
20618,2011-10,10.0,23.662915311205,13.662915311205,136.62915311205,High,27
20618,2011-11,1.0,17.27411036343866,16.27411036343866,1627.4110363438658,High,20
20619,2011-07,8.0,56.75387210728672,48.75387210728672,609.423401341084,High,63
20619,2011-08,3.0,31.52465394096682,28.52465394096682,950.8217980322273,High,35
20619,2011-09,5.0,27.13011178913449,22.13011178913449,442.6022357826898,High,30
20619,2011-10,8.0,22.77980270700908,14.779802707009082,184.74753383761353,High,26
20619,2011-11,4.0,17.23003042900965,13.230030429009648,330.7507607252412,High,19
20622,2011-07,10.0,30.07356861521602,20.07356861521602,200.73568615216018,High,34
20622,2011-08,3.0,26.077195298608974,23.077195298608974,769.2398432869658,High,29
20622,2011-09,1.0,30.07356861521602,29.07356861521602,2907.356861521602,High,34
20622,2011-10,17.0,23.662915311205,6.662915311205001,39.19361947767648,Moderate,27
20622,2011-11,2.0,24.101741068188964,22.101741068188964,1105.0870534094481,High,27
20652,2011-07,28.0,34.47809944627858,6.478099446278577,23.136069450994917,Moderate,38
20652,2011-08,9.0,48.8116015510577,39.8116015510577,442.3511283450855,High,54
20652,2011-09,10.0,45.90044924958927,35.90044924958927,359.0044924958927,High,51
20652,2011-10,47.0,30.065468094362423,16.934531905637574,36.03091894816505,Moderate,34
20652,2011-11,2.0,39.14450750906207,37.14450750906207,1857.2253754531037,High,44
20653,2011-07,0.0,46.05437948071399,46.05437948071399,,Zero Demand,51
20653,2011-11,1.0,18.111433857349297,17.111433857349297,1711.1433857349298,High,20
20654,2011-07,14.0,45.3636290634237,31.3636290634237,224.02592188159787,High,50
20654,2011-08,2.0,42.65556257397368,40.65556257397368,2032.7781286986842,High,47
20654,2011-09,3.0,32.236806257093,29.236806257093,974.5602085697667,High,36
20654,2011-10,23.0,35.69166701496239,12.691667014962391,55.181160934619086,High,40
20654,2011-11,3.0,36.0052405903022,33.0052405903022,1100.1746863434066,High,40
20655,2011-07,16.0,47.22241867098909,31.222418670989093,195.14011669368182,High,52
20655,2011-08,10.0,37.78816671882706,27.788166718827057,277.88166718827057,High,42
20655,2011-09,3.0,31.52465394096682,28.52465394096682,950.8217980322273,High,35
20655,2011-10,10.0,30.07356861521602,20.07356861521602,200.73568615216018,High,34
20655,2011-11,1.0,17.672279198663933,16.672279198663933,1667.2279198663932,High,20
20657,2011-07,2.0,30.47173745044129,28.47173745044129,1423.5868725220644,High,34
20657,2011-08,5.0,30.07356861521602,25.07356861521602,501.47137230432037,High,34
20657,2011-09,2.0,23.662915311205,21.662915311205,1083.14576556025,High,27
20657,2011-10,9.0,23.662915311205,14.662915311205,162.9212812356111,High,27
20658,2011-07,41.0,48.23874968198113,7.238749681981133,17.655487029222275,Low,54
20658,2011-08,8.0,52.38569078527936,44.38569078527936,554.821134815992,High,58
20659,2011-07,9.0,50.4024983833783,41.4024983833783,460.0277598153145,High,56
20659,2011-08,15.0,42.10232031897342,27.10232031897342,180.6821354598228,High,47
20659,2011-09,5.0,30.62681087021629,25.62681087021629,512.5362174043258,High,34
20659,2011-10,21.0,30.07356861521602,9.073568615216018,43.207469596266755,Moderate,34
20659,2011-11,14.0,25.749064525286784,11.749064525286784,83.92188946633416,High,29
20661,2011-07,7.0,39.35411257644965,32.354112576449644,462.2016082349949,High,44
20661,2011-08,2.0,30.07356861521602,28.07356861521602,1403.678430760801,High,34
20661,2011-09,6.0,24.672983338771957,18.672983338771957,311.2163889795326,High,28
20661,2011-10,5.0,19.32134866516658,14.321348665166578,286.4269733033316,High,22
20661,2011-11,1.0,16.390997759242744,15.390997759242744,1539.0997759242744,High,19
20662,2011-07,0.0,23.662915311205,23.662915311205,,Zero Demand,27
20663,2011-07,0.0,23.662915311205,23.662915311205,,Zero Demand,27
20664,2011-07,4.0,32.06381945887461,28.06381945887461,701.5954864718653,High,36
20665,2011-07,36.0,70.47132149575181,34.47132149575181,95.7536708215328,High,78
20665,2011-08,31.0,76.89322943539203,45.89322943539203,148.0426755980388,High,85
20665,2011-09,21.0,55.74711302630796,34.74711302630796,165.46244298241882,High,62
20665,2011-10,5.0,47.76570003485403,42.76570003485403,855.3140006970805,High,53
20665,2011-11,6.0,22.281829473906367,16.281829473906367,271.36382456510614,High,25
20667,2011-07,5.0,28.614382768611637,23.614382768611637,472.2876553722328,High,32
20668,2011-07,1166.0,232.5499354361486,933.4500645638514,80.05575167786031,High,256
20668,2011-08,320.0,552.6536179340354,232.65361793403545,72.70425560438608,High,608
20668,2011-09,2365.0,602.7212621485133,1762.2787378514868,74.51495720302269,High,663
20668,2011-10,4329.0,1448.436560887181,2880.5634391128187,66.5410819845881,High,1594
20668,2011-11,1474.0,2495.777831745381,1021.7778317453808,69.32006999629449,High,2746
20669,2011-07,34.0,62.512142369259344,28.512142369259344,83.85924226252747,High,69
20669,2011-08,34.0,85.00186086577101,51.00186086577101,150.00547313462062,High,94
20669,2011-09,18.0,56.14528186153323,38.14528186153323,211.91823256407346,High,62
20669,2011-10,28.0,47.47123138766661,19.471231387666613,69.54011209880933,High,53
20669,2011-11,7.0,35.091673940890246,28.09167394089025,401.30962772700354,High,39
20670,2011-08,1.0,23.662915311205,22.662915311205,2266.2915311205,High,27
20670,2011-09,1.0,23.662915311205,22.662915311205,2266.2915311205,High,27
20670,2011-10,2.0,18.880484830624948,16.880484830624948,844.0242415312474,High,21
20674,2011-07,93.0,128.6024140719909,35.60241407199089,38.28216566880741,Moderate,142
20674,2011-08,124.0,114.9314289928558,9.068571007144186,7.31336371543886,Low,127
20674,2011-09,156.0,137.69984746589526,18.30015253410474,11.7308670090415,Low,152
20674,2011-10,107.0,149.38560858192116,42.38560858192116,39.6127183008609,Moderate,165
20674,2011-11,38.0,87.13293769235575,49.13293769235575,129.2972044535678,High,96
20675,2011-07,209.0,251.90767844097533,42.90767844097533,20.52998968467719,Moderate,278
20675,2011-08,258.0,268.5188443429758,10.518844342975797,4.077071450765812,Low,296
20675,2011-09,198.0,249.42911403004976,51.42911403004976,25.97430001517665,Moderate,275
20675,2011-10,173.0,238.41621333283769,65.41621333283766,37.812840076784774,Moderate,263
20675,2011-11,39.0,134.12777317647024,95.12777317647024,243.91736711915448,High,148
20676,2011-07,479.0,415.7258194920229,63.27418050797706,13.209641024629864,Low,458
20676,2011-08,216.0,443.0978661215448,227.0978661215448,105.13790098219667,High,488
20676,2011-09,218.0,324.5157954343554,106.51579543435544,48.860456621263964,Moderate,357
20676,2011-10,454.0,319.8651815672532,134.13481843274678,29.545114192234973,Moderate,352
20676,2011-11,102.0,237.73802060004232,135.73802060004232,133.07649078435523,High,262
20677,2011-07,394.0,308.3020100951349,85.6979899048651,21.750758859102817,Moderate,340
20677,2011-08,243.0,321.39314530640945,78.39314530640945,32.26055362403681,Moderate,354
20677,2011-09,178.0,300.5868133306723,122.58681333067231,68.8689962531867,High,331
20677,2011-10,209.0,254.76040707886048,45.76040707886048,21.894931616679656,Moderate,281
20677,2011-11,144.0,162.66349132551412,18.66349132551412,12.960757864940362,Low,179
20679,2011-07,213.0,164.38250419678766,48.617495803212336,22.82511540056917,Moderate,181
20679,2011-08,142.0,193.29351525644776,51.29351525644776,36.12219384256885,Moderate,213
20679,2011-09,263.0,186.06401853609427,76.93598146390573,29.25322489121891,Moderate,205
20679,2011-10,162.0,222.14162001241328,60.141620012413256,37.12445679778596,Moderate,245
20679,2011-11,47.0,115.03761277003956,68.03761277003957,144.76087823412675,High,127
20682,2011-07,118.0,71.83578855580878,46.16421144419122,39.12221308829764,Moderate,80
20682,2011-08,181.0,120.10609657121962,60.893903428780376,33.64304056838695,Moderate,133
20682,2011-09,136.0,192.742734961522,56.74273496152202,41.72259923641325,Moderate,213
20682,2011-10,124.0,162.9158609669809,38.91586096698089,31.383758844339425,Moderate,180
20682,2011-11,94.0,88.57272775644995,5.42727224355005,5.773693876117074,Low,98
20685,2011-07,164.0,510.1893800864247,346.18938008642465,211.09108541855161,High,562
20685,2011-08,188.0,329.08410543829035,141.08410543829035,75.04473693526083,High,362
20685,2011-09,196.0,326.4681587827033,130.4681587827033,66.5653871340323,High,360
20685,2011-10,339.0,353.5054634342028,14.505463434202795,4.278897768201414,Low,389
20685,2011-11,86.0,294.4262621546533,208.42626215465327,242.35611878448054,High,324
20686,2011-07,48.0,30.07356861521602,17.92643138478398,37.346732051633296,Moderate,34
20686,2011-08,31.0,69.67024342141514,38.67024342141514,124.74272071424237,High,77
20686,2011-09,27.0,58.62760608070975,31.627606080709747,117.13928178040646,High,65
20686,2011-10,62.0,50.92223555764599,11.07776444235401,17.86736200379679,Low,57
20686,2011-11,2.0,42.017474798215005,40.017474798215005,2000.8737399107504,High,47
20694,2011-07,0.0,23.220666541550717,23.220666541550717,,Zero Demand,26
20696,2011-07,0.0,23.220666541550717,23.220666541550717,,Zero Demand,26
20696,2011-10,3.0,20.491672524342565,17.491672524342565,583.0557508114189,High,23
20699,2011-07,0.0,23.662915311205,23.662915311205,,Zero Demand,27
20700,2011-07,12.0,30.029488680787008,18.029488680787008,150.2457390065584,High,34
20700,2011-08,19.0,28.37854383104996,9.37854383104996,49.360757005526104,Moderate,32
20702,2011-07,3.0,30.243372501545625,27.243372501545625,908.1124167181874,High,34
20702,2011-08,0.0,22.77980270700908,22.77980270700908,,Zero Demand,26
20704,2011-07,5.0,19.32134866516658,14.321348665166578,286.4269733033316,High,22
20704,2011-08,5.0,18.880484830624948,13.880484830624948,277.60969661249896,High,21
20704,2011-09,12.0,18.880484830624948,6.880484830624948,57.33737358854124,High,21
20704,2011-10,3.0,22.06494596726185,19.06494596726185,635.4981989087282,High,25
20704,2011-11,36.0,19.78200083382456,16.217999166175442,45.04999768382068,Moderate,22
20705,2011-07,1.0,18.880484830624948,17.880484830624948,1788.0484830624948,High,21
20705,2011-08,2.0,18.880484830624948,16.880484830624948,844.0242415312474,High,21
20705,2011-09,6.0,18.880484830624948,12.880484830624948,214.67474717708245,High,21
20705,2011-10,1.0,19.32134866516658,18.32134866516658,1832.134866516658,High,22
20705,2011-11,13.0,13.371347529813546,0.371347529813546,2.8565194601042,Low,15
20707,2011-07,25.0,100.13633684860916,75.13633684860915,300.5453473944366,High,111
20707,2011-08,4.0,71.22791587172239,67.22791587172239,1680.6978967930597,High,79
20707,2011-09,17.0,47.74440073713019,30.744400737130192,180.84941610076584,High,53
20707,2011-10,16.0,33.11673594940015,17.11673594940015,106.97959968375095,High,37
20707,2011-11,1.0,28.773171837615887,27.773171837615887,2777.3171837615887,High,32
20711,2011-07,248.0,351.63192883107394,103.63192883107394,41.787068077045944,Moderate,387
20711,2011-08,431.0,306.09131488839824,124.90868511160176,28.98113343656653,Moderate,337
20711,2011-09,264.0,456.7117910715788,192.71179107157883,72.99689055741622,High,503
20711,2011-10,391.0,291.8061991495819,99.19380085041809,25.36925852951869,Moderate,321
20711,2011-11,1.0,222.2550243770639,221.2550243770639,22125.50243770639,High,245
20712,2011-07,1004.0,837.4247556906504,166.5752443093496,16.59115979176789,Low,922
20712,2011-08,1196.0,886.6636286501083,309.3363713498917,25.86424509614479,Moderate,976
20712,2011-09,1199.0,1072.5288376747264,126.47116232527355,10.548053571749254,Low,1180
20712,2011-10,772.0,1339.1433697429495,567.1433697429495,73.4641670651489,High,1474
20712,2011-11,156.0,537.0907353983619,381.09073539836186,244.28893294766786,High,591
20713,2011-07,1718.0,746.4761667689062,971.5238332310938,56.5496992567575,High,822
20713,2011-08,1905.0,1403.1879620253462,501.8120379746538,26.34183926376135,Moderate,1544
20713,2011-09,995.0,1482.414070433337,487.414070433337,48.98633873701879,Moderate,1631
20713,2011-10,689.0,1036.099527640317,347.0995276403171,50.3772899332826,High,1140
20713,2011-11,512.0,590.5327804532699,78.53278045326988,15.338433682279273,Low,650
20717,2011-07,186.0,263.9909109446182,77.99091094461818,41.93059728205279,Moderate,291
20717,2011-08,71.0,242.47838372275996,171.47838372275993,241.51885031374638,High,267
20717,2011-09,125.0,148.3020730206176,23.3020730206176,18.641658416494078,Low,164
20717,2011-10,234.0,175.70839227662802,58.29160772337198,24.910943471526487,Moderate,194
20717,2011-11,18.0,113.63477524172642,95.63477524172642,531.30430689848,High,125
20718,2011-07,421.0,313.7297817635395,107.2702182364605,25.4798618138861,Moderate,346
20718,2011-08,242.0,412.54540441646753,170.54540441646753,70.47330761011055,High,454
20718,2011-09,298.0,375.49235221088605,77.49235221088605,26.004145037210087,Moderate,414
20718,2011-10,505.0,404.4930298300754,100.5069701699246,19.90237033067814,Low,445
20718,2011-11,323.0,232.11154886234863,90.88845113765136,28.138839361501965,Moderate,256
20719,2011-07,1303.0,985.2117463749516,317.7882536250484,24.388968044900107,Moderate,1084
20719,2011-08,1057.0,1259.587514771939,202.5875147719387,19.16627386678701,Low,1386
20719,2011-09,986.0,1231.3222201355518,245.3222201355518,24.88054970948801,Moderate,1355
20719,2011-10,1018.0,1146.907306092863,128.9073060928631,12.662800205585768,Low,1262
20719,2011-11,519.0,790.3426189869729,271.34261898697287,52.281814833713455,High,870
20723,2011-07,1138.0,917.320112461352,220.67988753864813,19.39190575910792,Low,1010
20723,2011-08,1132.0,1031.343650499879,100.656349500121,8.891903666088426,Low,1135
20723,2011-09,675.0,1149.346652725285,474.3466527252849,70.27357818152369,High,1265
20723,2011-10,935.0,991.992871025572,56.99287102557196,6.0954942273339,Low,1092
20723,2011-11,357.0,537.757195168947,180.75719516894696,50.63226755432688,High,592
20724,2011-07,1862.0,1265.512495946381,596.487504053619,32.03477465379264,Moderate,1393
20724,2011-08,1838.0,1543.8319126566068,294.16808734339315,16.0047925649289,Low,1699
20724,2011-09,1615.0,1717.8279843399896,102.8279843399896,6.3670578538693245,Low,1890
20724,2011-10,2209.0,1964.239091920243,244.76090807975697,11.080167862370166,Low,2161
20724,2011-11,847.0,1167.3435187810826,320.3435187810826,37.820958533775986,Moderate,1285
20725,2011-07,2152.0,1741.4702923856514,410.5297076143486,19.076659275759692,Low,1916
20725,2011-08,1710.0,1796.3878618144668,86.38786181446676,5.0519217435360675,Low,1977
20725,2011-09,1355.0,1834.7143817954584,479.71438179545817,35.4032754092589,Moderate,2019
20725,2011-10,1992.0,1645.4609739134496,346.5390260865504,17.396537454144095,Low,1811
20725,2011-11,397.0,827.9511137857538,430.9511137857538,108.55191783016468,High,911
20726,2011-07,1149.0,984.0944379889052,164.90556201109484,14.35209416980808,Low,1083
20726,2011-08,876.0,1087.400568868848,211.40056886884804,24.132485030690415,Moderate,1197
20726,2011-09,511.0,1014.7324641677118,503.7324641677118,98.57778163751698,High,1117
20726,2011-10,697.0,955.6337336441244,258.6337336441244,37.10670497046261,Moderate,1052
20726,2011-11,196.0,461.2028675593815,265.2028675593815,135.30758548948037,High,508
20727,2011-07,1517.0,1047.8838963901435,469.1161036098565,30.923935636773663,Moderate,1153
20727,2011-08,1361.0,1489.5129315182833,128.51293151828327,9.44253721662625,Low,1639
20727,2011-09,1017.0,1425.378901750028,408.378901750028,40.155250909540605,Moderate,1568
20727,2011-10,1207.0,1321.015344990302,114.01534499030186,9.446176055534536,Low,1454
20727,2011-11,313.0,767.6450802458545,454.6450802458545,145.25401924787684,High,845
20728,2011-07,1538.0,1269.0337644197282,268.9662355802718,17.48805172823614,Low,1396
20728,2011-08,1030.0,1501.6431618674592,471.6431618674592,45.790598239559145,Moderate,1652
20728,2011-09,849.0,1227.1435570771637,378.14355707716345,44.5398771586765,Moderate,1350
20728,2011-10,935.0,1140.410857855113,205.4108578551129,21.96907570642919,Moderate,1255
20728,2011-11,120.0,791.1157204723355,671.1157204723355,559.263100393613,High,871
20733,2011-07,124.0,86.88293730997582,37.11706269002418,29.933115072600142,Moderate,96
20733,2011-08,46.0,135.84824219709424,89.84824219709424,195.32226564585704,High,150
20733,2011-09,43.0,93.20988162378607,50.20988162378608,116.76716656694437,High,103
20733,2011-10,63.0,96.7390729247478,33.73907292474779,53.554084007536176,High,107
20733,2011-11,26.0,55.83158090386674,29.831580903866744,114.7368496302567,High,62
20735,2011-07,0.0,56.37108802909405,56.37108802909405,,Zero Demand,63
20735,2011-10,6.0,38.0439981908105,32.0439981908105,534.0666365135082,High,42
20735,2011-11,6.0,25.45079108751518,19.45079108751518,324.17985145858637,High,28
20748,2011-09,4.0,18.880484830624948,14.880484830624948,372.0121207656237,High,21
20748,2011-10,14.0,18.880484830624948,4.880484830624948,34.860605933035345,Moderate,21
20749,2011-07,127.0,103.74251071424106,23.257489285758936,18.312983689573965,Low,115
20749,2011-08,153.0,154.71665135013794,1.716651350137937,1.1219943464953837,Low,171
20749,2011-09,127.0,196.33692574401348,69.33692574401348,54.59600452284526,High,216
20749,2011-10,281.0,156.14504643970398,124.85495356029602,44.43236781505197,Moderate,172
20749,2011-11,149.0,136.6186358725633,12.381364127436711,8.309640353984369,Low,151
20750,2011-07,163.0,90.49123571580022,72.50876428419978,44.483904468834226,Moderate,100
20750,2011-08,143.0,160.40725951868572,17.40725951868572,12.172908754325679,Low,177
20750,2011-09,121.0,154.31382860035674,33.31382860035674,27.532089752360946,Moderate,170
20750,2011-10,212.0,160.52773322334954,51.47226677665046,24.279371121061537,Moderate,177
20750,2011-11,48.0,114.99092141902749,66.99092141902749,139.56441962297393,High,127
20751,2011-07,84.0,79.36957583623888,4.63042416376112,5.512409718763238,Low,88
20751,2011-08,44.0,112.0219845899924,68.0219845899924,154.59541952271002,High,124
20751,2011-09,76.0,69.29907456647621,6.700925433523793,8.817007149373412,Low,77
20751,2011-10,50.0,98.99222889610652,48.992228896106525,97.98445779221305,High,109
20751,2011-11,1.0,56.42736803158118,55.42736803158118,5542.736803158118,High,63
20752,2011-07,30.0,64.4592426303505,34.4592426303505,114.86414210116833,High,71
20752,2011-08,33.0,50.064832595215,17.064832595214995,51.71161392489392,High,56
20752,2011-09,17.0,69.18785891232828,52.18785891232828,306.98740536663695,High,77
20752,2011-10,25.0,41.390782121348366,16.390782121348366,65.56312848539346,High,46
20754,2011-07,127.0,94.5303127473955,32.4696872526045,25.566682876066537,Moderate,104
20754,2011-08,109.0,169.6225362653661,60.62253626536611,55.6170057480423,High,187
20754,2011-09,47.0,124.91008055474708,77.91008055474707,165.76612883988736,High,138
20754,2011-10,43.0,95.47497101468588,52.47497101468589,122.03481631322299,High,106
20755,2011-09,31.0,60.25251101631748,29.25251101631748,94.36293876231446,High,67
20755,2011-10,87.0,62.51881290343231,24.48118709656769,28.139295513296197,Moderate,69
20755,2011-11,12.0,57.42824761115646,45.42824761115646,378.5687300929705,High,64
20756,2011-07,0.0,39.64372617670296,39.64372617670296,,Zero Demand,44
20756,2011-10,13.0,44.66359179850021,31.663591798500214,243.56609075769393,High,50
20757,2011-07,1.0,39.64372617670296,38.64372617670296,3864.372617670296,High,44
20757,2011-08,3.0,35.69166701496239,32.69166701496239,1089.7222338320796,High,40
20757,2011-09,10.0,24.84014187935909,14.840141879359091,148.40141879359092,High,28
20757,2011-10,60.0,36.86889358311649,23.13110641688351,38.551844028139186,Moderate,41
20758,2011-07,3.0,46.05437948071399,43.05437948071399,1435.1459826904663,High,51
20758,2011-08,11.0,41.82036104052314,30.82036104052314,280.18510036839217,High,47
20758,2011-09,12.0,37.43301151000661,25.433011510006608,211.94176258338842,High,42
20758,2011-10,37.0,43.27954688712752,6.279546887127523,16.9717483435879,Low,48
20758,2011-11,7.0,45.15054806272428,38.15054806272428,545.0078294674897,High,50
20759,2011-10,26.0,36.86889358311649,10.868893583116488,41.803436858140344,Moderate,41
20759,2011-11,1.0,42.75876579145223,41.75876579145223,4175.876579145222,High,48
20760,2011-10,18.0,42.38447896741325,24.384478967413244,135.46932759674024,High,47
20761,2011-07,2.0,34.03585067662429,32.03585067662429,1601.7925338312145,High,38
20761,2011-08,16.0,29.190456011020103,13.190456011020103,82.44035006887565,High,33
20761,2011-09,12.0,31.621570689220324,19.621570689220324,163.51308907683602,High,35
20761,2011-10,14.0,30.63569461307288,16.635694613072882,118.82639009337773,High,34
20761,2011-11,3.0,23.913889300041195,20.913889300041195,697.1296433347064,High,27
20762,2011-07,9.0,29.63131984556173,20.63131984556173,229.2368871729081,High,33
20762,2011-08,7.0,25.63494652895469,18.63494652895469,266.21352184220984,High,29
20762,2011-09,7.0,28.172133998957356,21.172133998957356,302.45905712796224,High,31
20762,2011-10,8.0,25.80400801203695,17.80400801203695,222.55010015046187,High,29
20762,2011-11,1.0,18.240098456576607,17.240098456576607,1724.0098456576607,High,21
20763,2011-07,5.0,23.220666541550717,18.220666541550717,364.4133308310143,High,26
20763,2011-08,5.0,22.77980270700908,17.779802707009082,355.59605414018165,High,26
20763,2011-09,2.0,22.77980270700908,20.77980270700908,1038.990135350454,High,26
20763,2011-10,24.0,22.77980270700908,1.2201972929909175,5.084155387462156,Low,26
20763,2011-11,1.0,35.961160655873186,34.961160655873186,3496.1160655873186,High,40
20764,2011-07,15.0,26.73805028419226,11.738050284192258,78.25366856128171,High,30
20764,2011-08,11.0,26.408199250849368,15.408199250849368,140.07453864408518,High,30
20764,2011-09,11.0,29.63131984556173,18.63131984556173,169.37563495965207,High,33
20764,2011-10,26.0,27.577082953959163,1.577082953959163,6.065703669073704,Low,31
20764,2011-11,7.0,32.80487954950077,25.804879549500768,368.64113642143957,High,37
20765,2011-07,13.0,27.374169063538808,14.374169063538808,110.57053125799084,High,31
20765,2011-08,5.0,27.785120051019764,22.785120051019764,455.70240102039526,High,31
20765,2011-09,10.0,26.73805028419226,16.73805028419226,167.38050284192258,High,30
20765,2011-10,12.0,25.65134294690099,13.65134294690099,113.76119122417492,High,29
20765,2011-11,1.0,17.088618803548403,16.088618803548403,1608.8618803548404,High,19
20766,2011-07,15.0,25.63494652895469,10.634946528954686,70.89964352636457,High,29
20766,2011-08,5.0,28.822479238253344,23.822479238253344,476.4495847650669,High,32
20766,2011-09,15.0,29.190456011020103,14.190456011020103,94.60304007346735,High,33
20766,2011-10,14.0,26.80636808607464,12.806368086074642,91.47405775767601,High,30
20766,2011-11,2.0,23.913889300041195,21.913889300041195,1095.6944650020598,High,27
20767,2011-07,56.0,55.32778926248647,0.6722107375135309,1.200376316988448,Low,61
20767,2011-08,14.0,64.66116922191624,50.66116922191624,361.86549444225886,High,72
20767,2011-09,18.0,47.84058084675586,29.840580846755863,165.78100470419923,High,53
20767,2011-10,23.0,37.78816671882706,14.788166718827055,64.29637703837851,High,42
20767,2011-11,9.0,35.091673940890246,26.09167394089025,289.9074882321139,High,39
20768,2011-07,12.0,59.074730297351074,47.074730297351074,392.2894191445923,High,65
20768,2011-08,7.0,44.06120026299905,37.06120026299905,529.4457180428436,High,49
20768,2011-09,10.0,31.126485105741544,21.126485105741544,211.26485105741546,High,35
20768,2011-10,42.0,26.90100443699148,15.098995563008522,35.94998943573457,Moderate,30
20768,2011-11,8.0,45.12767376312621,37.12767376312621,464.09592203907766,High,50
20769,2011-07,0.0,30.47173745044129,30.47173745044129,,Zero Demand,34
20769,2011-10,14.0,30.07356861521602,16.07356861521602,114.81120439440014,High,34
20769,2011-11,7.0,19.684707300268578,12.684707300268578,181.2101042895511,High,22
20770,2011-07,13.0,55.32778926248647,42.32778926248647,325.5983789422036,High,61
20770,2011-08,1.0,34.47790347811775,33.47790347811775,3347.790347811775,High,38
20770,2011-09,3.0,31.126485105741544,28.126485105741544,937.5495035247181,High,35
20770,2011-10,2.0,23.662915311205,21.662915311205,1083.14576556025,High,27
20771,2011-07,0.0,54.88554049283217,54.88554049283217,,Zero Demand,61
20771,2011-10,22.0,30.07356861521602,8.073568615216018,36.69803916007281,Moderate,34
20771,2011-11,2.0,32.5300426843658,30.530042684365803,1526.5021342182902,High,36
20772,2011-07,16.0,53.07063848046352,37.07063848046352,231.691490502897,High,59
20772,2011-08,13.0,39.08229383316655,26.082293833166556,200.6330294858966,High,43
20772,2011-09,21.0,31.732691038027447,10.732691038027449,51.10805256203547,High,35
20772,2011-10,105.0,45.02048759476371,59.97951240523629,57.123345147844084,High,50
20772,2011-11,4.0,67.65520889628593,63.65520889628593,1591.3802224071483,High,75
20773,2011-07,3.0,23.662915311205,20.662915311205,688.7638437068333,High,27
20773,2011-08,2.0,23.662915311205,21.662915311205,1083.14576556025,High,27
20774,2011-07,4.0,23.662915311205,19.662915311205,491.57288278012504,High,27
20774,2011-08,42.0,24.672983338771957,17.327016661228047,41.2548015743525,Moderate,28
20774,2011-09,2.0,70.1124921910694,68.1124921910694,3405.6246095534702,High,78
20775,2011-09,31.0,25.23618875412428,5.763811245875722,18.59293950282491,Low,28
20775,2011-10,48.0,67.46796175331706,19.467961753317056,40.558253652743865,Moderate,75
20775,2011-11,3.0,47.35753044846043,44.35753044846043,1478.5843482820144,High,53
20777,2011-08,17.0,23.662915311205,6.662915311205001,39.19361947767648,Moderate,27
20777,2011-09,34.0,54.20237936889515,20.20237936889515,59.41876284969162,High,60
20777,2011-10,56.0,67.76177606752802,11.761776067528018,21.003171549157177,Moderate,75
20777,2011-11,14.0,56.33995704498567,42.33995704498567,302.4282646070405,High,62
20780,2011-11,2.0,15.385484807274446,13.385484807274446,669.2742403637224,High,17
20781,2011-10,10.0,18.880484830624948,8.880484830624948,88.80484830624947,High,21
20781,2011-11,3.0,15.385484807274446,12.385484807274446,412.8494935758149,High,17
20794,2011-07,0.0,26.077195298608974,26.077195298608974,,Zero Demand,29
20794,2011-10,5.0,19.32134866516658,14.321348665166578,286.4269733033316,High,22
20794,2011-11,6.0,17.109073783311608,11.109073783311608,185.15122972186015,High,19
20795,2011-09,0.0,24.83323917038098,24.83323917038098,,Zero Demand,28
20796,2011-09,1.0,32.818781055306346,31.818781055306346,3181.8781055306345,High,37
20796,2011-10,4.0,30.07356861521602,26.07356861521602,651.8392153804004,High,34
20802,2011-07,82.0,50.064832595215,31.935167404785005,38.94532610339635,Moderate,56
20802,2011-08,36.0,82.58011692993617,46.58011692993617,129.3892136942671,High,91
20802,2011-09,10.0,57.37203428305349,47.37203428305349,473.72034283053483,High,64
20802,2011-10,30.0,43.93447875819712,13.934478758197116,46.44826252732372,Moderate,49
20819,2011-07,0.0,19.32134866516658,19.32134866516658,,Zero Demand,22
20819,2011-10,25.0,18.880484830624948,6.1195151693750525,24.47806067750021,Moderate,21
20821,2011-08,0.0,18.880484830624948,18.880484830624948,,Zero Demand,21
20828,2011-07,53.0,80.78884898214409,27.78884898214409,52.431790532347335,High,89
20828,2011-08,79.0,88.42210088358951,9.422100883589508,11.926709979227224,Low,98
20828,2011-09,69.0,101.29656254414598,32.296562544145985,46.80661238282027,Moderate,112
20828,2011-10,124.0,96.63204147473718,27.36795852526282,22.07093429456679,Moderate,107
20828,2011-11,35.0,87.35686663176674,52.356866631766735,149.59104751933353,High,97
20829,2011-07,399.0,77.79287870972878,321.20712129027123,80.50303791736121,High,86
20829,2011-08,61.0,206.03750596789288,145.03750596789288,237.76640322605388,High,227
20829,2011-09,96.0,106.4848151249531,10.4848151249531,10.921682421826146,Low,118
20829,2011-10,153.0,130.99260903957003,22.007390960429973,14.383915660411747,Low,145
20829,2011-11,20.0,102.97514473847184,82.97514473847184,414.87572369235914,High,114
20830,2011-07,0.0,30.07356861521602,30.07356861521602,,Zero Demand,34
20831,2011-07,61.0,22.77980270700908,38.22019729299092,62.65606113605069,High,26
20831,2011-08,17.0,55.373282584956826,38.373282584956826,225.72519167621664,High,61
20831,2011-09,0.0,47.84058084675586,47.84058084675586,,Zero Demand,53
20832,2011-07,72.0,197.29270393634332,125.29270393634334,174.0176443560324,High,218
20832,2011-08,193.0,107.24956000029316,85.75043999970683,44.43027979259421,Moderate,118
20832,2011-09,70.0,199.51111556812072,129.51111556812072,185.01587938302958,High,220
20832,2011-10,103.0,121.0735223543758,18.07352235437581,17.547109081918265,Low,134
20832,2011-11,72.0,86.31609917733624,14.31609917733624,19.883471079633665,Low,95
20836,2011-09,30.0,48.93685373270184,18.93685373270184,63.12284577567281,High,54
20836,2011-10,42.0,59.85434218109221,17.854342181092207,42.51033852641002,Moderate,66
20837,2011-07,0.0,47.10729597123951,47.10729597123951,,Zero Demand,52
20838,2011-07,60.0,57.77020311827876,2.229796881721242,3.7163281362020704,Low,64
20838,2011-08,73.0,62.68633784266319,10.313662157336807,14.128304325118915,Low,69
20838,2011-09,46.0,104.00116810227505,58.001168102275045,126.08949587451097,High,115
20838,2011-10,34.0,63.78228198368006,29.782281983680058,87.5949470108237,High,71
20838,2011-11,1.0,49.060856733556825,48.060856733556825,4806.085673355683,High,54
20839,2011-07,24.0,70.95080592323575,46.95080592323575,195.62835801348228,High,79
20839,2011-08,133.0,56.62476628901717,76.37523371098283,57.42498775261866,High,63
20839,2011-09,62.0,134.72575096294227,72.72575096294227,117.29959832732624,High,149
20839,2011-10,92.0,90.22686551477032,1.7731344852296758,1.927320092640952,Low,100
20839,2011-11,33.0,64.29736776573459,31.29736776573459,94.8405083810139,High,71
20840,2011-07,15.0,93.96961195509192,78.96961195509192,526.4640797006127,High,104
20840,2011-08,39.0,61.97973649972253,22.979736499722527,58.92240128133981,High,69
20840,2011-09,33.0,50.00321681047173,17.003216810471727,51.5248994256719,High,56
20840,2011-10,30.0,57.5097489215902,27.5097489215902,91.69916307196733,High,64
20840,2011-11,41.0,43.46722126458635,2.4672212645863496,6.017612840454511,Low,48
20846,2011-07,40.0,49.60504797524646,9.605047975246457,24.012619938116142,Moderate,55
20846,2011-08,28.0,61.16285234239647,33.16285234239647,118.43875836570167,High,68
20846,2011-09,37.0,57.682600722233154,20.682600722233158,55.898920870900426,High,64
20846,2011-10,90.0,62.07387145008121,27.926128549918797,31.029031722131993,Moderate,69
20846,2011-11,44.0,61.043576117424855,17.043576117424855,38.73540026687467,Moderate,68
20847,2011-07,7.0,34.29882444703528,27.29882444703528,389.9832063862183,High,38
20847,2011-08,5.0,19.32134866516658,14.321348665166578,286.4269733033316,High,22
20847,2011-09,1.0,23.78987073457604,22.78987073457604,2278.9870734576043,High,27
20847,2011-10,1.0,22.77980270700908,21.77980270700908,2177.980270700908,High,26
20848,2011-09,1.0,23.662915311205,22.662915311205,2266.2915311205,High,27
20848,2011-10,3.0,23.662915311205,20.662915311205,688.7638437068333,High,27
20856,2011-07,10.0,55.32778926248647,45.32778926248647,453.2778926248647,High,61
20866,2011-07,6.0,30.07356861521602,24.07356861521602,401.2261435869337,High,34
20866,2011-08,117.0,23.662915311205,93.337084688795,79.77528605879914,High,27
20866,2011-09,69.0,91.6908756010275,22.6908756010275,32.88532695801087,Moderate,101
20866,2011-10,45.0,85.73554474759274,40.73554474759274,90.52343277242831,High,95
20866,2011-11,11.0,53.36991102806988,42.36991102806988,385.1810093460898,High,59
20867,2011-10,24.0,36.86889358311649,12.868893583116488,53.620389929652035,High,41
20867,2011-11,3.0,42.75876579145223,39.75876579145223,1325.2921930484076,High,48
20868,2011-07,7.0,71.53044144884656,64.53044144884656,921.8634492692365,High,79
20868,2011-08,21.0,72.07298594106612,51.07298594106612,243.20469495745775,High,80
20868,2011-09,27.0,51.39961267588722,24.39961267588722,90.36893583661933,High,57
20868,2011-10,279.0,66.88924692212245,212.11075307787755,76.02535952612098,High,74
20868,2011-11,7.0,113.6023339565436,106.6023339565436,1522.89048509348,High,125
20869,2011-07,8.0,48.77560350434225,40.77560350434225,509.6950438042781,High,54
20869,2011-08,20.0,43.27954688712752,23.279546887127523,116.39773443563762,High,48
20869,2011-09,26.0,59.47656330351923,33.47656330351923,128.75601270584318,High,66
20869,2011-10,80.0,67.97816617463802,12.02183382536198,15.027292281702476,Low,75
20869,2011-11,6.0,71.56003662792058,65.56003662792058,1092.6672771320098,High,79
20886,2011-07,24.0,67.92006353039527,43.92006353039527,183.00026470998029,High,75
20886,2011-08,19.0,55.74711302630796,36.74711302630796,193.4058580331998,High,62
20886,2011-09,16.0,40.1352103236921,24.1352103236921,150.84506452307562,High,45
20886,2011-10,5.0,37.78816671882706,32.78816671882706,655.7633343765411,High,42
20893,2011-07,0.0,23.220666541550717,23.220666541550717,,Zero Demand,26
20893,2011-10,8.0,43.56915014576256,35.56915014576256,444.61437682203206,High,48
20893,2011-11,59.0,22.509659059755663,36.49034094024434,61.848035491939555,High,25
20894,2011-10,13.0,27.73127016441572,14.73127016441572,113.31746280319786,High,31
20894,2011-11,1.0,17.269329614920636,16.269329614920636,1626.9329614920637,High,19
20897,2011-07,53.0,31.92004762515584,21.07995237484416,39.77349504687578,Moderate,36
20898,2011-07,0.0,30.07356861521602,30.07356861521602,,Zero Demand,34
20902,2011-07,5.0,50.98622261644805,45.98622261644805,919.724452328961,High,57
20903,2011-07,16.0,50.98622261644805,34.98622261644805,218.66389135280033,High,57
20903,2011-08,0.0,58.1612402158508,58.1612402158508,,Zero Demand,64
20914,2011-07,566.0,728.8028007141573,162.80280071415734,28.763745709215076,Moderate,802
20914,2011-08,521.0,625.2572156290522,104.2572156290522,20.01098188657432,Moderate,688
20914,2011-09,388.0,678.6257714593793,290.6257714593793,74.90354934520084,High,747
20914,2011-10,762.0,711.7164496131584,50.283550386841625,6.598891126882103,Low,783
20914,2011-11,147.0,382.6071773174752,235.6071773174752,160.2769913724321,High,421
20931,2011-07,0.0,35.32000772054642,35.32000772054642,,Zero Demand,39
20931,2011-10,110.0,29.190456011020103,80.8095439889799,73.46322180816355,High,33
20931,2011-11,19.0,71.03016812426793,52.03016812426793,273.84299012772595,High,79
20932,2011-07,0.0,30.07356861521602,30.07356861521602,,Zero Demand,34
20932,2011-10,77.0,47.51044627620286,29.489553723797137,38.29812171921706,Moderate,53
20932,2011-11,39.0,49.98348551346895,10.983485513468947,28.162783367869093,Moderate,55
20933,2011-11,1.0,16.09900575574465,15.099005755744647,1509.9005755744647,High,18
20934,2011-07,8.0,18.880484830624948,10.880484830624948,136.00606038281185,High,21
20934,2011-08,8.0,19.32134866516658,11.321348665166578,141.51685831458224,High,22
20934,2011-09,13.0,21.735628652570558,8.735628652570554,67.19714348131195,High,24
20934,2011-10,2.0,22.90595251174654,20.90595251174654,1045.297625587327,High,26
20936,2011-08,32.0,22.77980270700908,9.220197292990918,28.813116540596617,Moderate,26
20936,2011-09,0.0,43.96731898098783,43.96731898098783,,Zero Demand,49
20956,2011-07,65.0,30.07356861521602,34.92643138478398,53.732971361206125,High,34
20956,2011-08,185.0,57.517576663744336,127.48242333625566,68.90941801959765,High,64
20956,2011-09,122.0,162.67088801636504,40.67088801636504,33.336793456036915,Moderate,179
20956,2011-10,237.0,130.99863666440416,106.00136333559584,44.72631364371132,Moderate,145
20956,2011-11,30.0,107.97735977169808,77.97735977169808,259.9245325723269,High,119
20961,2011-07,72.0,51.62789303777998,20.372106962220023,28.294593003083367,Moderate,57
20961,2011-08,52.0,86.13612104681619,34.136121046816186,65.64638662849266,High,95
20961,2011-09,108.0,82.90530830079335,25.09469169920665,23.235825647413563,Moderate,92
20961,2011-10,252.0,131.91675837835234,120.08324162164766,47.65208000859034,Moderate,146
20961,2011-11,90.0,94.59582964345972,4.595829643459709,5.1064773816218985,Low,105
20963,2011-07,89.0,50.08270116952205,38.91729883047795,43.727302056716795,Moderate,56
20963,2011-08,88.0,96.50034724344042,8.500347243440416,9.659485503909563,Low,107
20963,2011-09,90.0,103.72623333902024,13.726233339020254,15.251370376689172,Low,115
20963,2011-10,275.0,118.15084385854242,156.84915614145757,57.03605677871184,High,130
20963,2011-11,63.0,142.08549058303242,79.08549058303242,125.5325247349721,High,157
20966,2011-07,5.0,23.662915311205,18.662915311205,373.2583062241,High,27
20969,2011-07,365.0,102.39382508723776,262.60617491276224,71.94689723637322,High,113
20969,2011-08,151.0,242.45604402424928,91.45604402424928,60.566916572350515,High,267
20969,2011-09,689.0,178.84159326238685,510.1584067376132,74.0433101215694,High,197
20969,2011-10,212.0,604.0934946613904,392.0934946613904,184.94976163273134,High,665
20969,2011-11,55.0,144.43989855087287,89.43989855087287,162.6179973652234,High,159
20970,2011-07,62.0,78.54433038634228,16.54433038634228,26.684403848939166,Moderate,87
20970,2011-08,146.0,88.86239845471336,57.13760154528664,39.13534352416893,Moderate,98
20970,2011-09,213.0,140.41211858981458,72.58788141018542,34.07881756346733,Moderate,155
20970,2011-10,236.0,230.57115876023892,5.428841239761056,2.300356457525871,Low,254
20970,2011-11,42.0,124.54902850769224,82.54902850769224,196.5453059706958,High,138
20971,2011-07,1173.0,279.1747171884338,893.8252828115662,76.19993885861605,High,308
20971,2011-08,608.0,618.6510020008642,10.651002000864196,1.7518095396158218,Low,681
20971,2011-09,4872.0,634.7631645737862,4237.2368354262135,86.97119941351012,High,699
20971,2011-10,1389.0,7758.953156335407,6369.953156335407,458.59993926100844,High,8535
20971,2011-11,380.0,1156.0141551911297,776.0141551911295,204.21425136608667,High,1272
20972,2011-07,1087.0,465.9251370925615,621.0748629074385,57.136601923407405,High,513
20972,2011-08,863.0,749.9039105004605,113.09608949953952,13.104992989517905,Low,825
20972,2011-09,672.0,871.7723481875477,199.7723481875477,29.72802800409936,Moderate,959
20972,2011-10,1004.0,820.6495587234065,183.35044127659356,18.261996143087007,Low,903
20972,2011-11,208.0,492.56142271899,284.56142271899,136.80837630720671,High,542
20973,2011-07,0.0,95.87638094640164,95.87638094640164,,Zero Demand,106
20973,2011-10,1649.0,543.6368715619033,1105.3631284380967,67.03233040861714,High,599
20973,2011-11,284.0,949.3573850783772,665.3573850783772,234.2807693937948,High,1045
20974,2011-07,1093.0,471.73479241191967,621.2652075880803,56.84036665947671,High,519
20974,2011-08,353.0,623.8371208950207,270.8371208950207,76.72439685411351,High,687
20974,2011-09,897.0,605.200141755724,291.79985824427604,32.53064194473534,Moderate,666
20974,2011-10,610.0,813.7980621930126,203.79806219301256,33.40951839229714,Moderate,896
20974,2011-11,12.0,483.3706802729874,471.3706802729874,3928.089002274895,High,532
20975,2011-10,895.0,1041.6843346158755,146.68433461587574,16.389311130265448,Low,1146
20975,2011-11,300.0,402.54705321497806,102.54705321497806,34.182351071659355,Moderate,443
20977,2011-07,431.0,153.23457141216505,277.76542858783495,64.4467351711914,High,169
20977,2011-08,217.0,282.8904593699967,65.89045936999668,30.36426699078188,Moderate,312
20977,2011-09,88.0,242.9096392949191,154.9096392949191,176.03368101695352,High,268
20977,2011-10,62.0,158.17911416515082,96.17911416515082,155.12760349217874,High,174
20978,2011-07,120.0,142.86903592737414,22.869035927374146,19.057529939478453,Low,158
20978,2011-08,135.0,126.01666739739224,8.98333260260776,6.654320446376119,Low,139
20978,2011-09,354.0,148.85602292600473,205.14397707399527,57.950276009603186,High,164
20978,2011-10,309.0,285.558827780609,23.441172219390975,7.586139876825558,Low,315
20978,2011-11,73.0,184.956442064206,111.956442064206,153.36498912904932,High,204
20979,2011-07,378.0,257.0491869523762,120.9508130476238,31.997569589318463,Moderate,283
20979,2011-08,555.0,303.0686710229039,251.9313289770961,45.39303224812542,Moderate,334
20979,2011-09,365.0,440.2839444660457,75.28394446604568,20.62573820987553,Moderate,485
20979,2011-10,485.0,376.4190911029447,108.58090889705528,22.38781626743408,Moderate,415
20979,2011-11,40.0,273.5704443456502,233.57044434565017,583.9261108641255,High,301
20981,2011-07,169.0,197.7761669856692,28.776166985669164,17.027317742999507,Low,218
20981,2011-08,282.0,188.64255941822688,93.35744058177312,33.10547538360749,Moderate,208
20981,2011-09,133.0,260.92651145882445,127.92651145882444,96.18534696152213,High,288
20981,2011-10,393.0,193.493922456634,199.506077543366,50.76490522731959,High,213
20981,2011-11,51.0,186.97690703611931,135.97690703611934,266.62138634533204,High,206
20982,2011-07,166.0,100.61582127609309,65.38417872390691,39.38805947223308,Moderate,111
20982,2011-08,249.0,165.123482659582,83.87651734041799,33.68534832948514,Moderate,182
20982,2011-09,265.0,219.5218754713829,45.47812452861706,17.161556425893227,Low,242
20982,2011-10,671.0,237.69354028065916,433.30645971934086,64.57622350511787,High,262
20982,2011-11,103.0,255.3568124099772,152.35681240997718,147.9192353494924,High,281
20983,2011-07,235.0,169.70904101257955,65.29095898742045,27.78338680315764,Moderate,187
20983,2011-08,371.0,221.47610688237975,149.52389311762022,40.302936150301946,Moderate,244
20983,2011-09,239.0,317.1299682276638,78.12996822766382,32.69036327517315,Moderate,349
20983,2011-10,586.0,257.3450672802064,328.65493271979363,56.08445950849721,High,284
20983,2011-11,60.0,220.0988724276825,160.09887242768252,266.83145404613754,High,243
20984,2011-07,568.0,477.5576504055126,90.44234959448738,15.922948872268904,Low,526
20984,2011-08,1046.0,423.1672409473322,622.8327590526678,59.5442408272149,High,466
20984,2011-09,194.0,755.9267598824275,561.9267598824275,289.6529690115606,High,832
20985,2011-07,121.0,124.53198102494125,3.531981024941232,2.918992582596059,Low,137
20985,2011-08,50.0,119.05589166887157,69.05589166887155,138.1117833377431,High,131
20985,2011-09,133.0,85.45497490791743,47.54502509208257,35.74813916697938,Moderate,95
20985,2011-10,76.0,143.2528768703618,67.2528768703618,88.49062746100238,High,158
20985,2011-11,31.0,69.95264271706841,38.952642717068414,125.65368618409165,High,77
20986,2011-07,12.0,110.88536816958964,98.88536816958964,824.0447347465804,High,122
20986,2011-08,12.0,59.86933255051324,47.86933255051324,398.91110458761034,High,66
20986,2011-09,225.0,37.284972430959925,187.71502756904007,83.42890114179559,High,42
20986,2011-10,169.0,161.77825292703952,7.221747072960483,4.2732231200949595,Low,178
20986,2011-11,17.0,113.74138145837664,96.74138145837664,569.0669497551567,High,126
20992,2011-07,589.0,296.0345464553273,292.9654535446727,49.73946579705819,Moderate,326
20992,2011-08,557.0,409.1644076241213,147.83559237587872,26.541398990283433,Moderate,451
20992,2011-09,439.0,466.22474685210216,27.22474685210216,6.2015368683604,Low,513
20992,2011-10,1160.0,474.07733259233663,685.9226674076633,59.131264431695115,High,522
20992,2011-11,206.0,522.698778082257,316.69877808225704,153.737270913717,High,575
20996,2011-07,381.0,279.291275142304,101.70872485769598,26.695203374723352,Moderate,308
20996,2011-08,402.0,287.1328027807657,114.8671972192343,28.57392965652594,Moderate,316
20996,2011-09,527.0,336.75155184761707,190.2484481523829,36.100274791723514,Moderate,371
20996,2011-10,449.0,445.7083309445264,3.291669055473619,0.7331111482123873,Low,491
20996,2011-11,186.0,248.3439408586841,62.343940858684135,33.518247773486095,Moderate,274
20997,2011-07,16.0,29.169164962392475,13.169164962392475,82.30728101495298,High,33
20997,2011-08,5.0,36.293001458647225,31.293001458647225,625.8600291729446,High,40
20997,2011-09,2.0,29.190456011020103,27.190456011020103,1359.5228005510053,High,33
20997,2011-10,7.0,22.77980270700908,15.779802707009082,225.4257529572726,High,26
20997,2011-11,5.0,17.23003042900965,12.230030429009648,244.60060858019295,High,19
20998,2011-07,21.0,37.592653190732506,16.592653190732506,79.01263424158336,High,42
20998,2011-08,0.0,45.02048759476371,45.02048759476371,,Zero Demand,50
21000,2011-07,10.0,23.662915311205,13.662915311205,136.62915311205,High,27
21000,2011-08,6.0,23.662915311205,17.662915311205,294.38192185341666,High,27
21000,2011-09,3.0,29.63131984556173,26.63131984556173,887.7106615187242,High,33
21000,2011-10,15.0,22.77980270700908,7.779802707009082,51.865351380060545,High,26
21000,2011-11,2.0,13.701541046204454,11.701541046204454,585.0770523102227,High,16
21001,2011-07,5.0,20.32739698018124,15.327396980181238,306.54793960362474,High,23
21001,2011-08,6.0,18.880484830624948,12.880484830624948,214.67474717708245,High,21
21001,2011-09,2.0,19.32134866516658,17.32134866516658,866.067433258329,High,22
21001,2011-10,15.0,18.880484830624948,3.880484830624948,25.869898870832987,Moderate,21
21001,2011-11,1.0,13.259292276550168,12.259292276550168,1225.9292276550168,High,15
21003,2011-07,9.0,23.30890209548984,14.308902095489838,158.98780106099818,High,26
21003,2011-08,16.0,20.894622108085866,4.894622108085862,30.591388175536636,Moderate,23
21003,2011-09,0.0,31.498615662548826,31.498615662548826,,Zero Demand,35
21012,2011-07,93.0,66.30319411789142,26.696805882108578,28.70624288398772,Moderate,73
21012,2011-08,68.0,102.58079650975868,34.58079650975867,50.85411251435099,High,113
21012,2011-09,87.0,96.63204147473718,9.63204147473718,11.071312039927793,Low,107
21012,2011-10,158.0,104.2057177665042,53.79428223349581,34.047014071832784,Moderate,115
21012,2011-11,140.0,95.78307585290936,44.21692414709065,31.583517247921893,Moderate,106
21014,2011-09,602.0,231.78788124822543,370.21211875177454,61.497029692985805,High,255
21014,2011-10,307.0,423.1292217109918,116.12922171099184,37.82710804918301,Moderate,466
21015,2011-07,16.0,39.64372617670296,23.643726176702955,147.77328860439349,High,44
21015,2011-08,211.0,43.09031835558093,167.90968164441907,79.57804817271045,High,48
21015,2011-09,434.0,177.6932203878941,256.3067796121059,59.056861661775564,High,196
21015,2011-10,624.0,315.4247502261424,308.5752497738576,49.45116182273359,Moderate,347
21015,2011-11,142.0,260.15261382722286,118.15261382722286,83.20606607550906,High,287
21025,2011-07,4.0,49.85250841132984,45.85250841132984,1146.3127102832461,High,55
21025,2011-08,1.0,36.74458350548791,35.74458350548791,3574.458350548791,High,41
21025,2011-09,3.0,23.662915311205,20.662915311205,688.7638437068333,High,27
21025,2011-10,18.0,23.662915311205,5.662915311205001,31.460640617805563,Moderate,27
21025,2011-11,4.0,18.51674364935011,14.516743649350111,362.9185912337528,High,21
21026,2011-07,15.0,31.250795183370133,16.250795183370133,108.33863455580088,High,35
21026,2011-08,0.0,37.70409511656704,37.70409511656704,,Zero Demand,42
21026,2011-11,7.0,42.046484839269056,35.046484839269056,500.6640691324151,High,47
21027,2011-07,3.0,46.05437948071399,43.05437948071399,1435.1459826904663,High,51
21027,2011-08,9.0,36.86889358311649,27.86889358311649,309.65437314573876,High,41
21027,2011-09,5.0,36.86889358311649,31.86889358311649,637.3778716623298,High,41
21027,2011-10,8.0,41.82036104052314,33.82036104052314,422.75451300653924,High,47
21028,2011-07,1.0,48.67528184317574,47.67528184317574,4767.5281843175735,High,54
21028,2011-08,7.0,25.893058369884606,18.893058369884606,269.9008338554944,High,29
21028,2011-09,10.0,35.69166701496239,25.69166701496239,256.9166701496239,High,40
21028,2011-10,18.0,26.246256781691237,8.246256781691233,45.81253767606241,Moderate,29
21028,2011-11,3.0,23.18817441877701,20.18817441877701,672.939147292567,High,26
21030,2011-07,10.0,47.10729597123951,37.10729597123951,371.0729597123951,High,52
21030,2011-08,1.0,37.92181007364201,36.92181007364201,3692.181007364201,High,42
21030,2011-09,4.0,42.10232031897342,38.10232031897342,952.5580079743355,High,47
21030,2011-10,17.0,24.84014187935909,7.840141879359091,46.118481643288774,Moderate,28
21031,2011-10,10.0,23.662915311205,13.662915311205,136.62915311205,High,27
21032,2011-07,0.0,24.84014187935909,24.84014187935909,,Zero Demand,28
21032,2011-10,18.0,23.662915311205,5.662915311205001,31.460640617805563,Moderate,27
21033,2011-07,218.0,338.89420846865147,120.89420846865148,55.45605893057407,High,373
21033,2011-08,1.0,240.12322126620333,239.12322126620333,23912.322126620333,High,265
21034,2011-07,84.0,157.83561721740472,73.83561721740472,87.89954430643418,High,174
21034,2011-08,165.0,135.0784753516519,29.92152464834811,18.13425736263522,Low,149
21034,2011-09,218.0,253.4190600690993,35.41906006909926,16.247275261054707,Low,279
21034,2011-10,349.0,369.59130275640007,20.59130275640007,5.900086749684833,Low,407
21034,2011-11,80.0,298.9981017143364,218.9981017143364,273.74762714292046,High,329
21035,2011-07,107.0,263.1842414058876,156.18424140588758,145.96658075316594,High,290
21035,2011-08,116.0,202.4883989274783,86.4883989274783,74.55896459265371,High,223
21035,2011-09,151.0,166.00390657089957,15.003906570899574,9.93636196748316,Low,183
21035,2011-10,325.0,172.70477351724637,152.29522648275363,46.860069687001115,Moderate,190
21035,2011-11,122.0,194.2957605485589,72.29576054855892,59.25882012176961,High,214
21039,2011-07,43.0,31.605969533225487,11.394030466774511,26.49774527156863,Moderate,35
21039,2011-08,22.0,50.98946587395612,28.98946587395612,131.77029942707327,High,57
21039,2011-09,54.0,56.14528186153323,2.145281861533228,3.972744188024496,Low,62
21039,2011-10,39.0,73.77385493292932,34.773854932929325,89.16373059725467,High,82
21039,2011-11,1.0,44.22312730875428,43.22312730875428,4322.312730875428,High,49
21041,2011-07,70.0,94.5982186368506,24.598218636850604,35.140312338358,Moderate,105
21041,2011-08,48.0,101.26385142496032,53.26385142496031,110.96635713533398,High,112
21041,2011-09,14.0,85.08889302361047,71.08889302361047,507.77780731150335,High,94
21041,2011-10,14.0,50.94010413195305,36.94010413195305,263.8578866568075,High,57
21042,2011-07,14.0,30.534505667304607,16.534505667304607,118.10361190931862,High,34
21042,2011-08,12.0,28.631397469642938,16.631397469642938,138.59497891369114,High,32
21042,2011-09,6.0,27.391124391989,21.391124391989,356.5187398664833,High,31
21042,2011-10,21.0,25.7320019691776,4.732001969177599,22.53334271036952,Moderate,29
21042,2011-11,4.0,23.462270133897288,19.462270133897288,486.5567533474322,High,26
21051,2011-07,0.0,26.077195298608974,26.077195298608974,,Zero Demand,29
21055,2011-07,8.0,21.904690135652817,13.904690135652816,173.8086266956602,High,25
21055,2011-08,1.0,21.904690135652817,20.904690135652817,2090.469013565282,High,25
21055,2011-09,18.0,21.294764818028927,3.294764818028927,18.304248989049597,Low,24
21055,2011-10,42.0,46.84527912994946,4.845279129949461,11.536378880832048,Low,52
21055,2011-11,2.0,43.64465321227071,41.64465321227071,2082.2326606135357,High,49
21056,2011-07,1.0,22.788545143096076,21.788545143096076,2178.8545143096076,High,26
21056,2011-08,1.0,22.34768130855444,21.34768130855444,2134.768130855444,High,25
21056,2011-09,1.0,18.880484830624948,17.880484830624948,1788.0484830624948,High,21
21056,2011-10,28.0,18.880484830624948,9.119515169375052,32.56969703348233,Moderate,21
21056,2011-11,8.0,28.13344878007385,20.13344878007385,251.66810975092312,High,31
21058,2011-07,112.0,115.80965893697308,3.8096589369730793,3.4014811937259637,Low,128
21058,2011-08,138.0,113.8429895709104,24.15701042908961,17.50508002107943,Low,126
21058,2011-09,62.0,153.82034040763273,91.82034040763271,148.0973232381173,High,170
21058,2011-10,35.0,104.68559239594062,69.68559239594062,199.10169255983033,High,116
21058,2011-11,5.0,57.27533888220951,52.27533888220951,1045.5067776441902,High,64
21059,2011-07,45.0,91.6776779242691,46.67767792426911,103.72817316504248,High,101
21059,2011-08,60.0,75.47735884184148,15.47735884184148,25.795598069735803,Moderate,84
21059,2011-09,52.0,79.44670301152283,27.44670301152283,52.78212117600544,High,88
21059,2011-10,43.0,75.3960432495828,32.3960432495828,75.33963546414604,High,83
21059,2011-11,7.0,59.604415469348005,52.604415469348005,751.4916495621144,High,66
21060,2011-07,40.0,81.92580615558548,41.92580615558548,104.81451538896368,High,91
21060,2011-08,29.0,68.98579554895622,39.98579554895622,137.8820536170904,High,76
21060,2011-09,33.0,67.75904312743599,34.75904312743599,105.33043371950299,High,75
21060,2011-10,34.0,61.28042502589245,27.28042502589245,80.23654419380132,High,68
21060,2011-11,19.0,47.44804254288714,28.448042542887144,149.726539699406,High,53
21061,2011-07,29.0,83.550727412331,54.550727412331,188.10595659424482,High,92
21061,2011-08,74.0,68.98579554895622,5.014204451043781,6.775951960869975,Low,76
21061,2011-09,3.0,78.481959205008,75.481959205008,2516.0653068336,High,87
21061,2011-10,47.0,60.44035318638146,13.440353186381458,28.596496141237143,Moderate,67
21061,2011-11,14.0,47.291083787108,33.291083787108,237.7934556222,High,53
21062,2011-07,36.0,94.92284797821148,58.92284797821148,163.67457771725412,High,105
21062,2011-08,64.0,68.98579554895622,4.985795548956219,7.790305545244092,Low,76
21062,2011-09,18.0,79.20773757471156,61.20773757471156,340.04298652617535,High,88
21062,2011-10,43.0,60.44035318638146,17.440353186381458,40.55896089856153,Moderate,67
21062,2011-11,12.0,50.47296210148401,38.47296210148401,320.6080175123667,High,56
21063,2011-07,48.0,85.45274574300831,37.45274574300831,78.0265536312673,High,94
21063,2011-08,21.0,75.3960432495828,54.3960432495828,259.02877737896574,High,83
21063,2011-09,35.0,66.6866629885953,31.6866629885953,90.533322824558,High,74
21063,2011-10,33.0,59.85434218109221,26.854342181092207,81.3767944881582,High,66
21063,2011-11,16.0,52.65708017384281,36.65708017384281,229.10675108651753,High,58
21064,2011-07,3.0,22.907050209690503,19.907050209690503,663.5683403230167,High,26
21064,2011-08,56.0,25.29113813463597,30.70886186536403,54.8372533310072,High,28
21064,2011-09,20.0,68.67290287523794,48.67290287523794,243.36451437618967,High,76
21064,2011-10,67.0,52.13786269793878,14.86213730206122,22.182294480688387,Moderate,58
21064,2011-11,101.0,49.64174982399267,51.35825017600733,50.84975264951221,High,55
21065,2011-07,2.0,24.00707958997658,22.00707958997658,1100.353979498829,High,27
21065,2011-08,7.0,26.344054625161487,19.344054625161487,276.34363750230693,High,29
21065,2011-09,11.0,20.496453272860588,9.496453272860588,86.3313933896417,High,23
21065,2011-10,43.0,22.070639227317653,20.929360772682347,48.67293202949383,Moderate,25
21065,2011-11,23.0,45.091565361827,22.091565361827,96.05028418185653,High,50
21066,2011-07,16.0,37.3230924667991,21.323092466799103,133.2693279174944,High,42
21066,2011-08,25.0,36.90810202894446,11.908102028944462,47.63240811577785,Moderate,41
21066,2011-09,34.0,59.28332154522398,25.283321545223977,74.36271042712934,High,66
21066,2011-10,487.0,49.66666375998973,437.3333362400103,89.8015064147865,High,55
21066,2011-11,1.0,204.26757714098952,203.26757714098952,20326.757714098952,High,225
21067,2011-07,0.0,54.65082861581605,54.65082861581605,,Zero Demand,61
21068,2011-07,38.0,38.75446494365877,0.7544649436587676,1.9854340622599147,Low,43
21068,2011-08,76.0,77.4953287546525,1.4953287546525047,1.967537835069085,Low,86
21068,2011-09,66.0,98.5127444686226,32.512744468622586,49.261734043367554,Moderate,109
21068,2011-10,650.0,93.09410085404062,556.9058991459594,85.67783063783992,High,103
21068,2011-11,12.0,259.6076601504837,247.6076601504837,2063.3971679206975,High,286
21069,2011-07,684.0,57.58241727891577,626.4175827210843,91.581517941679,High,64
21070,2011-07,16.0,39.51941609907438,23.519416099074377,146.99635061921487,High,44
21070,2011-08,25.0,30.490546015955317,5.490546015955314,21.962184063821255,Moderate,34
21070,2011-09,270.0,48.638749750414746,221.36125024958525,81.98564824058712,High,54
21070,2011-10,553.0,207.5413470900868,345.4586529099132,62.46991915188303,High,229
21070,2011-11,5.0,192.2194027723384,187.2194027723384,3744.3880554467682,High,212
21071,2011-07,32.0,36.24053937340001,4.240539373400011,13.251685541875036,Low,40
21071,2011-08,114.0,48.638749750414746,65.36125024958525,57.33443004349583,High,54
21071,2011-09,137.0,114.47526466000076,22.524735339999253,16.441412656933764,Low,126
21078,2011-07,363.0,296.3142159504818,66.68578404951819,18.370739407580768,Low,326
21078,2011-08,129.0,331.1702828931976,202.1702828931976,156.72114952961053,High,365
21078,2011-09,24.0,284.64470302598403,260.64470302598403,1086.0195959416,High,314
21080,2011-07,1017.0,944.6432554951282,72.35674450487181,7.11472414010539,Low,1040
21080,2011-08,1018.0,1122.4873784257877,104.48737842578748,10.263986092906432,Low,1235
21080,2011-09,792.0,1119.2808218075747,327.28082180757474,41.32333608681499,Moderate,1232
21080,2011-10,882.0,1104.388742249586,222.3887422495859,25.214143112197952,Moderate,1215
21080,2011-11,234.0,422.53111973147423,188.53111973147423,80.5688545861001,High,465
21084,2011-07,89.0,290.1110261412507,201.1110261412507,225.96744510252887,High,320
21084,2011-08,269.0,181.90255371842576,87.09744628157424,32.37823281842908,Moderate,201
21084,2011-09,83.0,321.31221064622207,238.31221064622207,287.12314535689404,High,354
21084,2011-10,92.0,211.6732780094842,119.6732780094842,130.0796500103089,High,233
21084,2011-11,68.0,115.14875445112868,47.14875445112868,69.336403604601,High,127
21086,2011-07,471.0,625.758164553682,154.75816455368204,32.85735977785181,Moderate,689
21086,2011-08,777.0,582.5576332507175,194.4423667492825,25.024757625390286,Moderate,641
21086,2011-09,321.0,706.1642418851527,385.1642418851527,119.9888604003591,High,777
21086,2011-10,541.0,511.2326588149937,29.767341185006277,5.502281180222972,Low,563
21086,2011-11,39.0,307.53892619528034,268.53892619528034,688.5613492186676,High,339
21088,2011-07,193.0,205.27792622133995,12.277926221339952,6.361619803803084,Low,226
21088,2011-08,135.0,209.3076353639458,74.30763536394579,55.042692862182065,High,231
21088,2011-09,4.0,194.6141997508152,190.6141997508152,4765.35499377038,High,215
21088,2011-10,58.0,121.063136483458,63.06313648345801,108.72954566113451,High,134
21088,2011-11,25.0,61.51384035035884,36.51384035035884,146.05536140143536,High,68
21089,2011-07,23.0,89.88482419011262,66.88482419011262,290.8035834352723,High,99
21090,2011-07,108.0,287.8557198028009,179.85571980280088,166.53307389148227,High,317
21090,2011-08,164.0,231.95064347893657,67.95064347893657,41.43331919447352,Moderate,256
21090,2011-09,97.0,258.35692714170483,161.35692714170483,166.34734756876784,High,285
21090,2011-10,86.0,206.6138963152157,120.6138963152157,140.24871664559967,High,228
21090,2011-11,26.0,107.2197620561031,81.2197620561031,312.3837002157811,High,118
21094,2011-07,666.0,878.1054049162813,212.1054049162813,31.84765839583803,Moderate,966
21094,2011-08,891.0,878.5847104407528,12.415289559247183,1.3934107249435672,Low,967
21094,2011-09,486.0,963.3577341832672,477.3577341832673,98.22175600478752,High,1060
21094,2011-10,346.0,789.2301972326452,443.2301972326452,128.10121307301884,High,869
21094,2011-11,62.0,371.32977538131854,309.32977538131854,498.9189925505138,High,409
21096,2011-07,102.0,209.7518784047809,107.75187840478092,105.63909647527541,High,231
21096,2011-08,47.0,156.16981515005057,109.16981515005055,232.2762024469161,High,172
21096,2011-09,4.0,114.97545390307629,110.97545390307629,2774.386347576907,High,127
21096,2011-10,26.0,88.4249945767487,62.4249945767487,240.09613298749503,High,98
21096,2011-11,2.0,53.23473567752625,51.23473567752625,2561.7367838763125,High,59
21098,2011-07,164.0,41.710420322215256,122.28957967778474,74.56681687669801,High,46
21098,2011-08,1663.0,125.83256011617766,1537.1674398838222,92.43339987274938,High,139
21098,2011-09,607.0,1762.3442874080397,1155.3442874080397,190.33678540494887,High,1939
21098,2011-10,333.0,399.840435717907,66.84043571790698,20.072202918290387,Moderate,440
21098,2011-11,189.0,224.109341024886,35.10934102488599,18.57637091263809,Low,247
21106,2011-07,1.0,26.612804102328777,25.612804102328777,2561.280410232878,High,30
21106,2011-08,9.0,27.73127016441572,18.73127016441572,208.12522404906355,High,31
21106,2011-09,28.0,19.32134866516658,8.678651334833422,30.99518333869079,Moderate,22
21106,2011-10,89.0,46.903264225820905,42.096735774179095,47.29970311705517,Moderate,52
21106,2011-11,1.0,59.85290139054828,58.85290139054828,5885.290139054829,High,66
21107,2011-07,3.0,48.638749750414746,45.638749750414746,1521.2916583471583,High,54
21107,2011-08,31.0,32.98858494163596,1.9885849416359636,6.41479013430956,Low,37
21107,2011-09,73.0,39.62575233494941,33.37424766505059,45.71814748637067,Moderate,44
21107,2011-10,163.0,69.29658053693413,93.70341946306588,57.48676040678888,High,77
21107,2011-11,241.0,88.51665133082733,152.48334866917267,63.27109903285173,High,98
21108,2011-07,50.0,131.35692072600898,81.35692072600898,162.71384145201796,High,145
21108,2011-08,81.0,101.22784222160594,20.22784222160594,24.972644718032026,Moderate,112
21108,2011-09,709.0,185.1985822653874,523.8014177346126,73.87890236031208,High,204
21108,2011-10,2354.0,551.3665639650602,1802.63343603494,76.57746117395666,High,607
21108,2011-11,208.0,1280.1494676481425,1072.1494676481425,515.4564748308378,High,1409
21109,2011-07,2.0,20.24495189068193,18.24495189068193,912.2475945340964,High,23
21109,2011-08,7.0,18.880484830624948,11.880484830624948,169.7212118660707,High,21
21109,2011-09,15.0,20.894622108085866,5.894622108085862,39.297480720572416,Moderate,23
21109,2011-10,63.0,22.343844794338175,40.65615520566182,64.5335796915267,High,25
21109,2011-11,243.0,38.74684633167956,204.25315366832044,84.05479574828001,High,43
21110,2011-07,0.0,29.16560848627136,29.16560848627136,,Zero Demand,33
21110,2011-10,55.0,61.72613019716247,6.726130197162469,12.22932763120449,Low,68
21111,2011-07,0.0,26.770306236868656,26.770306236868656,,Zero Demand,30
21111,2011-10,66.0,47.9766031152054,18.0233968847946,27.308177098173637,Moderate,53
21111,2011-11,200.0,58.0195311432549,141.9804688567451,70.99023442837255,High,64
21112,2011-07,0.0,28.99657150944475,28.99657150944475,,Zero Demand,32
21112,2011-10,66.0,211.31114481238708,145.31114481238708,220.16840123088954,High,233
21112,2011-11,1.0,67.07479878526694,66.07479878526694,6607.479878526694,High,74
21114,2011-07,115.0,73.68863803181063,41.311361968189374,35.922923450599455,Moderate,82
21114,2011-08,101.0,118.78937985393216,17.78937985393216,17.613247380130854,Low,131
21114,2011-09,100.0,107.71259619091666,7.712596190916656,7.712596190916657,Low,119
21114,2011-10,98.0,103.44236464373876,5.442364643738756,5.553433309937506,Low,114
21114,2011-11,10.0,74.54300196761338,64.54300196761338,645.4300196761337,High,82
21115,2011-07,20.0,41.1261612382453,21.126161238245302,105.63080619122651,High,46
21115,2011-08,13.0,41.53632391115629,28.536323911156288,219.51018393197143,High,46
21115,2011-09,159.0,27.78929322721427,131.21070677278573,82.52245708980234,High,31
21115,2011-10,42.0,139.0186801619111,97.01868016191112,230.9968575283598,High,153
21115,2011-11,159.0,53.78446536619413,105.21553463380587,66.17329222251942,High,60
21116,2011-07,64.0,59.50111351362596,4.49888648637404,7.0295101349594376,Low,66
21116,2011-08,50.0,76.81546128561115,26.81546128561115,53.63092257122229,High,85
21116,2011-09,80.0,79.57210044081431,0.4278995591856898,0.5348744489821122,Low,88
21116,2011-10,196.0,114.33815157107944,81.66184842892056,41.66420838210233,Moderate,126
21116,2011-11,2.0,111.1563194262148,109.1563194262148,5457.81597131074,High,123
21117,2011-07,0.0,46.05437948071399,46.05437948071399,,Zero Demand,51
21117,2011-10,41.0,43.27954688712752,2.2795468871275237,5.559870456408595,Low,48
21121,2011-07,440.0,473.1747244085005,33.17472440850048,7.539710092841019,Low,521
21121,2011-08,552.0,515.4571428785846,36.54285712141541,6.620082811850618,Low,568
21121,2011-09,730.0,640.9740867576866,89.02591324231344,12.195330581138828,Low,706
21121,2011-10,415.0,605.1812826117952,190.18128261179515,45.826815087179554,Moderate,666
21121,2011-11,109.0,386.802996653665,277.802996653665,254.8651345446468,High,426
21122,2011-07,705.0,408.45931863839365,296.54068136160635,42.062507994554096,Moderate,450
21122,2011-08,289.0,521.7592800684358,232.75928006843583,80.53954327627537,High,574
21122,2011-09,420.0,375.4898264849247,44.51017351507534,10.597660360732224,Low,414
21122,2011-10,303.0,456.2588213557388,153.2588213557388,50.58046909430324,High,502
21122,2011-11,108.0,268.2288937288257,160.2288937288257,148.36008678594973,High,296
21123,2011-07,177.0,80.74661081661324,96.25338918338676,54.3804458663202,High,89
21123,2011-08,34.0,182.31158281671375,148.31158281671378,436.210537696217,High,201
21123,2011-09,185.0,102.54783634143016,82.45216365856984,44.56873711274046,Moderate,113
21123,2011-10,102.0,190.96683991371305,88.96683991371305,87.2223920722677,High,211
21123,2011-11,47.0,82.95214397810413,35.95214397810413,76.49392335766836,High,92
21124,2011-07,646.0,299.0294416218661,346.9705583781339,53.71061275203311,High,329
21124,2011-08,231.0,433.40614161551866,202.40614161551864,87.62170632706435,High,477
21124,2011-09,288.0,316.84939777568616,28.84939777568616,10.017152005446583,Low,349
21124,2011-10,239.0,330.72469042137794,91.72469042137794,38.378531557061905,Moderate,364
21124,2011-11,35.0,172.884300161766,137.884300161766,393.9551433193314,High,191
21125,2011-07,29.0,71.76062814254269,42.760628142542686,147.45044187083684,High,79
21125,2011-08,85.0,61.75990945337639,23.240090546623613,27.341282996027775,Moderate,68
21125,2011-09,123.0,104.75445650355132,18.24554349644869,14.833775200364787,Low,116
21125,2011-10,54.0,135.84824219709424,81.84824219709424,151.57081888350785,High,150
21125,2011-11,12.0,54.15601275991481,42.15601275991481,351.3001063326234,High,60
21126,2011-07,44.0,71.76062814254269,27.76062814254269,63.09233668759702,High,79
21126,2011-08,47.0,67.92963816333031,20.92963816333031,44.53114502836236,Moderate,75
21126,2011-09,41.0,91.58496036704057,50.58496036704055,123.37795211473306,High,101
21126,2011-10,54.0,90.94474379324936,36.94474379324937,68.41619220972106,High,101
21126,2011-11,24.0,54.942406689389465,30.942406689389465,128.92669453912276,High,61
21128,2011-07,5.0,18.880484830624948,13.880484830624948,277.60969661249896,High,21
21128,2011-08,1.0,18.880484830624948,17.880484830624948,1788.0484830624948,High,21
21128,2011-09,5.0,18.880484830624948,13.880484830624948,277.60969661249896,High,21
21128,2011-10,4.0,20.05558943831896,16.05558943831896,401.38973595797404,High,23
21128,2011-11,8.0,13.371347529813546,5.371347529813546,67.14184412266933,High,15
21129,2011-07,3.0,21.294764818028927,18.294764818028927,609.8254939342976,High,24
21129,2011-08,2.0,18.880484830624948,16.880484830624948,844.0242415312474,High,21
21129,2011-09,4.0,18.880484830624948,14.880484830624948,372.0121207656237,High,21
21129,2011-10,13.0,18.880484830624948,5.880484830624948,45.23449869711499,Moderate,21
21131,2011-09,10.0,18.880484830624948,8.880484830624948,88.80484830624947,High,21
21131,2011-10,2.0,19.32134866516658,17.32134866516658,866.067433258329,High,22
21131,2011-11,30.0,19.78200083382456,10.217999166175442,34.05999722058481,Moderate,22
21132,2011-07,0.0,22.77980270700908,22.77980270700908,,Zero Demand,26
21132,2011-10,5.0,19.32134866516658,14.321348665166578,286.4269733033316,High,22
21132,2011-11,2.0,16.225961179115693,14.225961179115693,711.2980589557847,High,18
21135,2011-07,204.0,141.83978460507197,62.16021539492803,30.470693821043156,Moderate,157
21135,2011-08,80.0,192.95368621094127,112.95368621094129,141.1921077636766,High,213
21135,2011-09,123.0,136.40976284528742,13.409762845287418,10.902246215680828,Low,151
21135,2011-10,1322.0,148.3419508601227,1173.6580491398772,88.77897497275924,High,164
21135,2011-11,42.0,770.3163773380838,728.3163773380838,1734.0866127097236,High,848
21136,2011-07,191.0,337.73148555093377,146.73148555093377,76.8227673041538,High,372
21136,2011-08,516.0,300.77853246745457,215.22146753254543,41.709586731113454,Moderate,331
21136,2011-09,576.0,461.93114340583867,114.06885659416132,19.80362093648634,Low,509
21136,2011-10,561.0,475.5772829415176,85.42271705848236,15.226865785825733,Low,524
21136,2011-11,81.0,267.81500100785286,186.81500100785289,230.63580371339862,High,295
21137,2011-07,367.0,703.9227675305813,336.92276753058127,91.80456880942269,High,775
21137,2011-08,719.0,577.3970607820061,141.60293921799394,19.694428263976903,Low,636
21137,2011-09,632.0,676.2890640117706,44.28906401177062,7.00776329300168,Low,744
21137,2011-10,2228.0,658.9913798452051,1569.008620154795,70.42228995308774,High,725
21137,2011-11,1574.0,1216.5478292826144,357.4521707173856,22.70979483592031,Moderate,1339
21147,2011-08,15.0,23.662915311205,8.662915311205001,57.75276874136668,High,27
21147,2011-09,72.0,25.67534341280964,46.32465658719036,64.33980081554218,High,29
21147,2011-10,70.0,100.0812471388544,30.08124713885441,42.97321019836345,Moderate,111
21147,2011-11,7.0,54.209838449830364,47.209838449830364,674.4262635690052,High,60
21154,2011-07,265.0,303.64005187479654,38.64005187479654,14.58115165086662,Low,335
21154,2011-08,221.0,304.0380773115541,83.0380773115541,37.57379063871226,Moderate,335
21154,2011-09,413.0,317.5145119360664,95.4854880639336,23.119972896836224,Moderate,350
21154,2011-10,429.0,322.0522078996646,106.9477921003354,24.929555268143453,Moderate,355
21154,2011-11,126.0,207.23157901891497,81.23157901891497,64.46950715786902,High,228
21155,2011-07,236.0,263.9909109446182,27.99091094461818,11.860555485007703,Low,291
21155,2011-08,212.0,286.0900534816229,74.09005348162287,34.948138434727774,Moderate,315
21155,2011-09,218.0,295.6527556814403,77.65275568144028,35.62053012910105,Moderate,326
21155,2011-10,244.0,311.2561060984788,67.25610609847882,27.563977909212632,Moderate,343
21155,2011-11,51.0,167.32668545000894,116.32668545000894,228.09154009805673,High,185
21156,2011-07,141.0,131.52988250081924,9.47011749918076,6.716395389489901,Low,145
21156,2011-08,298.0,150.84286922323295,147.15713077676705,49.381587508982236,Moderate,166
21156,2011-09,337.0,242.6687173353529,94.33128266464708,27.991478535503582,Moderate,267
21156,2011-10,569.0,296.3950582388131,272.6049417611869,47.90948009862688,Moderate,327
21156,2011-11,129.0,244.73535967469445,115.73535967469444,89.71733308115847,High,270
21158,2011-07,290.0,153.27238981982018,136.72761018017982,47.14745178626891,Moderate,169
21158,2011-08,215.0,235.09129099169752,20.09129099169752,9.344786507766289,Low,259
21158,2011-09,355.0,236.3917837316785,118.60821626832148,33.41076514600605,Moderate,261
21158,2011-10,221.0,301.89138321114825,80.89138321114825,36.60243584214853,Moderate,333
21158,2011-11,37.0,131.24080407279249,94.24080407279249,254.70487587241212,High,145
21159,2011-07,232.0,135.07308444080562,96.92691555919438,41.77884291344586,Moderate,149
21159,2011-08,136.0,186.88089486640547,50.88089486640547,37.41242269588638,Moderate,206
21159,2011-09,280.0,183.35836898777512,96.64163101222488,34.51486821865174,Moderate,202
21159,2011-10,161.0,235.62123472348043,74.62123472348043,46.348592995950575,Moderate,260
21159,2011-11,32.0,111.61622411319172,79.61622411319172,248.80070035372412,High,123
21162,2011-07,305.0,156.9651907027021,148.0348092972979,48.53600304829439,Moderate,173
21162,2011-08,163.0,266.0092803138065,103.00928031380651,63.19587749313283,High,293
21162,2011-09,371.0,190.4331014064925,180.56689859350743,48.67032307102626,Moderate,210
21162,2011-10,229.0,298.41959620500626,69.41959620500626,30.314234150657754,Moderate,329
21162,2011-11,64.0,116.39558712708586,52.39558712708586,81.86810488607166,High,129
21163,2011-07,291.0,195.1232105270689,95.87678947293112,32.94735033434059,Moderate,215
21163,2011-08,225.0,235.09129099169752,10.09129099169752,4.485018218532231,Low,259
21163,2011-09,250.0,225.03343588642383,24.96656411357617,9.986625645430468,Low,248
21164,2011-07,143.0,130.33402198293908,12.665978017060922,8.857327284657988,Low,144
21164,2011-08,68.0,187.49393168088716,119.49393168088712,175.72637011895165,High,207
21164,2011-09,73.0,109.55825129396126,36.55825129396126,50.07979629309762,High,121
21164,2011-10,88.0,107.83723712857277,19.837237128572752,22.542314918832673,Moderate,119
21164,2011-11,65.0,77.97285128960897,12.972851289608968,19.958232753244566,Low,86
21165,2011-07,408.0,343.2498498084378,64.75015019156223,15.870134850873093,Low,378
21165,2011-08,662.0,322.8397570738199,339.1602429261801,51.23266509458914,High,356
21165,2011-09,191.0,495.97146988328143,304.97146988328143,159.6709266404615,High,546
21165,2011-10,415.0,325.8794887815944,89.12051121840562,21.474821980338703,Moderate,359
21165,2011-11,130.0,247.95628837027712,117.95628837027712,90.73560643867471,High,273
21166,2011-07,1.0,653.3753569111972,652.3753569111972,65237.535691119716,High,719
21166,2011-08,2073.0,185.45763939959565,1887.5423606004044,91.05365945973972,High,205
21166,2011-09,908.0,1216.0762253061955,308.07622530619574,33.92909970332552,Moderate,1338
21166,2011-10,1340.0,1151.9070719648091,188.09292803519065,14.03678567426796,Low,1268
21166,2011-11,868.0,643.8664629241824,224.1335370758176,25.82183606864258,Moderate,709
21167,2011-07,87.0,130.74066721990613,43.74066721990613,50.27662898839785,High,144
21167,2011-08,132.0,106.75810583458043,25.241894165419566,19.122647095014823,Low,118
21167,2011-09,182.0,143.18806775169915,38.81193224830085,21.3252374990664,Moderate,158
21167,2011-10,211.0,169.01884001833167,41.98115998166833,19.896284351501578,Low,186
21167,2011-11,241.0,111.18059470348892,129.8194052965111,53.86697315207929,High,123
21169,2011-07,79.0,300.4404814028913,221.4404814028913,280.3044068391029,High,331
21169,2011-08,757.0,158.91799256303165,598.0820074369683,79.00687020303411,High,175
21169,2011-09,306.0,523.3740917450907,217.3740917450907,71.03728488401657,High,576
21169,2011-10,529.0,464.7479218861275,64.25207811387253,12.14595049411579,Low,512
21169,2011-11,254.0,260.1722247905479,6.172224790547887,2.430009760058223,Low,287
21171,2011-07,4.0,73.78088564826007,69.78088564826007,1744.5221412065016,High,82
21172,2011-07,566.0,279.38977501149554,286.61022498850446,50.63784893789831,High,308
21172,2011-08,227.0,476.7953565181553,249.7953565181553,110.0420072767204,High,525
21172,2011-09,257.0,364.244739434596,107.24473943459594,41.72947059711905,Moderate,401
21172,2011-10,439.0,330.03152433135784,108.96847566864216,24.821976234314842,Moderate,364
21172,2011-11,90.0,225.76963474298927,135.76963474298927,150.8551497144325,High,249
21174,2011-07,265.0,291.154303481624,26.154303481624027,9.869548483631709,Low,321
21174,2011-08,684.0,294.40614692874004,389.59385307126,56.95816565369298,High,324
21174,2011-09,458.0,613.4008571383229,155.40085713832286,33.93031815247224,Moderate,675
21174,2011-10,570.0,451.8089531926491,118.19104680735092,20.735271369710688,Moderate,497
21174,2011-11,321.0,244.84112894848332,76.15887105151666,23.725505000472477,Moderate,270
21175,2011-07,463.0,1024.716927005369,561.7169270053689,121.32115054111641,High,1128
21175,2011-08,1013.0,700.5696390918761,312.430360908124,30.842088934661792,Moderate,771
21175,2011-09,950.0,957.0347079857876,7.034707985787691,0.7404955774513359,Low,1053
21175,2011-10,1533.0,1070.3495567308155,462.6504432691843,30.17941573836819,Moderate,1178
21175,2011-11,278.0,625.2799537112234,347.27995371122336,124.92084665871343,High,688
21179,2011-07,512.0,519.8538276088735,7.85382760887353,1.5339507048581114,Low,572
21179,2011-08,250.0,413.8524172924996,163.85241729249958,65.54096691699984,High,456
21181,2011-08,2534.0,102.37834228380773,2431.621657716192,95.95981285383553,High,113
21181,2011-09,2002.0,1880.9004707436889,121.09952925631136,6.048927535280288,Low,2069
21181,2011-10,989.0,1975.426090106061,986.4260901060612,99.73974621901529,High,2173
21181,2011-11,711.0,544.6552783550704,166.34472164492956,23.395882087894453,Moderate,600
21187,2011-07,2.0,48.638749750414746,46.638749750414746,2331.9374875207372,High,54
21188,2011-07,36.0,56.08423429434115,20.08423429434115,55.7895397065032,High,62
21189,2011-07,5.0,43.56940226901292,38.56940226901292,771.3880453802584,High,48
21189,2011-08,5.0,31.126485105741544,26.126485105741544,522.5297021148309,High,35
21189,2011-09,6.0,23.662915311205,17.662915311205,294.38192185341666,High,27
21189,2011-10,105.0,23.662915311205,81.337084688795,77.46389017980476,High,27
21189,2011-11,69.0,63.99384615442599,5.006153845574012,7.255295428368133,Low,71
21191,2011-07,3.0,37.38999788360179,34.38999788360179,1146.3332627867262,High,42
21191,2011-08,20.0,31.126485105741544,11.126485105741544,55.63242552870772,High,35
21191,2011-09,28.0,37.280618122237705,9.280618122237705,33.14506472227752,Moderate,42
21191,2011-10,124.0,48.638749750414746,75.36125024958525,60.775201814181656,High,54
21191,2011-11,44.0,76.19397529288212,32.193975292882115,73.16812566564117,High,84
21192,2011-07,308.0,48.638749750414746,259.3612502495853,84.20819813298223,High,54
21192,2011-08,17.0,156.6411272257025,139.6411272257025,821.4183954453088,High,173
21192,2011-09,344.0,60.71542765748769,283.2845723425123,82.3501663786373,High,67
21192,2011-10,57.0,227.96270255940377,170.96270255940377,299.93456589369083,High,251
21194,2011-07,66.0,57.37203428305349,8.627965716946512,13.072675328706836,Low,64
21194,2011-08,39.0,86.23385952548387,47.233859525483865,121.11246032175349,High,95
21194,2011-09,52.0,69.57568767360637,17.575687673606367,33.79939937231994,Moderate,77
21194,2011-10,53.0,83.32165996476589,30.321659964765885,57.21067917880356,High,92
21194,2011-11,35.0,71.2370482240327,36.23704822403271,103.53442349723632,High,79
21196,2011-09,1.0,43.008283772473554,42.008283772473554,4200.828377247355,High,48
21196,2011-10,0.0,31.126485105741544,31.126485105741544,,Zero Demand,35
21197,2011-07,72.0,48.7995919208043,23.200408079195697,32.22278899888291,Moderate,54
21197,2011-08,0.0,71.82124017542853,71.82124017542853,,Zero Demand,80
21197,2011-11,12.0,41.78217079235396,29.78217079235396,248.18475660294968,High,46
21198,2011-07,48.0,106.18741994473748,58.18741994473747,121.2237915515364,High,117
21198,2011-08,50.0,74.42685377848932,24.42685377848932,48.85370755697864,Moderate,82
21198,2011-09,1.0,63.86359757593873,62.86359757593873,6286.359757593873,High,71
21198,2011-10,62.0,47.23437491446998,14.76562508553002,23.815524331500033,Moderate,52
21198,2011-11,12.0,41.78217079235396,29.78217079235396,248.18475660294968,High,46
21199,2011-07,36.0,96.36524458189731,60.36524458189732,167.6812349497148,High,107
21199,2011-08,1.0,68.414774913088,67.414774913088,6741.4774913087995,High,76
21199,2011-09,0.0,48.60910688842042,48.60910688842042,,Zero Demand,54
21200,2011-07,7.0,37.70154845313322,30.70154845313322,438.59354933047456,High,42
21200,2011-08,170.0,30.07356861521602,139.926431384784,82.30966552046117,High,34
21200,2011-09,162.0,116.54772065637604,45.45227934362397,28.056962557792573,Moderate,129
21200,2011-10,290.0,116.03890097436488,173.96109902563512,59.98658587090866,High,128
21200,2011-11,6.0,102.6161950157984,96.6161950157984,1610.2699169299733,High,113
21201,2011-07,68.0,72.31527298329272,4.315272983292715,6.345989681312816,Low,80
21201,2011-08,164.0,76.3635783283623,87.6364216716377,53.43684248270591,High,84
21201,2011-09,154.0,121.53743521039922,32.462564789600776,21.07958752571479,Moderate,134
21201,2011-10,294.0,117.67728222062668,176.3227177793733,59.97371353039909,High,130
21201,2011-11,19.0,97.46542109179724,78.46542109179723,412.9759004831433,High,108
21202,2011-07,0.0,30.679774547501896,30.679774547501896,,Zero Demand,34
21204,2011-07,37.0,83.41442169703018,46.41442169703018,125.44438296494643,High,92
21204,2011-08,53.0,57.37203428305349,4.372034283053488,8.249121288780167,Low,64
21204,2011-09,30.0,64.00131221447546,34.00131221447546,113.33770738158486,High,71
21204,2011-10,14.0,57.37203428305349,43.37203428305349,309.8002448789535,High,64
21204,2011-11,15.0,27.756098165086076,12.756098165086073,85.04065443390715,High,31
21205,2011-07,22.0,48.24058091518948,26.24058091518948,119.27536779631582,High,54
21205,2011-08,24.0,49.66666375998973,25.666663759989724,106.94443233329052,High,55
21205,2011-09,3.0,48.24058091518948,45.24058091518948,1508.0193638396495,High,54
21205,2011-10,16.0,33.87169754583188,17.87169754583188,111.69810966144924,High,38
21205,2011-11,1.0,23.537304181366224,22.537304181366224,2253.7304181366226,High,26
21206,2011-07,71.0,83.04098420964435,12.04098420964435,16.95913268963993,Low,92
21206,2011-08,45.0,77.98849958510782,32.98849958510782,73.30777685579515,High,86
21206,2011-09,64.0,68.90090573125094,4.900905731250944,7.6576652050796,Low,76
21206,2011-10,17.0,69.95840236839544,52.95840236839544,311.5200139317379,High,77
21207,2011-07,88.0,102.39382508723776,14.393825087237758,16.356619417315635,Low,113
21207,2011-08,179.0,100.75910736334818,78.24089263665182,43.70999588639767,Moderate,111
21207,2011-09,184.0,173.57798912911895,10.422010870881053,5.664136342870138,Low,191
21207,2011-10,64.0,197.1062075439107,133.1062075439107,207.97844928736046,High,217
21207,2011-11,14.0,63.80089246747158,49.80089246747158,355.72066048193983,High,71
21208,2011-07,72.0,141.02600131388795,69.02600131388795,95.86944626928882,High,156
21208,2011-08,72.0,116.4526895220814,44.45268952208141,61.7398465584464,High,129
21208,2011-09,75.0,104.33854210052066,29.33854210052065,39.11805613402753,Moderate,115
21208,2011-10,125.0,102.77136938570304,22.22863061429697,17.782904491437577,Low,114
21208,2011-11,38.0,98.13846940844552,60.13846940844553,158.25913002222507,High,108
21209,2011-07,77.0,127.01326686120116,50.01326686120117,64.95229462493658,High,140
21209,2011-08,146.0,116.58505276395556,29.41494723604445,20.14722413427702,Moderate,129
21209,2011-09,72.0,139.40422321994075,67.40422321994075,93.61697669436215,High,154
21209,2011-10,108.0,112.4674251151891,4.467425115189101,4.136504736286205,Low,124
21209,2011-11,41.0,104.51258754483923,63.51258754483924,154.908750109364,High,115
21210,2011-07,397.0,409.9895758237288,12.989575823728783,3.2719334568586356,Low,451
21210,2011-08,592.0,436.1699788112909,155.8300211887091,26.322638714308972,Moderate,480
21210,2011-09,426.0,546.6456741519305,120.6456741519305,28.320580786838146,Moderate,602
21210,2011-10,865.0,353.4320706504883,511.5679293495117,59.1408010808684,High,389
21210,2011-11,59.0,422.1475616412472,363.1475616412472,615.5043417648258,High,465
21211,2011-07,124.0,82.97970677646278,41.02029322353722,33.08088163188486,Moderate,92
21211,2011-08,27.0,116.32704704475567,89.32704704475569,330.8409149805766,High,128
21211,2011-09,237.0,69.7256258278912,167.27437417210882,70.57990471396997,High,77
21211,2011-10,44.0,145.1673200533249,101.16732005332489,229.9257273939202,High,160
21212,2011-07,3013.0,2761.0942744136464,251.9057255863536,8.36062813097755,Low,3038
21212,2011-08,3425.0,3342.6975283272086,82.3024716727914,2.402991873658143,Low,3677
21212,2011-09,2075.0,2923.049179445852,848.0491794458517,40.869839973294056,Moderate,3216
21212,2011-10,2621.0,2619.8360322024387,1.1639677975613267,0.04440930170016508,Low,2882
21212,2011-11,459.0,1726.20470164066,1267.20470164066,276.0794556951329,High,1899
21213,2011-07,1422.0,1294.6595233662729,127.34047663372712,8.955026486197406,Low,1425
21213,2011-08,2525.0,1376.2771889086284,1148.7228110913716,45.493972716489964,Moderate,1514
21213,2011-09,1404.0,1933.5431465159452,529.5431465159454,37.71674832734654,Moderate,2127
21213,2011-10,686.0,1721.4834665242925,1035.4834665242925,150.94511173823506,High,1894
21213,2011-11,142.0,612.423471734176,470.423471734176,331.2841350240676,High,674
21215,2011-07,130.0,94.99545071625867,35.00454928374131,26.926576372108702,Moderate,105
21215,2011-08,86.0,143.9631228474746,57.96312284747461,67.39898005520303,High,159
21215,2011-09,129.0,126.0944821716429,2.9055178283571053,2.2523394018272134,Low,139
21215,2011-10,32.0,124.19971645640064,92.19971645640064,288.124113926252,High,137
21215,2011-11,2.0,65.29479994632091,63.29479994632091,3164.7399973160454,High,72
21216,2011-07,190.0,177.68775297690783,12.31224702309217,6.480130012153773,Low,196
21216,2011-08,199.0,219.5023580899204,20.50235808992042,10.3026925074977,Low,242
21216,2011-09,75.0,228.6379884570421,153.6379884570421,204.85065127605614,High,252
21216,2011-10,168.0,149.44825721206055,18.55174278793945,11.04270404044015,Low,165
21216,2011-11,43.0,114.34914939427394,71.34914939427394,165.92825440528821,High,126
21217,2011-07,77.0,71.0299849618234,5.970015038176598,7.753266283346232,Low,79
21217,2011-08,57.0,100.95678338812826,43.95678338812826,77.1171638388215,High,112
21217,2011-09,42.0,101.93599644585566,59.93599644585567,142.7047534425135,High,113
21217,2011-10,119.0,81.8257846330605,37.17421536693951,31.238836442806306,Moderate,91
21217,2011-11,42.0,81.32487114342068,39.32487114342068,93.63064557957304,High,90
21218,2011-07,239.0,159.87071690657197,79.12928309342803,33.10848664996989,Moderate,176
21218,2011-08,121.0,210.87517564837117,89.87517564837114,74.27700466807532,High,232
21218,2011-09,79.0,177.64612248266732,98.64612248266732,124.86850947173079,High,196
21218,2011-10,274.0,133.92090083442886,140.07909916557114,51.12375881955151,High,148
21218,2011-11,42.0,136.37222807004068,94.37222807004068,224.69578111914447,High,151
21219,2011-07,13.0,50.23768439585795,37.23768439585795,286.4437261219842,High,56
21219,2011-08,33.0,46.506655181875146,13.506655181875146,40.92925812689438,Moderate,52
21219,2011-09,33.0,48.8116015510577,15.8116015510577,47.91394409411424,Moderate,54
21219,2011-10,60.0,61.107573225249496,1.107573225249496,1.8459553754158267,Low,68
21219,2011-11,5.0,42.45972356786929,37.45972356786929,749.1944713573857,High,47
21220,2011-07,32.0,48.8116015510577,16.8116015510577,52.53625484705531,High,54
21220,2011-08,23.0,61.346538662060766,38.346538662060766,166.72408113939463,High,68
21220,2011-09,16.0,59.40021644711422,43.40021644711422,271.25135279446386,High,66
21220,2011-10,48.0,38.77417779254992,9.22582220745008,19.220462932187665,Low,43
21220,2011-11,12.0,39.14450750906207,27.144507509062077,226.20422924218397,High,44
21221,2011-07,26.0,46.05437948071399,20.05437948071399,77.13222877197688,High,51
21221,2011-08,20.0,60.25251101631748,40.25251101631748,201.26255508158738,High,67
21221,2011-09,2.0,58.2905420482412,56.2905420482412,2814.52710241206,High,65
21221,2011-10,11.0,43.15523680949894,32.15523680949894,292.3203346318085,High,48
21221,2011-11,2.0,17.71604017316028,15.71604017316028,785.8020086580141,High,20
21222,2011-07,16.0,43.56915014576256,27.56915014576256,172.307188411016,High,48
21222,2011-08,22.0,51.42579472040771,29.42579472040771,133.7536123654896,High,57
21222,2011-09,18.0,59.85434218109221,41.85434218109221,232.52412322829005,High,66
21222,2011-10,28.0,49.81691842258444,21.81691842258444,77.91756579494444,High,55
21222,2011-11,7.0,35.091673940890246,28.09167394089025,401.30962772700354,High,39
21224,2011-07,31.0,100.13633684860916,69.13633684860915,223.02044144712627,High,111
21224,2011-08,71.0,71.22791587172239,0.2279158717223879,0.32100827003153226,Low,79
21224,2011-09,120.0,98.1397490667522,21.86025093324781,18.216875777706505,Low,108
21224,2011-10,101.0,128.83969025881444,27.839690258814443,27.56404976120242,Moderate,142
21224,2011-11,21.0,74.11655385199474,53.11655385199474,252.93597072378446,High,82
21226,2011-07,0.0,76.51498089568747,76.51498089568747,,Zero Demand,85
21231,2011-07,378.0,287.0934502092985,90.90654979070148,24.049351796481872,Moderate,316
21231,2011-08,492.0,341.85714240146723,150.14285759853277,30.51684097531154,Moderate,377
21231,2011-09,577.0,456.3597068094929,120.64029319050712,20.908196393502102,Moderate,502
21231,2011-10,741.0,506.5957003174197,234.4042996825804,31.63350872909317,Moderate,558
21231,2011-11,156.0,324.1831621007668,168.18316210076682,107.80971929536334,High,357
21232,2011-07,548.0,820.3220817339485,272.3220817339485,49.69381053539206,Moderate,903
21232,2011-08,971.0,848.7583292006026,122.2416707993974,12.589255489124346,Low,934
21232,2011-09,1060.0,892.169473807853,167.83052619214698,15.83306850869311,Low,982
21232,2011-10,1503.0,978.2303078721532,524.7696921278468,34.91481650883878,Moderate,1077
21232,2011-11,570.0,612.3807033798329,42.38070337983288,7.435211119268927,Low,674
21238,2011-07,361.0,397.6356300185496,36.63563001854959,10.148373966357227,Low,438
21238,2011-08,145.0,373.1165363980886,228.1165363980886,157.3217492400611,High,411
21238,2011-09,140.0,301.1152030362167,161.1152030362167,115.08228788301193,High,332
21238,2011-10,296.0,261.49397975038164,34.50602024961836,11.657439273519717,Low,288
21238,2011-11,62.0,167.1822546216894,105.1822546216894,169.64879777691837,High,184
21239,2011-07,335.0,277.08631976571456,57.91368023428544,17.287665741577744,Low,305
21239,2011-08,106.0,278.17341895861955,172.17341895861955,162.42775373454674,High,306
21239,2011-09,187.0,213.53864190456915,26.538641904569147,14.19178711474286,Low,235
21239,2011-10,122.0,210.35717646735625,88.35717646735623,72.42391513717723,High,232
21239,2011-11,39.0,113.3164903963728,74.31649039637281,190.55510358044313,High,125
21240,2011-07,255.0,290.4246722354246,35.42467223542462,13.892028327617501,Low,320
21240,2011-08,117.0,303.14699142730825,186.14699142730825,159.09999267291303,High,334
21240,2011-09,98.0,245.7061577785428,147.70615777854275,150.72056916177831,High,271
21240,2011-10,192.0,160.92606278939093,31.073937210609078,16.184342297192227,Low,178
21240,2011-11,35.0,119.876807937404,84.87680793740401,242.50516553544003,High,132
21242,2011-07,247.0,295.85113453075843,48.85113453075843,19.777787259416368,Low,326
21242,2011-08,145.0,281.62781260692384,136.62781260692384,94.22607765994748,High,310
21242,2011-09,319.0,242.1063739831056,76.89362601689444,24.10458495827412,Moderate,267
21242,2011-10,193.0,264.1742802416815,71.17428024168152,36.87786541019767,Moderate,291
21242,2011-11,138.0,146.10721808840137,8.107218088401368,5.874795716232875,Low,161
21243,2011-07,212.0,146.3250549464905,65.6749450535095,30.97874766674977,Moderate,161
21243,2011-08,83.0,195.5865023725809,112.5865023725809,135.64638840069986,High,216
21243,2011-09,192.0,135.55241472619426,56.44758527380574,29.399783996773827,Moderate,150
21243,2011-10,185.0,173.49683577135144,11.503164228648558,6.217926610080301,Low,191
21243,2011-11,35.0,107.15937649305708,72.15937649305707,206.16964712302018,High,118
21244,2011-07,267.0,223.75357570192156,43.24642429807847,16.197162658456357,Low,247
21244,2011-08,32.0,230.3440929290668,198.3440929290668,619.8252904033337,High,254
21244,2011-09,10.0,111.33960913001224,101.33960913001224,1013.3960913001223,High,123
21244,2011-10,4.0,57.66705921991697,53.66705921991697,1341.6764804979243,High,64
21244,2011-11,2.0,28.89623174852096,26.89623174852096,1344.811587426048,High,32
21245,2011-07,55.0,109.30564259986552,54.30564259986551,98.73753199975546,High,121
21245,2011-08,27.0,69.29907456647621,42.29907456647621,156.66323913509706,High,77
21245,2011-09,64.0,63.89061390081768,0.1093860991823234,0.17091577997238033,Low,71
21245,2011-10,43.0,63.39846867459328,20.39846867459328,47.43829924324018,Moderate,70
21245,2011-11,113.0,49.64042793698309,63.35957206301691,56.070417754882214,High,55
21246,2011-07,63.0,56.31162333763243,6.688376662367567,10.616470892646932,Low,62
21246,2011-08,1.0,80.7147791619953,79.7147791619953,7971.477916199529,High,89
21248,2011-07,50.0,30.490546015955317,19.509453984044686,39.01890796808937,Moderate,34
21248,2011-08,6.0,55.50823157824705,49.50823157824705,825.1371929707842,High,62
21248,2011-09,12.0,48.411601482624086,36.411601482624086,303.43001235520074,High,54
21248,2011-10,37.0,38.79743039029289,1.797430390292888,4.857919973764562,Low,43
21248,2011-11,14.0,35.091673940890246,21.09167394089025,150.6548138635018,High,39
21249,2011-07,170.0,57.77020311827876,112.22979688172124,66.01752757748308,High,64
21249,2011-08,34.0,149.21326004644524,115.21326004644524,338.86252954836834,High,165
21249,2011-09,45.0,64.32217156986084,19.32217156986084,42.9381590441352,Moderate,71
21249,2011-10,71.0,96.45422375881132,25.45422375881131,35.85101937860748,Moderate,107
21249,2011-11,9.0,53.94938425314181,44.94938425314181,499.4376028126868,High,60
21251,2011-07,24.0,47.34551299547519,23.34551299547519,97.27297081447995,High,53
21251,2011-08,16.0,49.66666375998973,33.666663759989724,210.41664849993577,High,55
21251,2011-09,7.0,40.1352103236921,33.1352103236921,473.3601474813157,High,45
21251,2011-10,20.0,31.126485105741544,11.126485105741544,55.63242552870772,High,35
21253,2011-07,4.0,28.570302834182627,24.570302834182627,614.2575708545656,High,32
21253,2011-08,25.0,23.831952288031584,1.1680477119684165,4.672190847873666,Low,27
21253,2011-09,14.0,39.62575233494941,25.62575233494941,183.0410881067815,High,44
21253,2011-10,15.0,29.925524583982465,14.925524583982464,99.50349722654975,High,33
21253,2011-11,3.0,23.913889300041195,20.913889300041195,697.1296433347064,High,27
21257,2011-07,22.0,95.03537524236992,73.03537524236991,331.97897837440865,High,105
21257,2011-08,41.0,55.29439822073073,14.294398220730727,34.86438590422129,Moderate,61
21257,2011-09,56.0,72.7309957187667,16.730995718766707,29.876778069226262,Moderate,81
21257,2011-10,120.0,94.79428260631398,25.20571739368601,21.004764494738343,Moderate,105
21257,2011-11,41.0,82.94979240016619,41.94979240016619,102.31656682967363,High,92
21258,2011-10,86.0,74.36160206740144,11.638397932598563,13.533020851858794,Low,82
21258,2011-11,44.0,70.28680137634085,26.286801376340847,59.742730400774654,High,78
21259,2011-07,32.0,70.38976838803222,38.38976838803222,119.9680262126007,High,78
21259,2011-08,100.0,70.17994846452957,29.820051535470427,29.820051535470427,Moderate,78
21259,2011-09,79.0,115.09551657680603,36.09551657680605,45.69052731241272,Moderate,127
21259,2011-10,109.0,110.74958395742728,1.749583957427291,1.605122896722285,Low,122
21259,2011-11,47.0,87.2430843310804,40.2430843310804,85.62358368314979,High,96
21260,2011-07,26.0,129.2045748617119,103.2045748617119,396.94067254504574,High,143
21260,2011-08,146.0,68.93269430932865,77.06730569067135,52.78582581552832,High,76
21260,2011-09,94.0,145.56699387739033,51.56699387739033,54.85850412488333,High,161
21260,2011-10,56.0,116.55387544071382,60.553875440713824,108.13192042984612,High,129
21260,2011-11,13.0,59.77016382338287,46.77016382338287,359.77049094909904,High,66
21261,2011-09,31.0,76.45558772918889,45.45558772918889,146.63092815867384,High,85
21261,2011-10,17.0,55.31779739145093,38.31779739145093,225.3988081850055,High,61
21261,2011-11,1.0,33.44895403094095,32.44895403094095,3244.8954030940954,High,37
21262,2011-07,20.0,47.23437491446998,27.23437491446998,136.1718745723499,High,52
21262,2011-08,44.0,38.77578338241751,5.224216617582492,11.873219585414754,Low,43
21262,2011-09,47.0,73.33160616327504,26.33160616327504,56.024693964414986,High,81
21262,2011-10,83.0,81.28038704404783,1.7196129559521722,2.071822838496593,Low,90
21262,2011-11,11.0,62.66849737417038,51.66849737417038,469.71361249245797,High,69
21263,2011-09,40.0,50.064832595215,10.064832595214996,25.16208148803749,Moderate,56
21263,2011-10,47.0,57.60393842946755,10.603938429467547,22.561571126526697,Moderate,64
21263,2011-11,11.0,46.651039620180605,35.651039620180605,324.10036018346005,High,52
21264,2011-07,12.0,34.26709123002088,22.26709123002088,185.55909358350735,High,38
21264,2011-08,74.0,30.679774547501896,43.32022545249811,58.540845206078515,High,34
21264,2011-09,18.0,67.01309472970289,49.013094729702885,272.2949707205716,High,74
21264,2011-10,119.0,48.23874968198113,70.76125031801887,59.46323556136039,High,54
21264,2011-11,15.0,70.74864203615932,55.748642036159325,371.6576135743955,High,78
21265,2011-08,26.0,36.33708139307624,10.33708139307624,39.75800535798554,Moderate,40
21265,2011-09,38.0,48.24058091518948,10.240580915189476,26.948897145235463,Moderate,54
21265,2011-10,16.0,49.66666375998973,33.666663759989724,210.41664849993577,High,55
21265,2011-11,18.0,38.65175003454999,20.65175003454999,114.73194463638885,High,43
21269,2011-07,4.0,18.880484830624948,14.880484830624948,372.0121207656237,High,21
21269,2011-08,0.0,18.880484830624948,18.880484830624948,,Zero Demand,21
21270,2011-07,6.0,18.880484830624948,12.880484830624948,214.67474717708245,High,21
21270,2011-08,0.0,20.496453272860588,20.496453272860588,,Zero Demand,23
21270,2011-11,1.0,13.371347529813546,12.371347529813546,1237.1347529813545,High,15
21272,2011-07,6.0,58.05374656041558,52.05374656041558,867.5624426735931,High,64
21277,2011-09,2.0,18.880484830624948,16.880484830624948,844.0242415312474,High,21
21277,2011-10,4.0,18.880484830624948,14.880484830624948,372.0121207656237,High,21
21279,2011-08,14.0,26.805270388130676,12.805270388130673,91.46621705807624,High,30
21279,2011-09,0.0,31.52187878993057,31.52187878993057,,Zero Demand,35
21280,2011-07,18.0,23.662915311205,5.662915311205001,31.460640617805563,Moderate,27
21280,2011-08,0.0,30.490546015955317,30.490546015955317,,Zero Demand,34
21284,2011-07,2.0,34.472523608330675,32.472523608330675,1623.6261804165338,High,38
21284,2011-08,14.0,31.126485105741544,17.126485105741544,122.33203646958246,High,35
21284,2011-09,24.0,25.67534341280964,1.6753434128096387,6.980597553373495,Low,29
21284,2011-10,5.0,48.24058091518948,43.24058091518948,864.8116183037896,High,54
21284,2011-11,172.0,25.254871499845976,146.745128500154,85.31693517450815,High,28
21285,2011-07,0.0,30.07356861521602,30.07356861521602,,Zero Demand,34
21285,2011-10,34.0,41.95179676841426,7.951796768414262,23.387637554159593,Moderate,47
21285,2011-11,229.0,43.95957960768895,185.04042039231103,80.80367702721006,High,49
21286,2011-11,158.0,39.670465359009626,118.32953464099036,74.89211053227238,High,44
21287,2011-07,96.0,129.17811805241897,33.17811805241897,34.56053963793642,Moderate,143
21287,2011-08,264.0,123.86220723127204,140.13779276872796,53.0824972608818,High,137
21287,2011-09,114.0,170.21410982274477,56.214109822744746,49.31062265153048,Moderate,188
21287,2011-10,564.0,138.62103222017657,425.3789677798234,75.42180279784102,High,153
21287,2011-11,15.0,190.9717437337992,175.9717437337992,1173.144958225328,High,211
21288,2011-07,20.0,31.126485105741544,11.126485105741544,55.63242552870772,High,35
21288,2011-08,55.0,45.02048759476371,9.979512405236292,18.14456800952053,Low,50
21288,2011-09,85.0,73.77385493292932,11.226145067070677,13.207229490671384,Low,82
21288,2011-10,22.0,103.72623333902024,81.72623333902025,371.4828788137284,High,115
21288,2011-11,10.0,44.22312730875428,34.22312730875428,342.2312730875428,High,49
21289,2011-07,52.0,68.64125364008002,16.641253640080024,32.00241084630774,Moderate,76
21289,2011-08,106.0,75.3960432495828,30.6039567504172,28.871657311714337,Moderate,83
21289,2011-09,32.0,108.41190317222171,76.41190317222173,238.7871974131929,High,120
21289,2011-10,22.0,68.98579554895622,46.98579554895622,213.57179794980098,High,76
21289,2011-11,1.0,49.07691293445134,48.07691293445134,4807.691293445134,High,54
21291,2011-07,33.0,152.63645896323752,119.63645896323752,362.5347241310228,High,168
21291,2011-08,98.0,89.23943434524614,8.760565654753862,8.939352708932512,Low,99
21291,2011-09,16.0,111.94917526001932,95.94917526001932,599.6823453751207,High,124
21291,2011-10,99.0,69.70408680404223,29.29591319595777,29.591831511068456,Moderate,77
21292,2011-08,97.0,68.98579554895622,28.01420445104378,28.88062314540596,Moderate,76
21292,2011-09,0.0,96.41171244419782,96.41171244419782,,Zero Demand,107
21293,2011-07,20.0,23.220666541550717,3.220666541550713,16.103332707753566,Low,26
21293,2011-08,16.0,37.72286689189199,21.72286689189199,135.76791807432494,High,42
21293,2011-09,11.0,36.33708139307624,25.33708139307624,230.33710357342034,High,40
21293,2011-10,37.0,30.07356861521602,6.926431384783982,18.72008482374049,Low,34
21293,2011-11,1.0,40.67667135972912,39.67667135972912,3967.667135972912,High,45
21294,2011-07,16.0,195.91939216051105,179.91939216051102,1124.4962010031938,High,216
21294,2011-08,32.0,201.70947645733523,169.70947645733523,530.3421139291726,High,222
21294,2011-09,44.0,97.31674552906192,53.31674552906192,121.17442165695891,High,108
21306,2011-07,105.0,78.29779294875287,26.70220705124713,25.430673382140125,Moderate,87
21306,2011-08,101.0,110.67437032793369,9.674370327933689,9.578584483102661,Low,122
21306,2011-09,79.0,102.1238599476754,23.1238599476754,29.270708794525824,Moderate,113
21306,2011-10,108.0,106.95794601262102,1.0420539873789778,0.9648648031286832,Low,118
21306,2011-11,3.0,95.03543844018984,92.03543844018984,3067.847948006328,High,105
21311,2011-07,179.0,134.13444308680144,44.86555691319856,25.0645569347478,Moderate,148
21311,2011-08,32.0,172.3050479591446,140.3050479591446,438.45327487232686,High,190
21311,2011-09,7.0,135.3542049423948,128.3542049423948,1833.6314991770685,High,149
21311,2011-10,45.0,73.83422685061416,28.83422685061416,64.07605966803148,High,82
21311,2011-11,2.0,55.90172157800156,53.90172157800156,2695.086078900078,High,62
21313,2011-07,249.0,224.23019025777847,24.76980974222153,9.94771475591226,Low,247
21313,2011-08,266.0,200.7462033353813,65.2537966646187,24.53150250549575,Moderate,221
21313,2011-09,293.0,243.7770077293904,49.22299227060961,16.799656065054474,Low,269
21313,2011-10,293.0,250.2252272650508,42.77477273494924,14.598898544351277,Low,276
21313,2011-11,62.0,138.48072470704153,76.48072470704153,123.35600759200247,High,153
21314,2011-07,228.0,272.9493940206093,44.9493940206093,19.714646500267236,Low,301
21314,2011-08,490.0,280.78627340233663,209.21372659766337,42.69667889748232,Moderate,309
21314,2011-09,314.0,479.6179404479228,165.61794044792276,52.74456702163145,High,528
21314,2011-10,403.0,347.45043481585014,55.549565184149856,13.784011211947856,Low,383
21314,2011-11,226.0,213.1219799672662,12.878020032733788,5.698238952537075,Low,235
21317,2011-08,29.0,19.890552858191903,9.109447141808094,31.41188669588998,Moderate,22
21317,2011-09,7.0,39.22758349972414,32.22758349972414,460.39404999605915,High,44
21317,2011-10,25.0,28.477214409267923,3.4772144092679227,13.908857637071693,Low,32
21317,2011-11,12.0,35.12668306170495,23.126683061704952,192.72235884754127,High,39
21326,2011-07,473.0,751.4960171053757,278.4960171053757,58.87865055081939,High,827
21326,2011-08,1627.0,708.4337370363104,918.5662629636896,56.45766828295572,High,780
21326,2011-09,679.0,1080.4887026250872,401.4887026250872,59.12941128499075,High,1189
21326,2011-10,1141.0,956.859404545202,184.140595454798,16.138527209009464,Low,1053
21326,2011-11,600.0,563.7095535601856,36.290446439814446,6.0484077399690745,Low,621
21327,2011-07,25.0,136.12506976346526,111.12506976346526,444.50027905386105,High,150
21327,2011-08,44.0,70.65689523585417,26.656895235854165,60.58385280875947,High,78
21327,2011-09,86.0,81.71851739549379,4.281482604506209,4.978468144774661,Low,90
21327,2011-10,176.0,116.04643817431295,59.953561825687046,34.06452376459491,Moderate,128
21327,2011-11,29.0,113.10903946055836,84.10903946055835,290.0311705536495,High,125
21328,2011-07,25.0,212.0214632748499,187.0214632748499,748.0858530993996,High,234
21328,2011-08,137.0,95.1881832677366,41.81181673226341,30.519574257126575,Moderate,105
21328,2011-09,106.0,165.02573837316297,59.025738373162966,55.684658842606574,High,182
21328,2011-10,222.0,174.69678414827396,47.30321585172604,21.307754888164883,Moderate,193
21328,2011-11,22.0,114.96636227462535,92.96636227462535,422.5743739755698,High,127
21329,2011-07,23.0,136.12506976346526,113.12506976346526,491.84812940637073,High,150
21329,2011-08,106.0,87.9912491825735,18.008750817426503,16.98938756360991,Low,97
21329,2011-09,85.0,130.96055459735678,45.960554597356776,54.071240702772684,High,145
21329,2011-10,221.0,119.9080520305158,101.0919479694842,45.74296288211955,Moderate,132
21329,2011-11,32.0,114.96636227462535,82.96636227462537,259.2698821082043,High,127
21331,2011-10,1.0,18.880484830624948,17.880484830624948,1788.0484830624948,High,21
21340,2011-07,56.0,86.74767774872507,30.747677748725067,54.906567408437624,High,96
21340,2011-08,59.0,88.88008748600666,29.88008748600666,50.64421607797739,High,98
21340,2011-09,64.0,102.82521357804488,38.82521357804488,60.66439621569513,High,114
21340,2011-10,86.0,100.8387837468295,14.838783746829506,17.254399705615704,Low,111
21340,2011-11,15.0,68.17700186343838,53.17700186343838,354.51334575625583,High,75
21344,2011-11,3.0,13.371347529813546,10.371347529813546,345.7115843271182,High,15
21351,2011-08,7.0,25.29113813463597,18.29113813463597,261.30197335194237,High,28
21351,2011-09,9.0,19.32134866516658,10.321348665166578,114.6816518351842,High,22
21351,2011-10,22.0,21.506521300427544,0.4934786995724565,2.2430849980566205,Low,24
21351,2011-11,7.0,31.90981162978648,24.90981162978648,355.8544518540926,High,36
21352,2011-07,8.0,18.880484830624948,10.880484830624948,136.00606038281185,High,21
21352,2011-08,121.0,20.496453272860588,100.5035467271394,83.06078241912347,High,23
21352,2011-09,131.0,116.24246010807548,14.757539891924525,11.265297627423301,Low,128
21352,2011-10,22.0,138.09876431265454,116.09876431265454,527.7216559666115,High,152
21354,2011-07,0.0,26.76872686630619,26.76872686630619,,Zero Demand,30
21354,2011-10,96.0,62.3302125275775,33.6697874724225,35.072695283773434,Moderate,69
21354,2011-11,24.0,71.49160226365218,47.49160226365218,197.88167609855077,High,79
21355,2011-07,18.0,44.97738237494272,26.97738237494272,149.87434652745958,High,50
21355,2011-08,5.0,43.09031835558093,38.09031835558093,761.8063671116187,High,48
21355,2011-09,7.0,43.27954688712752,36.27954688712752,518.2792412446789,High,48
21355,2011-10,16.0,36.86889358311649,20.86889358311649,130.43058489447805,High,41
21355,2011-11,3.0,31.841277343061872,28.841277343061872,961.3759114353958,High,36
21356,2011-07,39.0,29.78470662778762,9.21529337221238,23.62895736464713,Moderate,33
21356,2011-08,102.0,49.20977038628297,52.79022961371703,51.7551270722716,High,55
21356,2011-09,75.0,129.6449141440757,54.6449141440757,72.85988552543427,High,143
21356,2011-10,157.0,108.87125941296294,48.12874058703706,30.655248781552263,Moderate,120
21356,2011-11,67.0,96.86590915620246,29.865909156202463,44.57598381522755,Moderate,107
21358,2011-07,42.0,31.126485105741544,10.873514894258456,25.889321176805847,Moderate,35
21358,2011-08,29.0,51.56048650982434,22.560486509824337,77.79478106835978,High,57
21358,2011-09,42.0,85.57288150163923,43.57288150163923,103.74495595628387,High,95
21358,2011-10,59.0,85.5045111007223,26.504511100722297,44.92290017071576,Moderate,95
21358,2011-11,9.0,52.589158346305695,43.589158346305695,484.32398162561884,High,58
21363,2011-07,4.0,32.53034832904621,28.530348329046213,713.2587082261554,High,36
21363,2011-08,6.0,25.29113813463597,19.29113813463597,321.5189689105995,High,28
21364,2011-07,0.0,18.880484830624948,18.880484830624948,,Zero Demand,21
21365,2011-07,80.0,86.7755522027487,6.775552202748699,8.469440253435874,Low,96
21365,2011-08,48.0,94.64598865241182,46.645988652411816,97.17914302585795,High,105
21365,2011-09,11.0,63.78228198368006,52.78228198368006,479.8389271243642,High,71
21365,2011-10,20.0,68.6134948657601,48.6134948657601,243.06747432880053,High,76
21365,2011-11,52.0,40.96126527120504,11.038734728794957,21.228336016913378,Moderate,46
21366,2011-07,0.0,50.98622261644805,50.98622261644805,,Zero Demand,57
21366,2011-10,4.0,18.880484830624948,14.880484830624948,372.0121207656237,High,21
21366,2011-11,3.0,13.371347529813546,10.371347529813546,345.7115843271182,High,15
21367,2011-07,4.0,63.48423698361069,59.48423698361069,1487.1059245902673,High,70
21367,2011-08,13.0,41.888358933775926,28.88835893377593,222.21814564443022,High,47
21367,2011-09,15.0,45.32536282032207,30.32536282032207,202.1690854688138,High,50
21367,2011-10,12.0,44.1877647657245,32.1877647657245,268.23137304770415,High,49
21367,2011-11,13.0,23.514033827266815,10.514033827266818,80.87718328666783,High,26
21368,2011-07,4.0,70.89469243926888,66.89469243926888,1672.367310981722,High,78
21368,2011-08,19.0,53.91711063753331,34.91711063753331,183.77426651333323,High,60
21368,2011-09,8.0,50.98266966589642,42.98266966589642,537.2833708237052,High,57
21368,2011-10,10.0,51.570067032668256,41.570067032668256,415.70067032668254,High,57
21368,2011-11,12.0,25.448669127055087,13.448669127055089,112.07224272545908,High,28
21369,2011-07,12.0,48.7995919208043,36.7995919208043,306.66326600670254,High,54
21369,2011-08,26.0,43.27954688712752,17.279546887127523,66.45979571972124,High,48
21369,2011-09,1.0,59.85434218109221,58.85434218109221,5885.434218109221,High,66
21369,2011-10,2.0,47.07767581774337,45.07767581774337,2253.8837908871683,High,52
21369,2011-11,12.0,23.03651110011118,11.03651110011118,91.97092583425984,High,26
21371,2011-07,77.0,87.17372103797396,10.173721037973962,13.212624724641508,Low,96
21371,2011-08,14.0,89.43249978201415,75.43249978201415,538.8035698715297,High,99
21371,2011-09,10.0,57.41444667742879,47.41444667742879,474.14446677428793,High,64
21371,2011-10,4.0,51.65138262492693,47.65138262492693,1191.2845656231732,High,57
21371,2011-11,38.0,29.32285432649364,8.677145673506363,22.834593877648324,Moderate,33
21372,2011-07,5.0,46.45254831593926,41.45254831593926,829.0509663187852,High,52
21372,2011-08,15.0,49.42823128962718,34.42823128962718,229.52154193084783,High,55
21372,2011-09,8.0,45.11455057222521,37.11455057222521,463.93188215281515,High,50
21372,2011-10,11.0,50.11898170691747,39.11898170691747,355.62710642652246,High,56
21373,2011-07,51.0,82.08488849059547,31.084888490595475,60.950761746265634,High,91
21373,2011-08,46.0,84.48020403664617,38.48020403664617,83.65261747096994,High,93
21373,2011-09,61.0,84.87837287187143,23.878372871871434,39.14487356044498,Moderate,94
21373,2011-10,112.0,85.56768796701756,26.43231203298244,23.600278600877182,Moderate,95
21373,2011-11,73.0,78.78193103022527,5.781931030225266,7.920453466062008,Low,87
21374,2011-07,5.0,66.85711111452999,61.85711111452999,1237.1422222905999,High,74
21374,2011-08,54.0,60.44035318638146,6.440353186381458,11.926579974780477,Low,67
21374,2011-09,4.0,62.60322713985884,58.60322713985884,1465.080678496471,High,69
21374,2011-10,27.0,59.26312661822735,32.26312661822735,119.4930615489902,High,66
21374,2011-11,36.0,36.974430061395694,0.9744300613956938,2.706750170543594,Low,41
21375,2011-07,3.0,19.890552858191903,16.890552858191906,563.0184286063969,High,22
21375,2011-08,4.0,18.880484830624948,14.880484830624948,372.0121207656237,High,21
21375,2011-09,1.0,18.880484830624948,17.880484830624948,1788.0484830624948,High,21
21375,2011-10,1.0,18.880484830624948,17.880484830624948,1788.0484830624948,High,21
21375,2011-11,3.0,13.371347529813546,10.371347529813546,345.7115843271182,High,15
21376,2011-10,2.0,18.880484830624948,16.880484830624948,844.0242415312474,High,21
21376,2011-11,2.0,13.371347529813546,11.371347529813546,568.5673764906772,High,15
21377,2011-07,8.0,26.077195298608974,18.077195298608974,225.96494123261218,High,29
21377,2011-08,3.0,24.672983338771957,21.672983338771957,722.4327779590652,High,28
21377,2011-09,12.0,26.077195298608974,14.077195298608974,117.30996082174146,High,29
21377,2011-10,12.0,26.008343778074988,14.008343778074988,116.7361981506249,High,29
21377,2011-11,25.0,23.115864992041544,1.884135007958456,7.536540031833824,Low,26
21378,2011-07,1.0,30.07356861521602,29.07356861521602,2907.356861521602,High,34
21378,2011-08,0.0,23.662915311205,23.662915311205,,Zero Demand,27
21378,2011-11,35.0,22.509659059755663,12.490340940244334,35.686688400698095,Moderate,25
21379,2011-07,2.0,31.732691038027447,29.732691038027447,1486.6345519013723,High,35
21379,2011-08,1.0,31.126485105741544,30.126485105741544,3012.6485105741544,High,35
21379,2011-09,38.0,23.662915311205,14.337084688795,37.729170233671056,Moderate,27
21379,2011-10,8.0,43.96731898098783,35.96731898098783,449.5914872623478,High,49
21379,2011-11,27.0,34.838168284727324,7.838168284727324,29.030252906397497,Moderate,39
21380,2011-07,435.0,171.03535081711146,263.96464918288854,60.681528547790464,High,189
21380,2011-08,91.0,283.3985364222058,192.39853642220575,211.426963101325,High,312
21380,2011-09,246.0,156.78266113826268,89.21733886173732,36.267210919405414,Moderate,173
21380,2011-10,95.0,216.06826046095415,121.06826046095418,127.44027416942545,High,238
21380,2011-11,6.0,122.52612393907036,116.52612393907036,1942.1020656511726,High,135
21381,2011-07,81.0,162.28031543187905,81.28031543187905,100.34606843441858,High,179
21381,2011-08,166.0,110.25680086263252,55.74319913736748,33.58024044419728,Moderate,122
21381,2011-09,71.0,170.00022331007293,99.00022331007293,139.43693423953934,High,188
21381,2011-10,86.0,107.04659715325415,21.04659715325417,24.472787387504845,Moderate,118
21381,2011-11,10.0,77.84278063034527,67.84278063034527,678.4278063034527,High,86
21382,2011-07,108.0,200.2090249630735,92.20902496307347,85.37872681766062,High,221
21382,2011-08,241.0,149.63021084174727,91.36978915825271,37.912775584337226,Moderate,165
21382,2011-09,86.0,167.33433528315453,81.33433528315453,94.57480846878433,High,185
21382,2011-10,62.0,124.99950954196584,62.99950954196585,101.61211216446104,High,138
21382,2011-11,3.0,63.96410243906793,60.96410243906793,2032.136747968931,High,71
21383,2011-07,2.0,87.44259873838163,85.44259873838163,4272.129936919082,High,97
21383,2011-08,6.0,71.60284437743138,65.60284437743138,1093.3807396238562,High,79
21383,2011-09,4.0,39.286277133699,35.286277133699,882.1569283424751,High,44
21383,2011-10,54.0,37.92181007364201,16.078189926357993,29.774425789551838,Moderate,42
21383,2011-11,18.0,39.5192451626499,21.519245162649906,119.55136201472169,High,44
21385,2011-07,125.0,298.94742611396106,173.94742611396106,139.15794089116883,High,329
21385,2011-08,245.0,265.32223491126547,20.32223491126547,8.29478975970019,Low,292
21385,2011-09,249.0,289.2843266316579,40.28432663165791,16.178444430384705,Low,319
21385,2011-10,121.0,267.5656773500671,146.56567735006712,121.12865896699762,High,295
21385,2011-11,45.0,161.15368900049916,116.15368900049916,258.11930888999814,High,178
21386,2011-07,24.0,102.40238158525467,78.40238158525469,326.6765899385612,High,113
21386,2011-08,24.0,87.1370079214051,63.1370079214051,263.0708663391879,High,96
21386,2011-09,110.0,69.48556461169692,40.514435388303085,36.831304898457354,Moderate,77
21386,2011-10,76.0,110.50672641932336,34.50672641932336,45.40358739384652,Moderate,122
21386,2011-11,76.0,80.07186863700169,4.071868637001685,5.357721890791691,Low,89
21389,2011-07,33.0,109.440300120168,76.440300120168,231.6372730914182,High,121
21389,2011-08,31.0,80.14828674000614,49.14828674000614,158.54286045163272,High,89
21389,2011-09,6.0,71.76819378183943,65.76819378183943,1096.1365630306573,High,79
21389,2011-10,22.0,48.44214287780035,26.44214287780035,120.19155853545614,High,54
21389,2011-11,14.0,40.17542432096598,26.17542432096598,186.96731657832842,High,45
21390,2011-07,192.0,285.52840449631583,93.52840449631584,48.7127106751645,Moderate,315
21390,2011-08,632.0,272.0097570163932,359.99024298360683,56.960481484747916,High,300
21390,2011-09,439.0,436.0454894648832,2.9545105351168104,0.673009233511802,Low,480
21390,2011-10,179.0,276.7505723037605,97.75057230376052,54.60925827025728,High,305
21390,2011-11,45.0,170.23928605998785,125.23928605998783,278.3095245777508,High,188
21391,2011-07,201.0,200.2090249630735,0.7909750369265112,0.3935199188689111,Low,221
21391,2011-08,33.0,433.0360492723624,400.0360492723624,1212.230452340492,High,477
21391,2011-09,9.0,124.12529037641308,115.12529037641308,1279.1698930712564,High,137
21391,2011-10,1.0,76.91719565026632,75.91719565026632,7591.719565026632,High,85
21394,2011-07,587.0,422.3616593442009,164.63834065579908,28.047417488211085,Moderate,465
21394,2011-08,449.0,508.6308852276947,59.63088522769471,13.280820763406394,Low,560
21394,2011-09,21.0,531.7986569930689,510.7986569930689,2432.374557109852,High,585
21394,2011-10,28.0,260.052763866324,232.052763866324,828.7598709511573,High,287
21395,2011-07,471.0,450.5190399182133,20.48096008178669,4.348399168107578,Low,496
21395,2011-08,0.0,423.6405575422846,423.6405575422846,,Zero Demand,467
21400,2011-07,115.0,130.74066721990613,15.740667219906127,13.687536712961851,Low,144
21400,2011-08,111.0,122.89745007610712,11.897450076107134,10.718423491988409,Low,136
21400,2011-09,109.0,144.34788469917828,35.34788469917828,32.42925201759475,Moderate,159
21400,2011-10,90.0,152.14536854183063,62.14536854183064,69.05040949092293,High,168
21400,2011-11,8.0,104.48970831527448,96.48970831527448,1206.1213539409312,High,115
21401,2011-07,101.0,148.18164612436885,47.181646124368825,46.71450111323646,Moderate,163
21401,2011-08,133.0,128.59080452140893,4.409195478591073,3.3151845703692278,Low,142
21401,2011-09,91.0,155.05385854061518,64.05385854061518,70.38885553913757,High,171
21401,2011-10,70.0,218.73557075515492,148.73557075515495,212.4793867930785,High,241
21401,2011-11,36.0,97.39551645099137,61.395516450991366,170.54310125275381,High,108
21402,2011-07,128.0,163.35211321362698,35.35211321362698,27.61883844814608,Moderate,180
21402,2011-08,152.0,156.84005380551008,4.840053805510081,3.1842459246776844,Low,173
21402,2011-09,70.0,155.5972989808451,85.5972989808451,122.28185568692156,High,172
21402,2011-10,213.0,123.3797403751631,89.6202596248369,42.07523926048681,Moderate,136
21402,2011-11,5.0,104.67186062431696,99.67186062431696,1993.4372124863394,High,116
21403,2011-07,175.0,273.9056752939345,98.90567529393452,56.51752873939115,High,302
21403,2011-08,213.0,176.34612989583587,36.65387010416413,17.20838972026485,Low,194
21403,2011-09,67.0,188.0684067160538,121.0684067160538,180.69911450157284,High,207
21403,2011-10,271.0,151.4082808475515,119.59171915244848,44.12978566511014,Moderate,167
21403,2011-11,6.0,197.946857476744,191.946857476744,3199.1142912790665,High,218
21407,2011-07,21.0,39.08272309433482,18.082723094334817,86.10820521111818,High,43
21407,2011-08,50.0,59.80194726583856,9.801947265838564,19.603894531677128,Low,66
21407,2011-09,18.0,69.4322882868909,51.432288286890895,285.73493492717165,High,77
21407,2011-10,4.0,67.3617759990944,63.361775999094405,1584.0443999773602,High,75
21408,2011-07,19.0,27.663771048505637,8.663771048505634,45.59879499213492,Moderate,31
21408,2011-08,15.0,32.393683582263094,17.393683582263094,115.95789054842062,High,36
21408,2011-09,23.0,27.57848097911741,4.578480979117412,19.906439039640922,Low,31
21408,2011-10,27.0,63.4202094214896,36.4202094214896,134.88966452403557,High,70
21408,2011-11,106.0,32.80487954950077,73.19512045049923,69.05200042499928,High,37
21411,2011-07,33.0,50.98622261644805,17.986222616448053,54.503704898327435,High,57
21411,2011-08,47.0,71.93510031866747,24.935100318667462,53.053404933335024,High,80
21411,2011-09,52.0,70.85837113169114,18.858371131691143,36.266098330175275,Moderate,78
21411,2011-10,71.0,93.51722653285252,22.517226532852533,31.71440356739793,Moderate,103
21411,2011-11,301.0,59.71834293909833,241.2816570609017,80.1600189571102,High,66
21415,2011-07,26.0,43.12690137610827,17.126901376108272,65.87269760041643,High,48
21415,2011-08,37.0,48.24058091518948,11.240580915189476,30.379948419431013,Moderate,54
21415,2011-09,27.0,49.66666375998973,22.666663759989724,83.95060651848047,High,55
21415,2011-10,15.0,55.74711302630796,40.74711302630796,271.64742017538634,High,62
21415,2011-11,37.0,27.756098165086076,9.243901834913927,24.983518472740347,Moderate,31
21417,2011-07,15.0,48.638749750414746,33.638749750414746,224.25833166943164,High,54
21417,2011-08,39.0,32.57479528045609,6.425204719543913,16.474883896266444,Low,36
21417,2011-09,10.0,48.24058091518948,38.24058091518948,382.40580915189486,High,54
21417,2011-10,22.0,43.45499433071318,21.454994330713177,97.52270150324172,High,48
21417,2011-11,143.0,40.6325914253001,102.36740857469992,71.58560040188806,High,45
21418,2011-09,7.0,23.78987073457604,16.78987073457604,239.85529620822916,High,27
21418,2011-10,0.0,19.32134866516658,19.32134866516658,,Zero Demand,22
21420,2011-07,4.0,18.880484830624948,14.880484830624948,372.0121207656237,High,21
21420,2011-08,2.0,23.662915311205,21.662915311205,1083.14576556025,High,27
21420,2011-09,1.0,23.662915311205,22.662915311205,2266.2915311205,High,27
21420,2011-10,4.0,18.880484830624948,14.880484830624948,372.0121207656237,High,21
21420,2011-11,28.0,13.371347529813546,14.628652470186454,52.245187393523054,High,15
21422,2011-07,17.0,73.95423881415793,56.95423881415793,335.024934200929,High,82
21422,2011-08,338.0,69.13306616817401,268.866933831826,79.54643012775917,High,77
21422,2011-09,459.0,167.2176826035858,291.7823173964142,63.56913233037347,High,184
21422,2011-10,24.0,270.673008796589,246.673008796589,1027.8042033191207,High,298
21424,2011-07,26.0,44.50737298677684,18.507372986776844,71.18220379529555,High,49
21424,2011-08,28.0,45.18640023656555,17.186400236565547,61.380000844876946,High,50
21424,2011-09,41.0,45.723265949176586,4.723265949176586,11.520160851650209,Low,51
21425,2011-09,6.0,19.32134866516658,13.321348665166578,222.0224777527763,High,22
21425,2011-10,16.0,25.63494652895469,9.634946528954686,60.218415805966785,High,29
21425,2011-11,6.0,22.213115512024764,16.213115512024764,270.2185918670794,High,25
21426,2011-07,2.0,47.84058084675586,45.84058084675586,2292.0290423377933,High,53
21426,2011-08,13.0,30.243372501545625,17.243372501545622,132.64132693496634,High,34
21426,2011-09,30.0,27.061260268600503,2.938739731399494,9.79579910466498,Low,30
21426,2011-10,36.0,47.798332145535184,11.798332145535184,32.773144848708846,Moderate,53
21426,2011-11,1.0,41.84978009478648,40.84978009478648,4084.9780094786483,High,47
21427,2011-08,12.0,19.32134866516658,7.321348665166578,61.01123887638815,High,22
21427,2011-09,18.0,24.83323917038098,6.833239170380981,37.9624398354499,Moderate,28
21427,2011-10,19.0,36.33708139307624,17.33708139307624,91.24779680566442,High,40
21427,2011-11,6.0,29.17134067284116,23.17134067284116,386.18901121401933,High,33
21428,2011-07,50.0,77.85237122383388,27.852371223833885,55.70474244766777,High,86
21428,2011-08,88.0,71.01900345026603,16.980996549733973,19.29658698833406,Low,79
21428,2011-09,116.0,100.3930254790412,15.606974520958786,13.454288380136886,Low,111
21428,2011-10,170.0,116.77288871124058,53.22711128875942,31.310065463976127,Moderate,129
21428,2011-11,20.0,107.78101820614478,87.78101820614478,438.90509103072384,High,119
21429,2011-07,191.0,180.5178205330612,10.482179466938817,5.488052076931318,Low,199
21429,2011-08,220.0,172.78734915380036,47.21265084619964,21.460295839181654,Moderate,191
21429,2011-09,188.0,223.40901511817623,35.40901511817626,18.83458250966822,Low,246
21429,2011-10,318.0,219.62502767388995,98.37497232611004,30.93552588871385,Moderate,242
21429,2011-11,103.0,202.02077240851224,99.02077240851222,96.13667224127398,High,223
21430,2011-07,636.0,189.9967201894569,446.0032798105431,70.12630185700364,High,209
21430,2011-08,239.0,421.7472524322853,182.74725243228528,76.46328553652104,High,464
21430,2011-09,187.0,291.16192790966505,104.16192790966504,55.7015657270936,High,321
21430,2011-10,183.0,268.5671387266687,85.5671387266687,46.75799930419055,Moderate,296
21430,2011-11,40.0,167.502620642547,127.502620642547,318.7565516063675,High,185
21439,2011-07,41.0,114.03301635961522,73.03301635961522,178.12930819418347,High,126
21439,2011-08,4.0,80.21440037617445,76.21440037617445,1905.3600094043613,High,89
21439,2011-09,29.0,53.1982123758579,24.1982123758579,83.44211164088931,High,59
21439,2011-10,186.0,49.30097517922759,136.69902482077242,73.49409936600668,High,55
21439,2011-11,20.0,90.19985469904034,70.19985469904034,350.9992734952017,High,100
21441,2011-09,16.0,37.92181007364201,21.921810073642007,137.01131296026256,High,42
21441,2011-10,19.0,48.04178581298757,29.04178581298757,152.85150427888195,High,53
21441,2011-11,140.0,35.10447124969654,104.89552875030348,74.92537767878821,High,39
21442,2011-07,1.0,62.629174774678674,61.629174774678674,6162.917477467868,High,69
21442,2011-08,30.0,45.90044924958927,15.900449249589272,53.00149749863091,High,51
21442,2011-09,15.0,42.96506617393677,27.96506617393677,186.4337744929118,High,48
21442,2011-10,17.0,47.91978006017203,30.91978006017203,181.88105917748254,High,53
21442,2011-11,140.0,35.10447124969654,104.89552875030348,74.92537767878821,High,39
21446,2011-07,12.0,53.30286793730733,41.30286793730733,344.1905661442278,High,59
21446,2011-08,92.0,31.732691038027447,60.26730896197255,65.50794452388321,High,35
21446,2011-09,15.0,96.02086281595648,81.02086281595648,540.1390854397098,High,106
21446,2011-10,52.0,58.95831344282848,6.958313442828484,13.38137200543939,Low,65
21446,2011-11,12.0,39.62399193654601,27.62399193654601,230.1999328045501,High,44
21447,2011-07,108.0,107.38897933142655,0.6110206685734454,0.5657598783087457,Low,119
21447,2011-08,41.0,134.63481102221553,93.63481102221552,228.37758785906223,High,149
21448,2011-07,14.0,35.132847101578854,21.132847101578854,150.94890786842038,High,39
21448,2011-08,6.0,32.57479528045609,26.574795280456087,442.91325467426816,High,36
21448,2011-09,5.0,30.07356861521602,25.07356861521602,501.47137230432037,High,34
21452,2011-07,78.0,64.19878843366195,13.801211566338054,17.693860982484686,Low,71
21452,2011-08,34.0,98.5127444686226,64.51274446862259,189.74336608418406,High,109
21452,2011-09,57.0,57.37203428305349,0.3720342830534875,0.6526917246552413,Low,64
21452,2011-10,76.0,84.66184880173874,8.661848801738742,11.397169475972028,Low,94
21452,2011-11,26.0,65.86686985511633,39.866869855116335,153.3341148273705,High,73
21454,2011-07,8.0,73.86083794462702,65.86083794462702,823.2604743078377,High,82
21454,2011-08,7.0,45.69693043771002,38.69693043771002,552.8132919672861,High,51
21454,2011-09,4.0,41.700557121102975,37.700557121102975,942.5139280275744,High,46
21454,2011-10,4.0,37.87896161068345,33.87896161068345,846.9740402670861,High,42
21454,2011-11,7.0,23.03651110011118,16.03651110011118,229.093015715874,High,26
21455,2011-07,14.0,75.16693422210565,61.16693422210565,436.9066730150403,High,83
21455,2011-08,1.0,66.32287505551075,65.32287505551075,6532.287505551075,High,73
21455,2011-09,10.0,45.69693043771002,35.69693043771002,356.96930437710023,High,51
21455,2011-10,3.0,37.92181007364201,34.92181007364201,1164.060335788067,High,42
21455,2011-11,6.0,29.447164404122223,23.447164404122223,390.78607340203706,High,33
21458,2011-08,0.0,23.662915311205,23.662915311205,,Zero Demand,27
21462,2011-07,3.0,25.32133019709449,22.32133019709449,744.0443399031496,High,28
21462,2011-08,19.0,25.29113813463597,6.291138134635968,33.11125334018931,Moderate,28
21462,2011-09,3.0,27.722252812836174,24.722252812836174,824.0750937612057,High,31
21462,2011-10,5.0,25.29113813463597,20.29113813463597,405.8227626927193,High,28
21462,2011-11,91.0,14.546452137507549,76.45354786249246,84.01488776098071,High,17
21463,2011-07,26.0,44.29718310437633,18.29718310437633,70.3737811706782,High,49
21463,2011-08,118.0,64.84629226628985,53.15370773371015,45.04551502856792,Moderate,72
21463,2011-09,65.0,110.13369801396232,45.13369801396232,69.43645848301895,High,122
21463,2011-10,104.0,85.52919059473432,18.470809405265683,17.760393658909308,Low,95
21463,2011-11,23.0,80.83314839304228,57.83314839304228,251.44847127409687,High,89
21464,2011-07,8.0,35.397933538932946,27.397933538932943,342.4741692366618,High,39
21464,2011-08,20.0,30.029488680787008,10.029488680787008,50.14744340393504,High,34
21464,2011-09,31.0,41.268171552560965,10.268171552560965,33.12313404051924,Moderate,46
21464,2011-10,39.0,67.31952729787373,28.319527297873734,72.61417255865061,High,75
21464,2011-11,3.0,36.07550801603621,33.07550801603621,1102.5169338678736,High,40
21465,2011-07,20.0,60.89761935823351,40.89761935823351,204.48809679116758,High,67
21465,2011-08,18.0,53.44798046594701,35.44798046594701,196.93322481081674,High,59
21465,2011-09,20.0,37.34591794917277,17.345917949172772,86.72958974586386,High,42
21465,2011-10,12.0,44.57823882510942,32.57823882510942,271.4853235425785,High,50
21465,2011-11,6.0,22.35305651962349,16.353056519623486,272.5509419937248,High,25
21466,2011-07,16.0,74.44593923418955,58.44593923418955,365.2871202136847,High,82
21466,2011-08,10.0,46.21565959001035,36.21565959001035,362.15659590010347,High,51
21466,2011-09,7.0,31.08240517131253,24.08240517131253,344.034359590179,High,35
21466,2011-10,28.0,30.684236336087256,2.684236336087256,9.586558343168772,Low,34
21466,2011-11,9.0,30.988062429376008,21.988062429376008,244.31180477084453,High,35
21467,2011-07,51.0,68.84640023900629,17.846400239006286,34.99294164511036,Moderate,76
21467,2011-08,7.0,64.63968494611105,57.639684946111046,823.4240706587292,High,72
21467,2011-09,6.0,47.23437491446998,41.23437491446998,687.2395819078331,High,52
21467,2011-10,3.0,22.83124533281534,19.83124533281534,661.0415110938446,High,26
21467,2011-11,2.0,16.268809642074253,14.268809642074253,713.4404821037126,High,18
21468,2011-07,0.0,60.89761935823351,60.89761935823351,,Zero Demand,67
21468,2011-10,3.0,19.93340132115047,16.93340132115047,564.4467107050157,High,22
21469,2011-07,9.0,98.98446904581392,89.98446904581392,999.8274338423769,High,109
21469,2011-08,10.0,47.23437491446998,37.23437491446998,372.3437491446998,High,52
21469,2011-09,7.0,26.68601917373385,19.68601917373385,281.228845339055,High,30
21469,2011-10,3.0,28.23183060925941,25.23183060925941,841.061020308647,High,32
21469,2011-11,7.0,16.225961179115693,9.225961179115693,131.79944541593846,High,18
21470,2011-07,15.0,88.74861648496451,73.74861648496451,491.6574432330967,High,98
21470,2011-08,27.0,47.84058084675586,20.840580846755863,77.18733646946616,High,53
21470,2011-09,12.0,67.31952729787373,55.31952729787373,460.99606081561444,High,75
21470,2011-10,24.0,53.556849860802,29.556849860802004,123.15354108667502,High,59
21470,2011-11,9.0,32.80487954950077,23.804879549500768,264.4986616611197,High,37
21471,2011-07,93.0,95.1550820014502,2.155082001450211,2.317292474677646,Low,105
21471,2011-08,21.0,118.15084385854242,97.15084385854242,462.6230659930592,High,130
21471,2011-09,35.0,76.43804836257199,41.43804836257199,118.39442389306282,High,85
21471,2011-10,26.0,69.60572755506895,43.60572755506895,167.7143367502652,High,77
21471,2011-11,13.0,43.96267311206572,30.962673112065723,238.17440855435171,High,49
21473,2011-07,3.0,18.880484830624948,15.880484830624948,529.3494943541649,High,21
21473,2011-08,2.0,18.880484830624948,16.880484830624948,844.0242415312474,High,21
21473,2011-09,2.0,18.880484830624948,16.880484830624948,844.0242415312474,High,21
21473,2011-10,1.0,18.880484830624948,17.880484830624948,1788.0484830624948,High,21
21476,2011-07,2.0,19.890552858191903,17.890552858191906,894.5276429095953,High,22
21476,2011-08,0.0,18.880484830624948,18.880484830624948,,Zero Demand,21
21479,2011-07,423.0,54.88554049283217,368.1144595071679,87.02469491895222,High,61
21479,2011-08,238.0,219.68181367765183,18.31818632234817,7.696716942163095,Low,242
21479,2011-09,381.0,259.7953308059396,121.2046691940604,31.81224913229932,Moderate,286
21479,2011-10,911.0,500.96412739133575,410.03587260866425,45.00942619194998,Moderate,552
21479,2011-11,322.0,477.06077750383326,155.06077750383326,48.15552096392338,Moderate,525
21481,2011-07,448.0,72.31527298329272,375.68472701670726,83.85819799480073,High,80
21481,2011-08,355.0,272.8939910961694,82.10600890383063,23.128453212346656,Moderate,301
21481,2011-09,372.0,333.74399761004605,38.25600238995395,10.283871610202674,Low,368
21481,2011-10,537.0,421.8894584036078,115.11054159639218,21.435855045883088,Moderate,465
21481,2011-11,189.0,274.85502148098124,85.85502148098124,45.42593729152446,Moderate,303
21484,2011-07,38.0,27.57848097911741,10.421519020882588,27.42505005495418,Moderate,31
21484,2011-08,211.0,63.4202094214896,147.5797905785104,69.9430287101945,High,70
21484,2011-09,228.0,190.2903292346942,37.70967076530579,16.539329283028852,Low,210
21484,2011-10,450.0,267.7397705192671,182.2602294807329,40.50227321794064,Moderate,295
21484,2011-11,111.0,231.4111456001597,120.4111456001597,108.47850954969343,High,255
21485,2011-07,88.0,112.30775033670136,24.307750336701343,27.622443564433347,Moderate,124
21485,2011-08,919.0,114.33815157107944,804.6618484289206,87.55841658638963,High,126
21485,2011-09,281.0,683.275864189001,402.275864189001,143.15867052989358,High,752
21485,2011-10,770.0,444.7208332757104,325.2791667242896,42.24404762653112,Moderate,490
21485,2011-11,168.0,374.2929139954079,206.2929139954079,122.7934011877428,High,412
21494,2011-07,103.0,94.39954501368724,8.60045498631277,8.349956297391039,Low,104
21494,2011-08,138.0,117.49214785883017,20.507852141169835,14.86076242113756,Low,130
21494,2011-09,545.0,154.35724468185285,390.6427553181471,71.67756978314627,High,170
21494,2011-10,388.0,517.0031654929506,129.00316549295064,33.24823852911099,Moderate,569
21494,2011-11,112.0,208.7743518298508,96.77435182985076,86.40567127665247,High,230
21495,2011-07,250.0,476.7587878828408,226.75878788284075,90.70351515313631,High,525
21495,2011-08,550.0,347.9478212508243,202.0521787491757,36.73675977257741,Moderate,383
21495,2011-09,700.0,497.835696223942,202.16430377605803,28.880614825151145,Moderate,548
21495,2011-10,1075.0,558.4082683408544,516.5917316591456,48.055044805501915,Moderate,615
21495,2011-11,150.0,442.6481991996018,292.6481991996018,195.09879946640118,High,487
21497,2011-07,1550.0,502.91529965804136,1047.0847003419583,67.55385163496506,High,554
21497,2011-08,625.0,964.3089902841758,339.3089902841758,54.28943844546813,High,1061
21497,2011-09,1575.0,786.9458052348261,788.0541947651739,50.03518696921739,High,866
21497,2011-10,925.0,1103.4527753052278,178.45277530522776,19.292191924889487,Low,1214
21497,2011-11,425.0,528.9775024061593,103.97750240615926,24.46529468380218,Moderate,582
21498,2011-07,625.0,880.4849954755733,255.48499547557333,40.87759927609173,Moderate,969
21498,2011-08,1100.0,865.0749739123576,234.92502608764244,21.35682055342204,Moderate,952
21498,2011-09,875.0,982.4467571433652,107.44675714336528,12.279629387813175,Low,1081
21498,2011-10,1200.0,924.2229155645632,275.7770844354368,22.981423702953066,Moderate,1017
21498,2011-11,375.0,564.5119921398268,189.5119921398268,50.53653123728714,High,621
21499,2011-07,525.0,554.3321779490092,29.33217794900918,5.587081514096987,Low,610
21499,2011-08,800.0,642.7917134942755,157.20828650572446,19.651035813215557,Low,708
21499,2011-09,425.0,653.8764554070907,228.8764554070907,53.85328362519781,High,720
21499,2011-10,825.0,599.3256752972196,225.6743247027804,27.35446360033702,Moderate,660
21499,2011-11,100.0,455.6688648398885,355.6688648398885,355.6688648398885,High,502
21500,2011-07,650.0,485.6035904263156,164.39640957368442,25.291755319028375,Moderate,535
21500,2011-08,725.0,563.6718677417509,161.32813225824907,22.252156173551597,Moderate,621
21500,2011-09,450.0,625.7868297434527,175.7868297434527,39.06373994298949,Moderate,689
21500,2011-10,650.0,539.7810788317463,110.2189211682537,16.95675710280826,Low,594
21500,2011-11,125.0,312.23360808870024,187.23360808870024,149.78688647096018,High,344
21503,2011-07,25.0,184.43924093271065,159.43924093271065,637.7569637308426,High,203
21503,2011-08,50.0,90.74974889349365,40.749748893493646,81.49949778698729,High,100
21503,2011-09,25.0,94.04905492416452,69.04905492416451,276.19621969665803,High,104
21503,2011-10,50.0,81.98289536369786,31.982895363697864,63.965790727395735,High,91
21504,2011-07,144.0,150.60755757586955,6.607557575869549,4.588581649909409,Low,166
21504,2011-08,228.0,151.28717553257712,76.71282446742288,33.645975643606526,Moderate,167
21504,2011-09,323.0,191.0681361464819,131.9318638535181,40.84577828282294,Moderate,211
21504,2011-10,126.0,249.51895968413987,123.51895968413989,98.030920384238,High,275
21504,2011-11,72.0,110.50643330328862,38.50643330328862,53.481157365678634,High,122
21506,2011-07,215.0,314.430728262048,99.43072826204798,46.24685035444092,Moderate,346
21506,2011-08,360.0,306.6884478411099,53.311552158890095,14.80876448858058,Low,338
21506,2011-09,820.0,378.2593309049396,441.7406690950604,53.87081330427566,High,417
21506,2011-10,430.0,554.8169497357497,124.81694973574974,29.027197612965054,Moderate,611
21506,2011-11,367.0,248.972006624776,118.027993375224,32.16021617853515,Moderate,274
21507,2011-07,162.0,259.1035804309784,97.1035804309784,59.940481747517524,High,286
21507,2011-08,201.0,222.14984744368832,21.14984744368832,10.522312161038965,Low,245
21507,2011-09,307.0,224.1360322948821,82.86396770511789,26.99152042511983,Moderate,247
21507,2011-10,470.0,324.3687711936106,145.6312288063894,30.985367831146682,Moderate,357
21507,2011-11,116.0,263.27885540260144,147.27885540260144,126.964530519484,High,290
21508,2011-07,277.0,213.7435123590292,63.25648764097079,22.836277126704253,Moderate,236
21508,2011-08,111.0,224.24686679769596,113.24686679769592,102.02420432224856,High,247
21508,2011-09,185.0,196.7967729289745,11.796772928974464,6.376634015661872,Low,217
21508,2011-10,203.0,220.9709147448513,17.970914744851314,8.85266736199572,Low,244
21508,2011-11,64.0,136.6850687674125,72.6850687674125,113.57041994908204,High,151
21509,2011-07,300.0,314.61757202166064,14.617572021660637,4.872524007220212,Low,347
21509,2011-08,369.0,330.6411764145344,38.35882358546559,10.395345145112627,Low,364
21509,2011-09,295.0,358.16132565646086,63.16132565646086,21.410618866596902,Moderate,394
21509,2011-10,300.0,309.1783292920146,9.17832929201461,3.059443097338203,Low,341
21509,2011-11,91.0,210.24724769053688,119.24724769053688,131.04093152806252,High,232
21519,2011-07,399.0,263.46887858305564,135.53112141694436,33.9676996032442,Moderate,290
21519,2011-08,290.0,310.2495863004541,20.249586300454094,6.982615965673826,Low,342
21519,2011-09,192.0,298.47144920042507,106.47144920042508,55.45387979188806,High,329
21519,2011-10,365.0,262.9594451313058,102.0405548686942,27.956316402381976,Moderate,290
21519,2011-11,37.0,196.78318512939128,159.78318512939126,431.8464462956521,High,217
21520,2011-07,38.0,68.90502757588108,30.90502757588108,81.32901993652915,High,76
21520,2011-08,36.0,67.57999733941274,31.579997339412746,87.72221483170208,High,75
21520,2011-09,25.0,76.83009667188063,51.83009667188063,207.32038668752253,High,85
21520,2011-10,14.0,76.83009667188063,62.83009667188063,448.7864047991474,High,85
21520,2011-11,1.0,40.92683239695667,39.92683239695667,3992.683239695667,High,46
21523,2011-07,143.0,459.7948490122631,316.79484901226306,221.534859449135,High,506
21523,2011-08,465.0,259.2211575859706,205.77884241402936,44.25351449764072,Moderate,286
21523,2011-09,138.0,445.218244411106,307.218244411106,222.6219162399319,High,490
21523,2011-10,226.0,322.43267733744085,96.43267733744084,42.6693262555048,Moderate,355
21523,2011-11,52.0,177.9397434316548,125.9397434316548,242.19181429164385,High,196
21524,2011-07,156.0,117.63131616359313,38.36868383640689,24.595310151542876,Moderate,130
21524,2011-08,356.0,166.8171954567238,189.1828045432762,53.141237231257364,High,184
21524,2011-09,96.0,320.4637764240521,224.46377642405213,233.8164337750543,High,353
21524,2011-10,150.0,159.43440095987862,9.434400959878616,6.289600639919077,Low,176
21524,2011-11,39.0,103.15432737232932,64.15432737232932,164.49827531366492,High,114
21528,2011-07,17.0,52.4123054612483,35.4123054612483,208.30767918381352,High,58
21528,2011-08,11.0,43.2806205652566,32.2806205652566,293.46018695687815,High,48
21528,2011-09,22.0,27.18308729492839,5.183087294928392,23.559487704219965,Moderate,30
21528,2011-10,10.0,43.89901426915106,33.89901426915106,338.9901426915106,High,49
21528,2011-11,1.0,21.673949994116978,20.673949994116978,2067.394999411698,High,24
21530,2011-07,26.0,139.60420555254785,113.60420555254784,436.93925212518405,High,154
21530,2011-08,107.0,74.64077294878716,32.35922705121284,30.24226827216153,Moderate,83
21530,2011-09,66.0,108.8941899719392,42.89418997193921,64.99119692718062,High,120
21530,2011-10,81.0,109.60695428014355,28.60695428014357,35.317227506350086,Moderate,121
21530,2011-11,4.0,70.91481404852365,66.91481404852365,1672.8703512130912,High,79
21531,2011-07,106.0,131.6329180910175,25.6329180910175,24.181998199073114,Moderate,145
21531,2011-08,63.0,128.0773468152261,65.0773468152261,103.29737589718428,High,141
21531,2011-09,278.0,107.98952537559532,170.01047462440465,61.154846987195924,High,119
21531,2011-10,106.0,210.88567211889875,104.88567211889873,98.94874728197993,High,232
21531,2011-11,10.0,87.77239484820555,77.77239484820555,777.7239484820554,High,97
21533,2011-07,122.0,181.77494421401212,59.77494421401215,48.995855913124714,Moderate,200
21533,2011-08,62.0,154.25373678649098,92.25373678649098,148.7963496556306,High,170
21533,2011-09,71.0,108.07812823456464,37.07812823456463,52.22271582333047,High,119
21533,2011-10,75.0,104.913761973299,29.91376197329899,39.885015964398654,Moderate,116
21533,2011-11,29.0,70.63951734591457,41.63951734591457,143.5845425721192,High,78
21534,2011-07,32.0,65.51319237902725,33.513192379027245,104.72872618446014,High,73
21534,2011-08,16.0,52.81207400155421,36.81207400155421,230.07546250971382,High,59
21534,2011-09,37.0,36.19181251287896,0.8081874871210459,2.1842905057325566,Low,40
21534,2011-10,24.0,63.4202094214896,39.4202094214896,164.25087258954,High,70
21534,2011-11,9.0,41.31977044667867,32.31977044667867,359.10856051865187,High,46
21535,2011-07,210.0,205.99418573983047,4.0058142601695295,1.9075306000807282,Low,227
21535,2011-08,119.0,229.7609562358384,110.7609562358384,93.07643381162892,High,253
21535,2011-09,394.0,185.7014482728467,208.2985517271533,52.867652722627746,High,205
21535,2011-10,132.0,300.7211814468516,168.72118144685157,127.81907685367544,High,331
21535,2011-11,28.0,130.01637803153622,102.01637803153622,364.3442072554865,High,144
21537,2011-07,6.0,47.84058084675586,41.84058084675586,697.3430141125978,High,53
21537,2011-08,4.0,31.1637207635712,27.1637207635712,679.09301908928,High,35
21537,2011-09,12.0,23.8327191975346,11.8327191975346,98.60599331278833,High,27
21537,2011-10,50.0,24.3909904007267,25.6090095992733,51.21801919854661,High,27
21537,2011-11,12.0,44.03428204850377,32.03428204850377,266.9523504041981,High,49
21539,2011-07,128.0,104.62446248967125,23.37553751032877,18.26213867994435,Low,116
21539,2011-08,131.0,135.65477358486478,4.654773584864785,3.553262278522736,Low,150
21539,2011-09,88.0,142.1999203476657,54.19992034766571,61.59081857689285,High,157
21539,2011-10,1.0,112.00795383758204,111.00795383758204,11100.795383758204,High,124
21544,2011-07,320.0,156.40785491804263,163.59214508195737,51.12254533811168,High,173
21544,2011-08,218.0,249.59422431137176,31.59422431137176,14.492763445583376,Low,275
21544,2011-09,176.0,198.2558124218341,22.255812421834094,12.64534796695119,Low,219
21544,2011-10,213.0,203.78991666914536,9.210083330854616,4.323982784438787,Low,225
21544,2011-11,115.0,127.25367200237478,12.253672002374785,10.65536695858677,Low,140
21555,2011-07,2.0,30.47173745044129,28.47173745044129,1423.5868725220644,High,34
21555,2011-08,6.0,24.672983338771957,18.672983338771957,311.2163889795326,High,28
21555,2011-09,15.0,24.838019918899004,9.838019918899004,65.5867994593267,High,28
21555,2011-10,17.0,25.67534341280964,8.675343412809639,51.0314318400567,High,29
21555,2011-11,4.0,23.18817441877701,19.18817441877701,479.70436046942524,High,26
21556,2011-07,28.0,67.99788406827282,39.997884068272825,142.84958595811725,High,75
21556,2011-08,1.0,53.97240594865449,52.97240594865449,5297.240594865449,High,60
21556,2011-09,0.0,39.20535374407164,39.20535374407164,,Zero Demand,44
21557,2011-07,48.0,50.98622261644805,2.986222616448053,6.221297117600111,Low,57
21557,2011-08,4.0,62.15736072693454,58.15736072693454,1453.9340181733635,High,69
21557,2011-09,20.0,43.90116705449096,23.90116705449096,119.5058352724548,High,49
21557,2011-10,35.0,36.00749017929837,1.0074901792983724,2.878543369423921,Low,40
21557,2011-11,11.0,32.80487954950077,21.804879549500768,198.22617772273426,High,37
21558,2011-07,180.0,150.38706875634324,29.61293124365676,16.4516284686982,Low,166
21558,2011-08,168.0,209.1683148576064,41.16831485760636,24.504949320003785,Moderate,231
21558,2011-09,225.0,185.49541224671205,39.50458775328795,17.557594557016866,Low,205
21558,2011-10,216.0,259.2038408624085,43.203840862408526,20.001778177040986,Moderate,286
21558,2011-11,15.0,135.931013427583,120.931013427583,806.2067561838866,High,150
21559,2011-07,295.0,310.1222536286502,15.122253628650183,5.126187670728875,Low,342
21559,2011-08,274.0,324.4466289309942,50.44662893099422,18.411178441968694,Low,357
21559,2011-09,436.0,391.1735921608384,44.82640783916156,10.28128620164256,Low,431
21559,2011-10,257.0,344.214358545106,87.214358545106,33.93554807202568,Moderate,379
21559,2011-11,42.0,187.8608198702384,145.86081987023837,347.2876663577104,High,207
21561,2011-07,250.0,76.10121824888435,173.89878175111565,69.55951270044626,High,84
21561,2011-08,36.0,178.13225147007918,142.13225147007918,394.81180963910884,High,196
21561,2011-09,223.0,99.56610037711684,123.43389962288316,55.35152449456644,High,110
21561,2011-10,39.0,182.44931376668163,143.44931376668163,367.8187532479016,High,201
21561,2011-11,15.0,65.74439937843671,50.74439937843671,338.2959958562447,High,73
21562,2011-07,12.0,63.215185779967925,51.215185779967925,426.7932148330661,High,70
21562,2011-08,84.0,49.48657593536026,34.513424064639736,41.087409600761596,Moderate,55
21562,2011-09,13.0,86.54244929412278,73.54244929412278,565.711148416329,High,96
21562,2011-10,25.0,60.44035318638146,35.44035318638146,141.76141274552583,High,67
21563,2011-07,11.0,87.09298361306332,76.09298361306332,691.7543964823939,High,96
21563,2011-08,60.0,48.59884197452697,11.40115802547303,19.00193004245505,Low,54
21563,2011-09,12.0,79.76818074467899,67.76818074467899,564.7348395389915,High,88
21563,2011-10,127.0,49.20504790681285,77.79495209318716,61.25586778991116,High,55
21563,2011-11,613.0,79.88561636685128,533.1143836331487,86.9680886840373,High,88
21564,2011-07,11.0,44.45936909822432,33.45936909822432,304.1760827111302,High,49
21564,2011-08,25.0,31.126485105741544,6.126485105741544,24.505940422966177,Moderate,35
21564,2011-09,7.0,48.196500980760455,41.196500980760455,588.5214425822923,High,54
21564,2011-10,23.0,33.87169754583188,10.87169754583188,47.26825019926905,Moderate,38
21564,2011-11,597.0,37.41347745309443,559.5865225469056,93.73308585375302,High,42
21576,2011-07,29.0,59.074730297351074,30.074730297351078,103.70596654258992,High,65
21576,2011-08,8.0,56.14528186153323,48.14528186153323,601.8160232691654,High,62
21576,2011-09,28.0,33.87169754583188,5.871697545831879,20.970348377971,Moderate,38
21576,2011-10,18.0,46.3815989683918,28.3815989683918,157.6755498243989,High,52
21576,2011-11,13.0,32.969469603457014,19.96946960345701,153.611304641977,High,37
21577,2011-07,32.0,136.12506976346526,104.12506976346526,325.3908430108289,High,150
21577,2011-08,17.0,60.47155756825066,43.47155756825066,255.71504451912153,High,67
21577,2011-09,56.0,47.0519587766816,8.948041223318398,15.978645041639997,Low,52
21577,2011-10,53.0,78.04029932319328,25.04029932319328,47.24584777960996,Moderate,86
21577,2011-11,11.0,49.64042793698309,38.64042793698309,351.27661760893716,High,55
21578,2011-07,119.0,134.29119991378917,15.291199913789171,12.849747826713589,Low,148
21578,2011-08,3.0,131.81767333591634,128.81767333591634,4293.922444530544,High,145
21578,2011-09,6.0,61.652221089838,55.652221089838,927.5370181639668,High,68
21578,2011-10,1.0,39.19997387428456,38.19997387428456,3819.997387428456,High,44
21578,2011-11,1.0,18.516389306327152,17.516389306327152,1751.6389306327153,High,21
21579,2011-07,12.0,34.07435285296261,22.07435285296261,183.95294044135505,High,38
21579,2011-08,14.0,30.679774547501896,16.679774547501896,119.14124676787068,High,34
21579,2011-09,15.0,32.57479528045609,17.574795280456087,117.16530186970724,High,36
21579,2011-10,5.0,31.52187878993057,26.52187878993057,530.4375757986114,High,35
21579,2011-11,18.0,22.509659059755663,4.509659059755666,25.053661443087034,Moderate,25
21580,2011-07,6.0,62.76595097268805,56.76595097268805,946.0991828781342,High,70
21580,2011-08,5.0,43.45499433071318,38.45499433071318,769.0998866142636,High,48
21580,2011-09,15.0,25.89093640942452,10.89093640942452,72.6062427294968,High,29
21580,2011-10,17.0,26.72825990333516,9.728259903335156,57.225058254912675,High,30
21580,2011-11,1.0,28.773171837615887,27.773171837615887,2777.3171837615887,High,32
21581,2011-07,5.0,68.72304112660804,63.72304112660804,1274.4608225321608,High,76
21581,2011-08,45.0,47.23437491446998,2.2343749144699814,4.9652775877110695,Low,52
21581,2011-09,22.0,70.1124921910694,48.11249219106941,218.69314632304278,High,78
21581,2011-10,18.0,55.74711302630796,37.74711302630796,209.70618347948866,High,62
21581,2011-11,1.0,30.2242571633667,29.2242571633667,2922.42571633667,High,34
21584,2011-07,159.0,61.75919189170927,97.24080810829074,61.15774094861053,High,68
21584,2011-08,78.0,112.28552133579625,34.28552133579623,43.95579658435415,Moderate,124
21584,2011-09,85.0,100.13766572536812,15.137665725368109,17.80901850043307,Low,111
21584,2011-10,159.0,115.43781010371691,43.56218989628307,27.397603708354133,Moderate,127
21584,2011-11,44.0,98.01976845236666,54.01976845236666,122.77220102810604,High,108
21586,2011-07,30.0,46.21565959001035,16.215659590010347,54.05219863336782,High,51
21586,2011-08,18.0,48.638749750414746,30.638749750414743,170.21527639119302,High,54
21586,2011-09,0.0,40.1352103236921,40.1352103236921,,Zero Demand,45
21588,2011-07,42.0,50.064832595215,8.064832595214995,19.201982369559513,Low,56
21588,2011-08,240.0,55.678742625391024,184.321257374609,76.80052390608708,High,62
21588,2011-09,123.0,184.6376242321261,61.63762423212606,50.11188961961468,High,204
21588,2011-10,561.0,137.3215150235538,423.67848497644616,75.52201158225421,High,152
21588,2011-11,227.0,224.9419305908197,2.058069409180291,0.9066385062468242,Low,248
21591,2011-07,8.0,59.43580519621113,51.43580519621113,642.9475649526391,High,66
21591,2011-08,115.0,41.90936350396528,73.09063649603473,63.55707521394325,High,47
21591,2011-09,464.0,103.13786919136938,360.8621308086306,77.77201095013591,High,114
21591,2011-10,475.0,361.996529537871,113.00347046212896,23.790204307816623,Moderate,399
21591,2011-11,61.0,238.94258933016056,177.94258933016056,291.7091628363288,High,263
21592,2011-07,87.0,104.76814679883226,17.768146798832262,20.42315724003708,Moderate,116
21592,2011-08,97.0,118.5109101227434,21.51091012274341,22.17619600282826,Moderate,131
21592,2011-09,140.0,123.8681959824034,16.131804017596593,11.522717155426138,Low,137
21592,2011-10,459.0,160.55916494861071,298.4408350513893,65.01978977154451,High,177
21592,2011-11,561.0,184.84471528989636,376.1552847101037,67.05085288950154,High,204
21609,2011-07,54.0,69.255256574535,15.255256574534997,28.25047513802777,Moderate,77
21613,2011-07,2.0,23.662915311205,21.662915311205,1083.14576556025,High,27
21613,2011-08,0.0,23.662915311205,23.662915311205,,Zero Demand,27
21615,2011-07,6.0,28.614382768611637,22.614382768611637,376.9063794768606,High,32
21615,2011-08,10.0,23.662915311205,13.662915311205,136.62915311205,High,27
21615,2011-09,126.0,23.220666541550717,102.77933345844929,81.57089957019784,High,26
21615,2011-10,472.0,122.39892876648256,349.6010712335175,74.0680235664232,High,135
21615,2011-11,24.0,223.84385215853013,199.84385215853013,832.6827173272088,High,247
21616,2011-07,3.0,28.614382768611637,25.614382768611637,853.8127589537213,High,32
21616,2011-08,1.0,23.662915311205,22.662915311205,2266.2915311205,High,27
21616,2011-09,143.0,22.77980270700908,120.22019729299092,84.07006803705659,High,26
21616,2011-10,457.0,132.45600930110427,324.5439906988957,71.01619052492248,High,146
21616,2011-11,58.0,191.27910171564903,133.27910171564906,229.7915546821536,High,211
21617,2011-07,5.0,43.96757110423819,38.96757110423819,779.3514220847638,High,49
21617,2011-08,14.0,30.07356861521602,16.07356861521602,114.81120439440014,High,34
21617,2011-09,118.0,26.80636808607464,91.19363191392536,77.28273891010625,High,30
21617,2011-10,165.0,114.03301589034646,50.96698410965354,30.8890812785779,Moderate,126
21618,2011-07,1.0,43.42428974037323,42.42428974037323,4242.428974037323,High,48
21618,2011-08,0.0,30.07356861521602,30.07356861521602,,Zero Demand,34
21619,2011-07,6.0,26.077195298608974,20.077195298608974,334.6199216434829,High,29
21619,2011-08,4.0,23.662915311205,19.662915311205,491.57288278012504,High,27
21619,2011-09,191.0,22.77980270700908,168.22019729299092,88.07340172407902,High,26
21619,2011-10,510.0,189.37406478243815,320.62593521756185,62.86783043481605,High,209
21619,2011-11,69.0,178.889345858605,109.889345858605,159.25992153421015,High,197
21620,2011-07,11.0,50.09740631834906,39.09740631834906,355.43096653044597,High,56
21620,2011-08,2.0,43.45499433071318,41.45499433071318,2072.749716535659,High,48
21620,2011-09,110.0,30.243372501545625,79.75662749845438,72.50602499859488,High,34
21620,2011-10,337.0,121.70283052813528,215.29716947186472,63.88640043675511,High,134
21620,2011-11,150.0,169.6038950519721,19.603895051972103,13.069263367981401,Low,187
21621,2011-07,236.0,197.21081737923865,38.78918262076135,16.43609433083108,Low,217
21621,2011-08,155.0,252.22859303533843,97.22859303533843,62.72812453892802,High,278
21621,2011-09,104.0,212.27874448860777,108.27874448860776,104.11417739289209,High,234
21621,2011-10,120.0,165.38816674923405,45.388166749234045,37.823472291028374,Moderate,182
21621,2011-11,32.0,101.77484318304744,69.77484318304745,218.04638494702328,High,112
21622,2011-07,8.0,40.12178647073416,32.12178647073416,401.522330884177,High,45
21622,2011-08,12.0,25.325732613098733,13.325732613098731,111.04777177582277,High,28
21622,2011-09,12.0,23.958869002272056,11.958869002272056,99.65724168560047,High,27
21622,2011-10,3.0,26.736376736688747,23.736376736688747,791.2125578896249,High,30
21622,2011-11,4.0,19.78200083382456,15.782000833824558,394.550020845614,High,22
21623,2011-07,14.0,93.69998855271338,79.69998855271338,569.2856325193814,High,104
21623,2011-08,71.0,76.9307610537135,5.930761053713496,8.353184582695066,Low,85
21623,2011-09,18.0,83.38126956415289,65.38126956415289,363.22927535640497,High,92
21623,2011-10,173.0,65.39303519917236,107.60696480082764,62.20055768833967,High,72
21623,2011-11,68.0,105.1336663485994,37.13366634859939,54.608332865587336,High,116
21624,2011-07,11.0,19.93340132115047,8.93340132115047,81.21273928318608,High,22
21624,2011-08,12.0,21.45874003497597,9.458740034975976,78.8228336247998,High,24
21624,2011-09,20.0,26.736376736688747,6.736376736688747,33.681883683443736,Moderate,30
21624,2011-10,27.0,40.48340742063077,13.483407420630767,49.938546002336174,Moderate,45
21624,2011-11,10.0,32.80487954950077,22.804879549500768,228.04879549500768,High,37
21625,2011-07,19.0,59.50111351362596,40.50111351362596,213.16375533487349,High,66
21625,2011-08,16.0,37.63872466243525,21.63872466243525,135.24202914022032,High,42
21625,2011-09,33.0,33.44660007278864,0.446600072788641,1.3533335539049727,Low,37
21625,2011-10,42.0,63.4202094214896,21.4202094214896,51.00049862259428,High,70
21625,2011-11,7.0,38.28379596247285,31.28379596247285,446.91137089246934,High,43
21626,2011-07,3.0,47.72770173630831,44.72770173630831,1490.923391210277,High,53
21626,2011-08,24.0,39.20535374407164,15.205353744071637,63.35564060029849,High,44
21626,2011-09,18.0,47.72770173630831,29.727701736308305,165.15389853504615,High,53
21626,2011-10,12.0,40.1352103236921,28.1352103236921,234.4600860307675,High,45
21627,2011-07,9.0,20.33141669273354,11.33141669273354,125.90462991926157,High,23
21627,2011-08,6.0,19.32134866516658,13.321348665166578,222.0224777527763,High,22
21627,2011-09,4.0,24.27281612257321,20.27281612257321,506.82040306433026,High,27
21628,2011-07,11.0,19.32134866516658,8.321348665166578,75.64862422878707,High,22
21628,2011-08,0.0,22.299746579460663,22.299746579460663,,Zero Demand,25
21628,2011-11,1.0,19.78200083382456,18.78200083382456,1878.2000833824561,High,22
21629,2011-07,3.0,19.32134866516658,16.32134866516658,544.0449555055526,High,22
21629,2011-08,5.0,18.880484830624948,13.880484830624948,277.60969661249896,High,21
21629,2011-09,14.0,20.05558943831896,6.055589438318961,43.25421027370687,Moderate,23
21629,2011-10,21.0,22.50888137446523,1.5088813744652292,7.185149402215377,Low,25
21629,2011-11,2.0,28.13370090332421,26.13370090332421,1306.6850451662106,High,31
21630,2011-09,29.0,18.880484830624948,10.119515169375052,34.89487989439674,Moderate,21
21630,2011-10,5.0,39.62575233494941,34.62575233494941,692.5150466989882,High,44
21630,2011-11,1.0,22.527213273914867,21.527213273914867,2152.7213273914867,High,25
21633,2011-07,2.0,34.26752049118914,32.26752049118914,1613.376024559457,High,38
21633,2011-08,0.0,25.29113813463597,25.29113813463597,,Zero Demand,28
21634,2011-07,24.0,148.73453590006687,124.73453590006687,519.7272329169454,High,164
21634,2011-08,24.0,280.24387199554945,256.24387199554945,1067.6827999814561,High,309
21634,2011-09,48.0,103.56527880289048,55.56527880289049,115.76099750602185,High,114
21636,2011-07,116.0,134.983901604141,18.98390160414101,16.36543241736294,Low,149
21636,2011-08,182.0,168.81429543089212,13.185704569107884,7.244892620388947,Low,186
21636,2011-09,122.0,181.63405982905863,59.63405982905863,48.88037690906445,Moderate,200
21636,2011-10,140.0,158.37631677550638,18.376316775506385,13.125940553933132,Low,175
21636,2011-11,29.0,95.06914885594304,66.06914885594304,227.8246512273898,High,105
21637,2011-07,0.0,52.764602816813856,52.764602816813856,,Zero Demand,59
21638,2011-08,62.0,35.32000772054642,26.67999227945358,43.0322456120219,Moderate,39
21638,2011-09,8.0,60.20974993451079,52.20974993451079,652.6218741813849,High,67
21638,2011-10,59.0,47.23437491446998,11.76562508553002,19.941737433101732,Low,52
21638,2011-11,3.0,39.78933405724612,36.78933405724612,1226.3111352415374,High,44
21640,2011-09,166.0,55.97022218533437,110.02977781466564,66.2829986835335,High,62
21640,2011-10,121.0,126.59050228688092,5.59050228688092,4.620249823868529,Low,140
21640,2011-11,30.0,80.0296150866012,50.0296150866012,166.76538362200398,High,89
21641,2011-07,126.0,172.4177316058822,46.41773160588221,36.83946952847795,Moderate,190
21641,2011-08,626.0,127.84310150172016,498.1568984982798,79.57777931282425,High,141
21642,2011-07,168.0,431.9924099052083,263.9924099052083,157.13833922929066,High,476
21642,2011-08,240.0,131.16534461615092,108.83465538384908,45.34777307660379,Moderate,145
21642,2011-09,667.0,454.693521536919,212.30647846308105,31.83005674109161,Moderate,501
21642,2011-10,459.0,501.4929831793437,42.492983179343696,9.257730540162026,Low,552
21642,2011-11,18.0,212.21997894162385,194.21997894162385,1078.9998830090215,High,234
21643,2011-07,95.0,55.74711302630796,39.25288697369204,41.31882839336004,Moderate,62
21643,2011-08,49.0,89.97667263294107,40.976672632941074,83.62586251620627,High,99
21643,2011-09,14.0,73.51583467080455,59.51583467080455,425.11310479146107,High,81
21643,2011-10,106.0,48.891085910108025,57.108914089891975,53.8763340470679,High,54
21644,2011-09,4.0,36.86889358311649,32.86889358311649,821.7223395779122,High,41
21644,2011-10,18.0,36.86889358311649,18.86889358311649,104.82718657286938,High,41
21647,2011-07,18.0,23.662915311205,5.662915311205001,31.460640617805563,Moderate,27
21647,2011-08,18.0,30.490546015955317,12.490546015955314,69.39192231086285,High,34
21647,2011-09,1.0,36.33708139307624,35.33708139307624,3533.708139307624,High,40
21647,2011-10,8.0,30.07356861521602,22.07356861521602,275.9196076902002,High,34
21648,2011-07,37.0,48.67528184317574,11.67528184317574,31.55481579236687,Moderate,54
21648,2011-08,83.0,43.56915014576256,39.43084985423744,47.50704801715354,Moderate,48
21648,2011-09,175.0,82.97828576516143,92.02171423483856,52.58383670562203,High,92
21648,2011-10,93.0,127.24948097149124,34.24948097149125,36.827398894076616,Moderate,140
21648,2011-11,3.0,69.49709071660894,66.49709071660894,2216.569690553631,High,77
21650,2011-07,467.0,288.4124549501823,178.58754504981772,38.24144433614941,Moderate,318
21650,2011-08,229.0,374.8747827311181,145.87478273111805,63.70077848520439,High,413
21650,2011-09,303.0,212.53369994101047,90.46630005898948,29.85686470593712,Moderate,234
21650,2011-10,386.0,276.6776101163775,109.32238988362252,28.32186266415091,Moderate,305
21650,2011-11,94.0,204.4571396611477,110.45713966114766,117.50759538419963,High,225
21654,2011-07,20.0,166.07927004778645,146.07927004778645,730.3963502389322,High,183
21654,2011-08,4.0,115.55152061696056,111.55152061696056,2788.788015424014,High,128
21658,2011-07,3.0,92.23500293576636,89.23500293576635,2974.5000978588782,High,102
21666,2011-09,10.0,61.28042502589245,51.28042502589245,512.8042502589244,High,68
21666,2011-10,83.0,54.80333097606388,28.19666902393612,33.97189039028448,Moderate,61
21666,2011-11,24.0,70.2904561573327,46.2904561573327,192.87690065555293,High,78
21668,2011-07,487.0,382.33356478240086,104.66643521759914,21.492081153511116,Moderate,421
21668,2011-08,581.0,526.3017187356672,54.69828126433276,9.4145062417096,Low,579
21668,2011-09,368.0,556.9818045897325,188.9818045897325,51.353751247209914,High,613
21668,2011-10,438.0,456.40064757866537,18.40064757866537,4.201061091019491,Low,503
21668,2011-11,39.0,316.5724628132712,277.5724628132712,711.7242636237723,High,349
21669,2011-07,483.0,318.937351064315,164.062648935685,33.96742213989337,Moderate,351
21669,2011-08,671.0,471.01390284259327,199.98609715740676,29.804187355798323,Moderate,519
21669,2011-09,306.0,626.4914709517005,320.49147095170053,104.73577482081717,High,690
21669,2011-10,437.0,446.7259760184289,9.725976018428923,2.2256238028441473,Low,492
21669,2011-11,43.0,287.12747612845743,244.12747612845743,567.738316577808,High,316
21670,2011-07,320.0,295.3779285095928,24.622071490407222,7.694397340752257,Low,325
21670,2011-08,546.0,323.0912831400914,222.90871685990865,40.82577231866459,Moderate,356
21670,2011-09,272.0,440.491960137326,168.49196013732598,61.94557357989926,High,485
21670,2011-10,515.0,348.97987021004434,166.02012978995566,32.23691840581663,Moderate,384
21670,2011-11,23.0,217.10345472237,194.10345472237,843.9280640103044,High,239
21671,2011-07,432.0,318.7057570686123,113.29424293138771,26.225519197080487,Moderate,351
21671,2011-08,367.0,350.0530784150212,16.94692158497884,4.617689805171345,Low,386
21671,2011-09,259.0,358.2878687997448,99.28786879974471,38.33508447866591,Moderate,395
21671,2011-10,404.0,332.95128714378075,71.04871285621925,17.586315063420606,Low,367
21671,2011-11,123.0,221.67994986034267,98.67994986034267,80.22760151247373,High,244
21672,2011-07,512.0,281.1831719176194,230.8168280823806,45.08141173483996,Moderate,310
21672,2011-08,542.0,479.4437106237643,62.556289376235725,11.541750807423567,Low,528
21672,2011-09,308.0,505.781823783397,197.78182378339704,64.21487785175228,High,557
21672,2011-10,212.0,439.5184961249252,227.51849612492515,107.32004534194584,High,484
21672,2011-11,66.0,183.2572010424925,117.25720104249254,177.66242582195838,High,202
21673,2011-07,136.0,280.9437822538552,144.9437822538552,106.57631048077589,High,310
21673,2011-08,397.0,279.9855148489484,117.0144851510516,29.474681398249775,Moderate,308
21673,2011-09,399.0,326.9746590944097,72.02534090559033,18.051463886112863,Low,360
21673,2011-10,268.0,363.4210960603819,95.4210960603819,35.60488658969474,Moderate,400
21673,2011-11,28.0,177.1716188401161,149.1716188401161,532.7557815718433,High,195
21675,2011-07,0.0,63.88191069935474,63.88191069935474,,Zero Demand,71
21675,2011-10,88.0,72.73273658382084,15.267263416179162,17.349162972930866,Low,81
21675,2011-11,18.0,65.61849639037723,47.61849639037723,264.5472021687624,High,73
21676,2011-09,10.0,59.85434218109221,49.85434218109221,498.5434218109221,High,66
21676,2011-10,26.0,41.8097387369084,15.8097387369084,60.80668744964769,High,46
21676,2011-11,2.0,35.091673940890246,33.091673940890246,1654.5836970445123,High,39
21677,2011-07,36.0,73.12509520259965,37.12509520259965,103.1252644516657,High,81
21677,2011-08,63.0,61.0691590360861,1.9308409639139013,3.0648269268474624,Low,68
21677,2011-09,82.0,96.54209152143088,14.54209152143089,17.734257952964498,Low,107
21677,2011-10,119.0,93.95523823512151,25.044761764878487,21.046018289813855,Moderate,104
21677,2011-11,12.0,78.36511027994418,66.36511027994418,553.0425856662015,High,87
21678,2011-07,7.0,46.05437948071399,39.05437948071399,557.9197068673427,High,51
21678,2011-08,13.0,36.86889358311649,23.86889358311649,183.6068737162807,High,41
21678,2011-09,7.0,38.44307953757357,31.443079537573567,449.1868505367653,High,43
21678,2011-10,31.0,43.27954688712752,12.279546887127523,39.61144157137911,Moderate,48
21678,2011-11,2.0,42.36059695622696,40.36059695622696,2018.0298478113482,High,47
21679,2011-07,28.0,91.8959345301622,63.89593453016221,228.19976617915074,High,102
21679,2011-08,110.0,76.14150943875696,33.858490561243045,30.780445964766407,Moderate,84
21679,2011-09,149.0,102.80877070800776,46.19122929199224,31.00082502818271,Moderate,114
21679,2011-10,155.0,148.83189166199026,6.168108338009745,3.979424734199835,Low,164
21679,2011-11,34.0,93.76953930121924,59.76953930121925,175.79276265064485,High,104
21680,2011-07,46.0,61.93842435738839,15.938424357388383,34.64874860301823,Moderate,69
21680,2011-08,231.0,67.69067272651905,163.30932727348096,70.69667847336838,High,75
21680,2011-09,75.0,170.46244567448275,95.46244567448277,127.28326089931035,High,188
21680,2011-10,103.0,101.50325298962538,1.4967470103746194,1.453152437256912,Low,112
21680,2011-11,41.0,78.5921784112302,37.59217841123019,91.6882400273907,High,87
21682,2011-07,6.0,25.7320019691776,19.7320019691776,328.8666994862933,High,29
21682,2011-08,8.0,21.735628652570558,13.735628652570554,171.69535815713192,High,24
21682,2011-09,49.0,20.496453272860588,28.50354672713941,58.1705035247743,High,23
21682,2011-10,16.0,48.90951415018572,32.90951415018572,205.68446343866077,High,54
21682,2011-11,1.0,39.396404521190696,38.396404521190696,3839.64045211907,High,44
21683,2011-07,31.0,43.52507021133354,12.525070211333542,40.40345229462433,Moderate,48
21683,2011-08,38.0,50.064832595215,12.064832595214996,31.749559461092097,Moderate,56
21683,2011-09,67.0,50.064832595215,16.935167404785005,25.276369260873143,Moderate,56
21683,2011-10,10.0,73.20355624261279,63.20355624261279,632.035562426128,High,81
21683,2011-11,6.0,39.670465359009626,33.670465359009626,561.1744226501604,High,44
21684,2011-07,115.0,63.88890242273461,51.11109757726539,44.44443267588295,Moderate,71
21684,2011-08,17.0,104.99685113816705,87.99685113816705,517.628536106865,High,116
21684,2011-09,32.0,47.84058084675586,15.840580846755865,49.50181514611208,Moderate,53
21684,2011-10,50.0,63.69926679588942,13.699266795889422,27.398533591778847,Moderate,71
21684,2011-11,13.0,44.60669074931012,31.60669074931012,243.12839037930863,High,50
21686,2011-09,1.0,18.880484830624948,17.880484830624948,1788.0484830624948,High,21
21688,2011-07,7.0,55.07290172269253,48.07290172269253,686.7557388956075,High,61
21688,2011-08,17.0,31.1637207635712,14.1637207635712,83.3160044915953,High,35
21688,2011-09,13.0,32.11128176439355,19.111281764393556,147.00985972610428,High,36
21688,2011-10,31.0,30.23752577784761,0.7624742221523917,2.459594265007715,Low,34
21689,2011-09,17.0,22.77980270700908,5.7798027070090825,33.9988394529946,Moderate,26
21689,2011-10,3.0,30.048297246301026,27.048297246301026,901.6099082100342,High,34
21689,2011-11,6.0,21.62654645555975,15.626546455559753,260.44244092599587,High,24
21693,2011-07,11.0,31.126485105741544,20.126485105741544,182.96804641583222,High,35
21693,2011-08,26.0,25.279949728620625,0.7200502713793782,2.7694241206899157,Low,28
21693,2011-09,79.0,47.798332145535184,31.201667854464816,39.49578209425926,Moderate,53
21693,2011-10,46.0,73.30926888519103,27.30926888519103,59.36797583737181,High,81
21693,2011-11,12.0,54.259127130990265,42.259127130990265,352.15939275825224,High,60
21694,2011-07,0.0,116.131430701195,116.131430701195,,Zero Demand,128
21694,2011-10,32.0,26.687863019480208,5.312136980519792,16.60042806412435,Low,30
21694,2011-11,6.0,36.0052405903022,30.0052405903022,500.0873431717033,High,40
21695,2011-07,31.0,23.662915311205,7.337084688794999,23.668015125145157,Moderate,27
21695,2011-08,12.0,43.56915014576256,31.56915014576256,263.076251214688,High,48
21695,2011-09,67.0,33.42498698759222,33.57501301240778,50.11195972001161,High,37
21695,2011-10,49.0,64.83962116906329,15.839621169063292,32.325757487884275,Moderate,72
21695,2011-11,1.0,54.259127130990265,53.259127130990265,5325.912713099026,High,60
21696,2011-07,12.0,49.66666375998973,37.66666375998973,313.88886466658107,High,55
21696,2011-08,13.0,44.06120026299905,31.06120026299905,238.9323097153773,High,49
21696,2011-09,2.0,31.732691038027447,29.732691038027447,1486.6345519013723,High,35
21696,2011-10,14.0,30.243372501545625,16.243372501545622,116.02408929675445,High,34
21698,2011-07,29.0,71.53044144884656,42.53044144884656,146.65669465119504,High,79
21698,2011-08,50.0,79.73220796511033,29.732207965110334,59.46441593022067,High,88
21698,2011-09,53.0,67.29250389129379,14.29250389129379,26.966988474139225,Moderate,75
21698,2011-10,56.0,74.99787441435754,18.99787441435754,33.92477573992418,Moderate,83
21698,2011-11,29.0,60.23685332943743,31.23685332943743,107.7132873428877,High,67
21700,2011-07,198.0,184.7223539320184,13.277646067981609,6.705881852515964,Low,204
21700,2011-08,6.0,193.716360675401,187.716360675401,3128.6060112566834,High,214
21700,2011-09,27.0,104.24105924477772,77.24105924477773,286.0779972028805,High,115
21700,2011-10,2.0,78.70935004297473,76.70935004297473,3835.4675021487365,High,87
21700,2011-11,14.0,38.57894953297782,24.578949532977823,175.56392523555587,High,43
21703,2011-07,503.0,786.5310867133195,283.5310867133195,56.36800928694225,High,866
21703,2011-08,1624.0,796.1131242206555,827.8868757793445,50.97825589774288,High,876
21703,2011-09,466.0,1026.7660210552503,560.7660210552503,120.33605602044,High,1130
21703,2011-10,1711.0,888.2401843106173,822.7598156893827,48.086488351220495,Moderate,978
21703,2011-11,142.0,710.376694075201,568.376694075201,400.26527751774717,High,782
21704,2011-07,305.0,362.6353394681544,57.63533946815437,18.896832612509627,Low,399
21704,2011-08,408.0,356.9644371314972,51.03556286850284,12.508716389338934,Low,393
21704,2011-09,569.0,415.9226146625288,153.07738533747124,26.902879672666298,Moderate,458
21704,2011-10,744.0,505.5738081121168,238.42619188788325,32.04653116772624,Moderate,557
21704,2011-11,74.0,300.41618715421697,226.41618715421697,305.96782047867157,High,331
21705,2011-07,94.0,44.06120026299905,49.93879973700095,53.12638269893718,High,49
21705,2011-08,52.0,105.49195713080626,53.491957130806256,102.86914832847356,High,117
21705,2011-09,94.0,64.63968494611105,29.360315053888957,31.234377716903143,Moderate,72
21705,2011-10,142.0,111.6022734695091,30.3977265304909,21.40684966935979,Moderate,123
21705,2011-11,834.0,95.5221245185333,738.4778754814668,88.54650785149481,High,106
21706,2011-07,39.0,66.39399451217842,27.393994512178423,70.24101156968825,High,74
21706,2011-08,35.0,76.89322943539203,41.89322943539203,119.69494124397724,High,85
21706,2011-09,26.0,53.66947696398521,27.66947696398521,106.42106524609696,High,60
21706,2011-10,18.0,52.81207400155421,34.81207400155421,193.4004111197456,High,59
21706,2011-11,9.0,30.68267521206754,21.68267521206754,240.9186134674171,High,34
21707,2011-07,14.0,52.87635046179164,38.87635046179164,277.688217584226,High,59
21707,2011-08,7.0,33.8248424603666,26.8248424603666,383.2120351480943,High,38
21707,2011-09,7.0,26.78491845970312,19.78491845970312,282.6416922814732,High,30
21707,2011-10,27.0,22.55943779095306,4.440562209046941,16.44652670017386,Low,25
21707,2011-11,8.0,29.14351680764081,21.14351680764081,264.29396009551016,High,33
21708,2011-07,29.0,55.48679409833549,26.486794098335487,91.33377275288099,High,62
21708,2011-08,18.0,48.638749750414746,30.638749750414743,170.21527639119302,High,54
21708,2011-09,42.0,35.793643677653684,6.206356322346316,14.777038862729325,Low,40
21708,2011-10,12.0,49.91109313455238,37.91109313455238,315.92577612126985,High,55
21708,2011-11,1.0,35.218855102208614,34.218855102208614,3421.8855102208613,High,39
21709,2011-07,13.0,37.75165802658154,24.751658026581534,190.39736943524258,High,42
21709,2011-08,13.0,30.679774547501896,17.679774547501896,135.99826575001458,High,34
21709,2011-09,10.0,27.78929322721427,17.78929322721427,177.8929322721427,High,31
21709,2011-10,13.0,25.7320019691776,12.7320019691776,97.93847668598154,High,29
21709,2011-11,1.0,21.227239435877333,20.227239435877333,2022.7239435877334,High,24
21710,2011-07,22.0,30.029488680787008,8.029488680787008,36.49767582175913,Moderate,34
21710,2011-08,8.0,48.24058091518948,40.24058091518948,503.00726143986856,High,54
21710,2011-09,14.0,25.7320019691776,11.7320019691776,83.8000140655543,High,29
21710,2011-10,10.0,23.7480567541752,13.7480567541752,137.480567541752,High,27
21711,2011-07,14.0,25.926138104222115,11.926138104222115,85.18670074444368,High,29
21711,2011-08,6.0,31.07963002027628,25.07963002027628,417.9938336712714,High,35
21711,2011-09,41.0,25.7320019691776,15.2679980308224,37.23901958737171,Moderate,29
21711,2011-10,7.0,41.79941992689475,34.79941992689475,497.1345703842107,High,46
21713,2011-07,18.0,108.48836331826269,90.48836331826269,502.7131295459038,High,120
21713,2011-08,24.0,64.15718459551299,40.15718459551299,167.32160248130413,High,71
21713,2011-09,11.0,54.00964160648415,43.00964160648415,390.99674187712867,High,60
21713,2011-10,21.0,39.16127380964262,18.161273809642623,86.48225623639344,High,44
21713,2011-11,4.0,38.16990215439217,34.16990215439217,854.2475538598043,High,42
21714,2011-07,143.0,219.03957876969685,76.03957876969685,53.174530608179616,High,241
21714,2011-08,50.0,189.1915643032584,139.1915643032584,278.3831286065168,High,209
21714,2011-09,39.0,97.10515581435196,58.10515581435196,148.98757901115886,High,107
21714,2011-10,54.0,78.72080875977457,24.72080875977457,45.77927548106402,Moderate,87
21714,2011-11,41.0,52.16783220297676,11.16783220297676,27.238615129211606,Moderate,58
21715,2011-07,81.0,147.40044300486426,66.40044300486426,81.9758555615608,High,163
21715,2011-08,36.0,116.91827529008404,80.91827529008405,224.77298691690012,High,129
21715,2011-09,30.0,93.2098331841492,63.20983318414919,210.69944394716399,High,103
21715,2011-10,56.0,65.88849990667792,9.888499906677922,17.658035547639145,Low,73
21715,2011-11,4.0,45.05928284744444,41.05928284744444,1026.4820711861112,High,50
21716,2011-07,116.0,166.92961512935213,50.92961512935213,43.904840628751835,Moderate,184
21716,2011-08,14.0,141.96276286599252,127.96276286599252,914.0197347570894,High,157
21716,2011-09,17.0,64.15718459551299,47.15718459551299,277.39520350301757,High,71
21716,2011-10,101.0,47.83368670511978,53.16631329488022,52.63991415334676,High,53
21716,2011-11,9.0,60.88810148535935,51.88810148535935,576.5344609484372,High,67
21718,2011-07,156.0,154.83829792527888,1.16170207472112,0.744680817128923,Low,171
21718,2011-08,15.0,178.63173248304813,163.63173248304813,1090.878216553654,High,197
21718,2011-09,23.0,70.12126574049519,47.12126574049519,204.87506843693558,High,78
21718,2011-10,48.0,68.60807044702116,20.608070447021163,42.93348009796076,Moderate,76
21718,2011-11,20.0,40.73122267243721,20.73122267243721,103.65611336218605,High,45
21719,2011-07,24.0,65.87582177090516,41.87582177090516,174.48259071210484,High,73
21719,2011-08,39.0,55.49735925902218,16.497359259022183,42.300921176979955,Moderate,62
21719,2011-09,4.0,61.28042502589245,57.28042502589245,1432.0106256473111,High,68
21719,2011-10,28.0,55.48374603447056,27.48374603447056,98.15623583739486,High,62
21719,2011-11,4.0,36.974430061395694,32.974430061395694,824.3607515348923,High,41
21721,2011-07,5.0,62.629174774678674,57.629174774678674,1152.5834954935735,High,69
21721,2011-08,0.0,44.33246337765304,44.33246337765304,,Zero Demand,49
21722,2011-07,6.0,46.45254831593926,40.45254831593926,674.2091385989877,High,52
21722,2011-08,2.0,41.82036104052314,39.82036104052314,1991.018052026157,High,47
21722,2011-09,7.0,35.69166701496239,28.69166701496239,409.8809573566056,High,40
21722,2011-10,5.0,24.84014187935909,19.84014187935909,396.80283758718184,High,28
21722,2011-11,3.0,24.044457167218045,21.044457167218045,701.4819055739348,High,27
21723,2011-07,1.0,69.57087360776246,68.57087360776246,6857.087360776247,High,77
21723,2011-08,1.0,43.15523680949894,42.15523680949894,4215.523680949894,High,48
21723,2011-09,13.0,24.715831801730516,11.715831801730513,90.12178309023471,High,28
21723,2011-10,20.0,25.404259806249208,5.404259806249208,27.021299031246045,Moderate,28
21723,2011-11,2.0,41.74894988713562,39.74894988713562,1987.4474943567811,High,46
21724,2011-07,24.0,69.83327802386593,45.83327802386593,190.97199176610803,High,77
21724,2011-08,15.0,67.36087429221072,52.36087429221072,349.07249528140477,High,75
21724,2011-09,17.0,47.91978006017203,30.91978006017203,181.88105917748254,High,53
21724,2011-10,93.0,49.98977022322739,43.01022977677261,46.2475588997555,Moderate,55
21724,2011-11,3.0,57.42824761115646,54.42824761115646,1814.2749203718818,High,64
21725,2011-07,7.0,61.59026452322241,54.59026452322241,779.8609217603201,High,68
21725,2011-08,2.0,43.64171296036275,41.64171296036275,2082.085648018138,High,49
21725,2011-09,3.0,38.24112768391869,35.24112768391869,1174.704256130623,High,43
21725,2011-10,15.0,36.86889358311649,21.86889358311649,145.79262388744326,High,41
21726,2011-07,1.0,48.7995919208043,47.7995919208043,4779.9591920804305,High,54
21726,2011-08,2.0,36.86889358311649,34.86889358311649,1743.4446791558244,High,41
21726,2011-09,7.0,36.86889358311649,29.86889358311649,426.698479758807,High,41
21726,2011-10,22.0,38.0439981908105,16.0439981908105,72.92726450368409,High,42
21726,2011-11,13.0,41.18549234853294,28.18549234853294,216.81147960409953,High,46
21730,2011-07,10.0,39.38568419378574,29.385684193785742,293.85684193785744,High,44
21730,2011-08,32.0,26.78491845970312,5.215081540296882,16.29712981342776,Low,30
21730,2011-09,15.0,43.89901426915106,28.89901426915106,192.6600951276737,High,49
21730,2011-10,84.0,30.978441074508005,53.021558925492,63.12090348272857,High,35
21730,2011-11,14.0,59.4632725543152,45.4632725543152,324.7376611022514,High,66
21731,2011-07,2338.0,814.3556247560933,1523.6443752439068,65.16870723883262,High,896
21731,2011-08,1350.0,1342.151704073686,7.848295926313995,0.5813552538010367,Low,1477
21731,2011-09,969.0,1527.1208231325056,558.1208231325056,57.59760816640925,High,1680
21731,2011-10,1879.0,1159.3208560564865,719.6791439435137,38.30117849619551,Moderate,1276
21731,2011-11,485.0,704.502214830698,219.502214830698,45.25818862488619,Moderate,775
21733,2011-07,198.0,541.5024451559148,343.5024451559148,173.4860834120782,High,596
21733,2011-08,624.0,297.14554002984283,326.8544599701572,52.38052243111494,High,327
21733,2011-09,476.0,618.1494121563123,142.14941215631234,29.86332188157822,Moderate,680
21733,2011-10,1546.0,596.8223737201693,949.1776262798307,61.39570674513782,High,657
21733,2011-11,270.0,585.829505378921,315.829505378921,116.97389088108186,High,645
21735,2011-07,14.0,46.58066891160758,32.58066891160758,232.71906365433986,High,52
21735,2011-08,10.0,28.631397469642938,18.631397469642938,186.3139746964294,High,32
21738,2011-08,0.0,23.662915311205,23.662915311205,,Zero Demand,27
21739,2011-07,26.0,20.491672524342565,5.508327475657435,21.18587490637475,Moderate,23
21739,2011-08,41.0,48.638749750414746,7.638749750414746,18.63109695223109,Low,54
21739,2011-09,43.0,72.93479994719287,29.93479994719287,69.61581383068109,High,81
21739,2011-10,69.0,81.28038704404783,12.280387044047828,17.797662382678013,Low,90
21739,2011-11,23.0,61.6085498871402,38.6085498871402,167.86326037887042,High,68
21741,2011-07,14.0,23.220666541550717,9.220666541550711,65.86190386821936,High,26
21741,2011-08,14.0,26.6854114403766,12.6854114403766,90.61008171697571,High,30
21741,2011-09,18.0,31.07963002027628,13.079630020276277,72.66461122375709,High,35
21741,2011-10,9.0,36.33708139307624,27.33708139307624,303.74534881195825,High,40
21742,2011-07,6.0,23.30890209548984,17.308902095489838,288.4817015914973,High,26
21742,2011-08,22.0,21.735628652570558,0.2643713474294458,1.2016879428611171,Low,24
21742,2011-09,19.0,39.62575233494941,20.62575233494941,108.55659123657584,High,44
21742,2011-10,68.0,51.516709899376366,16.483290100623634,24.24013250091711,Moderate,57
21742,2011-11,20.0,42.79159069057685,22.791590690576854,113.95795345288427,High,48
21743,2011-07,6.0,47.84058084675586,41.84058084675586,697.3430141125978,High,53
21743,2011-08,2.0,28.14520502033824,26.14520502033824,1307.260251016912,High,31
21744,2011-08,45.0,25.67534341280964,19.32465658719036,42.94368130486747,Moderate,29
21744,2011-09,162.0,73.93285976877836,88.06714023122164,54.362432241494844,High,82
21744,2011-10,252.0,165.9359714734574,86.06402852654261,34.152392272437545,Moderate,183
21745,2011-07,77.0,66.30319411789142,10.696805882108578,13.8919556910501,Low,73
21745,2011-08,133.0,98.99222889610652,34.007771103893475,25.56975270969434,Moderate,109
21745,2011-09,95.0,152.0438904046928,57.0438904046928,60.046200425992424,High,168
21745,2011-10,96.0,125.54739956154732,29.547399561547323,30.778541209945125,Moderate,139
21745,2011-11,56.0,78.86482130216157,22.864821302161573,40.83003803957424,Moderate,87
21746,2011-07,482.0,331.9613306832857,150.03866931671428,31.128354630023708,Moderate,366
21746,2011-08,19.0,410.435846302812,391.435846302812,2060.188664751642,High,452
21746,2011-09,33.0,147.57111285825636,114.57111285825636,347.1851904795647,High,163
21746,2011-10,52.0,150.77449446924552,98.77449446924552,189.95095090239525,High,166
21747,2011-07,70.0,68.42457745482214,1.575422545177858,2.2506036359683685,Low,76
21747,2011-08,1.0,78.89982784774867,77.89982784774867,7789.982784774867,High,87
21747,2011-09,10.0,49.58485304824983,39.58485304824983,395.84853048249835,High,55
21747,2011-10,14.0,25.195316229214452,11.195316229214455,79.96654449438897,High,28
21749,2011-07,36.0,189.2933924656649,153.2933924656649,425.8149790712914,High,209
21749,2011-08,6.0,108.80981600583316,102.80981600583316,1713.4969334305526,High,120
21749,2011-09,2.0,63.83692165106337,61.83692165106337,3091.8460825531683,High,71
21749,2011-10,18.0,36.01356914495248,18.013569144952477,100.07538413862487,High,40
21750,2011-07,7.0,33.87169754583188,26.87169754583188,383.88139351188397,High,38
21750,2011-08,0.0,24.715831801730516,24.715831801730516,,Zero Demand,28
21754,2011-07,161.0,207.5051705873185,46.5051705873185,28.885199122558074,Moderate,229
21754,2011-08,197.0,226.1530375824872,29.1530375824872,14.798496234765077,Low,249
21754,2011-09,154.0,261.839353266161,107.83935326616104,70.02555406893573,High,289
21754,2011-10,236.0,252.72834820392725,16.728348203927254,7.08828313725731,Low,279
21754,2011-11,58.0,121.48847799268154,63.48847799268154,109.46289309083024,High,134
21755,2011-07,124.0,142.88084958414964,18.880849584149644,15.226491600120681,Low,158
21755,2011-08,171.0,195.1114638264337,24.111463826433663,14.100271243528459,Low,215
21755,2011-09,112.0,213.75497143925256,101.75497143925256,90.8526530707612,High,236
21755,2011-10,180.0,170.35281362091584,9.64718637908416,5.359547988380088,Low,188
21755,2011-11,34.0,116.61259621714498,82.61259621714498,242.9782241680735,High,129
21756,2011-07,30.0,64.5386157813955,34.53861578139551,115.12871927131836,High,71
21756,2011-08,38.0,74.18878451091365,36.18878451091365,95.23364344977277,High,82
21756,2011-09,39.0,66.21075932634682,27.210759326346817,69.77117775986363,High,73
21756,2011-10,63.0,71.93510031866747,8.935100318667466,14.182698918519787,Low,80
21756,2011-11,24.0,54.04867732345557,30.048677323455564,125.20282218106485,High,60
21758,2011-07,4.0,19.890552858191903,15.890552858191906,397.26382145479766,High,22
21758,2011-08,0.0,18.880484830624948,18.880484830624948,,Zero Demand,21
21758,2011-11,1.0,14.982535223531151,13.982535223531151,1398.2535223531152,High,17
21761,2011-09,0.0,18.880484830624948,18.880484830624948,,Zero Demand,21
21770,2011-07,106.0,318.57153420723057,212.57153420723057,200.53918321436845,High,351
21770,2011-08,219.0,180.6310839266908,38.36891607330924,17.520053001511066,Low,199
21770,2011-09,137.0,245.2032580559185,108.2032580559185,78.98048033278722,High,270
21770,2011-10,146.0,241.2814431570376,95.28144315703756,65.2612624363271,High,266
21770,2011-11,93.0,114.7772354929444,21.777235492944413,23.416382250477863,Moderate,127
21773,2011-07,14.0,65.40901547919398,51.40901547919398,367.2072534228142,High,72
21773,2011-08,20.0,35.71817655577169,15.718176555771691,78.59088277885846,High,40
21773,2011-09,57.0,44.62231875953844,12.377681240461564,21.715230246423797,Moderate,50
21773,2011-10,142.0,76.6758322631363,65.3241677368637,46.00293502596035,Moderate,85
21773,2011-11,7.0,86.49849182447791,79.49849182447791,1135.6927403496843,High,96
21774,2011-07,16.0,42.72365408184155,26.723654081841552,167.0228380115097,High,47
21774,2011-08,135.0,55.85827654541477,79.14172345458523,58.62349885524832,High,62
21774,2011-09,124.0,136.55962081261842,12.55962081261842,10.128726461789048,Low,151
21774,2011-10,59.0,127.11464850949942,68.11464850949942,115.44855679576172,High,140
21774,2011-11,11.0,59.59374869329533,48.59374869329533,441.7613517572303,High,66
21775,2011-07,10.0,43.45499433071318,33.45499433071318,334.5499433071318,High,48
21775,2011-08,31.0,27.299173272216752,3.700826727783248,11.93815073478467,Low,31
21775,2011-09,52.0,67.76177606752802,15.761776067528018,30.311107822169266,Moderate,75
21775,2011-10,46.0,75.19993777772957,29.199937777729573,63.478125603759935,High,83
21775,2011-11,4.0,48.27596087692613,44.27596087692613,1106.8990219231532,High,54
21784,2011-07,2.0,18.880484830624948,16.880484830624948,844.0242415312474,High,21
21784,2011-08,1.0,18.880484830624948,17.880484830624948,1788.0484830624948,High,21
21786,2011-07,81.0,138.23495119662795,57.234951196627975,70.66043357608392,High,153
21786,2011-08,286.0,145.68370969558111,140.31629030441889,49.06163996658003,Moderate,161
21786,2011-09,80.0,237.28586266913453,157.28586266913453,196.60732833641816,High,262
21786,2011-10,159.0,138.20010625908645,20.799893740913543,13.081694176675185,Low,153
21786,2011-11,82.0,102.441619446493,20.441619446492997,24.92880420304024,Moderate,113
21787,2011-07,737.0,258.7439181050534,478.2560818949466,64.89227705494525,High,285
21787,2011-08,2456.0,473.824068568005,1982.175931431995,80.70748906482063,High,522
21787,2011-09,916.0,1022.5734848109532,106.57348481095336,11.634659913859537,Low,1125
21787,2011-10,1641.0,869.045623700939,771.954376299061,47.041704832362036,Moderate,956
21787,2011-11,1249.0,697.6662198948077,551.3337801051923,44.14201602123237,Moderate,768
21788,2011-07,157.0,133.7250187355099,23.274981264490066,14.824828830885393,Low,148
21788,2011-08,101.0,131.04659567187576,30.046595671875764,29.749104625619566,Moderate,145
21788,2011-09,215.0,130.4415816860159,84.5584183139841,39.329496890225165,Moderate,144
21788,2011-10,45.0,158.82700756070693,113.82700756070692,252.9489056904598,High,175
21788,2011-11,48.0,70.71530369922623,22.715303699226222,47.32354937338796,Moderate,78
21789,2011-07,136.0,109.795359707326,26.204640292673982,19.268117862260283,Low,121
21789,2011-08,147.0,149.08637945925068,2.0863794592506792,1.4193057545922987,Low,164
21789,2011-09,94.0,153.82034040763273,59.82034040763273,63.63866000811992,High,170
21789,2011-10,44.0,110.72898573842345,66.72898573842343,151.65678576914416,High,122
21789,2011-11,25.0,63.671747362637646,38.671747362637646,154.68698945055058,High,71
21790,2011-07,773.0,893.3248513938179,120.32485139381788,15.565957489497787,Low,983
21790,2011-08,2422.0,972.3203443041332,1449.6796556958668,59.854651349953215,High,1070
21790,2011-09,1590.0,1329.0846147945545,260.91538520544555,16.409772654430537,Low,1462
21790,2011-10,2738.0,1929.7729544708184,808.2270455291814,29.518884058772148,Moderate,2123
21790,2011-11,667.0,1267.6082088828275,600.6082088828275,90.04620822830998,High,1395
21791,2011-07,1094.0,299.74322666167,794.25677333833,72.60116758120019,High,330
21791,2011-08,697.0,721.8236141357424,24.82361413574245,3.561494137122303,Low,795
21791,2011-09,680.0,679.9830191453751,0.0169808546248759,0.002497184503658221,Low,748
21791,2011-10,1509.0,779.9280376541642,729.0719623458358,48.31490804147355,Moderate,858
21791,2011-11,393.0,643.777735115983,250.77773511598295,63.811128528239934,High,709
21792,2011-07,1.0,71.82831056971011,70.82831056971011,7082.831056971011,High,80
21793,2011-07,47.0,48.23874968198113,1.2387496819811332,2.635637621236454,Low,54
21793,2011-08,14.0,73.33160616327504,59.33160616327504,423.797186880536,High,81
21793,2011-09,51.0,47.84058084675586,3.159419153244137,6.1949395161649745,Low,53
21793,2011-10,45.0,54.20857984616177,9.208579846161769,20.463510769248376,Moderate,60
21793,2011-11,1.0,46.99752527159605,45.99752527159605,4599.752527159605,High,52
21794,2011-07,59.0,78.52741138366602,19.52741138366602,33.097307429942404,Moderate,87
21794,2011-08,38.0,90.96139818870756,52.96139818870756,139.37210049659885,High,101
21794,2011-09,73.0,78.257696495449,5.257696495448997,7.202323966368489,Low,87
21801,2011-07,100.0,54.178203474259774,45.82179652574023,45.82179652574023,Moderate,60
21801,2011-08,307.0,121.9512059767216,185.0487940232784,60.2764801378757,High,135
21801,2011-09,25.0,281.93318128636383,256.93318128636383,1027.7327251454553,High,311
21802,2011-07,154.0,94.72609462774112,59.27390537225887,38.489548943025234,Moderate,105
21802,2011-08,317.0,165.27073847685665,151.72926152314335,47.86412035430389,Moderate,182
21802,2011-09,572.0,301.0837183083438,270.9162816916562,47.362986309730104,Moderate,332
21802,2011-10,71.0,447.7837813930973,376.7837813930973,530.681382243799,High,493
21803,2011-07,109.0,54.178203474259774,54.82179652574023,50.295226170403886,High,60
21803,2011-08,282.0,128.3205647935266,153.6794352064734,54.49625361931682,High,142
21803,2011-09,556.0,236.80637824165055,319.1936217583494,57.408924776681545,High,261
21803,2011-10,566.0,439.49552002266137,126.50447997733863,22.350614836985624,Moderate,484
21803,2011-11,12.0,206.8338015544195,194.8338015544195,1623.6150129534958,High,228
21804,2011-10,139.0,74.37510853843264,64.62489146156736,46.492727670192345,Moderate,82
21804,2011-11,4.0,102.55844648837524,98.55844648837524,2463.9611622093807,High,113
21807,2011-07,36.0,64.50829455587827,28.508294555878265,79.18970709966185,High,71
21807,2011-08,46.0,76.83009667188063,30.830096671880625,67.02194928669701,High,85
21807,2011-09,60.0,82.84217553728195,22.842175537281943,38.07029256213657,Moderate,92
21807,2011-10,12.0,88.43644096370882,76.43644096370882,636.9703413642402,High,98
21808,2011-10,65.0,79.73094508684933,14.730945086849331,22.662992441306663,Moderate,88
21808,2011-11,6.0,52.27489360383556,46.27489360383556,771.2482267305926,High,58
21809,2011-07,52.0,63.233765654657816,11.233765654657816,21.60339548972657,Moderate,70
21809,2011-08,668.0,63.955133784323,604.044866215677,90.42587817599954,High,71
21809,2011-09,874.0,465.2402351972141,408.75976480278587,46.76885180809907,Moderate,512
21809,2011-10,128.0,504.90992522276895,376.90992522276895,294.46087908028824,High,556
21809,2011-11,33.0,134.48714929982702,101.48714929982702,307.5368160600819,High,148
21810,2011-08,495.0,60.44035318638146,434.55964681361854,87.78982763911486,High,67
21810,2011-09,1392.0,374.8615741628915,1017.1384258371086,73.07028921243595,High,413
21810,2011-10,3177.0,1013.568266343001,2163.431733656999,68.09668661180355,High,1115
21810,2011-11,539.0,1585.7347377904568,1046.7347377904568,194.19939476631853,High,1745
21811,2011-07,188.0,60.60791876973606,127.39208123026394,67.76174533524679,High,67
21811,2011-08,797.0,168.42387657141168,628.5761234285883,78.86776956444018,High,186
21811,2011-09,2010.0,476.1658754207113,1533.8341245792888,76.31015545170591,High,524
21811,2011-10,1416.0,1532.5315115608494,116.53151156084937,8.229626522658853,Low,1686
21812,2011-07,7.0,19.890552858191903,12.890552858191906,184.15075511702724,High,22
21812,2011-08,37.0,19.32134866516658,17.67865133483342,47.780138742793035,Moderate,22
21812,2011-09,112.0,59.75884667962964,52.24115332037036,46.64388689318782,Moderate,66
21812,2011-10,136.0,113.4148208752568,22.58517912474321,16.60674935642883,Low,125
21812,2011-11,13.0,93.285431919076,80.28543191907599,617.5802455313539,High,103
21813,2011-08,40.0,38.05247889203013,1.947521107969869,4.868802769924672,Low,42
21813,2011-09,136.0,65.44754587179317,70.55245412820683,51.87680450603443,High,72
21813,2011-10,195.0,153.61019993547976,41.38980006452024,21.225538494625763,Moderate,169
21813,2011-11,75.0,114.3775795034622,39.3775795034622,52.5034393379496,High,126
21814,2011-10,33.0,36.1781431658262,3.1781431658261994,9.630736866139998,Low,40
21815,2011-09,19.0,42.588796469837234,23.588796469837234,124.15156036756439,High,47
21815,2011-10,19.0,47.67508267954334,28.675082679543337,150.9214877870702,High,53
21816,2011-10,6.0,42.588796469837234,36.588796469837234,609.8132744972872,High,47
21817,2011-10,170.0,371.7989842263319,201.79898422633187,118.70528483901874,High,409
21818,2011-08,310.0,65.86642104649356,244.1335789535065,78.75276740435693,High,73
21818,2011-09,644.0,277.8383265555095,366.1616734444905,56.85740270877181,High,306
21818,2011-10,1253.0,443.479036738248,809.5209632617521,64.60662117013185,High,488
21818,2011-11,84.0,632.2163373572662,548.2163373572662,652.6384968538883,High,696
21819,2011-08,227.0,60.44035318638146,166.55964681361854,73.37429375049275,High,67
21819,2011-09,483.0,158.16908893578065,324.8309110642193,67.2527766178508,High,174
21819,2011-10,1462.0,378.0872519875798,1083.9127480124205,74.13903885173875,High,416
21819,2011-11,126.0,514.099213668017,388.099213668017,308.01524894287064,High,566
21820,2011-07,8.0,22.06494596726185,14.064945967261846,175.81182459077306,High,25
21820,2011-08,12.0,25.7320019691776,13.7320019691776,114.43334974314668,High,29
21820,2011-09,46.0,24.47922595466582,21.52077404533418,46.78429140290039,Moderate,27
21820,2011-10,146.0,50.30926196977765,95.69073803022236,65.54160139056326,High,56
21820,2011-11,14.0,93.01787160018682,79.01787160018682,564.413368572763,High,103
21821,2011-08,24.0,44.36607675581824,20.366076755818234,84.85865314924264,High,49
21821,2011-09,42.0,49.22441499033544,7.22441499033544,17.20098807222724,Low,55
21821,2011-10,125.0,56.49206565339301,68.50793434660699,54.80634747728559,High,63
21821,2011-11,1.0,80.19988594735551,79.19988594735551,7919.9885947355515,High,89
21822,2011-10,443.0,102.97750045103284,340.0224995489672,76.75451457087296,High,114
21822,2011-11,101.0,171.5784553088957,70.57845530889571,69.87965872167892,High,189
21823,2011-07,53.0,24.84014187935909,28.15985812064091,53.13180777479417,High,28
21823,2011-08,590.0,60.33920327964928,529.6607967203507,89.77301639327978,High,67
21823,2011-09,648.0,399.0464364837072,248.95356351629283,38.41875980189704,Moderate,439
21823,2011-10,3.0,498.2150201285089,495.2150201285089,16507.167337616964,High,549
21824,2011-08,402.0,60.58967460860216,341.41032539139786,84.92794163965121,High,67
21824,2011-09,1041.0,307.4707300024551,733.5292699975448,70.46390682012918,High,339
21824,2011-10,363.0,765.1058795140142,402.1058795140142,110.7729695630893,High,842
21828,2011-07,2.0,57.3869754926339,55.3869754926339,2769.348774631695,High,64
21828,2011-08,8.0,33.28972274761852,25.28972274761852,316.1215343452315,High,37
21828,2011-09,52.0,36.8667716226564,15.1332283773436,29.102362264122313,Moderate,41
21828,2011-10,85.0,81.82127747389912,3.178722526100884,3.7396735601186872,Low,91
21828,2011-11,22.0,65.13361813422028,43.133618134220285,196.0619006100922,High,72
21829,2011-07,550.0,804.0904828410362,254.0904828410362,46.19826960746112,Moderate,885
21829,2011-08,381.0,752.047448212472,371.047448212472,97.38778168306351,High,828
21829,2011-09,963.0,649.0670034099661,313.9329965900339,32.599480435102166,Moderate,714
21830,2011-07,265.0,194.33976156234385,70.66023843765615,26.664240919870245,Moderate,214
21830,2011-08,192.0,223.0310511679744,31.0310511679744,16.162005816653334,Low,246
21830,2011-09,101.0,198.1143186911721,97.11431869117206,96.15279078333867,High,218
21830,2011-10,1.0,161.80712378491515,160.80712378491515,16080.712378491515,High,178
21832,2011-07,53.0,57.77020311827876,4.770203118278758,9.000383242035392,Low,64
21832,2011-08,77.0,81.75987147153177,4.759871471531767,6.181651261729567,Low,90
21832,2011-09,77.0,100.13766572536812,23.13766572536811,30.04891652645209,Moderate,111
21832,2011-10,172.0,100.13766572536812,71.86233427463189,41.78042690385575,Moderate,111
21832,2011-11,13.0,111.57553418188655,98.57553418188655,758.2733398606658,High,123
21833,2011-07,192.0,73.42494693985111,118.57505306014887,61.7578401354942,High,81
21833,2011-08,468.0,141.43645895344054,326.56354104655946,69.778534411658,High,156
21833,2011-09,379.0,318.96066120716654,60.03933879283346,15.841514193359751,Low,351
21833,2011-10,378.0,276.06799235857426,101.93200764142574,26.966139587678768,Moderate,304
21833,2011-11,84.0,213.4237492402785,129.4237492402785,154.0758919527125,High,235
21841,2011-07,1.0,22.77980270700908,21.77980270700908,2177.980270700908,High,26
21841,2011-08,12.0,22.77980270700908,10.779802707009082,89.83168922507568,High,26
21841,2011-09,39.0,24.3909904007267,14.6090095992733,37.458998972495635,Moderate,27
21841,2011-10,16.0,47.798332145535184,31.798332145535184,198.7395759095949,High,53
21843,2011-07,137.0,181.77494421401212,44.77494421401215,32.68244103212566,Moderate,200
21843,2011-08,99.0,165.40991224660044,66.40991224660044,67.08071944101054,High,182
21843,2011-09,103.0,142.5892608341299,39.5892608341299,38.43617556711641,Moderate,157
21843,2011-10,437.0,141.33569035144788,295.66430964855215,67.65773676168241,High,156
21843,2011-11,88.0,186.802849490972,98.80284949097202,112.27596533065002,High,206
21844,2011-07,121.0,137.47078873393733,16.470788733937326,13.612222094163078,Low,152
21844,2011-08,69.0,143.23208584972642,74.23208584972642,107.58273311554554,High,158
21844,2011-09,332.0,99.71599859519344,232.28400140480656,69.96506066409836,High,110
21844,2011-10,112.0,175.32459268813946,63.32459268813946,56.53981490012452,High,193
21844,2011-11,2.0,92.8761184957278,90.8761184957278,4543.805924786389,High,103
21845,2011-07,202.0,174.2203952030461,27.77960479695389,13.752279602452422,Low,192
21845,2011-08,174.0,186.88573776346087,12.885737763460924,7.4055964157821395,Low,206
21845,2011-09,102.0,192.96511330508267,90.96511330508268,89.181483632434,High,213
21845,2011-10,108.0,174.1709113338246,66.17091133382459,61.26936234613388,High,192
21846,2011-07,1.0,54.88554049283217,53.88554049283217,5388.554049283217,High,61
21846,2011-08,6.0,32.818781055306346,26.818781055306346,446.9796842551058,High,37
21846,2011-09,5.0,19.32134866516658,14.321348665166578,286.4269733033316,High,22
21846,2011-10,26.0,18.880484830624948,7.1195151693750525,27.38275065144251,Moderate,21
21846,2011-11,6.0,28.13344878007385,22.13344878007385,368.8908130012308,High,31
21847,2011-10,2.0,18.880484830624948,16.880484830624948,844.0242415312474,High,21
21849,2011-07,0.0,38.81576582573313,38.81576582573313,,Zero Demand,43
21849,2011-10,16.0,18.880484830624948,2.8804848306249475,18.003030191405923,Low,21
21849,2011-11,3.0,22.213115512024764,19.213115512024764,640.4371837341588,High,25
21850,2011-07,1.0,57.83751022187688,56.83751022187688,5683.751022187688,High,64
21850,2011-08,1.0,52.342743350485165,51.342743350485165,5134.274335048516,High,58
21850,2011-09,4.0,19.93340132115047,15.93340132115047,398.33503302876176,High,22
21850,2011-10,11.0,19.93340132115047,8.93340132115047,81.21273928318608,High,22
21850,2011-11,4.0,9.966436480100448,5.966436480100448,149.1609120025112,High,11
21851,2011-07,1.0,44.97738700855479,43.97738700855479,4397.73870085548,High,50
21851,2011-08,5.0,30.07356861521602,25.07356861521602,501.47137230432037,High,34
21851,2011-09,5.0,18.880484830624948,13.880484830624948,277.60969661249896,High,21
21851,2011-10,5.0,18.880484830624948,13.880484830624948,277.60969661249896,High,21
21851,2011-11,1.0,14.546452137507549,13.546452137507549,1354.645213750755,High,17
21864,2011-07,28.0,75.21725031349969,47.21725031349969,168.63303683392746,High,83
21864,2011-08,13.0,59.99207314076672,46.99207314076672,361.4774856982055,High,66
21864,2011-09,86.0,34.87607231334302,51.12392768665698,59.44642754262439,High,39
21864,2011-10,26.0,96.02086281595648,70.02086281595648,269.31101083060184,High,106
21864,2011-11,60.0,44.22312730875428,15.77687269124572,26.294787818742865,Moderate,49
21865,2011-07,12.0,62.83432137360497,50.83432137360497,423.61934478004144,High,70
21865,2011-08,5.0,34.47790347811775,29.477903478117756,589.5580695623552,High,38
21865,2011-09,5.0,31.126485105741544,26.126485105741544,522.5297021148309,High,35
21865,2011-10,22.0,24.838019918899004,2.838019918899004,12.900090540450018,Low,28
21865,2011-11,6.0,30.420243171463333,24.420243171463333,407.00405285772223,High,34
21866,2011-07,19.0,72.406809191677,53.406809191677,281.08846942987896,High,80
21866,2011-08,47.0,62.68247350914764,15.68247350914764,33.36696491308008,Moderate,69
21866,2011-09,46.0,84.8718746801108,38.87187468011081,84.50407539154523,High,94
21866,2011-10,65.0,82.90530830079335,17.90530830079335,27.546628155066692,Moderate,92
21866,2011-11,25.0,51.00529359423745,26.00529359423745,104.0211743769498,High,57
21867,2011-07,11.0,69.41742087487451,58.41742087487451,531.0674624988592,High,77
21867,2011-08,5.0,59.26312661822735,54.26312661822735,1085.262532364547,High,66
21867,2011-09,18.0,31.126485105741544,13.126485105741544,72.92491725411969,High,35
21867,2011-10,33.0,33.11673594940015,0.1167359494001516,0.3537453012125806,Low,37
21867,2011-11,12.0,38.55675370046979,26.55675370046979,221.30628083724827,High,43
21868,2011-07,2.0,287.79089444477154,285.79089444477154,14289.544722238577,High,317
21868,2011-08,9.0,111.26562270126708,102.26562270126708,1136.2846966807454,High,123
21868,2011-09,2.0,60.97252836018189,58.97252836018189,2948.6264180090943,High,68
21868,2011-10,137.0,40.96503660235911,96.0349633976409,70.09851342893496,High,46
21868,2011-11,5.0,88.94952393853184,83.94952393853184,1678.9904787706369,High,98
21871,2011-07,1009.0,275.75094619548656,733.2490538045134,72.67086757230064,High,304
21871,2011-08,695.0,543.7001961975621,151.29980380243785,21.769755942796813,Moderate,599
21871,2011-09,217.0,673.0320709129026,456.03207091290255,210.153028070462,High,741
21871,2011-10,747.0,379.1139078616933,367.8860921383068,49.24847284314683,Moderate,418
21871,2011-11,131.0,407.0576245179117,276.0576245179117,210.73101108237532,High,448
21872,2011-07,50.0,49.224760755704,0.7752392442959959,1.5504784885919918,Low,55
21872,2011-08,152.0,55.13031304329999,96.8696869567,63.73005720835526,High,61
21872,2011-09,161.0,154.58206344986507,6.417936550134925,3.986295993872625,Low,171
21872,2011-10,495.0,145.84846976227018,349.15153023772984,70.53566267428886,High,161
21872,2011-11,49.0,198.02067076393527,149.02067076393527,304.1238178855822,High,218
21873,2011-07,4.0,70.28297750501498,66.28297750501498,1657.0744376253747,High,78
21873,2011-08,678.0,32.303711673895656,645.6962883261043,95.23544075606259,High,36
21873,2011-09,22.0,384.0748162847101,362.0748162847101,1645.794619475955,High,423
21873,2011-10,33.0,110.7317047885982,77.7317047885982,235.55062057150965,High,122
21873,2011-11,12.0,227.7534609261077,215.7534609261077,1797.945507717564,High,251
21874,2011-07,92.0,117.0511175887228,25.051117588722803,27.22947563991609,Moderate,129
21874,2011-08,919.0,123.58668608985508,795.4133139101449,86.55204721546734,High,136
21874,2011-09,65.0,495.4617513341762,430.4617513341762,662.248848206425,High,546
21874,2011-10,661.0,108.84785206009153,552.1521479399084,83.53285142812533,High,120
21874,2011-11,82.0,281.01861907552666,199.01861907552663,242.70563301893492,High,310
21875,2011-07,632.0,62.07714582378559,569.9228541762144,90.17766680003393,High,69
21875,2011-08,42.0,512.9824504530973,470.9824504530973,1121.3867867930887,High,565
21875,2011-09,67.0,130.92500051900183,63.92500051900183,95.41044853582362,High,145
21875,2011-10,108.0,184.84554319714024,76.84554319714024,71.15328073809282,High,204
21875,2011-11,73.0,94.69237016247124,21.69237016247125,29.715575565029106,Moderate,105
21876,2011-07,75.0,105.59451541036148,30.594515410361467,40.792687213815285,Moderate,117
21876,2011-08,736.0,117.7640981673526,618.2359018326474,83.99944318378361,High,130
21876,2011-09,181.0,446.80785180297096,265.80785180297096,146.8551667419729,High,492
21876,2011-10,245.0,221.19022715003504,23.80977284996496,9.71827463263876,Low,244
21876,2011-11,92.0,123.38687313266256,31.38687313266257,34.11616644854627,Moderate,136
21877,2011-07,231.0,313.8295239420106,82.82952394201061,35.85693677143316,Moderate,346
21877,2011-08,1333.0,295.22166789450586,1037.7783321054942,77.85283811744142,High,325
21877,2011-09,229.0,677.9624593204867,448.9624593204867,196.05347568580206,High,746
21877,2011-10,378.0,381.94216782031634,3.9421678203163424,1.0429015397662282,Low,421
21877,2011-11,77.0,336.56138815552947,259.56138815552947,337.09271189029806,High,371
21878,2011-07,102.0,316.72116297164285,214.72116297164283,210.5109440898459,High,349
21878,2011-08,17.0,219.71927107435107,202.71927107435107,1192.4663004373592,High,242
21878,2011-09,12.0,107.0876517941294,95.0876517941294,792.3970982844116,High,118
21878,2011-10,40.0,61.77480820292868,21.77480820292868,54.4370205073217,High,68
21878,2011-11,6.0,49.09543242731648,43.09543242731648,718.2572071219414,High,55
21879,2011-07,3.0,52.2301399213824,49.2301399213824,1641.0046640460803,High,58
21879,2011-08,12.0,51.00520204544804,39.00520204544804,325.04335037873363,High,57
21879,2011-09,50.0,45.15866666832712,4.841333331672878,9.682666663345756,Low,50
21879,2011-10,7.0,73.34299013831999,66.34299013831999,947.7570019759999,High,81
21879,2011-11,15.0,46.60797070337616,31.607970703376157,210.71980468917437,High,52
21880,2011-07,75.0,110.72586083513907,35.72586083513909,47.63448111351878,Moderate,122
21880,2011-08,165.0,120.50389216764762,44.49610783235238,26.967338080213565,Moderate,133
21880,2011-09,242.0,185.65997762795035,56.340022372049646,23.281000980185805,Moderate,205
21880,2011-10,124.0,229.32433015984395,105.32433015984395,84.93897593535803,High,253
21880,2011-11,17.0,97.6720702748001,80.6720702748001,474.54158985176537,High,108
21881,2011-07,12.0,85.32454546876542,73.32454546876542,611.0378789063785,High,94
21881,2011-08,24.0,67.49466204235159,43.49466204235159,181.22775850979832,High,75
21881,2011-09,28.0,68.94446439946971,40.94446439946971,146.2302299981061,High,76
21881,2011-10,32.0,63.04306092117469,31.043060921174693,97.00956537867091,High,70
21881,2011-11,15.0,48.51992802087912,33.519928020879114,223.46618680586076,High,54
21882,2011-07,17.0,39.64372617670296,22.643726176702955,133.19838927472327,High,44
21882,2011-08,27.0,50.12522309661116,23.12522309661116,85.64897443189318,High,56
21882,2011-09,19.0,67.57999733941274,48.57999733941274,255.68419652322495,High,75
21882,2011-10,50.0,55.39561865425495,5.395618654254953,10.791237308509906,Low,61
21883,2011-07,18.0,88.86866288312787,70.86866288312787,393.71479379515483,High,98
21883,2011-08,99.0,60.46063782163823,38.53936217836177,38.92864866501189,Moderate,67
21883,2011-09,113.0,114.22555081840108,1.2255508184010893,1.0845582463726455,Low,126
21883,2011-10,97.0,128.83969025881444,31.839690258814443,32.82442294723138,Moderate,142
21883,2011-11,14.0,72.12375433394561,58.12375433394561,415.16967381389725,High,80
21884,2011-07,5.0,100.57718393065922,95.57718393065922,1911.5436786131845,High,111
21884,2011-08,48.0,61.80482024643843,13.804820246438432,28.760042180080063,Moderate,68
21884,2011-09,7.0,69.42932549802676,62.42932549802676,891.847507114668,High,77
21884,2011-10,28.0,61.80482024643843,33.80482024643843,120.73150088013726,High,68
21884,2011-11,13.0,44.12323285150921,31.123232851509208,239.40948347314776,High,49
21888,2011-07,57.0,132.66048708388547,75.66048708388547,132.73769663839556,High,146
21888,2011-08,362.0,90.77043006035775,271.22956993964226,74.92529556343709,High,100
21888,2011-09,175.0,286.35352099279964,111.35352099279964,63.630583424456944,High,315
21888,2011-10,306.0,259.2614549401682,46.73854505983178,15.274034333278358,Low,286
21888,2011-11,3.0,189.0403892010617,186.0403892010617,6201.3463067020575,High,208
21889,2011-07,328.0,261.50441461926425,66.49558538073575,20.273044323395045,Moderate,288
21889,2011-08,878.0,289.0255990955031,588.9744009044969,67.08136684561468,High,318
21889,2011-09,959.0,686.4233143759934,272.5766856240066,28.423012056726442,Moderate,756
21889,2011-10,1463.0,874.1060940435485,588.8939059564515,40.25248844541705,Moderate,962
21889,2011-11,307.0,506.7507501604088,199.7507501604088,65.06539093172925,High,558
21890,2011-07,9.0,131.86757809276824,122.86757809276824,1365.1953121418692,High,146
21890,2011-08,92.0,74.95093528218638,17.04906471781362,18.531592084580023,Low,83
21890,2011-09,105.0,118.04173949263073,13.041739492630713,12.420704278695917,Low,130
21890,2011-10,152.0,136.86836034955704,15.131639650442963,9.955026085817739,Low,151
21890,2011-11,33.0,105.25066618311448,72.25066618311449,218.9414126761045,High,116
21891,2011-07,559.0,530.6299267599304,28.370073240069587,5.075147270137672,Low,584
21891,2011-08,732.0,527.2289948271886,204.77100517281144,27.974181034537082,Moderate,580
21891,2011-09,817.0,698.9470713937002,118.05292860629982,14.449562864908177,Low,769
21891,2011-10,1422.0,908.4333185555034,513.5666814444966,36.11580038287599,Moderate,1000
21891,2011-11,569.0,551.8860598353226,17.113940164677388,3.007722348800947,Low,608
21892,2011-07,139.0,242.72250932214865,103.72250932214862,74.62051030370405,High,267
21892,2011-08,230.0,205.1596912957054,24.84030870429461,10.800134219258526,Low,226
21892,2011-09,413.0,264.59671376877293,148.40328623122707,35.93299908746418,Moderate,292
21892,2011-10,614.0,393.6317972036644,220.3682027963356,35.890586774647495,Moderate,433
21892,2011-11,211.0,236.83322554011923,25.83322554011923,12.243234853137077,Low,261
21894,2011-07,41.0,48.92579568560762,7.925795685607618,19.33120898928687,Low,54
21894,2011-08,34.0,51.98752195005409,17.987521950054088,52.9044763236885,High,58
21894,2011-09,35.0,56.14528186153323,21.145281861533228,60.415091032952084,High,62
21894,2011-10,70.0,75.2683081786465,5.268308178646507,7.5261545409235815,Low,83
21894,2011-11,5.0,59.37185728768288,54.37185728768288,1087.4371457536577,High,66
21896,2011-07,10.0,54.45189037613843,44.45189037613843,444.51890376138425,High,60
21896,2011-08,8.0,39.20535374407164,31.20535374407164,390.0669218008955,High,44
21896,2011-09,4.0,36.46014130398131,32.46014130398131,811.5035325995327,High,41
21896,2011-10,25.0,27.44166235866595,2.441662358665951,9.766649434663805,Low,31
21896,2011-11,2.0,30.420243171463333,28.420243171463333,1421.0121585731667,High,34
21899,2011-07,110.0,260.77579307502293,150.77579307502293,137.0689027954754,High,287
21899,2011-08,177.0,216.97945835384,39.97945835383996,22.587264606689242,Moderate,239
21899,2011-09,115.0,269.8196397570476,154.81963975704758,134.6257737017805,High,297
21899,2011-10,127.0,218.6116225873552,91.6116225873552,72.13513589555528,High,241
21899,2011-11,74.0,153.7845748316816,79.7845748316816,107.81699301578594,High,170
21900,2011-07,175.0,297.3136536016491,122.3136536016491,69.89351634379948,High,328
21900,2011-08,242.0,312.0567485924363,70.05674859243629,28.94906966629599,Moderate,344
21900,2011-09,142.0,314.03363574745964,172.03363574745964,121.15044770947863,High,346
21900,2011-10,173.0,279.91783693567066,106.91783693567066,61.802217881890556,High,308
21900,2011-11,83.0,139.52319978541323,56.523199785413226,68.10024070531713,High,154
21901,2011-07,91.0,200.39237722704704,109.39237722704704,120.21140354620555,High,221
21901,2011-08,181.0,138.8204781737325,42.17952182626749,23.303603218932313,Moderate,153
21901,2011-09,105.0,216.05938060823337,111.05938060823335,105.77083867450796,High,238
21901,2011-10,130.0,149.4205994959318,19.42059949593181,14.938922689178316,Low,165
21901,2011-11,65.0,93.16302173738808,28.16302173738808,43.32772574982781,Moderate,103
21902,2011-07,131.0,189.26006206021904,58.26006206021904,44.4733298169611,Moderate,209
21902,2011-08,155.0,169.7256554388021,14.725655438802107,9.500422863743294,Low,187
21902,2011-09,91.0,175.47637856041774,84.47637856041774,92.83118523122829,High,194
21902,2011-10,156.0,134.76088759882293,21.239112401177067,13.61481564178017,Low,149
21902,2011-11,39.0,113.0550729144998,74.0550729144998,189.88480234487128,High,125
21903,2011-07,68.0,110.28962649492593,42.28962649492591,62.19062719842046,High,122
21903,2011-08,91.0,116.49249422557205,25.49249422557203,28.013729918211023,Moderate,129
21903,2011-09,40.0,114.9314289928558,74.93142899285581,187.32857248213955,High,127
21903,2011-10,103.0,86.63644748053675,16.363552519463255,15.886944193653646,Low,96
21903,2011-11,61.0,75.67293280354272,14.672932803542722,24.05398820252905,Moderate,84
21905,2011-07,133.0,132.75205641375302,0.2479435862469756,0.1864237490578764,Low,147
21905,2011-08,83.0,146.83235800024943,63.83235800024943,76.90645542198726,High,162
21905,2011-09,67.0,120.75557827758723,53.75557827758723,80.23220638445856,High,133
21905,2011-10,110.0,108.34627415939966,1.6537258406003446,1.503387127818495,Low,120
21905,2011-11,74.0,80.48591266879974,6.485912668799742,8.76474684972938,Low,89
21906,2011-07,21.0,64.38147448056961,43.38147448056961,206.57844990747432,High,71
21906,2011-08,120.0,71.26088901505203,48.73911098494797,40.615925820789975,Moderate,79
21906,2011-09,22.0,110.13369801396232,88.13369801396232,400.60771824528325,High,122
21906,2011-10,18.0,73.56002157541299,55.56002157541299,308.66678653007216,High,81
21906,2011-11,7.0,23.99289961418254,16.99289961418254,242.75570877403632,High,27
21907,2011-07,298.0,280.46389611552974,17.536103884470265,5.884598618949753,Low,309
21907,2011-08,165.0,293.5523309434644,128.55233094346437,77.91050360209961,High,323
21907,2011-09,121.0,231.3921109166591,110.3921109166591,91.23314951790009,High,255
21907,2011-10,94.0,202.868091048994,108.868091048994,115.81711813722765,High,224
21907,2011-11,77.0,110.07465176560136,33.07465176560136,42.95409320207968,Moderate,122
21908,2011-07,316.0,230.24888248434456,85.75111751565544,27.136429593561846,Moderate,254
21908,2011-08,258.0,288.5665200231833,30.566520023183276,11.84748838107879,Low,318
21908,2011-09,723.0,307.6228481630936,415.3771518369064,57.45188822087226,High,339
21908,2011-10,248.0,611.2109262094843,363.21092620948434,146.4560186328566,High,673
21908,2011-11,230.0,177.09861496009532,52.90138503990468,23.000602191262907,Moderate,195
21912,2011-07,126.0,211.33079375132723,85.33079375132723,67.72285218359303,High,233
21912,2011-08,108.0,144.98323882467602,36.98323882467602,34.2437396524778,Moderate,160
21912,2011-09,138.0,149.58798359508455,11.587983595084552,8.397089561655473,Low,165
21912,2011-10,176.0,198.8065310340817,22.8065310340817,12.958256269364602,Low,219
21912,2011-11,292.0,115.47945958599364,176.52054041400635,60.4522398678104,High,128
21913,2011-07,15.0,63.24543540017199,48.24543540017199,321.6362360011466,High,70
21913,2011-08,19.0,48.23874968198113,29.238749681981133,153.88815622095333,High,54
21913,2011-09,50.0,33.44660007278864,16.55339992721136,33.10679985442272,Moderate,37
21913,2011-10,25.0,69.4322882868909,44.432288286890895,177.72915314756358,High,77
21913,2011-11,6.0,44.22312730875428,38.22312730875428,637.0521218125713,High,49
21914,2011-07,483.0,397.6356300185496,85.36436998145041,17.673782604855155,Low,438
21914,2011-08,820.0,462.58825295870025,357.41174704129975,43.5867984196707,Moderate,509
21914,2011-09,868.0,757.5525288297247,110.44747117027532,12.724363038050152,Low,834
21914,2011-10,1662.0,937.0640213874784,724.9359786125217,43.61828992855125,Moderate,1031
21914,2011-11,478.0,630.6871766987799,152.68717669877992,31.94292399556065,Moderate,694
21915,2011-07,1953.0,917.9224115257806,1035.0775884742193,52.99936448920734,High,1010
21915,2011-08,3020.0,1392.9208934993455,1627.0791065006545,53.876791605981936,High,1533
21915,2011-09,3319.0,2250.833142020262,1068.166857979738,32.18339433503278,Moderate,2476
21915,2011-10,3644.0,2576.8361165813903,1067.1638834186097,29.28550722883122,Moderate,2835
21915,2011-11,1122.0,1332.3908586874184,210.3908586874184,18.751413430251194,Low,1466
21916,2011-07,274.0,406.1663733142239,132.16637331422385,48.23590266942476,Moderate,447
21916,2011-08,576.0,355.4842056937965,220.51579430620347,38.28399206704922,Moderate,392
21916,2011-09,373.0,509.9343111693252,136.93431116932516,36.71161157354562,Moderate,561
21916,2011-10,231.0,386.20877573350265,155.20877573350265,67.1899462049795,High,425
21916,2011-11,94.0,163.9680768075613,69.96807680756129,74.43412426336307,High,181
21917,2011-07,98.0,356.4782151079278,258.4782151079278,263.7532807223753,High,393
21917,2011-08,647.0,218.40013150708648,428.5998684929135,66.2441836928769,High,241
21917,2011-09,558.0,492.05329863234965,65.94670136765035,11.818405263019775,Low,542
21917,2011-10,215.0,439.7409428661889,224.7409428661889,104.53067110055298,High,484
21917,2011-11,63.0,187.182476436845,124.182476436845,197.11504196324603,High,206
21918,2011-07,554.0,809.6012086277559,255.6012086277559,46.13740227937833,Moderate,891
21918,2011-08,392.0,830.0092043426315,438.0092043426315,111.73704192414068,High,914
21918,2011-09,366.0,669.3241199450426,303.32411994504264,82.87544260793514,High,737
21918,2011-10,425.0,563.1031461280816,138.10314612808156,32.49485791248978,Moderate,620
21918,2011-11,94.0,339.0509774558003,245.0509774558003,260.6925292082982,High,373
21922,2011-07,78.0,101.57335669597428,23.57335669597427,30.222252174325988,Moderate,112
21922,2011-08,11.0,108.41938622392992,97.41938622392992,885.6307838539083,High,120
21922,2011-09,17.0,57.20844717538638,40.20844717538638,236.52027750227282,High,63
21922,2011-10,6.0,39.66947340321762,33.66947340321762,561.157890053627,High,44
21922,2011-11,8.0,26.609437357131476,18.609437357131476,232.61796696414345,High,30
21925,2011-07,37.0,71.76062814254269,34.760628142542686,93.94764362849375,High,79
21925,2011-08,28.0,68.47749299173117,40.47749299173117,144.56247497046846,High,76
21925,2011-09,9.0,67.36087429221072,58.36087429221072,648.4541588023413,High,75
21925,2011-10,1.0,47.07767581774337,46.07767581774337,4607.767581774337,High,52
21925,2011-11,4.0,29.04089504804336,25.04089504804336,626.0223762010841,High,32
21926,2011-07,14.0,76.14778575119848,62.14778575119848,443.9127553657034,High,84
21926,2011-08,67.0,60.44035318638146,6.559646813618542,9.79051763226648,Low,67
21926,2011-09,4.0,74.88240279956815,70.88240279956815,1772.0600699892038,High,83
21926,2011-10,25.0,60.44035318638146,35.44035318638146,141.76141274552583,High,67
21926,2011-11,8.0,42.2281821913692,34.2281821913692,427.852277392115,High,47
21927,2011-07,75.0,85.93223017049225,10.932230170492248,14.576306893989665,Low,95
21927,2011-08,87.0,109.35074384044688,22.35074384044688,25.690510161433195,Moderate,121
21927,2011-09,33.0,112.45982702661507,79.45982702661509,240.78735462610635,High,124
21927,2011-10,39.0,71.22791587172239,32.22791587172239,82.63568172236509,High,79
21927,2011-11,11.0,42.39780866867919,31.39780866867919,285.43462426071994,High,47
21928,2011-07,1087.0,816.8765813928231,270.12341860717686,24.850360497440374,Moderate,899
21928,2011-08,1063.0,984.159509161894,78.84049083810612,7.416791235946013,Low,1083
21928,2011-09,583.0,1072.5130113218204,489.5130113218204,83.96449593856268,High,1180
21928,2011-10,765.0,900.3699391196334,135.3699391196334,17.695416878383448,Low,991
21928,2011-11,302.0,487.5074892498415,185.50748924984143,61.4263209436561,High,537
21929,2011-07,1065.0,919.029970043148,145.97002995685193,13.706106099234924,Low,1011
21929,2011-08,822.0,1057.5476365316315,235.54763653163167,28.655430234991684,Moderate,1164
21929,2011-09,741.0,1003.561007115883,262.56100711588294,35.43333429364142,Moderate,1104
21929,2011-10,716.0,955.5150585411634,239.5150585411634,33.45182381859824,Moderate,1052
21929,2011-11,195.0,434.117685665498,239.117685665498,122.62445418743486,High,478
21930,2011-07,507.0,482.9677473836294,24.032252616370613,4.74008927344588,Low,532
21930,2011-08,1181.0,541.4682237348316,639.5317762651684,54.15171687257988,High,596
21930,2011-09,286.0,951.4666591749606,665.4666591749606,232.68065006117502,High,1047
21930,2011-10,617.0,506.7699208008654,110.2300791991346,17.86549095609961,Low,558
21930,2011-11,298.0,317.0713270321442,19.07132703214421,6.399774171860473,Low,349
21931,2011-07,1644.0,1028.277484399115,615.7225156008847,37.45270776161099,Moderate,1132
21931,2011-08,1292.0,1364.8284369927424,72.82843699274235,5.6368759282308325,Low,1502
21931,2011-09,1278.0,1376.7387015280804,98.73870152808036,7.726032983417869,Low,1515
21931,2011-10,1177.0,1577.7798655467077,400.7798655467074,34.05096563693351,Moderate,1736
21931,2011-11,363.0,1034.9206470300655,671.9206470300655,185.10210661985275,High,1139
21932,2011-07,311.0,362.0682978141973,51.06829781419725,16.42067453832709,Low,399
21932,2011-08,100.0,391.8640611353055,291.8640611353055,291.8640611353055,High,432
21932,2011-09,102.0,223.7945048610014,121.7945048610014,119.40637731470724,High,247
21932,2011-10,182.0,201.44848437516683,19.448484375166828,10.685980425915838,Low,222
21932,2011-11,51.0,171.83243497569663,120.83243497569664,236.9263430896013,High,190
21933,2011-07,251.0,333.37239330487574,82.37239330487574,32.817686575647706,Moderate,367
21933,2011-08,96.0,337.96395866763214,241.9639586676321,252.04579027878347,High,372
21933,2011-09,84.0,219.48207255571413,135.48207255571415,161.28818161394543,High,242
21933,2011-10,131.0,178.19013774380866,47.19013774380866,36.023005911304324,Moderate,197
21933,2011-11,53.0,155.9541369370939,102.95413693709388,194.2530885605545,High,172
21934,2011-07,108.0,210.4485960902698,102.4485960902698,94.85981119469426,High,232
21934,2011-08,172.0,149.55568066765764,22.44431933234236,13.049022867640907,Low,165
21934,2011-09,200.0,226.48777633221584,26.487776332215816,13.243888166107908,Low,250
21934,2011-10,492.0,242.50277823757932,249.49722176242065,50.71081743138631,High,267
21934,2011-11,103.0,218.21868646060744,115.21868646060742,111.86280238893924,High,241
21935,2011-07,164.0,310.19830395933,146.19830395932996,89.14530729227437,High,342
21935,2011-08,270.0,220.59266172515035,49.40733827484965,18.29901417587024,Low,243
21935,2011-09,302.0,306.8287193316826,4.828719331682578,1.5989136859876085,Low,338
21935,2011-10,546.0,373.1243686734208,172.8756313265792,31.662203539666518,Moderate,411
21935,2011-11,172.0,239.69205821189087,67.69205821189092,39.355847797611005,Moderate,264
21936,2011-07,335.0,531.942972130826,196.942972130826,58.788946904724185,High,586
21936,2011-08,138.0,521.0542517985649,383.0542517985649,277.5755447815688,High,574
21936,2011-09,93.0,332.7950093536491,239.7950093536491,257.8440960791926,High,367
21936,2011-10,45.0,204.13269641967432,159.13269641967432,353.6282142659429,High,225
21936,2011-11,38.0,87.43899718980694,49.43899718980694,130.10262418370246,High,97
21942,2011-07,0.0,68.40719517906565,68.40719517906565,,Zero Demand,76
21942,2011-10,83.0,59.68149038044925,23.318509619550756,28.094589903073203,Moderate,66
21942,2011-11,14.0,59.53804712405894,45.53804712405894,325.27176517184955,High,66
21943,2011-07,0.0,68.40719517906565,68.40719517906565,,Zero Demand,76
21943,2011-10,6.0,44.66359179850021,38.66359179850021,644.3931966416701,High,50
21943,2011-11,2.0,27.9773562539031,25.9773562539031,1298.867812695155,High,31
21944,2011-07,27.0,75.02052764997029,48.02052764997029,177.8538061110011,High,83
21944,2011-08,16.0,67.36087429221072,51.36087429221072,321.005464326317,High,75
21944,2011-09,8.0,51.4732116101592,43.4732116101592,543.41514512699,High,57
21944,2011-10,72.0,43.42144426996831,28.57855573003169,39.692438513932906,Moderate,48
21944,2011-11,47.0,45.28635505999328,1.7136449400067235,3.6460530638440924,Low,50
21945,2011-07,0.0,74.41927404446697,74.41927404446697,,Zero Demand,82
21945,2011-10,80.0,67.23888774604005,12.76111225395995,15.951390317449937,Low,74
21945,2011-11,8.0,71.49868432088384,63.49868432088384,793.733554011048,High,79
21946,2011-07,0.0,52.10985516151358,52.10985516151358,,Zero Demand,58
21946,2011-10,3.0,37.43301151000661,34.43301151000661,1147.7670503335537,High,42
21946,2011-11,6.0,29.447164404122223,23.447164404122223,390.78607340203706,High,33
21947,2011-07,1.0,36.46014130398131,35.46014130398131,3546.014130398131,High,41
21947,2011-08,33.0,27.2575254299416,5.742474570058398,17.401438091086057,Low,30
21947,2011-09,56.0,55.01005961102234,0.989940388977658,1.7677506946029609,Low,61
21947,2011-10,60.0,78.10191510793655,18.10191510793655,30.16985851322758,Moderate,86
21947,2011-11,7.0,56.952034185531176,49.952034185531176,713.6004883647311,High,63
21948,2011-07,22.0,49.603216742038114,27.603216742038114,125.46916700926415,High,55
21948,2011-08,18.0,48.638749750414746,30.638749750414743,170.21527639119302,High,54
21948,2011-09,44.0,37.78816671882706,6.211833281172943,14.117802911756689,Low,42
21948,2011-10,48.0,73.77385493292932,25.773854932929325,53.69553111026942,High,82
21948,2011-11,5.0,46.651039620180605,41.651039620180605,833.0207924036121,High,52
21949,2011-07,2.0,65.14674904373702,63.14674904373702,3157.337452186851,High,72
21949,2011-08,4.0,44.81946139077016,40.81946139077016,1020.4865347692539,High,50
21949,2011-09,71.0,24.715831801730516,46.28416819826949,65.18896929333731,High,28
21949,2011-10,52.0,82.47475830495624,30.47475830495624,58.60530443260815,High,91
21949,2011-11,10.0,48.27596087692613,38.27596087692613,382.7596087692613,High,54
21955,2011-07,39.0,94.059899528932,55.05989952893199,141.17922956136408,High,104
21955,2011-08,117.0,218.146024691686,101.14602469168602,86.4495937535778,High,240
21955,2011-09,30.0,121.28616622201356,91.28616622201356,304.2872207400452,High,134
21955,2011-10,27.0,84.72251276646291,57.72251276646291,213.78708432023302,High,94
21955,2011-11,14.0,41.60322168881024,27.603221688810244,197.16586920578746,High,46
21967,2011-07,171.0,346.3322555364803,175.33225553648032,102.53348276987153,High,381
21967,2011-08,304.0,357.69701520778864,53.69701520778864,17.663491844667316,Low,394
21967,2011-09,404.0,457.0194945412328,53.0194945412328,13.123637262681386,Low,503
21967,2011-10,277.0,332.38625369553984,55.38625369553984,19.99503743521294,Low,366
21967,2011-11,39.0,157.42202290523934,118.42202290523934,303.64621257753674,High,174
21972,2011-07,19.0,75.91372729018416,56.91372729018416,299.54593310623244,High,84
21972,2011-08,17.0,51.4732116101592,34.473211610159204,202.78359770681885,High,57
21972,2011-09,14.0,37.96101851947001,23.96101851947001,171.15013228192865,High,42
21972,2011-10,57.0,43.912796566923184,13.087203433076816,22.96000602294178,Moderate,49
21972,2011-11,1.0,48.02965109333319,47.02965109333319,4702.96510933332,High,53
21973,2011-07,16.0,62.52443536267764,46.52443536267764,290.77772101673526,High,69
21973,2011-08,19.0,43.45248442881619,24.45248442881619,128.69728646745364,High,48
21973,2011-09,2.0,49.2990198059371,47.2990198059371,2364.950990296855,High,55
21973,2011-10,5.0,42.588796469837234,37.588796469837234,751.7759293967447,High,47
21974,2011-07,153.0,159.52896516631182,6.528965166311821,4.2672974943214514,Low,176
21974,2011-08,339.0,178.64746619841017,160.35253380158983,47.30163238984951,Moderate,197
21974,2011-09,193.0,301.2533847597961,108.25338475979612,56.089836663106794,High,332
21974,2011-10,276.0,230.8518196055098,45.1481803944902,16.35803637481529,Low,254
21974,2011-11,58.0,139.97864898675758,81.97864898675758,141.3424982530303,High,154
21975,2011-07,1523.0,1287.7743579300477,235.2256420699523,15.444887857514924,Low,1417
21975,2011-08,1895.0,1555.6678204587347,339.3321795412653,17.906711321438802,Low,1712
21975,2011-09,470.0,1714.7445902522693,1244.7445902522693,264.8392745217594,High,1887
21975,2011-10,756.0,985.9888469175756,229.98884691757556,30.421805147827452,Moderate,1085
21975,2011-11,106.0,628.4767731037363,522.4767731037363,492.9026161356003,High,692
21976,2011-07,656.0,314.6062552434075,341.3937447565925,52.04172938362691,High,347
21976,2011-08,399.0,487.49540865486,88.49540865485994,22.179300414751864,Moderate,537
21976,2011-09,389.0,473.5955189694091,84.59551896940911,21.7469200435499,Moderate,521
21976,2011-10,271.0,446.31286493907766,175.31286493907766,64.69109407346039,High,491
21976,2011-11,91.0,192.68242998715,101.68242998715002,111.7389340518132,High,212
21977,2011-07,2282.0,2709.340818342897,427.3408183428969,18.726591513711522,Low,2981
21977,2011-08,2257.0,2387.0972950714704,130.0972950714704,5.764169032852034,Low,2626
21977,2011-09,1417.0,2170.374239152125,753.374239152125,53.16684821115915,High,2388
21977,2011-10,1426.0,1894.81153763061,468.81153763061,32.875984406073634,Moderate,2085
21977,2011-11,234.0,981.0707847439334,747.0707847439334,319.2610191213391,High,1080
21980,2011-07,187.0,551.1072907817623,364.1072907817624,194.70978116671787,High,607
21980,2011-08,671.0,386.1391118581897,284.8608881418103,42.45318750250526,Moderate,425
21980,2011-09,869.0,581.7350747387486,287.2649252612514,33.05695342477001,Moderate,640
21980,2011-10,326.0,635.8476109008233,309.84761090082327,95.04527941743045,High,700
21980,2011-11,90.0,316.54297629077234,226.54297629077237,251.71441810085818,High,349
21981,2011-07,334.0,378.9423585765213,44.94235857652132,13.45579598099441,Low,417
21981,2011-08,524.0,433.4105148880588,90.5894851119412,17.288069677851375,Low,477
21981,2011-09,212.0,559.9655725948743,347.9655725948743,164.134704054186,High,616
21981,2011-10,252.0,329.19533938727113,77.19533938727113,30.633071185425052,Moderate,363
21981,2011-11,68.0,184.93969266385767,116.93969266385768,171.97013627037893,High,204
21982,2011-07,377.0,454.2483283023227,77.2483283023227,20.49027275923679,Moderate,500
21982,2011-08,402.0,529.4925031347647,127.49250313476466,31.714553018598174,Moderate,583
21982,2011-09,330.0,479.4428633426294,149.44286334262938,45.28571616443314,Moderate,528
21982,2011-10,924.0,458.05661243300887,465.94338756699113,50.42677354621116,High,504
21982,2011-11,118.0,412.0876593142309,294.0876593142309,249.22682992731433,High,454
21983,2011-07,177.0,205.1465289786597,28.14652897865969,15.90199377325406,Low,226
21983,2011-08,184.0,192.5658037410849,8.565803741084892,4.655328120154833,Low,212
21983,2011-09,359.0,174.49397559219506,184.50602440780492,51.39443576819078,High,192
21983,2011-10,177.0,288.5756616185813,111.57566161858132,63.03709695965046,High,318
21983,2011-11,56.0,143.76908918647672,87.76908918647672,156.7305164044227,High,159
21984,2011-07,230.0,268.6311157682153,38.631115768215295,16.79613729052839,Low,296
21984,2011-08,507.0,289.1010496046751,217.8989503953249,42.978096724916156,Moderate,319
21984,2011-09,255.0,395.6035847796454,140.60358477964542,55.138660697900164,High,436
21984,2011-10,142.0,275.35387732922186,133.35387732922186,93.91118121776188,High,303
21984,2011-11,41.0,160.07865759646432,119.07865759646432,290.4357502352788,High,177
21985,2011-07,788.0,568.3260596373067,219.6739403626933,27.877403599326563,Moderate,626
21985,2011-08,952.0,713.7133930984995,238.28660690150048,25.030105766964333,Moderate,786
21985,2011-09,467.0,709.6034983956388,242.6034983956388,51.94935725816677,High,781
21985,2011-10,500.0,722.672304169542,222.67230416954203,44.534460833908405,Moderate,795
21985,2011-11,93.0,356.6137646215262,263.6137646215262,283.4556608833615,High,393
21986,2011-07,478.0,302.5062310040953,175.49376899590465,36.714177614205994,Moderate,333
21986,2011-08,263.0,467.6698989611968,204.6698989611968,77.8212543578695,High,515
21986,2011-09,294.0,274.5803451136566,19.41965488634338,6.60532479127326,Low,303
21986,2011-10,144.0,306.3980746123523,162.39807461235227,112.77644070302242,High,338
21986,2011-11,34.0,146.32551212232786,112.32551212232786,330.36915330096434,High,161
21987,2011-07,135.0,134.6086125430284,0.3913874569715858,0.2899166347937672,Low,149
21987,2011-08,165.0,180.7316735516877,15.731673551687663,9.534347607083433,Low,199
21987,2011-09,160.0,167.50172466045512,7.501724660455125,4.688577912784453,Low,185
21987,2011-10,381.0,180.0781175230735,200.9218824769265,52.7354022249151,High,199
21987,2011-11,16.0,193.5731241086276,177.57312410862758,1109.8320256789225,High,213
21988,2011-07,134.0,201.78101624478907,67.78101624478907,50.582847943872444,High,222
21988,2011-08,136.0,194.7541203688045,58.754120368804536,43.20155909470922,Moderate,215
21988,2011-09,156.0,182.25104262124728,26.25104262124728,16.827591423876463,Low,201
21988,2011-10,337.0,189.61544469263583,147.38455530736417,43.7342894087134,Moderate,209
21988,2011-11,15.0,175.3860158524001,160.3860158524001,1069.2401056826673,High,193
21989,2011-07,185.0,235.66674539830592,50.66674539830592,27.387429945030227,Moderate,260
21989,2011-08,169.0,220.69119875348656,51.69119875348656,30.586508138157726,Moderate,243
21989,2011-09,169.0,222.69725190800017,53.69725190800017,31.773521839053352,Moderate,245
21989,2011-10,193.0,216.33981961820933,23.339819618209333,12.09317078663696,Low,238
21989,2011-11,26.0,127.10557868900317,101.10557868900317,388.8676103423199,High,140
21990,2011-07,68.0,205.48635552866256,137.48635552866256,202.18581695391552,High,227
21990,2011-08,158.0,152.63219862106908,5.3678013789309205,3.3973426448929875,Low,168
21990,2011-09,252.0,179.52667644478893,72.47332355521107,28.75925537905201,Moderate,198
21990,2011-10,342.0,265.1184565701624,76.88154342983762,22.479983459016847,Moderate,292
21990,2011-11,95.0,203.17939197721464,108.17939197721464,113.87304418654172,High,224
21991,2011-07,91.0,109.96959236247098,18.969592362470976,20.845705892825247,Moderate,121
21991,2011-08,56.0,104.2057177665042,48.20571776650419,86.0816388687575,High,115
21991,2011-09,44.0,86.28677005848427,42.286770058484265,96.10629558746425,High,95
21991,2011-10,126.0,83.38479272827729,42.61520727172271,33.8215930727958,Moderate,92
21991,2011-11,36.0,82.43657854681283,46.436578546812825,128.99049596336894,High,91
21992,2011-07,150.0,204.73597604735303,54.73597604735306,36.49065069823538,Moderate,226
21992,2011-08,412.0,189.10417901469376,222.89582098530624,54.10092742361802,High,209
21992,2011-09,267.0,394.0710277937412,127.07102779374117,47.592145241101555,Moderate,434
21992,2011-10,153.0,308.808778032678,155.808778032678,101.83580263573727,High,340
21993,2011-07,144.0,236.4824132148377,92.48241321483772,64.22389806585953,High,261
21993,2011-08,202.0,184.52932917270363,17.470670827296345,8.648846944206113,Low,203
21993,2011-09,195.0,245.00989235909503,50.00989235909506,25.646098645689776,Moderate,270
21993,2011-10,435.0,238.08975198868225,196.91024801131772,45.266723680762695,Moderate,262
21993,2011-11,133.0,190.87377508355897,57.87377508355897,43.51411660417968,Moderate,210
22023,2011-07,111.0,129.75072426269463,18.750724262694632,16.892544380805973,Low,143
22023,2011-08,103.0,143.76894512728234,40.768945127282336,39.58150012357508,Moderate,159
22023,2011-09,41.0,148.44357325750565,107.44357325750563,262.05749575001374,High,164
22023,2011-10,129.0,95.43444331423416,33.56555668576583,26.019811384314593,Moderate,105
22023,2011-11,15.0,92.91476035994698,77.91476035994698,519.4317357329799,High,103
22024,2011-07,110.0,186.27347898805823,76.27347898805823,69.33952635278021,High,205
22024,2011-08,238.0,171.79974648720423,66.20025351279577,27.815232568401584,Moderate,189
22024,2011-09,163.0,230.62071765529464,67.62071765529464,41.48510285600898,Moderate,254
22024,2011-10,203.0,183.93265101666415,19.06734898333582,9.392782750411733,Low,203
22024,2011-11,35.0,113.2677341613352,78.2677341613352,223.62209760381484,High,125
22025,2011-07,88.0,181.93389474476385,93.93389474476382,106.74306220995888,High,201
22025,2011-08,69.0,148.299919936959,79.29991993695899,114.92742019849129,High,164
22025,2011-09,257.0,111.01898914079864,145.98101085920138,56.80194975066202,High,123
22025,2011-10,109.0,167.4187493048428,58.418749304842805,53.59518284847964,High,185
22025,2011-11,18.0,91.14085275528556,73.14085275528555,406.3380708626975,High,101
22026,2011-07,182.0,192.0104367569217,10.010436756921736,5.500239976330625,Low,212
22026,2011-08,156.0,188.61585654743425,32.61585654743425,20.907600350919388,Moderate,208
22026,2011-09,108.0,183.9892223514348,75.98922235143482,70.36039106614335,High,203
22026,2011-10,143.0,160.81647381517962,17.81647381517962,12.459072598027706,Low,177
22026,2011-11,20.0,102.12812461588024,82.12812461588025,410.6406230794013,High,113
22027,2011-07,232.0,350.8655423307743,118.8655423307743,51.23514755636823,High,386
22027,2011-08,511.0,317.97173983758177,193.02826016241823,37.774610599299066,Moderate,350
22027,2011-09,392.0,467.9247577667755,75.92475776677549,19.368560654789665,Low,515
22027,2011-10,477.0,377.7485248040458,99.2514751959542,20.807437147998783,Moderate,416
22027,2011-11,100.0,281.1265325445993,181.12653254459929,181.12653254459929,High,310
22028,2011-07,306.0,249.20902069578364,56.79097930421637,18.5591435634694,Low,275
22028,2011-08,331.0,311.6863425297611,19.313657470238923,5.83494183390904,Low,343
22028,2011-09,172.0,330.8738192225234,158.87381922252342,92.36849954797873,High,364
22028,2011-10,406.0,266.72008642592886,139.27991357407114,34.305397432037225,Moderate,294
22028,2011-11,41.0,194.7160500545316,153.7160500545316,374.91719525495506,High,215
22029,2011-07,526.0,680.60394571045,154.60394571045003,29.39238511605514,Moderate,749
22029,2011-08,817.0,657.1058297489316,159.89417025106843,19.5708898716118,Low,723
22029,2011-09,837.0,781.4982016844214,55.50179831557864,6.631039225278212,Low,860
22029,2011-10,676.0,729.22135313458,53.22135313458,7.872981232926035,Low,803
22029,2011-11,364.0,387.5503093024431,23.55030930244311,6.469865192978877,Low,427
22030,2011-07,746.0,493.6716350851376,252.32836491486245,33.82417760252848,Moderate,544
22030,2011-08,255.0,556.1220008793742,301.12200087937424,118.08705916838204,High,612
22030,2011-09,0.0,407.3465890983232,407.3465890983232,,Zero Demand,449
22031,2011-07,36.0,100.15662148386588,64.15662148386588,178.212837455183,High,111
22031,2011-08,26.0,80.6184283036409,54.6184283036409,210.07087809092653,High,89
22031,2011-09,12.0,77.30958109936456,65.30958109936456,544.2465091613714,High,86
22031,2011-10,51.0,54.80333097606388,3.803330976063883,7.457511717772319,Low,61
22031,2011-11,26.0,57.31239692127395,31.31239692127395,120.43229585105367,High,64
22032,2011-07,48.0,88.52814320197807,40.52814320197807,84.43363167078765,High,98
22032,2011-08,37.0,86.63050716904222,49.63050716904222,134.13650586227627,High,96
22032,2011-09,36.0,80.6184283036409,44.6184283036409,123.94007862122471,High,89
22032,2011-10,50.0,76.83009667188063,26.830096671880625,53.66019334376125,High,85
22033,2011-07,0.0,94.36247091701902,94.36247091701902,,Zero Demand,104
22035,2011-07,114.0,169.55732245585267,55.55732245585267,48.7344933823269,Moderate,187
22035,2011-08,87.0,163.43042252756908,76.43042252756908,87.85106037651617,High,180
22035,2011-09,5.0,119.70962879497156,114.70962879497156,2294.192575899431,High,132
22037,2011-07,220.0,331.4066079045247,111.40660790452472,50.639367229329416,High,365
22037,2011-08,537.0,316.4699108166784,220.5300891833216,41.06705571384015,Moderate,349
22037,2011-09,205.0,483.1369388623906,278.1369388623906,135.67655554262956,High,532
22037,2011-10,310.0,328.1656717661349,18.16567176613489,5.859894118108029,Low,361
22037,2011-11,301.0,241.3117644975556,59.68823550244443,19.829978572240673,Low,266
22038,2011-07,0.0,102.40238158525467,102.40238158525467,,Zero Demand,113
22038,2011-10,50.0,80.6184283036409,30.618428303640897,61.236856607281794,High,89
22038,2011-11,25.0,59.22653126937946,34.22653126937946,136.90612507751783,High,66
22039,2011-09,25.0,126.49116892627173,101.49116892627173,405.9646757050869,High,140
22040,2011-07,150.0,91.2492912501696,58.75070874983041,39.1671391665536,Moderate,101
22040,2011-08,25.0,138.04048203466382,113.04048203466382,452.16192813865524,High,152
22040,2011-09,50.0,81.98289536369786,31.982895363697864,63.965790727395735,High,91
22040,2011-10,50.0,91.5530931989294,41.5530931989294,83.1061863978588,High,101
22041,2011-07,222.0,265.6979188779839,43.69791887798391,19.683747242335095,Low,293
22041,2011-08,431.0,265.57178155975544,165.42821844024456,38.38241727151846,Moderate,293
22041,2011-09,405.0,324.1808134522845,80.8191865477155,19.95535470313963,Low,357
22041,2011-10,644.0,337.80442260706786,306.19557739293214,47.54589711070375,Moderate,372
22041,2011-11,57.0,278.95599289822565,221.95599289822565,389.3964787688169,High,307
22042,2011-07,0.0,76.48757260323687,76.48757260323687,,Zero Demand,85
22042,2011-10,73.0,91.58763832343256,18.58763832343256,25.462518251277483,Moderate,101
22042,2011-11,48.0,75.59994616153905,27.59994616153905,57.499887836539685,High,84
22043,2011-07,50.0,76.36690879840049,26.366908798400488,52.73381759680098,High,85
22043,2011-08,254.0,86.63050716904222,167.36949283095777,65.8935011145503,High,96
22043,2011-09,356.0,166.93926487735885,189.06073512264115,53.10694806815762,High,184
22043,2011-10,434.0,290.3964805790689,143.6035194209311,33.08836853016845,Moderate,320
22043,2011-11,50.0,190.75202919450768,140.75202919450766,281.5040583890153,High,210
22044,2011-08,168.0,91.58763832343256,76.41236167656744,45.48354861700443,Moderate,101
22044,2011-09,444.0,142.66706070312094,301.3329392968791,67.86777912091871,High,157
22044,2011-10,36.0,261.9252856700524,225.9252856700524,627.5702379723679,High,289
22045,2011-07,275.0,514.4217641322892,239.42176413228924,87.06245968446882,High,566
22045,2011-08,550.0,400.07697128800027,149.9230287119997,27.258732493090854,Moderate,441
22045,2011-09,1025.0,566.6240006958113,458.3759993041887,44.71960968821354,Moderate,624
22045,2011-10,875.0,642.9108317112216,232.0891682887784,26.524476375860388,Moderate,708
22045,2011-11,150.0,419.2434327925748,269.2434327925748,179.49562186171656,High,462
22046,2011-07,200.0,188.67079955454696,11.32920044545304,5.66460022272652,Low,208
22046,2011-08,200.0,188.0684067160538,11.9315932839462,5.9657966419731,Low,207
22046,2011-09,175.0,192.6477178538541,17.64771785385409,10.084410202202337,Low,212
22046,2011-10,275.0,179.07328672999537,95.92671327000464,34.882441189092596,Moderate,197
22046,2011-11,75.0,129.64205350694806,54.64205350694806,72.85607134259742,High,143
22047,2011-07,375.0,266.8239201701176,108.17607982988244,28.846954621301986,Moderate,294
22047,2011-08,250.0,232.36697821852448,17.63302178147552,7.053208712590207,Low,256
22047,2011-09,325.0,275.6863788119169,49.31362118808312,15.173421904025574,Low,304
22047,2011-10,500.0,252.6286190905436,247.37138090945643,49.474276181891284,Moderate,278
22047,2011-11,50.0,170.83960436298293,120.83960436298293,241.67920872596588,High,188
22048,2011-07,0.0,154.29832283468383,154.29832283468383,,Zero Demand,170
22048,2011-10,75.0,94.04605732522752,19.04605732522752,25.39474310030336,Moderate,104
22048,2011-11,25.0,85.85306455130507,60.85306455130507,243.41225820522027,High,95
22050,2011-07,100.0,140.36286333138918,40.36286333138918,40.36286333138918,Moderate,155
22050,2011-08,100.0,136.37452348805806,36.37452348805806,36.37452348805806,Moderate,151
22050,2011-09,150.0,134.50792570697257,15.492074293027429,10.328049528684954,Low,148
22050,2011-10,50.0,141.49630526205613,91.49630526205613,182.99261052411225,High,156
22050,2011-11,25.0,79.88329993655694,54.88329993655694,219.53319974622775,High,88
22051,2011-07,50.0,107.03419153547782,57.03419153547782,114.06838307095563,High,118
22051,2011-08,25.0,107.31776684109651,82.31776684109653,329.2710673643861,High,119
22051,2011-09,75.0,90.3616463487856,15.361646348785612,20.48219513171415,Moderate,100
22051,2011-10,125.0,90.67953683879114,34.32046316120886,27.45637052896709,Moderate,100
22055,2011-07,22.0,96.98611030168256,74.98611030168257,340.845955916739,High,107
22055,2011-08,131.0,69.01400990158733,61.98599009841267,47.31754969344479,Moderate,76
22055,2011-09,31.0,105.02292130425737,74.02292130425737,238.78361711050763,High,116
22055,2011-10,82.0,67.0339367359395,14.966063264060494,18.251296663488407,Low,74
22055,2011-11,270.0,56.59199724267083,213.4080027573292,79.04000102123304,High,63
22057,2011-07,6.0,83.58398584584629,77.58398584584629,1293.0664307641048,High,92
22057,2011-08,4.0,58.572376200937065,54.572376200937065,1364.3094050234265,High,65
22057,2011-09,40.0,25.195316229214452,14.804683770785545,37.01170942696386,Moderate,28
22057,2011-10,67.0,52.127598225193054,14.872401774806946,22.1976145892641,Moderate,58
22057,2011-11,176.0,52.87656439249514,123.12343560750486,69.95649750426412,High,59
22059,2011-07,46.0,83.04098420964435,37.04098420964435,80.52387871661814,High,92
22059,2011-08,18.0,71.6773165673493,53.677316567349294,298.20731426305167,High,79
22059,2011-09,44.0,66.19895696851852,22.19895696851852,50.45217492845118,High,73
22059,2011-10,135.0,56.01529567587303,78.98470432412697,58.50718838824219,High,62
22059,2011-11,504.0,86.23093150558874,417.7690684944113,82.89068819333558,High,95
22061,2011-07,2.0,57.887518614038605,55.887518614038605,2794.3759307019304,High,64
22061,2011-08,5.0,43.90116705449096,38.90116705449096,778.0233410898193,High,49
22061,2011-09,23.0,19.93340132115047,3.0665986788495303,13.333037734128391,Low,22
22061,2011-10,45.0,40.48315529738041,4.5168447026195935,10.037432672487984,Low,45
22061,2011-11,220.0,36.8577131176726,183.1422868823274,83.24649403742154,High,41
22062,2011-07,12.0,77.35152066494821,65.35152066494821,544.5960055412351,High,86
22062,2011-08,70.0,63.00670041974591,6.993299580254089,9.990427971791556,Low,70
22062,2011-09,34.0,87.50058810687317,53.50058810687317,157.35467090256813,High,97
22063,2011-07,47.0,80.95977570219372,33.959775702193724,72.25484191956112,High,90
22063,2011-08,3.0,82.90530830079335,79.90530830079335,2663.510276693112,High,92
22063,2011-09,15.0,47.71385934195392,32.71385934195392,218.09239561302616,High,53
22063,2011-10,26.0,24.817369662647017,1.1826303373529825,4.548578220588395,Low,28
22063,2011-11,202.0,39.981448480331935,162.01855151966805,80.20720372260794,High,44
22064,2011-07,40.0,101.93503709660536,61.93503709660536,154.83759274151342,High,113
22064,2011-08,65.0,93.2098331841492,28.20983318414919,43.39974336022952,Moderate,103
22064,2011-09,69.0,93.23375420824792,24.23375420824793,35.121382910504245,Moderate,103
22064,2011-10,232.0,110.5771675667754,121.4228324332246,52.33742777294164,High,122
22064,2011-11,409.0,109.358891082803,299.641108917197,73.26188482083057,High,121
22065,2011-07,36.0,32.06381945887461,3.936180541125388,10.933834836459411,Low,36
22065,2011-08,1292.0,48.638749750414746,1243.3612502495853,96.23539088619081,High,54
22065,2011-09,2857.0,1144.646632262308,1712.353367737692,59.93536463905117,High,1260
22065,2011-10,1804.0,2694.3740672557647,890.3740672557647,49.35554696539715,Moderate,2964
22065,2011-11,527.0,1234.218495693338,707.2184956933381,134.19705800632602,High,1358
22066,2011-07,63.0,193.44786313584743,130.44786313584743,207.06010021563083,High,213
22066,2011-08,238.0,136.40622804534428,101.59377195465572,42.6864588044772,Moderate,151
22066,2011-09,182.0,224.3320740265459,42.33207402654591,23.259381333266983,Moderate,247
22066,2011-10,401.0,206.4527231445544,194.5472768554456,48.51553038789167,Moderate,228
22066,2011-11,16.0,190.7651244120501,174.7651244120501,1092.2820275753131,High,210
22067,2011-07,68.0,35.32000772054642,32.67999227945358,48.05881217566703,Moderate,39
22067,2011-08,7.0,67.01309472970289,60.013094729702885,857.3299247100412,High,74
22067,2011-09,31.0,47.23437491446998,16.23437491446998,52.368951336999935,High,52
22067,2011-10,52.0,45.456871436038725,6.543128563961275,12.582939546079375,Low,51
22067,2011-11,52.0,46.55375660792646,5.446243392073541,10.47354498475681,Low,52
22068,2011-07,3.0,61.33986812788779,58.33986812788779,1944.662270929593,High,68
22068,2011-08,30.0,43.45499433071318,13.454994330713175,44.84998110237725,Moderate,48
22068,2011-09,76.0,62.6480965284468,13.3519034715532,17.56829404151737,Low,69
22068,2011-10,56.0,92.43229520230432,36.43229520230433,65.05767000411488,High,102
22068,2011-11,170.0,51.1779382071331,118.82206179286688,69.89533046639228,High,57
22069,2011-07,5.0,33.216949890531616,28.216949890531616,564.3389978106323,High,37
22069,2011-08,22.0,30.07356861521602,8.073568615216018,36.69803916007281,Moderate,34
22069,2011-09,41.0,63.09034529810109,22.090345298101084,53.878890970978254,High,70
22069,2011-10,75.0,71.50871710239262,3.491282897607377,4.655043863476503,Low,79
22069,2011-11,119.0,64.24194859837081,54.75805140162919,46.015169245066545,Moderate,71
22070,2011-07,87.0,55.07290172269253,31.927098277307472,36.69781411184767,Moderate,61
22070,2011-08,53.0,76.45558772918889,23.45558772918889,44.25582590412998,Moderate,85
22070,2011-09,59.0,64.63968494611105,5.639684946111046,9.558788044256012,Low,72
22070,2011-10,529.0,83.3632949032105,445.6367050967895,84.24134311848573,High,92
22070,2011-11,8.0,210.74395255664376,202.74395255664376,2534.2994069580473,High,232
22071,2011-07,8.0,25.19408269441306,17.19408269441306,214.92603368016324,High,28
22071,2011-08,48.0,23.220666541550717,24.779333458449287,51.62361137176935,High,26
22071,2011-09,46.0,48.052111187754726,2.0521111877547256,4.461111277727664,Low,53
22071,2011-10,507.0,82.90530830079335,424.0946916992066,83.64786818524784,High,92
22071,2011-11,9.0,171.43295128624743,162.43295128624743,1804.8105698471936,High,189
22072,2011-07,26.0,62.22586713431805,36.22586713431805,139.33025820891558,High,69
22072,2011-08,15.0,46.6895641740083,31.689564174008297,211.2637611600553,High,52
22072,2011-09,39.0,34.87775895089213,4.122241049107871,10.569848843866335,Low,39
22072,2011-10,40.0,48.196500980760455,8.196500980760455,20.491252451901136,Moderate,54
22072,2011-11,205.0,48.581372306072886,156.4186276939271,76.30176960679371,High,54
22074,2011-07,42.0,28.99657150944475,13.003428490555253,30.960544025131554,Moderate,32
22074,2011-08,57.0,70.1124921910694,13.112492191069409,23.00437226503405,Moderate,78
22074,2011-09,89.0,84.75338501012303,4.246614989876974,4.771477516715701,Low,94
22074,2011-10,79.0,123.87327969781632,44.87327969781632,56.801619870653575,High,137
22074,2011-11,186.0,65.80031719432922,120.19968280567078,64.62348537939289,High,73
22075,2011-09,99.0,184.6376242321261,85.63762423212606,86.50265073952127,High,204
22075,2011-10,343.0,141.03014781132836,201.96985218867164,58.88333883051651,High,156
22075,2011-11,511.0,191.7488814352633,319.25111856473666,62.47575705767841,High,211
22076,2011-07,83.0,48.638749750414746,34.361250249585254,41.3990966862473,Moderate,54
22076,2011-08,122.0,96.02086281595648,25.979137184043523,21.294374741019283,Moderate,106
22076,2011-09,131.0,147.26169486829548,16.26169486829548,12.413507533049984,Low,162
22076,2011-10,152.0,158.72529509893462,6.725295098934623,4.424536249299094,Low,175
22076,2011-11,353.0,90.55153891633428,262.44846108366573,74.34800597270984,High,100
22077,2011-07,849.0,563.1347343089795,285.86526569102045,33.670820458306295,Moderate,620
22077,2011-08,1110.0,780.8940650561304,329.1059349438696,29.64918332827654,Moderate,859
22077,2011-09,1212.0,918.8287176619244,293.1712823380756,24.189049697861027,Moderate,1011
22077,2011-10,1177.0,1211.3042465512742,34.30424655127422,2.914549409623978,Low,1333
22077,2011-11,287.0,726.7542700455245,439.75427004552455,153.22448433641972,High,800
22078,2011-09,126.0,169.61240283086616,43.61240283086616,34.613018119735045,Moderate,187
22078,2011-10,213.0,185.05519878551976,27.94480121448024,13.119624983324057,Low,204
22078,2011-11,40.0,111.14465016928472,71.14465016928473,177.86162542321182,High,123
22079,2011-07,96.0,128.41555060210604,32.41555060210604,33.766198543860455,Moderate,142
22079,2011-08,91.0,121.70798799842106,30.70798799842106,33.74504175650666,Moderate,134
22079,2011-09,323.0,114.9314289928558,208.0685710071442,64.4175142436979,High,127
22079,2011-10,172.0,323.3872515793259,151.3872515793259,88.01584394146855,High,356
22079,2011-11,68.0,119.51521287748496,51.51521287748496,75.75766599630141,High,132
22080,2011-08,122.0,202.2427668509229,80.24276685092289,65.77275971387122,High,223
22080,2011-09,274.0,142.8492910859966,131.1507089140034,47.8652222313881,Moderate,158
22080,2011-10,215.0,281.0266575664375,66.0266575664375,30.71007328671512,Moderate,310
22080,2011-11,59.0,130.8359072189481,71.83590721894811,121.75577494736967,High,144
22081,2011-07,47.0,76.42841164967182,29.428411649671816,62.61364180781237,High,85
22081,2011-08,63.0,82.90530830079335,19.90530830079335,31.595727461576743,Moderate,92
22081,2011-09,99.0,88.86239845471336,10.137601545286644,10.240001560895601,Low,98
22081,2011-10,69.0,111.12278904202516,42.12278904202516,61.04752035076111,High,123
22081,2011-11,35.0,55.57430550988734,20.57430550988734,58.783730028249536,High,62
22082,2011-07,176.0,158.37004417074505,17.629955829254953,10.017020357531225,Low,175
22082,2011-08,318.0,209.1683148576064,108.83168514239364,34.223800359243285,Moderate,231
22082,2011-09,260.0,291.67950853497115,31.67950853497115,12.184426359604288,Low,321
22082,2011-10,394.0,306.8256365338908,87.17436346610924,22.12547296094143,Moderate,338
22082,2011-11,114.0,213.25776040677155,99.25776040677157,87.06821088313296,High,235
22083,2011-07,297.0,302.453125282293,5.453125282293001,1.8360691186171723,Low,333
22083,2011-08,429.0,369.858884856893,59.141115143107015,13.785807725665972,Low,407
22083,2011-09,304.0,415.2281012596628,111.22810125966282,36.58819120383646,Moderate,457
22083,2011-10,653.0,420.5060545124698,232.4939454875302,35.603973275272615,Moderate,463
22083,2011-11,181.0,302.1358067909954,121.1358067909954,66.92586010552232,High,333
22084,2011-07,6.0,115.54696682244618,109.54696682244618,1825.782780374103,High,128
22084,2011-08,11.0,66.23564390137652,55.23564390137652,502.1422172852411,High,73
22084,2011-09,0.0,54.75831950470136,54.75831950470136,,Zero Demand,61
22085,2011-07,70.0,64.4592426303505,5.540757369649498,7.915367670927854,Low,71
22085,2011-08,51.0,68.91866200198707,17.918662001987073,35.13463137644524,Moderate,76
22085,2011-09,18.0,65.14674904373702,47.14674904373702,261.92638357631677,High,72
22085,2011-10,28.0,48.71823410946507,20.718234109465072,73.99369324808954,High,54
22085,2011-11,11.0,40.6325914253001,29.6325914253001,269.38719477545544,High,45
22086,2011-07,488.0,265.0515977689644,222.94840223103563,45.68614799816304,Moderate,292
22086,2011-08,2103.0,353.44714401402194,1749.552855985978,83.1931933421768,High,389
22086,2011-09,3426.0,1440.5885445404977,1985.4114554595023,57.95129759076188,High,1585
22086,2011-10,7898.0,3268.465710826445,4629.5342891735545,58.61653949320783,High,3596
22086,2011-11,2088.0,2272.988730548874,184.98873054887417,8.859613532034203,Low,2501
22089,2011-07,83.0,166.5267923795709,83.5267923795709,100.63468961394084,High,184
22089,2011-08,101.0,126.20289633123298,25.202896331232974,24.953362704191065,Moderate,139
22089,2011-09,18.0,123.6948342956493,105.6948342956493,587.1935238647184,High,137
22089,2011-10,111.0,59.880725300515,51.11927469948501,46.05340063016668,Moderate,66
22089,2011-11,6.0,68.88633069372855,62.88633069372855,1048.1055115621425,High,76
22090,2011-07,667.0,927.1276502316416,260.1276502316415,38.99964771089078,Moderate,1020
22090,2011-08,381.0,857.2082120835792,476.2082120835792,124.98903204293417,High,943
22090,2011-09,233.0,681.1537383640721,448.15373836407207,192.34066024209102,High,750
22090,2011-10,327.0,448.3740025879853,121.37400258798527,37.11743198409336,Moderate,494
22090,2011-11,110.0,367.77088143273625,257.77088143273625,234.33716493885112,High,405
22091,2011-07,316.0,164.61662491990995,151.38337508009005,47.90613135445888,Moderate,182
22091,2011-08,98.0,273.1951224463637,175.1951224463637,178.77053310853438,High,301
22091,2011-09,696.0,271.33594704027684,424.6640529597232,61.01495013789127,High,299
22091,2011-10,338.0,513.4826626637016,175.4826626637016,51.91794753363953,High,565
22091,2011-11,11.0,202.4491049880324,191.4491049880324,1740.4464089821126,High,223
22092,2011-08,163.0,106.2786214070965,56.72137859290351,34.79839177478743,Moderate,117
22092,2011-09,72.0,165.52782717890858,93.52782717890858,129.89975997070636,High,183
22092,2011-10,155.0,117.47775234450064,37.52224765549937,24.2079017132254,Moderate,130
22092,2011-11,7.0,93.22857624927086,86.22857624927086,1231.8368035610122,High,103
22093,2011-07,194.0,251.90731051513797,57.90731051513794,29.849129131514403,Moderate,278
22093,2011-08,190.0,199.91142712879093,9.911427128790931,5.216540594100491,Low,220
22093,2011-09,571.0,213.2853985055488,357.71460149445124,62.64704054193542,High,235
22093,2011-10,287.0,447.2780697110588,160.27806971105878,55.8460173209264,High,493
22093,2011-11,57.0,152.02996668634995,95.02996668634997,166.719239800614,High,168
22094,2011-07,320.0,195.60269495455285,124.39730504544715,38.87415782670224,Moderate,216
22094,2011-08,567.0,272.30890210783315,294.69109789216685,51.97373860532043,High,300
22094,2011-09,174.0,407.1506459135415,233.1506459135415,133.99462408824223,High,448
22094,2011-10,525.0,244.61813359959547,280.38186640040453,53.406069790553246,High,270
22094,2011-11,56.0,194.93698701091984,138.93698701091984,248.10176251949972,High,215
22095,2011-07,33.0,103.44981788327776,70.44981788327777,213.48429661599323,High,114
22095,2011-08,143.0,80.6184283036409,62.3815716963591,43.62347671074063,Moderate,89
22095,2011-09,224.0,150.44732705792052,73.55267294207948,32.83601470628548,Moderate,166
22095,2011-10,409.0,186.1099482543368,222.89005174566324,54.49634517008881,High,205
22095,2011-11,156.0,199.69923587690724,43.69923587690724,28.012330690325154,Moderate,220
22096,2011-07,86.0,105.96635305685572,19.96635305685571,23.21668960099501,Moderate,117
22096,2011-08,646.0,112.45982702661507,533.5401729733849,82.59135804541562,High,124
22096,2011-09,106.0,464.4324875965249,358.4324875965249,338.1438562231367,High,511
22096,2011-10,168.0,152.861608364137,15.138391635863002,9.010947402299406,Low,169
22096,2011-11,224.0,146.16757375806648,77.83242624193352,34.74661885800604,Moderate,161
22097,2011-07,224.0,205.98366704930163,18.01633295069837,8.043005781561773,Low,227
22097,2011-08,109.0,203.624150265164,94.62415026516402,86.81114703226058,High,224
22097,2011-09,514.0,276.06340467807365,237.93659532192635,46.29116640504404,Moderate,304
22097,2011-10,147.0,421.97848278474623,274.97848278474623,187.06019237057566,High,465
22097,2011-11,222.0,126.343978156832,95.656021843168,43.08829812755315,Moderate,139
22098,2011-07,196.0,165.97870778221863,30.021292217781365,15.316985825398655,Low,183
22098,2011-08,233.0,172.8777545304195,60.12224546958049,25.803538828146134,Moderate,191
22098,2011-09,847.0,321.3197189027064,525.6802810972936,62.06378761479263,High,354
22098,2011-10,226.0,554.8169497357497,328.81694973574974,145.4942255467919,High,611
22098,2011-11,63.0,143.5549552583211,80.55495525832109,127.8650083465414,High,158
22099,2011-07,269.0,171.45177294534363,97.54822705465637,36.263281432957754,Moderate,189
22099,2011-08,173.0,254.24182801367743,81.24182801367743,46.96059422755921,Moderate,280
22099,2011-09,440.0,292.1004877764465,147.89951222355347,33.61352550535307,Moderate,322
22099,2011-10,124.0,303.1898046984416,179.1898046984416,144.50790701487227,High,334
22099,2011-11,21.0,113.8083806356293,92.8083806356293,441.9446696934729,High,126
22100,2011-08,77.0,152.27482997800274,75.27482997800274,97.75951945195162,High,168
22100,2011-09,79.0,103.1285858733008,24.128585873300807,30.54251376367191,Moderate,114
22100,2011-10,195.0,119.95831377271234,75.04168622728766,38.482916013993666,Moderate,132
22100,2011-11,110.0,84.35008058304591,25.64991941695409,23.31810856086736,Moderate,93
22101,2011-07,64.0,95.30661673994074,31.306616739940736,48.9165886561574,Moderate,105
22101,2011-08,68.0,70.70567036243176,2.7056703624317606,3.9789270035761186,Low,78
22101,2011-09,693.0,82.26495888010585,610.7350411198942,88.12915456275529,High,91
22101,2011-10,102.0,391.213519810192,289.213519810192,283.54266648058035,High,431
22101,2011-11,16.0,82.03006889912133,66.03006889912133,412.68793061950834,High,91
22102,2011-07,0.0,31.126485105741544,31.126485105741544,,Zero Demand,35
22102,2011-10,22.0,1629.927451731809,1607.927451731809,7308.7611442354955,High,1793
22103,2011-07,57.0,61.34720879452353,4.347208794523532,7.626682095655318,Low,68
22103,2011-08,0.0,52.79765418872774,52.79765418872774,,Zero Demand,59
22104,2011-07,4.0,37.72890783816332,33.72890783816332,843.2226959540831,High,42
22104,2011-08,31.0,32.11249617946442,1.112496179464422,3.588697353111039,Low,36
22104,2011-09,35.0,43.96731898098783,8.967318980987827,25.62091137425093,Moderate,49
22104,2011-10,22.0,50.064832595215,28.064832595214995,127.56742088734087,High,56
22104,2011-11,11.0,42.59820605200875,31.59820605200875,287.25641865462495,High,47
22105,2011-07,3.0,26.246999184938577,23.246999184938577,774.8999728312859,High,29
22105,2011-08,4.0,22.77980270700908,18.77980270700908,469.49506767522695,High,26
22105,2011-09,491.0,22.77980270700908,468.2201972929909,95.36052898024255,High,26
22105,2011-10,4.0,249.66617640276544,245.66617640276544,6141.654410069136,High,275
22105,2011-11,3.0,59.292979855302896,56.292979855302896,1876.43266184343,High,66
22106,2011-07,13.0,18.880484830624948,5.880484830624948,45.23449869711499,Moderate,21
22106,2011-08,8.0,20.491672524342565,12.491672524342563,156.14590655428205,High,23
22106,2011-09,251.0,25.7320019691776,225.2679980308224,89.74820638678183,High,29
22106,2011-10,14.0,136.23290553402092,122.23290553402092,873.0921823858637,High,150
22106,2011-11,9.0,51.03362100515327,42.03362100515327,467.0402333905919,High,57
22107,2011-07,11.0,19.32134866516658,8.321348665166578,75.64862422878707,High,22
22107,2011-08,56.0,21.45874003497597,34.541259965024025,61.68082136611434,High,24
22107,2011-09,71.0,90.17870958552024,19.17870958552024,27.012267021859493,Moderate,100
22107,2011-10,162.0,109.21270050671843,52.787299493281566,32.5847527736306,Moderate,121
22107,2011-11,134.0,98.78771428834658,35.21228571165342,26.277825157950314,Moderate,109
22108,2011-09,10.0,25.358057911360103,15.358057911360106,153.58057911360106,High,28
22108,2011-10,27.0,30.47173745044129,3.4717374504412923,12.858286853486266,Low,34
22108,2011-11,41.0,35.091673940890246,5.908326059109754,14.410551363682329,Low,39
22109,2011-07,45.0,88.74365811067553,43.743658110675526,97.2081291348345,High,98
22109,2011-08,120.0,87.87686772918883,32.12313227081117,26.769276892342642,Moderate,97
22109,2011-09,162.0,118.6802962797946,43.31970372020541,26.740557851978647,Moderate,131
22109,2011-10,248.0,161.75473498595375,86.24526501404623,34.776316537921865,Moderate,178
22109,2011-11,165.0,113.44897562859106,51.55102437140894,31.24304507358118,Moderate,125
22110,2011-07,57.0,25.63494652895469,31.365053471045314,55.02640959832511,High,29
22110,2011-08,77.0,71.43919769738359,5.560802302616409,7.221821172229102,Low,79
22110,2011-09,134.0,96.80445786538908,37.19554213461093,27.75786726463502,Moderate,107
22110,2011-10,277.0,189.87231420340973,87.12768579659027,31.4540381937149,Moderate,209
22110,2011-11,106.0,120.836021553529,14.836021553529008,13.99624674861227,Low,133
22111,2011-07,145.0,100.5114610700597,44.488538929940304,30.681750986165728,Moderate,111
22111,2011-08,1088.0,152.7812449938472,935.2187550061528,85.95760615865376,High,169
22111,2011-09,441.0,922.9281530633926,481.92815306339264,109.28076033183507,High,1016
22111,2011-10,982.0,495.4673276491077,486.5326723508923,49.545078650803696,Moderate,546
22111,2011-11,407.0,729.0590496179432,322.0590496179432,79.12998762111626,High,802
22112,2011-07,253.0,172.5460537428286,80.4539462571714,31.799978757775254,Moderate,190
22112,2011-08,753.0,209.73450121897037,543.2654987810297,72.14681258712213,High,231
22112,2011-09,838.0,729.7833139823591,108.21668601764088,12.913685682296046,Low,803
22112,2011-10,1600.0,866.6075708606937,733.3924291393063,45.83702682120664,Moderate,954
22112,2011-11,575.0,1162.0889316503865,587.0889316503865,102.10242289571939,High,1279
22113,2011-07,145.0,80.32028297572245,64.67971702427755,44.60670139605348,Moderate,89
22113,2011-08,457.0,153.8777602543689,303.1222397456311,66.32871766862824,High,170
22113,2011-09,551.0,479.34389553956015,71.65610446043985,13.004737651622477,Low,528
22113,2011-10,681.0,701.7570155356115,20.75701553561146,3.0480199024392745,Low,772
22113,2011-11,127.0,340.3363690412839,213.3363690412839,167.98139294589282,High,375
22114,2011-09,905.0,1173.8799723937875,268.8799723937875,29.710494187158844,Moderate,1292
22114,2011-10,1815.0,822.7837144800302,992.2162855199698,54.667563940494205,High,906
22114,2011-11,608.0,1490.9978395108176,882.9978395108176,145.22990781427922,High,1641
22115,2011-07,197.0,250.30788495958316,53.307884959583134,27.05984008100667,Moderate,276
22115,2011-08,221.0,187.36433677306104,33.63566322693896,15.219757116261972,Low,207
22115,2011-09,275.0,232.5427333365207,42.45726666347929,15.439006059447014,Low,256
22115,2011-10,204.0,267.87875376212395,63.87875376212395,31.31311458927645,Moderate,295
22115,2011-11,73.0,130.3933464309611,57.39334643096109,78.62102250816588,High,144
22116,2011-07,99.0,90.39363435921383,8.606365640786152,8.693298627056718,Low,100
22116,2011-08,97.0,119.85638272962,22.856382729619995,23.563281164556695,Moderate,132
22116,2011-09,35.0,120.33586715710392,85.33586715710393,243.81676330601124,High,133
22116,2011-10,93.0,87.67728718586869,5.322712814131307,5.723347111969148,Low,97
22116,2011-11,13.0,68.24344797871979,55.243447978719786,424.94959983630605,High,76
22117,2011-07,249.0,30.07356861521602,218.926431384784,87.92226160031485,High,34
22117,2011-08,785.0,130.91775089483036,654.0822491051697,83.32257950384327,High,145
22117,2011-09,15.0,419.9368949359265,404.9368949359265,2699.5792995728434,High,462
22117,2011-10,12.0,75.97391234710459,63.97391234710459,533.1159362258716,High,84
22117,2011-11,5.0,80.0423148658356,75.0423148658356,1500.8462973167123,High,89
22118,2011-08,31.0,23.831952288031584,7.168047711968416,23.122734554736827,Moderate,27
22118,2011-09,25.0,41.08440890288372,16.084408902883723,64.33763561153489,High,46
22118,2011-10,31.0,64.84629226628985,33.84629226628985,109.18158795577371,High,72
22118,2011-11,90.0,34.230962394301024,55.769037605698976,61.965597339665536,High,38
22119,2011-07,25.0,22.90595251174654,2.0940474882534588,8.376189953013835,Low,26
22119,2011-08,26.0,44.29718310437633,18.29718310437633,70.3737811706782,High,49
22119,2011-09,37.0,64.84629226628985,27.84629226628985,75.26024936835096,High,72
22119,2011-10,30.0,64.84629226628985,34.84629226628985,116.15430755429949,High,72
22119,2011-11,135.0,41.31977044667867,93.68022955332134,69.39276263208988,High,46
22120,2011-07,29.0,61.12603477037147,32.12603477037147,110.77943024266024,High,68
22120,2011-08,26.0,71.93510031866747,45.935100318667466,176.67346276410564,High,80
22120,2011-09,28.0,64.84629226628985,36.84629226628985,131.59390095103518,High,72
22120,2011-10,80.0,64.84629226628985,15.15370773371015,18.942134667137687,Low,72
22120,2011-11,6.0,52.67633245971716,46.67633245971716,777.9388743286194,High,58
22121,2011-07,33.0,44.50737298677684,11.507372986776844,34.870827232657106,Moderate,49
22121,2011-08,34.0,44.29718310437633,10.29718310437633,30.285832659930385,Moderate,49
22121,2011-09,51.0,64.84629226628985,13.84629226628985,27.149592678999706,Moderate,72
22121,2011-10,87.0,91.892305276107,4.89230527610701,5.623339397824148,Low,102
22121,2011-11,8.0,74.5869378014765,66.5869378014765,832.3367225184562,High,83
22123,2011-07,30.0,61.46532173216705,31.465321732167048,104.88440577389015,High,68
22123,2011-08,41.0,57.77020311827876,16.770203118278758,40.902934434826236,Moderate,64
22123,2011-09,57.0,72.93479994719287,15.934799947192872,27.955789381040123,Moderate,81
22123,2011-10,54.0,84.1823643742548,30.182364374254803,55.89326735973111,High,93
22123,2011-11,111.0,48.27596087692613,62.72403912307387,56.50814335412061,High,54
22124,2011-07,12.0,24.838019918899004,12.838019918899004,106.98349932415836,High,28
22124,2011-08,10.0,30.18287546301289,20.18287546301289,201.8287546301289,High,34
22124,2011-09,15.0,30.47173745044129,15.471737450441292,103.14491633627527,High,34
22124,2011-10,14.0,51.0430739422691,37.0430739422691,264.5933853019222,High,57
22124,2011-11,58.0,18.372971815631345,39.627028184368655,68.3224623868425,High,21
22128,2011-07,24.0,103.27389910028792,79.27389910028792,330.3079129178663,High,114
22128,2011-08,390.0,93.5879566658178,296.4120433341822,76.00308803440569,High,103
22128,2011-09,84.0,189.06357497828256,105.06357497828256,125.07568449795544,High,208
22128,2011-10,133.0,109.815019010079,23.184980989920987,17.43231653377518,Low,121
22129,2011-07,34.0,62.59395633446658,28.593956334466583,84.09987157196053,High,69
22129,2011-08,46.0,65.01514657868903,19.015146578689027,41.337275171063105,Moderate,72
22129,2011-09,81.0,84.02599902620082,3.0259990262008216,3.7358012669145944,Low,93
22129,2011-10,295.0,102.10131208227472,192.89868791772528,65.38938573482213,High,113
22129,2011-11,22.0,117.5407074968994,95.5407074968994,434.2759431677245,High,130
22130,2011-07,227.0,64.05525761947891,162.9447423805211,71.78182483723397,High,71
22130,2011-08,258.0,140.14758277593813,117.85241722406188,45.679231482194524,Moderate,155
22130,2011-09,360.0,194.8416739790087,165.1583260209913,45.877312783608694,Moderate,215
22130,2011-10,960.0,293.842583047398,666.157416952602,69.39139759922938,High,324
22130,2011-11,54.0,339.7007489432017,285.7007489432017,529.0754610059291,High,374
22131,2011-07,215.0,94.95920906999912,120.04079093000088,55.8329260139539,High,105
22131,2011-08,136.0,179.2775585627202,43.2775585627202,31.821734237294265,Moderate,198
22131,2011-09,254.0,153.90877688235193,100.09122311764808,39.40599335340475,Moderate,170
22131,2011-10,201.0,221.2847534998468,20.2847534998468,10.091917164102886,Low,244
22131,2011-11,32.0,124.51460669182832,92.51460669182832,289.1081459119635,High,137
22132,2011-07,19.0,87.44259873838163,68.44259873838163,360.22420388621913,High,97
22132,2011-08,8.0,80.01682745586696,72.01682745586696,900.210343198337,High,89
22132,2011-09,162.0,44.03988179558802,117.96011820441196,72.81488778050121,High,49
22132,2011-10,153.0,135.66432792305,17.335672076950004,11.330504625457518,Low,150
22132,2011-11,21.0,90.9817720908772,69.98177209087721,333.246533766082,High,101
22133,2011-07,6.0,72.83251362053461,66.83251362053461,1113.87522700891,High,81
22133,2011-08,80.0,43.82895345226563,36.17104654773437,45.21380818466796,Moderate,49
22133,2011-09,124.0,73.23647375698323,50.76352624301677,40.93832761533611,Moderate,81
22133,2011-10,37.0,118.03440382289098,81.03440382289098,219.01190222402968,High,130
22133,2011-11,21.0,48.73871213168601,27.738712131686007,132.089105388981,High,54
22134,2011-07,27.0,99.27040114533531,72.27040114533531,267.6681523901308,High,110
22134,2011-08,7.0,80.36934223714687,73.36934223714687,1048.1334605306695,High,89
22134,2011-09,48.0,54.79476390024252,6.794763900242522,14.155758125505255,Low,61
22134,2011-10,59.0,88.14272067238261,29.14272067238261,49.39444181759764,Moderate,97
22134,2011-11,313.0,63.24368296083226,249.75631703916773,79.79435049174688,High,70
22135,2011-07,22.0,75.24662999885561,53.24662999885561,242.0301363584346,High,83
22135,2011-08,52.0,86.33186705511092,34.33186705511092,66.02282125982869,High,95
22135,2011-09,43.0,91.80408341424256,48.80408341424256,113.49786840521526,High,101
22135,2011-10,65.0,104.84251437847075,39.84251437847075,61.29617596687809,High,116
22135,2011-11,34.0,62.67101572365669,28.67101572365669,84.32651683428438,High,69
22136,2011-07,13.0,25.886155660906496,12.886155660906496,99.12427431466536,High,29
22136,2011-08,6.0,30.679774547501896,24.679774547501896,411.32957579169823,High,34
22136,2011-09,14.0,30.07356861521602,16.07356861521602,114.81120439440014,High,34
22136,2011-10,0.0,27.248616855728923,27.248616855728923,,Zero Demand,30
22138,2011-07,244.0,265.23297372113456,21.23297372113456,8.70203841030105,Low,292
22138,2011-08,793.0,294.32149798312446,498.67850201687554,62.88505700086703,High,324
22138,2011-09,626.0,772.6974229331009,146.69742293310094,23.434093120303665,Moderate,850
22138,2011-10,1145.0,775.3639431596088,369.6360568403912,32.28262505156255,Moderate,853
22138,2011-11,277.0,876.7733368194936,599.7733368194936,216.52467033194714,High,965
22139,2011-07,372.0,339.2678255360696,32.73217446393039,8.798971630088815,Low,374
22139,2011-08,363.0,410.38543485490845,47.38543485490845,13.053838803005084,Low,452
22139,2011-09,575.0,473.0394407231751,101.96055927682488,17.73227117857824,Low,521
22139,2011-10,830.0,702.1188829265084,127.88111707349162,15.407363502830314,Low,773
22139,2011-11,199.0,606.9241529968581,407.9241529968581,204.98701155621012,High,668
22141,2011-07,114.0,95.7155791465484,18.284420853451607,16.038965660922464,Low,106
22141,2011-08,357.0,120.10609657121962,236.8939034287804,66.35683569433624,High,133
22141,2011-09,811.0,356.0905022432707,454.9094977567293,56.092416492814955,High,392
22141,2011-10,969.0,879.4437185432467,89.55628145675325,9.242134309262461,Low,968
22141,2011-11,138.0,633.4449363612539,495.4449363612539,359.0180698269956,High,697
22142,2011-07,97.0,98.62940649660172,1.6294064966017316,1.679800511960548,Low,109
22142,2011-08,646.0,93.45841929284616,552.5415807071538,85.53275243144796,High,103
22142,2011-09,1215.0,589.4617799399931,625.5382200600069,51.48462716543266,High,649
22142,2011-10,888.0,1206.1569274111023,318.1569274111023,35.82848281656557,Moderate,1327
22142,2011-11,148.0,436.63044944470585,288.63044944470585,195.02057394912558,High,481
22144,2011-07,141.0,133.62355533380932,7.376444666190679,5.231521039851545,Low,147
22144,2011-08,559.0,140.41211858981458,418.5878814101855,74.8815530250779,High,155
22144,2011-09,1094.0,560.5768229721608,533.4231770278392,48.75897413417177,Moderate,617
22144,2011-10,1428.0,1299.6368914123527,128.36310858764728,8.989013206417876,Low,1430
22144,2011-11,274.0,829.622709348622,555.622709348622,202.78201071117593,High,913
22147,2011-07,802.0,266.5394580825712,535.4605419174288,66.76565360566444,High,294
22147,2011-08,593.0,504.4054165286742,88.59458347132579,14.940064666328126,Low,555
22147,2011-09,2278.0,595.3598890922966,1682.6401109077033,73.86479854730919,High,655
22147,2011-10,72.0,1719.781934729464,1647.781934729464,2288.586020457589,High,1892
22147,2011-11,33.0,222.3146875289268,189.3146875289268,573.6808712997782,High,245
22148,2011-07,12.0,35.13045654075656,23.13045654075656,192.75380450630465,High,39
22148,2011-08,12.0,36.13097651360295,24.130976513602956,201.0914709466913,High,40
22148,2011-09,4.0,36.013430745741665,32.013430745741665,800.3357686435417,High,40
22148,2011-10,15.0,30.07356861521602,15.073568615216018,100.49045743477345,High,34
22148,2011-11,12.0,18.111433857349297,6.111433857349297,50.92861547791081,High,20
22149,2011-07,755.0,362.0667764414555,392.9332235585445,52.044135570668146,High,399
22149,2011-08,570.0,540.3528553269917,29.647144673008256,5.201253451404957,Low,595
22149,2011-09,1754.0,615.008551669644,1138.991448330356,64.9367986505334,High,677
22149,2011-10,40.0,1326.212572745662,1286.212572745662,3215.531431864155,High,1459
22150,2011-07,308.0,184.08074384697784,123.91925615302216,40.2335247250072,Moderate,203
22150,2011-08,271.0,278.2725959302404,7.272595930240413,2.6836147344060564,Low,307
22150,2011-09,304.0,273.68762493302387,30.31237506697613,9.971176008873728,Low,302
22150,2011-10,419.0,388.92816327323465,30.071836726765355,7.177049338130156,Low,428
22150,2011-11,219.0,198.8349076615219,20.165092338478104,9.207804720766259,Low,219
22151,2011-07,1673.0,1401.634422415534,271.3655775844661,16.22029752447496,Low,1542
22151,2011-08,1060.0,1989.5133536307549,929.5133536307548,87.68993902176932,High,2189
22151,2011-09,608.0,1211.1784145298732,603.1784145298732,99.20697607399231,High,1333
22151,2011-10,687.0,1015.0931056153568,328.0931056153568,47.75736617399662,Moderate,1117
22151,2011-11,311.0,526.668982336739,215.66898233673896,69.34693965811543,High,580
22152,2011-07,109.0,95.08033361028096,13.919666389719026,12.770336137356905,Low,105
22152,2011-08,176.0,123.17869591698064,52.82130408301936,30.012104592624638,Moderate,136
22152,2011-09,355.0,169.01884001833167,185.98115998166836,52.389059149765735,High,186
22152,2011-10,931.0,286.29665386875257,644.7033461312474,69.24847971334557,High,315
22152,2011-11,30.0,351.7984917967128,321.7984917967128,1072.661639322376,High,387
22153,2011-07,292.0,53.7800346390345,238.2199653609655,81.58217991813886,High,60
22153,2011-08,485.0,168.93378137004757,316.06621862995246,65.16829250102113,High,186
22153,2011-09,487.0,358.9367149655999,128.0632850344001,26.296362430061627,Moderate,395
22153,2011-10,814.0,487.1222831984718,326.8777168015282,40.156967666035406,Moderate,536
22153,2011-11,294.0,376.659446170849,82.65944617084904,28.11545788124117,Moderate,415
22154,2011-07,243.0,74.84781853465259,168.1521814653474,69.19842858656273,High,83
22154,2011-08,402.0,155.41539512188683,246.5846048781132,61.3394539497794,High,171
22154,2011-09,539.0,296.2742132041625,242.7257867958375,45.032613505721244,Moderate,326
22154,2011-10,1083.0,537.227029363353,545.772970636647,50.39454945860082,High,591
22154,2011-11,247.0,534.6212699968644,287.6212699968644,116.44585829832566,High,589
22155,2011-07,156.0,54.622138881463165,101.37786111853684,64.9858084093185,High,61
22155,2011-08,356.0,126.49116892627173,229.5088310737283,64.46877277351918,High,140
22155,2011-09,498.0,273.1967708315973,224.8032291684027,45.14121067638609,Moderate,301
22155,2011-10,846.0,393.5057918896356,452.4942081103644,53.4863130154095,High,433
22155,2011-11,167.0,355.3334004852936,188.3334004852936,112.77449130855904,High,391
22156,2011-07,288.0,223.23102176694528,64.76897823305472,22.489228553144002,Moderate,246
22156,2011-08,147.0,220.27710972203965,73.27710972203965,49.84837396057119,Moderate,243
22156,2011-09,185.0,179.06795046603116,5.932049533968836,3.2065132616047762,Low,197
22156,2011-10,263.0,204.31895476313773,58.681045236862246,22.312184500708078,Moderate,225
22156,2011-11,87.0,128.98936054437542,41.989360544375415,48.26363280962692,Moderate,142
22158,2011-07,416.0,48.638749750414746,367.3612502495853,88.307992848458,High,54
22158,2011-08,304.0,232.3175420088027,71.68245799119731,23.579755918157012,Moderate,256
22158,2011-09,687.0,294.9163714718799,392.0836285281201,57.071852769740914,High,325
22158,2011-10,1295.0,615.7580817318976,679.2419182681024,52.451113379776245,High,678
22158,2011-11,132.0,544.0152383904137,412.01523839041374,312.13275635637405,High,599
22161,2011-07,468.0,281.9432653619741,186.0567346380259,39.75571252949271,Moderate,311
22161,2011-08,692.0,386.7687494135581,305.2312505864419,44.108562223474266,Moderate,426
22161,2011-09,1145.0,528.0900062574932,616.9099937425068,53.87860207358138,High,581
22161,2011-10,626.0,901.0175192645596,275.0175192645595,43.93251106462612,Moderate,992
22161,2011-11,145.0,384.4385695988855,239.43856959888544,165.13004799923135,High,423
22162,2011-07,4.0,30.07356861521602,26.07356861521602,651.8392153804004,High,34
22162,2011-08,0.0,26.077195298608974,26.077195298608974,,Zero Demand,29
22163,2011-07,7.0,23.662915311205,16.662915311205,238.0416473029286,High,27
22163,2011-08,101.0,23.662915311205,77.337084688795,76.57137097900495,High,27
22163,2011-09,267.0,101.83059438894632,165.1694056110537,61.8612006033909,High,113
22163,2011-10,393.0,208.9564826222364,184.0435173777636,46.830411546504735,Moderate,230
22163,2011-11,50.0,206.9255155554202,156.9255155554202,313.8510311108404,High,228
22165,2011-07,16.0,28.233228634417664,12.233228634417664,76.4576789651104,High,32
22165,2011-08,15.0,33.04843123756337,18.04843123756337,120.32287491708912,High,37
22165,2011-09,17.0,46.70150729623069,29.701507296230687,174.714748801357,High,52
22165,2011-10,22.0,51.516709899376366,29.51670989937637,134.1668631789835,High,57
22165,2011-11,197.0,32.80487954950077,164.19512045049925,83.34777687842602,High,37
22166,2011-07,8.0,18.880484830624948,10.880484830624948,136.00606038281185,High,21
22166,2011-08,8.0,20.496453272860588,12.496453272860588,156.20566591075735,High,23
22166,2011-09,8.0,23.30890209548984,15.308902095489838,191.36127619362298,High,26
22166,2011-10,11.0,23.30890209548984,12.308902095489838,111.89910995899852,High,26
22166,2011-11,99.0,12.380716467504412,86.61928353249559,87.49422579039958,High,14
22167,2011-07,11.0,40.13563958486037,29.135639584860364,264.8694507714579,High,45
22167,2011-08,5.0,27.18308729492839,22.18308729492839,443.6617458985678,High,30
22167,2011-09,11.0,25.29113813463597,14.291138134635968,129.91943758759973,High,28
22167,2011-10,20.0,21.45874003497597,1.4587400349759747,7.2937001748798735,Low,24
22167,2011-11,7.0,28.13370090332421,21.13370090332421,301.91001290463157,High,31
22169,2011-07,88.0,92.14563693520395,4.145636935203953,4.710951062731765,Low,102
22169,2011-08,229.0,119.90199683349196,109.09800316650804,47.641049417689096,Moderate,132
22169,2011-09,106.0,226.62104994308308,120.62104994308308,113.7934433425312,High,250
22169,2011-10,123.0,172.00106384984232,49.001063849842325,39.838263292554736,Moderate,190
22169,2011-11,59.0,90.93980099649424,31.93980099649424,54.13525592626143,High,101
22170,2011-07,86.0,85.2947027074488,0.7052972925511938,0.820113130873481,Low,94
22170,2011-08,197.0,115.22736870326864,81.77263129673135,41.508949896817946,Moderate,127
22170,2011-09,45.0,165.97988584362193,120.97988584362191,268.8441907636042,High,183
22170,2011-10,110.0,97.48848990647456,12.511510093525445,11.37410008502313,Low,108
22170,2011-11,44.0,90.77216669775184,46.77216669775184,106.30037885852693,High,100
22171,2011-07,105.0,275.25891893338456,170.25891893338456,162.15135136512814,High,303
22171,2011-08,29.0,178.83340383206445,149.83340383206445,516.6669097657394,High,197
22171,2011-09,10.0,106.95180594305708,96.95180594305708,969.5180594305707,High,118
22171,2011-10,101.0,47.14195421680572,53.85804578319428,53.32479780514285,High,52
22171,2011-11,39.0,80.46909395956419,41.46909395956419,106.3310101527287,High,89
22173,2011-07,308.0,198.85872184446592,109.14127815553408,35.43547992062795,Moderate,219
22173,2011-08,169.0,305.70953791930543,136.70953791930543,80.89321770373103,High,337
22173,2011-09,176.0,251.6671896790756,75.66718967907556,42.99272140856566,Moderate,277
22173,2011-10,319.0,250.880726811228,68.11927318877198,21.35400413441128,Moderate,276
22173,2011-11,69.0,196.65589375312376,127.65589375312376,185.00854167119385,High,217
22174,2011-07,55.0,157.1860316260483,102.1860316260483,185.79278477463328,High,173
22174,2011-08,219.0,102.31072263513748,116.68927736486252,53.28277505244864,High,113
22174,2011-09,190.0,215.50458261155876,25.50458261155873,13.423464532399333,Low,238
22174,2011-10,417.0,203.57896541972613,213.42103458027387,51.18010421589302,High,224
22174,2011-11,86.0,201.37986022064675,115.37986022064676,134.16262816354273,High,222
22175,2011-07,38.0,37.38999788360179,0.6100021163982134,1.6052687273637196,Low,42
22175,2011-08,39.0,48.638749750414746,9.638749750414746,24.714742949781403,Moderate,54
22175,2011-09,154.0,75.2683081786465,78.7316918213535,51.12447520867109,High,83
22175,2011-10,292.0,159.52603553541925,132.47396446458075,45.367796049513956,Moderate,176
22175,2011-11,64.0,137.43276281696768,73.43276281696768,114.738691901512,High,152
22176,2011-07,40.0,32.13254651080181,7.867453489198191,19.668633722995477,Low,36
22176,2011-08,50.0,67.76177606752802,17.761776067528018,35.523552135056036,Moderate,75
22176,2011-09,142.0,81.28038704404783,60.71961295595217,42.760290814050826,Moderate,90
22178,2011-07,2136.0,2022.278705684904,113.72129431509644,5.324030632729234,Low,2225
22178,2011-08,1250.0,2162.078161395324,912.0781613953236,72.96625291162589,High,2379
22178,2011-09,3320.0,1683.5125164940382,1636.4874835059618,49.29179167186632,Moderate,1852
22178,2011-10,1806.0,2576.2695820674426,770.2695820674426,42.65058593950402,Moderate,2834
22178,2011-11,990.0,1342.9319288670804,352.9319288670804,35.64968978455357,Moderate,1478
22179,2011-07,23.0,72.44150470149673,49.441504701496726,214.963063919551,High,80
22179,2011-08,103.0,73.29956737872443,29.700432621275567,28.83537147696657,Moderate,81
22179,2011-09,73.0,121.46487539361108,48.46487539361108,66.39024026522065,High,134
22179,2011-10,138.0,107.24395970679636,30.75604029320364,22.28698571971278,Moderate,118
22179,2011-11,64.0,95.58689780101928,31.58689780101928,49.35452781409263,Moderate,106
22180,2011-07,16.0,44.28153635124661,28.281536351246608,176.7596021952913,High,49
22180,2011-08,24.0,33.44660007278864,9.44660007278864,39.36083363661933,Moderate,37
22180,2011-09,53.0,63.4202094214896,10.420209421489602,19.66077249337661,Low,70
22180,2011-10,1.0,70.85837113169114,69.85837113169114,6985.837113169115,High,78
22181,2011-07,1.0,71.06987772525238,70.06987772525238,7006.987772525238,High,79
22181,2011-08,59.0,51.054561807296494,7.945438192703506,13.466844394412721,Low,57
22181,2011-09,32.0,54.462463840031305,22.462463840031305,70.19519950009783,High,60
22181,2011-10,137.0,68.98579554895622,68.01420445104378,49.64540470879108,Moderate,76
22182,2011-07,3.0,110.4274134839644,107.4274134839644,3580.913782798813,High,122
22182,2011-08,22.0,47.23437491446998,25.23437491446998,114.70170415668173,High,52
22182,2011-09,29.0,50.538164715838455,21.53816471583845,74.26953350289122,High,56
22182,2011-10,18.0,44.29718310437633,26.29718310437633,146.09546169097962,High,49
22182,2011-11,80.0,30.68267521206754,49.31732478793246,61.646655984915576,High,34
22185,2011-07,114.0,84.15111727151944,29.84888272848056,26.183230463579438,Moderate,93
22185,2011-08,87.0,130.69129552761555,43.69129552761555,50.219879916799485,High,144
22185,2011-09,118.0,110.25680086263252,7.743199137367483,6.562033167260579,Low,122
22185,2011-10,197.0,128.7925379542264,68.20746204577361,34.62307718059574,Moderate,142
22185,2011-11,299.0,107.67999866269022,191.32000133730975,63.986622520839376,High,119
22186,2011-08,224.0,23.662915311205,200.337084688795,89.43619852178347,High,27
22186,2011-09,245.0,179.53546045010083,65.46453954989917,26.720220224448642,Moderate,198
22186,2011-10,288.0,256.9917729350078,31.008227064992184,10.766745508677841,Low,283
22186,2011-11,42.0,151.03264774303327,109.03264774303328,259.6015422453173,High,167
22187,2011-08,140.0,21.66677713203657,118.33322286796344,84.52373061997389,High,24
22187,2011-09,441.0,141.64514810540695,299.354851894593,67.88091879695986,High,156
22187,2011-10,565.0,346.6395654986608,218.36043450133923,38.647864513511365,Moderate,382
22187,2011-11,36.0,242.6011199833792,206.6011199833792,573.8919999538311,High,267
22188,2011-07,79.0,185.0173085901964,106.0173085901964,134.19912479771696,High,204
22188,2011-08,367.0,211.52316346734003,155.47683653265997,42.36426063560217,Moderate,233
22188,2011-09,154.0,270.4175688736904,116.41756887369036,75.59582394395477,High,298
22188,2011-10,232.0,213.7538768983653,18.24612310163471,7.864708233463237,Low,236
22188,2011-11,352.0,128.60648664719332,223.39351335280668,63.464066293410994,High,142
22189,2011-07,220.0,476.6597783653585,256.65977836535853,116.66353562061751,High,525
22189,2011-08,525.0,370.91141871427567,154.08858128572433,29.350205959185587,Moderate,409
22189,2011-09,588.0,532.9116988313652,55.08830116863476,9.368758702148767,Low,587
22189,2011-10,458.0,601.1653848713994,143.1653848713994,31.258817657510786,Moderate,662
22189,2011-11,405.0,266.1642414515355,138.83575854846453,34.280434209497415,Moderate,293
22190,2011-07,8.0,54.73214420807472,46.73214420807472,584.151802600934,High,61
22190,2011-08,55.0,47.23437491446998,7.765625085530019,14.119318337327307,Low,52
22190,2011-09,11.0,52.39367783379313,41.39367783379313,376.30616212539206,High,58
22190,2011-10,55.0,47.23437491446998,7.765625085530019,14.119318337327307,Low,52
22190,2011-11,141.0,39.14450750906207,101.85549249093792,72.23793793683541,High,44
22191,2011-07,485.0,113.89496045148616,371.1050395485138,76.51650299969357,High,126
22191,2011-08,123.0,326.29656554282644,203.29656554282644,165.28176060392394,High,359
22191,2011-09,121.0,205.5097646877199,84.50976468771987,69.84278073365277,High,227
22191,2011-10,98.0,241.1986627074774,143.1986627074774,146.1210843953851,High,266
22191,2011-11,28.0,88.73231379249081,60.732313792490814,216.9011206874672,High,98
22192,2011-07,88.0,135.9177716351328,47.9177716351328,54.45201322174182,High,150
22192,2011-08,121.0,117.46406130272597,3.535938697274034,2.922263386176888,Low,130
22192,2011-09,85.0,146.8227408292706,61.8227408292706,72.73263626973012,High,162
22192,2011-10,71.0,119.37969422600784,48.37969422600783,68.14041440282793,High,132
22192,2011-11,33.0,73.68367455620208,40.68367455620208,123.28386229152144,High,82
22193,2011-07,83.0,116.5089091638756,33.508909163875614,40.37217971551279,Moderate,129
22193,2011-08,319.0,126.29101495568844,192.7089850443116,60.410340139282624,High,139
22193,2011-09,170.0,351.9358307293822,181.9358307293822,107.02107689963658,High,388
22193,2011-10,116.0,230.24937605005317,114.24937605005314,98.49084142245961,High,254
22193,2011-11,60.0,93.56080916213054,33.56080916213054,55.93468193688423,High,103
22194,2011-07,2.0,18.880484830624948,16.880484830624948,844.0242415312474,High,21
22195,2011-07,81.0,63.67514214412966,17.32485785587034,21.388713402309065,Moderate,71
22195,2011-08,78.0,106.25363760501392,28.25363760501392,36.22261231412041,Moderate,117
22195,2011-09,276.0,104.2899912481073,171.7100087518927,62.21377128691764,High,115
22195,2011-10,294.0,240.4320247358956,53.56797526410443,18.220399749695385,Low,265
22195,2011-11,92.0,153.22013321924285,61.22013321924285,66.5436230643944,High,169
22196,2011-07,127.0,134.51445447795857,7.514454477958566,5.916893289731155,Low,148
22196,2011-08,183.0,157.7425930611517,25.257406938848305,13.801861715217653,Low,174
22196,2011-09,407.0,199.42413965576384,207.57586034423616,51.001439888018716,High,220
22196,2011-10,423.0,301.52246882736523,121.47753117263476,28.718092475800177,Moderate,332
22196,2011-11,182.0,187.9535213462057,5.953521346205719,3.271165574838307,Low,207
22197,2011-07,5421.0,2241.116024171422,3179.883975828578,58.65862342424973,High,2466
22197,2011-08,4196.0,4791.777238081464,595.777238081464,14.19869490184614,Low,5271
22197,2011-09,5903.0,4894.52769809167,1008.4723019083305,17.084064067564466,Low,5384
22197,2011-10,12452.0,6782.600911595697,5669.399088404303,45.5300280148113,Moderate,7461
22197,2011-11,6217.0,4121.538434381057,2095.4615656189426,33.70534929417634,Moderate,4534
22199,2011-07,18.0,50.09115469673376,32.09115469673376,178.28419275963202,High,56
22199,2011-08,43.0,40.091130389263085,2.9088696107369145,6.764813048225382,Low,45
22199,2011-09,21.0,51.16666493220864,30.16666493220864,143.65078539146973,High,57
22199,2011-10,35.0,51.37034440362425,16.37034440362425,46.77241258178357,Moderate,57
22199,2011-11,93.0,34.649425171235954,58.350574828764046,62.74255357931617,High,39
22200,2011-07,18.0,25.976077852394727,7.976077852394727,44.31154362441515,Moderate,29
22200,2011-08,53.0,33.25108654469409,19.74891345530591,37.26210085906775,Moderate,37
22200,2011-09,25.0,69.4322882868909,44.432288286890895,177.72915314756358,High,77
22200,2011-10,34.0,54.43699525829974,20.43699525829974,60.108809583234525,High,60
22200,2011-11,44.0,34.230962394301024,9.769037605698976,22.2023581947704,Moderate,38
22201,2011-07,14.0,23.7644531721215,9.7644531721215,69.74609408658215,High,27
22201,2011-08,28.0,29.025393128673706,1.0253931286737057,3.6621183166918057,Low,32
22201,2011-09,2.0,43.89901426915106,41.89901426915106,2094.950713457553,High,49
22201,2011-10,9.0,29.089267065251835,20.089267065251835,223.21407850279815,High,32
22201,2011-11,28.0,17.23003042900965,10.769969570990352,38.464177039251254,Moderate,19
22203,2011-07,8.0,52.4123054612483,44.4123054612483,555.1538182656037,High,58
22203,2011-08,19.0,33.87169754583188,14.87169754583188,78.27209234648357,High,38
22203,2011-09,20.0,50.31247560787898,30.31247560787898,151.5623780393949,High,56
22203,2011-10,33.0,63.70126514222268,30.70126514222268,93.03413679461418,High,71
22203,2011-11,76.0,32.80487954950077,43.19512045049923,56.835684803288466,High,37
22204,2011-07,12.0,54.88554049283217,42.88554049283217,357.37950410693475,High,61
22204,2011-08,1.0,33.82315582281749,32.82315582281749,3282.315582281749,High,38
22204,2011-09,14.0,26.344054625161487,12.344054625161489,88.17181875115348,High,29
22204,2011-10,4.0,22.50888137446523,18.50888137446523,462.72203436163073,High,25
22204,2011-11,23.0,21.228912983380845,1.7710870166191557,7.700378333126764,Low,24
22207,2011-07,64.0,64.8319937467156,0.8319937467155967,1.2999902292431198,Low,72
22207,2011-08,93.0,86.89365765479128,6.106342345208716,6.565959510977113,Low,96
22207,2011-09,195.0,100.3930254790412,94.6069745209588,48.51639719023528,Moderate,111
22207,2011-10,188.0,165.0906687114327,22.9093312885673,12.185814515195373,Low,182
22207,2011-11,95.0,125.9694417474504,30.96944174745039,32.59941236573725,Moderate,139
22208,2011-07,91.0,204.86407121111145,113.86407121111142,125.12535297924332,High,226
22208,2011-08,150.0,140.62838871811516,9.37161128188484,6.247740854589893,Low,155
22208,2011-09,111.0,183.4367992861429,72.4367992861429,65.25837773526388,High,202
22208,2011-10,367.0,143.5497650437988,223.4502349562012,60.885622603869535,High,158
22208,2011-11,56.0,174.88559378578867,118.88559378578869,212.2957031889084,High,193
22209,2011-07,128.0,129.199692194525,1.1996921945249994,0.9372595269726558,Low,143
22209,2011-08,106.0,160.6417276549559,54.6417276549559,51.5487996744867,High,177
22209,2011-09,58.0,131.37985410413222,73.37985410413222,126.51698983471074,High,145
22209,2011-10,88.0,105.78280509496678,17.782805094966776,20.207733062462243,Moderate,117
22209,2011-11,93.0,77.06883829567388,15.931161704326115,17.1302814025012,Low,85
22210,2011-07,44.0,145.10182262380957,101.10182262380955,229.7768695995672,High,160
22210,2011-08,327.0,76.11449311387801,250.885506886122,76.72339660126055,High,84
22210,2011-09,69.0,291.76074804736686,222.7607480473669,322.84166383676364,High,321
22210,2011-10,155.0,121.6235847725148,33.37641522748521,21.533171114506587,Moderate,134
22210,2011-11,101.0,92.50889755876878,8.49110244123122,8.40703212003091,Low,102
22211,2011-07,41.0,183.9667973309627,142.9667973309627,348.69950568527486,High,203
22211,2011-08,88.0,101.65086580300904,13.650865803009054,15.51234750341938,Low,112
22211,2011-09,104.0,124.64427542457608,20.64427542457608,19.850264831323152,Low,138
22211,2011-10,202.0,126.225741546425,75.774258453575,37.51200913543317,Moderate,139
22211,2011-11,16.0,106.93484263928691,90.93484263928691,568.3427664955432,High,118
22212,2011-07,147.0,97.78908789789534,49.21091210210466,33.47681095381269,Moderate,108
22212,2011-08,80.0,162.801149018043,82.80114901804299,103.50143627255375,High,180
22212,2011-09,117.0,123.7224425271868,6.7224425271868,5.7456773736639315,Low,137
22212,2011-10,130.0,147.77806031291863,17.778060312918655,13.675431009937428,Low,163
22212,2011-11,82.0,95.3428635204654,13.342863520465414,16.271784781055384,Low,105
22214,2011-07,14.0,28.614382768611637,14.614382768611634,104.38844834722596,High,32
22214,2011-08,2.0,25.67534341280964,23.67534341280964,1183.767170640482,High,29
22214,2011-09,4.0,30.07356861521602,26.07356861521602,651.8392153804004,High,34
22214,2011-10,2.0,22.77980270700908,20.77980270700908,1038.990135350454,High,26
22214,2011-11,26.0,15.215893151548745,10.784106848451255,41.47733403250483,Moderate,17
22215,2011-07,8.0,25.7320019691776,17.7320019691776,221.65002461472,High,29
22215,2011-08,46.0,26.78491845970312,19.21508154029688,41.77191639194974,Moderate,30
22215,2011-09,15.0,48.90951415018572,33.90951415018572,226.06342766790482,High,54
22215,2011-10,11.0,41.1261612382453,30.126161238245302,273.8741930749573,High,46
22215,2011-11,91.0,21.673949994116978,69.32605000588302,76.18247253393739,High,24
22216,2011-07,7.0,83.30642601191683,76.30642601191683,1090.0918001702405,High,92
22216,2011-08,3.0,59.74960276909117,56.74960276909117,1891.6534256363723,High,66
22216,2011-09,29.0,39.41136252869292,10.41136252869292,35.9012500989411,Moderate,44
22216,2011-10,16.0,53.317056386681,37.317056386681,233.23160241675626,High,59
22216,2011-11,190.0,37.67683188914391,152.3231681108561,80.17008847939795,High,42
22217,2011-07,10.0,76.51093595478548,66.51093595478548,665.1093595478548,High,85
22217,2011-08,13.0,48.891085910108025,35.891085910108025,276.0852762316002,High,54
22217,2011-09,30.0,43.76144274178481,13.761442741784812,45.87147580594937,Moderate,49
22217,2011-10,93.0,49.20977038628297,43.79022961371703,47.08626840184627,Moderate,55
22217,2011-11,365.0,64.02985139084034,300.97014860915965,82.4575749614136,High,71
22219,2011-07,329.0,304.8764447787073,24.12355522129269,7.3323876052561365,Low,336
22219,2011-08,317.0,322.7905767890715,5.790576789071508,1.826680375101422,Low,356
22219,2011-09,185.0,407.0753624000553,222.07536240005533,120.04073643246234,High,448
22219,2011-10,683.0,285.28118573572885,397.7188142642712,58.231158750259326,High,314
22219,2011-11,60.0,277.2148893593824,217.2148893593824,362.0248155989707,High,305
22220,2011-07,11.0,20.33141669273354,9.33141669273354,84.83106084303219,High,23
22220,2011-08,12.0,22.468808062542927,10.468808062542928,87.24006718785773,High,25
22220,2011-09,9.0,26.736376736688747,17.736376736688747,197.07085262987496,High,30
22220,2011-10,27.0,26.130170804402876,0.8698291955971271,3.221589613322693,Low,29
22220,2011-11,85.0,31.90981162978648,53.090188370213525,62.45904514142767,High,36
22221,2011-07,8.0,25.29113813463597,17.29113813463597,216.1392266829496,High,28
22221,2011-08,3.0,19.32134866516658,16.32134866516658,544.0449555055526,High,22
22221,2011-09,10.0,21.294764818028927,11.294764818028929,112.94764818028928,High,24
22221,2011-10,6.0,20.894622108085866,14.894622108085862,248.24370180143106,High,23
22221,2011-11,37.0,20.222864668366185,16.777135331633815,45.34360900441571,Moderate,23
22222,2011-07,38.0,72.28852596142137,34.28852596142137,90.23296305637203,High,80
22222,2011-08,33.0,65.73550939847908,32.73550939847908,99.19851332872449,High,73
22222,2011-09,41.0,71.93510031866747,30.935100318667462,75.45146419187186,High,80
22222,2011-10,41.0,68.59323330115446,27.593233301154456,67.300569027206,High,76
22222,2011-11,6.0,51.85365157614139,45.85365157614139,764.2275262690231,High,58
22223,2011-07,6.0,28.477214409267923,22.477214409267923,374.62024015446536,High,32
22223,2011-08,4.0,19.32134866516658,15.321348665166578,383.0337166291645,High,22
22223,2011-09,10.0,18.880484830624948,8.880484830624948,88.80484830624947,High,21
22223,2011-10,9.0,19.32134866516658,10.321348665166578,114.6816518351842,High,22
22223,2011-11,4.0,20.222864668366185,16.222864668366185,405.5716167091546,High,23
22224,2011-07,26.0,75.31059008661444,49.31059008661444,189.65611571774787,High,83
22224,2011-08,48.0,67.51342116342344,19.513421163423445,40.65296075713218,Moderate,75
22224,2011-09,39.0,76.12215606813227,37.12215606813227,95.18501555931351,High,84
22224,2011-10,77.0,59.99207314076672,17.00792685923328,22.088216700302958,Moderate,66
22224,2011-11,31.0,57.45500850377272,26.455008503772724,85.33873710894427,High,64
22227,2011-07,109.0,205.13850200168352,96.13850200168352,88.20046055200324,High,226
22227,2011-08,169.0,153.61269776482249,15.387302235177517,9.104912565193796,Low,169
22227,2011-09,134.0,196.23977150937293,62.23977150937293,46.447590678636516,Moderate,216
22227,2011-10,233.0,174.35854331527645,58.64145668472355,25.168007160825557,Moderate,192
22227,2011-11,69.0,107.91080711091097,38.910807110910966,56.392474073784,High,119
22228,2011-07,3.0,133.3802768163086,130.3802768163086,4346.009227210287,High,147
22228,2011-08,20.0,71.60284437743138,51.60284437743138,258.0142218871569,High,79
22228,2011-09,111.0,59.959151294181694,51.04084870581831,45.982746581818304,Moderate,66
22228,2011-10,33.0,110.74569185613464,77.74569185613463,235.59300562465037,High,122
22228,2011-11,29.0,67.18421465586087,38.18421465586087,131.66970570986507,High,74
22229,2011-07,13.0,91.8732752567818,78.87327525678181,606.7175019752447,High,102
22229,2011-08,12.0,73.4374530011231,61.4374530011231,511.9787750093592,High,81
22229,2011-09,86.0,52.05811853597356,33.941881464026444,39.46730402793773,Moderate,58
22229,2011-10,8.0,94.66627328766856,86.66627328766855,1083.3284160958567,High,105
22229,2011-11,3.0,58.24060345806085,55.24060345806085,1841.3534486020285,High,65
22230,2011-07,5.0,205.94527444850175,200.94527444850175,4018.905488970035,High,227
22230,2011-08,7.0,107.77000190301597,100.77000190301597,1439.571455757371,High,119
22230,2011-09,361.0,63.187471239535576,297.81252876046443,82.49654536300953,High,70
22230,2011-10,71.0,204.78720753081697,133.78720753081697,188.4326866631225,High,226
22230,2011-11,6.0,73.14577700807762,67.14577700807762,1119.0962834679603,High,81
22231,2011-07,126.0,151.0176582237491,25.01765822374909,19.85528430456277,Low,167
22231,2011-08,31.0,136.90516014739126,105.90516014739126,341.62954886255244,High,151
22231,2011-09,82.0,93.98612550104306,11.986125501043064,14.617226220784223,Low,104
22231,2011-10,59.0,112.39328432028866,53.39328432028866,90.49709206828585,High,124
22231,2011-11,29.0,59.730872185847325,30.730872185847325,105.96852477878387,High,66
22232,2011-07,52.0,145.10182262380957,93.10182262380955,179.04196658424914,High,160
22232,2011-08,40.0,80.15198697206478,40.151986972064776,100.37996743016193,High,89
22232,2011-09,106.0,85.08179044405783,20.91820955594217,19.73415995843601,Low,94
22232,2011-10,58.0,116.49516973195742,58.49516973195742,100.85374091716797,High,129
22232,2011-11,49.0,74.50353361476698,25.50353361476698,52.04802778523874,High,82
22233,2011-07,24.0,111.54978951981036,87.54978951981037,364.79078966587656,High,123
22233,2011-08,43.0,82.4623797911818,39.4623797911818,91.77297625856234,High,91
22233,2011-09,94.0,67.77198831877773,26.22801168122227,27.902140086406668,Moderate,75
22233,2011-10,19.0,110.1258109151524,91.1258109151524,479.60953113238105,High,122
22233,2011-11,43.0,57.36919182269823,14.369191822698228,33.41672516906565,Moderate,64
22236,2011-07,45.0,28.03635057472629,16.963649425273708,37.69699872283046,Moderate,31
22236,2011-08,9.0,46.64789922791771,37.64789922791771,418.30999142130787,High,52
22236,2011-09,10.0,40.12178647073416,30.12178647073416,301.2178647073416,High,45
22236,2011-10,46.0,25.723901448324007,20.276098551675997,44.07847511233912,Moderate,29
22241,2011-07,1.0,39.167301711175895,38.167301711175895,3816.7301711175896,High,44
22241,2011-08,6.0,47.18061985261558,41.18061985261558,686.3436642102596,High,52
22241,2011-09,5.0,47.18061985261558,42.18061985261558,843.6123970523116,High,52
22241,2011-10,15.0,37.05613407501937,22.05613407501937,147.04089383346246,High,41
22243,2011-07,6.0,170.22401116254196,164.22401116254196,2737.066852709033,High,188
22243,2011-08,20.0,57.20788538881365,37.20788538881365,186.03942694406825,High,63
22243,2011-09,2.0,48.74344147339597,46.74344147339597,2337.1720736697985,High,54
22243,2011-10,27.0,41.37130595843799,14.371305958437992,53.22705910532589,High,46
22244,2011-07,343.0,96.34322277307882,246.6567772269212,71.9115968591607,High,106
22244,2011-08,139.0,236.5783113991557,97.5783113991557,70.20022402816957,High,261
22246,2011-07,29.0,68.72304112660804,39.72304112660804,136.97600388485532,High,76
22246,2011-08,2.0,57.37203428305349,55.37203428305349,2768.6017141526745,High,64
22246,2011-09,32.0,33.87169754583188,1.8716975458318783,5.8490548307246195,Low,38
22246,2011-10,53.0,44.38247317376454,8.617526826235462,16.25948457780276,Low,49
22247,2011-07,0.0,52.83912100470452,52.83912100470452,,Zero Demand,59
22248,2011-07,0.0,75.16693422210565,75.16693422210565,,Zero Demand,83
22248,2011-10,17.0,31.06156665182354,14.06156665182354,82.71509795190318,High,35
22248,2011-11,1.0,35.10447124969654,34.10447124969654,3410.447124969654,High,39
22249,2011-07,0.0,73.7408513773054,73.7408513773054,,Zero Demand,82
22250,2011-07,1.0,107.87367086307862,106.87367086307862,10687.367086307862,High,119
22250,2011-08,3.0,68.52686023588814,65.52686023588814,2184.2286745296046,High,76
22250,2011-09,2.0,35.23078473610179,33.23078473610179,1661.5392368050896,High,39
22250,2011-10,7.0,24.715831801730516,17.715831801730513,253.08331145329305,High,28
22250,2011-11,2.0,16.09900575574465,14.099005755744647,704.9502877872324,High,18
22251,2011-07,2.0,129.83706032056375,127.83706032056377,6391.853016028188,High,143
22251,2011-08,2.0,70.42561780927728,68.42561780927728,3421.280890463864,High,78
22251,2011-09,4.0,35.23078473610179,31.23078473610179,780.7696184025448,High,39
22251,2011-10,23.0,24.715831801730516,1.7158318017305128,7.460138268393533,Low,28
22251,2011-11,3.0,36.40340942552747,33.40340942552747,1113.4469808509157,High,41
22252,2011-07,68.0,106.89747854251182,38.89747854251182,57.20217432722327,High,118
22252,2011-08,34.0,86.42629516488304,52.42629516488304,154.19498577906776,High,96
22252,2011-09,63.0,74.13990810666346,11.139908106663457,17.682393820100724,Low,82
22252,2011-10,82.0,79.20773757471156,2.792262425288442,3.405198079620051,Low,88
22252,2011-11,12.0,71.15639186060653,59.15639186060653,492.96993217172115,High,79
22254,2011-07,17.0,33.44977906109711,16.44977906109711,96.7634062417477,High,37
22254,2011-08,8.0,30.490546015955317,22.490546015955317,281.13182519944144,High,34
22254,2011-09,11.0,31.250795183370133,20.250795183370133,184.09813803063756,High,35
22254,2011-10,30.0,38.67006492925648,8.670064929256483,28.900216430854947,Moderate,43
22254,2011-11,24.0,40.67667135972912,16.67667135972912,69.486130665538,High,45
22255,2011-07,26.0,40.005892249938185,14.005892249938183,53.868816345916095,High,45
22255,2011-08,32.0,54.89032982960028,22.89032982960028,71.53228071750087,High,61
22255,2011-09,26.0,60.58967460860216,34.58967460860216,133.03721003308522,High,67
22255,2011-10,100.0,61.28042502589245,38.71957497410755,38.71957497410755,Moderate,68
22255,2011-11,24.0,63.75097083953081,39.75097083953081,165.6290451647117,High,71
22260,2011-07,13.0,27.2575254299416,14.257525429941602,109.67327253801231,High,30
22260,2011-08,7.0,38.79747857006359,31.79747857006359,454.2496938580513,High,43
22260,2011-09,10.0,43.27954688712752,33.27954688712752,332.7954688712752,High,48
22260,2011-10,35.0,37.18608923293307,2.186089232933071,6.245969236951632,Low,41
22260,2011-11,7.0,39.127774336338014,32.127774336338014,458.96820480482876,High,44
22261,2011-09,8.0,43.27954688712752,35.27954688712752,440.994336089094,High,48
22261,2011-10,26.0,36.1781431658262,10.1781431658262,39.14670448394692,Moderate,40
22261,2011-11,8.0,36.87062355431509,28.870623554315088,360.8827944289386,High,41
22262,2011-07,84.0,67.27208055562814,16.727919444371864,19.91418981472841,Low,74
22262,2011-08,15.0,96.77522408318022,81.77522408318022,545.1681605545348,High,107
22262,2011-09,67.0,69.70408680404223,2.704086804042234,4.0359504537943796,Low,77
22262,2011-10,45.0,75.3618872270521,30.36188722705209,67.4708605045602,High,83
22262,2011-11,8.0,52.3120612723739,44.3120612723739,553.9007659046738,High,58
22263,2011-07,24.0,23.662915311205,0.3370846887949987,1.4045195366458278,Low,27
22263,2011-08,4.0,42.96506617393677,38.96506617393677,974.1266543484193,High,48
22263,2011-09,2.0,46.02475932721784,44.02475932721784,2201.237966360892,High,51
22263,2011-10,16.0,35.69166701496239,19.69166701496239,123.07291884351494,High,40
22263,2011-11,1.0,25.07093053928246,24.07093053928246,2407.0930539282463,High,28
22265,2011-07,0.0,42.625227654175575,42.625227654175575,,Zero Demand,47
22266,2011-07,64.0,125.1879501174054,61.18795011740541,95.60617205844595,High,138
22266,2011-08,96.0,126.92480531057883,30.924805310578837,32.21333886518629,Moderate,140
22266,2011-09,785.0,129.4627600889862,655.5372399110138,83.50792865108457,High,143
22266,2011-10,137.0,445.2653345948276,308.26533459482755,225.01119313491063,High,490
22266,2011-11,76.0,98.11011941477597,22.11011941477595,29.092262387863094,Moderate,108
22267,2011-07,1.0,87.28440921519582,86.28440921519582,8628.440921519583,High,97
22267,2011-08,30.0,73.4374530011231,43.4374530011231,144.7915100037437,High,81
22267,2011-09,172.0,62.21294638977574,109.78705361022426,63.82968233152574,High,69
22267,2011-10,70.0,136.27186015243612,66.27186015243612,94.6740859320516,High,150
22267,2011-11,49.0,79.48393431644377,30.483934316443765,62.212110849885235,High,88
22268,2011-07,310.0,281.90901013717286,28.090989862827143,9.061609633170047,Low,311
22268,2011-08,56.0,358.1567718607722,302.1567718607722,539.5656640370933,High,394
22268,2011-09,227.0,145.8748625631755,81.1251374368245,35.73794600741167,Moderate,161
22268,2011-10,98.0,238.6352352511367,140.6352352511367,143.50534209299664,High,263
22269,2011-07,44.0,107.29418165111112,63.29418165111112,143.85041284343436,High,119
22269,2011-08,102.0,102.6922112460747,0.6922112460747059,0.6786384765438292,Low,113
22269,2011-09,268.0,109.4801095672945,158.5198904327055,59.14921284802443,High,121
22269,2011-10,94.0,201.4301053868325,107.43010538683252,114.28734615620482,High,222
22269,2011-11,34.0,89.6210433360117,55.621043336011695,163.59130392944616,High,99
22270,2011-10,6.0,29.190456011020103,23.190456011020103,386.5076001836684,High,33
22271,2011-07,94.0,88.99807436356436,5.001925636435644,5.321197485569833,Low,98
22271,2011-08,180.0,121.70798799842106,58.29201200157894,32.3844511119883,Moderate,134
22271,2011-09,218.0,194.97942756097936,23.02057243902064,10.559895614229651,Low,215
22271,2011-10,269.0,243.88710933795787,25.112890662042133,9.335647086261016,Low,269
22273,2011-07,612.0,92.73891435698036,519.2610856430197,84.84658262140844,High,103
22273,2011-08,186.0,374.2570476065208,188.2570476065208,101.21346645511873,High,412
22273,2011-09,2451.0,227.3230207050724,2223.676979294928,90.72529495287344,High,251
22273,2011-10,302.0,1441.5126247578485,1139.5126247578485,377.3220611780955,High,1586
22273,2011-11,66.0,270.5873015985899,204.58730159858987,309.98075999786346,High,298
22274,2011-07,78.0,73.72297624801126,4.277023751988736,5.483363784600943,Low,82
22274,2011-08,142.0,103.66685702632982,38.33314297367018,26.995171108218436,Moderate,115
22274,2011-09,170.0,155.74827888694657,14.251721113053437,8.383365360619669,Low,172
22274,2011-10,252.0,171.89229527218882,80.10770472781118,31.788771717385387,Moderate,190
22274,2011-11,57.0,117.07995221659088,60.07995221659087,105.40342494138748,High,129
22276,2011-07,11.0,33.87169754583188,22.87169754583188,207.92452314392617,High,38
22276,2011-08,20.0,26.41220587335608,6.412205873356076,32.06102936678038,Moderate,30
22276,2011-09,12.0,43.96757110423819,31.96757110423819,266.3964258686516,High,49
22276,2011-10,3.0,31.07794338272717,28.07794338272717,935.9314460909056,High,35
22276,2011-11,6.0,22.509659059755663,16.509659059755666,275.1609843292611,High,25
22277,2011-07,33.0,61.33986812788779,28.33986812788779,85.87838826632664,High,68
22277,2011-08,26.0,75.2683081786465,49.26830817864651,189.49349299479425,High,83
22277,2011-09,127.0,69.18785891232828,57.81214108767172,45.52137093517458,Moderate,77
22277,2011-10,25.0,131.85651581016756,106.85651581016756,427.4260632406703,High,146
22277,2011-11,13.0,44.22312730875428,31.22312730875428,240.17790237503291,High,49
22278,2011-07,31.0,70.94342757388758,39.943427573887575,128.8497663673793,High,79
22278,2011-08,39.0,74.44082370856417,35.44082370856417,90.87390694503632,High,82
22278,2011-09,39.0,64.84629226628985,25.84629226628985,66.27254427253808,High,72
22278,2011-10,71.0,71.93510031866747,0.935100318667466,1.3170427023485436,Low,80
22278,2011-11,25.0,58.093421682352805,33.093421682352805,132.37368672941122,High,64
22279,2011-07,50.0,129.1532117368697,79.15321173686971,158.30642347373941,High,143
22279,2011-08,7.0,91.72695248959305,84.72695248959305,1210.385035565615,High,101
22279,2011-09,20.0,50.255552970165006,30.25555297016501,151.27776485082504,High,56
22279,2011-10,146.0,52.19305910007598,93.80694089992404,64.25132938350961,High,58
22279,2011-11,27.0,83.12547847476569,56.125478474765686,207.87214249913214,High,92
22280,2011-07,2.0,107.96122190615824,105.96122190615824,5298.061095307912,High,119
22280,2011-08,9.0,59.74261104571129,50.74261104571129,563.8067893967922,High,66
22280,2011-09,11.0,26.37254279736855,15.37254279736855,139.7503890669868,High,30
22280,2011-10,47.0,42.260168889784666,4.739831110215334,10.08474704301135,Low,47
22280,2011-11,7.0,39.14450750906207,32.14450750906207,459.2072501294582,High,44
22282,2011-07,5.0,20.496453272860588,15.496453272860588,309.9290654572118,High,23
22282,2011-08,11.0,20.05558943831896,9.05558943831896,82.32354034835417,High,23
22282,2011-09,18.0,22.316142997406967,4.316142997406967,23.978572207816484,Moderate,25
22282,2011-10,22.0,51.516709899376366,29.51670989937637,134.1668631789835,High,57
22282,2011-11,3.0,32.80487954950077,29.804879549500768,993.495984983359,High,37
22283,2011-07,14.0,33.44660007278864,19.44660007278864,138.9042862342046,High,37
22283,2011-08,13.0,27.57848097911741,14.578480979117412,112.14216137782624,High,31
22283,2011-09,27.0,26.736376736688747,0.2636232633112527,0.9763824567083433,Low,30
22283,2011-10,22.0,63.4202094214896,41.4202094214896,188.2736791885891,High,70
22283,2011-11,7.0,34.230962394301024,27.230962394301024,389.0137484900146,High,38
22284,2011-07,7.0,55.47939320767112,48.47939320767112,692.5627601095874,High,62
22284,2011-08,42.0,36.46014130398131,5.53985869601869,13.190139752425454,Low,41
22284,2011-09,76.0,50.78065949109382,25.21934050890618,33.18334277487655,Moderate,56
22284,2011-10,43.0,79.38971815150929,36.389718151509285,84.62725151513787,High,88
22284,2011-11,13.0,53.860958295765,40.860958295765,314.31506381357696,High,60
22285,2011-07,25.0,53.57423711342922,28.57423711342922,114.29694845371688,High,59
22285,2011-08,73.0,55.00031995822946,17.99968004177054,24.657095947630875,Moderate,61
22285,2011-09,13.0,69.40547579933485,56.40547579933485,433.8882753794989,High,77
22285,2011-10,21.0,47.84058084675586,26.840580846755863,127.81228974645649,High,53
22285,2011-11,13.0,37.53789363156202,24.53789363156202,188.7530279350925,High,42
22286,2011-07,184.0,148.98672794348693,35.013272056513074,19.02895220462667,Low,164
22286,2011-08,17.0,159.76361792925644,142.76361792925644,839.7859878191556,High,176
22286,2011-09,204.0,112.24004522259348,91.75995477740652,44.980369988924764,Moderate,124
22286,2011-10,61.0,162.97528020248734,101.97528020248734,167.17259049588088,High,180
22286,2011-11,1.0,93.11784956081604,92.11784956081604,9211.784956081605,High,103
22287,2011-07,10.0,120.87038429977706,110.87038429977706,1108.7038429977706,High,133
22287,2011-08,13.0,109.74677277239844,96.74677277239844,744.2059444030649,High,121
22287,2011-09,147.0,50.28002235954902,96.71997764045098,65.79590315676937,High,56
22287,2011-10,66.0,112.52869793553572,46.52869793553573,70.49802717505413,High,124
22287,2011-11,1.0,74.79093966095643,73.79093966095643,7379.093966095643,High,83
22288,2011-08,1.0,46.86906540304188,45.86906540304188,4586.906540304188,High,52
22288,2011-09,0.0,42.10232031897342,42.10232031897342,,Zero Demand,47
22289,2011-07,6.0,47.43842439208668,41.43842439208668,690.640406534778,High,53
22289,2011-08,0.0,43.27954688712752,43.27954688712752,,Zero Demand,48
22291,2011-07,38.0,111.42714641739626,73.42714641739626,193.22933267735857,High,123
22291,2011-08,54.0,79.45753632271584,25.45753632271584,47.14358578280711,Moderate,88
22291,2011-09,0.0,78.67847975060181,78.67847975060181,,Zero Demand,87
22292,2011-07,24.0,72.66907562713396,48.66907562713397,202.7878151130582,High,80
22292,2011-08,28.0,65.92333080684193,37.92333080684193,135.4404671672926,High,73
22292,2011-09,3.0,65.92333080684193,62.92333080684193,2097.4443602280644,High,73
22292,2011-10,9.0,46.38692540045308,37.38692540045308,415.41028222725646,High,52
22293,2011-07,76.0,95.15847809104012,19.15847809104011,25.208523804000144,Moderate,105
22293,2011-08,35.0,96.49906930985638,61.49906930985638,175.71162659958966,High,107
22293,2011-09,7.0,79.93702075019978,72.93702075019978,1041.9574392885681,High,88
22293,2011-10,8.0,57.814173672875285,49.814173672875285,622.6771709109411,High,64
22294,2011-07,324.0,296.0695686594784,27.93043134052158,8.62050350016098,Low,326
22294,2011-08,874.0,337.240745544169,536.7592544558311,61.4141023404841,High,371
22294,2011-09,430.0,571.5308271729032,141.53082717290317,32.91414585416353,Moderate,629
22294,2011-10,428.0,468.10636419770873,40.10636419770873,9.370645840586151,Low,515
22294,2011-11,105.0,282.301076597965,177.301076597965,168.8581681885381,High,311
22295,2011-07,135.0,165.86834852023537,30.86834852023537,22.865443348322493,Moderate,183
22295,2011-08,275.0,162.8259316008833,112.17406839911668,40.79057032695152,Moderate,180
22295,2011-09,173.0,220.3056891193871,47.3056891193871,27.344328970743987,Moderate,243
22295,2011-10,337.0,205.442097845728,131.557902154272,39.037953161505044,Moderate,226
22295,2011-11,48.0,179.09550166770998,131.09550166770998,273.1156284743958,High,198
22296,2011-07,205.0,249.3388960803349,44.338896080334905,21.62872979528532,Moderate,275
22296,2011-08,231.0,259.1257052309377,28.125705230937683,12.175629970102893,Low,286
22296,2011-09,132.0,289.6664492727464,157.66644927274638,119.44427975208059,High,319
22296,2011-10,202.0,246.47167213518284,44.47167213518284,22.01567927484299,Moderate,272
22296,2011-11,50.0,146.6426401839681,96.6426401839681,193.2852803679362,High,162
22297,2011-07,492.0,273.5932849620502,218.40671503794985,44.391608747550784,Moderate,301
22297,2011-08,281.0,373.6362152836791,92.63621528367912,32.96662465611357,Moderate,411
22297,2011-09,304.0,336.9227589206668,32.92275892066681,10.829854908114083,Low,371
22297,2011-10,314.0,376.4997790724842,62.499779072484216,19.904388239644653,Low,415
22297,2011-11,91.0,240.51145504637967,149.51145504637972,164.29830224876895,High,265
22299,2011-07,10.0,42.39404553806855,32.394045538068546,323.9404553806855,High,47
22299,2011-08,32.0,33.87169754583188,1.8716975458318783,5.8490548307246195,Low,38
22299,2011-09,115.0,48.24058091518948,66.75941908481053,58.051668769400464,High,54
22299,2011-10,260.0,95.35223834288745,164.64776165711254,63.32606217581252,High,105
22299,2011-11,529.0,93.90174084012456,435.09825915987545,82.24919832889896,High,104
22300,2011-07,55.0,74.45318712418344,19.453187124183444,35.36943113487899,Moderate,82
22300,2011-08,66.0,84.26977536085032,18.26977536085032,27.681477819470185,Moderate,93
22300,2011-09,96.0,94.4585679140976,1.5414320859024144,1.605658422815015,Low,104
22300,2011-10,524.0,111.12278904202516,412.87721095797485,78.79336086984253,High,123
22300,2011-11,52.0,188.2340340504658,136.2340340504658,261.9885270201265,High,208
22301,2011-07,142.0,135.05548452964933,6.944515470350666,4.8905038523596245,Low,149
22301,2011-08,186.0,143.70191036829746,42.29808963170254,22.74090840414115,Moderate,159
22301,2011-09,100.0,164.84157867435223,64.84157867435223,64.84157867435223,High,182
22301,2011-10,527.0,125.59197615332576,401.4080238466742,76.16850547375222,High,139
22301,2011-11,59.0,215.640595586936,156.64059558693597,265.49253489311184,High,238
22302,2011-07,127.0,133.2380816057339,6.238081605733896,4.91187528010543,Low,147
22302,2011-08,119.0,144.33437124333355,25.33437124333355,21.28938759943996,Moderate,159
22302,2011-09,167.0,132.67814182484372,34.32185817515628,20.552010883327114,Moderate,146
22302,2011-10,588.0,163.44275910308355,424.5572408969165,72.20361239743478,High,180
22302,2011-11,64.0,194.80788764527315,130.80788764527313,204.38732444573927,High,215
22303,2011-07,112.0,181.89681790121983,69.89681790121983,62.40787312608914,High,201
22303,2011-08,106.0,152.7487873317103,46.748787331710304,44.10262955821727,Moderate,169
22303,2011-09,199.0,148.79123831869404,50.20876168130596,25.230533508193947,Moderate,164
22303,2011-10,629.0,175.56483542634717,453.43516457365286,72.08826145845038,High,194
22303,2011-11,72.0,256.56713195277047,184.56713195277047,256.3432388232923,High,283
22304,2011-07,41.0,44.62231875953844,3.622318759538437,8.834923803752286,Low,50
22304,2011-08,21.0,52.38569078527936,31.38569078527936,149.45567040609217,High,58
22304,2011-09,0.0,53.84614930117228,53.84614930117228,,Zero Demand,60
22305,2011-07,9.0,53.97240594865449,44.97240594865449,499.6933994294944,High,60
22305,2011-08,8.0,35.23616460588887,27.236164605888867,340.45205757361083,High,39
22305,2011-09,13.0,31.03176631919414,18.03176631919414,138.70589476303186,High,35
22305,2011-10,23.0,27.24751915778496,4.247519157784957,18.46747459906503,Low,30
22305,2011-11,12.0,40.67667135972912,28.67667135972912,238.972261331076,High,45
22306,2011-08,240.0,38.27511575243527,201.72488424756472,84.05203510315197,High,43
22306,2011-09,337.0,174.87870233986462,162.12129766013538,48.10720998817074,Moderate,193
22306,2011-10,406.0,301.4881301339374,104.51186986606264,25.741839868488338,Moderate,332
22306,2011-11,62.0,205.84593487127367,143.84593487127367,232.00957237302205,High,227
22307,2011-09,151.0,158.66495467915024,7.664954679150242,5.076128926589564,Low,175
22307,2011-10,302.0,155.2602339796177,146.7397660203823,48.589326496815325,Moderate,171
22307,2011-11,30.0,178.3586450499757,148.3586450499757,494.52881683325234,High,197
22308,2011-07,3.0,47.63254374969525,44.63254374969525,1487.751458323175,High,53
22308,2011-08,12.0,25.725899829297468,13.725899829297468,114.38249857747891,High,29
22308,2011-09,22.0,27.0171803341715,5.017180334171499,22.805365155324996,Moderate,30
22308,2011-10,42.0,48.196500980760455,6.196500980760455,14.75357376371537,Low,54
22308,2011-11,14.0,38.70225873940779,24.70225873940779,176.4447052814842,High,43
22309,2011-07,22.0,29.190456011020103,7.190456011020103,32.683890959182285,Moderate,33
22309,2011-08,124.0,43.52507021133354,80.47492978866646,64.89913692634391,High,48
22309,2011-09,42.0,122.84117753613684,80.84117753613684,192.47899413365914,High,136
22309,2011-10,47.0,82.90530830079335,35.90530830079335,76.39427298041139,High,92
22309,2011-11,12.0,48.2799100117448,36.2799100117448,302.3325834312067,High,54
22310,2011-07,2.0,43.96731898098783,41.96731898098783,2098.3659490493915,High,49
22310,2011-08,64.0,42.40207784018768,21.59792215981232,33.74675337470675,Moderate,47
22310,2011-09,39.0,76.06958234498939,37.069582344989385,95.05021114099841,High,84
22310,2011-10,234.0,76.89322943539203,157.10677056460798,67.13964554043076,High,85
22310,2011-11,14.0,93.90174084012456,79.90174084012456,570.7267202866041,High,104
22311,2011-07,15.0,48.23874968198113,33.23874968198113,221.59166454654087,High,54
22311,2011-08,155.0,37.72890783816332,117.27109216183668,75.65876913666882,High,42
22311,2011-09,71.0,137.61007502007473,66.61007502007473,93.8170070705278,High,152
22311,2011-10,410.0,95.2675744146802,314.7324255853198,76.7640062403219,High,105
22311,2011-11,161.0,166.4133345749072,5.413334574907196,3.3623196117436,Low,184
22312,2011-07,20.0,32.57479528045609,12.574795280456089,62.87397640228044,High,36
22312,2011-08,26.0,44.62231875953844,18.62231875953844,71.62430292130169,High,50
22312,2011-09,38.0,48.638749750414746,10.638749750414746,27.996709869512486,Moderate,54
22312,2011-10,161.0,68.74561014267398,92.25438985732602,57.300863265419885,High,76
22312,2011-11,49.0,95.03603110653624,46.03603110653624,93.95108389089029,High,105
22313,2011-07,11.0,30.07356861521602,19.07356861521602,173.39607832014562,High,34
22313,2011-08,6.0,29.178500695501747,23.178500695501747,386.30834492502913,High,33
22313,2011-09,283.0,30.07356861521602,252.926431384784,89.37329730911095,High,34
22313,2011-10,42.0,153.55644581165686,111.55644581165686,265.61058526584964,High,169
22313,2011-11,30.0,58.6347417555586,28.6347417555586,95.44913918519534,High,65
22314,2011-07,20.0,40.1352103236921,20.1352103236921,100.67605161846049,High,45
22314,2011-08,17.0,44.62231875953844,27.62231875953844,162.48422799728496,High,50
22314,2011-09,70.0,37.38999788360179,32.61000211639821,46.58571730914031,Moderate,42
22314,2011-10,42.0,85.6938722771619,43.6938722771619,104.03302923133786,High,95
22314,2011-11,105.0,48.27596087692613,56.72403912307387,54.0228944029275,High,54
22315,2011-07,121.0,143.26795277413348,22.26795277413348,18.403266755482214,Low,158
22315,2011-08,136.0,135.84824219709424,0.1517578029057631,0.11158661978364934,Low,150
22315,2011-09,31.0,142.5289152522613,111.5289152522613,359.7706943621332,High,157
22315,2011-10,70.0,73.61647289194596,3.616472891945961,5.166389845637087,Low,81
22315,2011-11,3.0,51.962926138437645,48.962926138437645,1632.0975379479214,High,58
22316,2011-07,101.0,68.90125733281864,32.098742667181355,31.780933333842924,Moderate,76
22316,2011-08,2.0,96.01354360897255,94.01354360897255,4700.677180448628,High,106
22316,2011-09,2.0,69.70408680404223,67.70408680404223,3385.204340202112,High,77
22316,2011-10,28.0,51.228725578041946,23.228725578041946,82.95973420729267,High,57
22316,2011-11,3.0,37.36970765035918,34.36970765035918,1145.6569216786393,High,42
22317,2011-07,8.0,34.47809944627858,26.478099446278577,330.9762430784822,High,38
22317,2011-08,8.0,29.63131984556173,21.63131984556173,270.3914980695216,High,33
22317,2011-09,23.0,25.63494652895469,2.6349465289546856,11.45628925632472,Low,29
22317,2011-10,11.0,65.06237651585077,54.06237651585077,491.4761501440979,High,72
22318,2011-07,25.0,64.4592426303505,39.4592426303505,157.836970521402,High,71
22318,2011-08,18.0,46.60406808232777,28.60406808232777,158.9114893462654,High,52
22318,2011-09,39.0,39.692961554037815,0.6929615540378151,1.776824497532859,Low,44
22318,2011-10,11.0,67.76177606752802,56.76177606752802,516.0161460684365,High,75
22318,2011-11,3.0,36.28925361047809,33.28925361047809,1109.6417870159364,High,40
22319,2011-07,96.0,83.39326089722736,12.606739102772636,13.132019898721495,Low,92
22319,2011-08,36.0,104.61685203000226,68.61685203000226,190.60236675000627,High,116
22319,2011-09,121.0,80.6184283036409,40.3815716963591,33.37319974905711,Moderate,89
22319,2011-10,60.0,127.01055802027376,67.01055802027376,111.68426336712294,High,140
22319,2011-11,624.0,73.0925206633417,550.9074793366583,88.28645502190037,High,81
22320,2011-07,19.0,34.30400303521964,15.304003035219637,80.54738439589283,High,38
22320,2011-08,10.0,33.44660007278864,23.44660007278864,234.46600072788638,High,37
22320,2011-09,41.0,26.78491845970312,14.215081540296882,34.67093058608996,Moderate,30
22320,2011-10,23.0,67.16715045635421,44.16715045635421,192.03108894067046,High,74
22320,2011-11,3.0,41.31977044667867,38.31977044667867,1277.3256815559555,High,46
22321,2011-07,52.0,69.59222708772471,17.59222708772471,33.83120593793213,Moderate,77
22321,2011-08,97.0,65.92170016364051,31.07829983635949,32.03948436738092,Moderate,73
22321,2011-09,27.0,102.04254435541672,75.04254435541672,277.9353494645064,High,113
22321,2011-10,81.0,70.35026260901319,10.649737390986814,13.147823939489895,Low,78
22321,2011-11,3.0,57.9077320386404,54.9077320386404,1830.2577346213463,High,64
22322,2011-07,17.0,80.96312036223244,63.963120362232445,376.2536491896026,High,90
22322,2011-08,16.0,61.80482024643843,45.80482024643843,286.2801265402402,High,68
22322,2011-09,12.0,50.66348686599409,38.66348686599409,322.1957238832841,High,56
22322,2011-10,6.0,44.33246337765304,38.33246337765304,638.8743896275507,High,49
22324,2011-07,15.0,50.064832595215,35.064832595214995,233.76555063476664,High,56
22324,2011-08,83.0,44.06120026299905,38.93879973700095,46.914216550603555,Moderate,49
22324,2011-09,33.0,96.02086281595648,63.02086281595648,190.97231156350446,High,106
22324,2011-10,12.0,57.77020311827876,45.77020311827876,381.41835931898964,High,64
22324,2011-11,6.0,27.14050424039844,21.14050424039844,352.341737339974,High,30
22325,2011-07,21.0,39.62600445819977,18.626004458199773,88.69525932476083,High,44
22325,2011-08,8.0,39.62600445819977,31.626004458199773,395.32505572749716,High,44
22325,2011-09,16.0,26.78491845970312,10.784918459703118,67.40574037314448,High,30
22325,2011-10,31.0,31.189449290765715,0.1894492907657152,0.6111267444055329,Low,35
22326,2011-07,1045.0,552.6585275074818,492.34147249251816,47.11401650646107,Moderate,608
22326,2011-08,597.0,777.0873622113165,180.08736221131653,30.165387305078145,Moderate,855
22326,2011-09,905.0,764.3542491054055,140.64575089459447,15.540966949678946,Low,841
22326,2011-10,952.0,1017.7472997625272,65.74729976252706,6.906228966652002,Low,1120
22326,2011-11,272.0,487.1358407920697,215.1358407920697,79.09405911473151,High,536
22327,2011-07,139.0,98.98446904581392,40.01553095418608,28.788151765601498,Moderate,109
22327,2011-08,111.0,159.03187281207616,48.03187281207616,43.2719574883569,Moderate,175
22327,2011-09,147.0,135.44908720365183,11.550912796348172,7.857763807039572,Low,149
22327,2011-10,155.0,160.90239144465383,5.90239144465383,3.8079944804218258,Low,177
22327,2011-11,51.0,102.22680880861394,51.22680880861394,100.44472315414498,High,113
22328,2011-07,397.0,329.65769253746083,67.34230746253917,16.962797849506085,Low,363
22328,2011-08,439.0,448.54553758568346,9.545537585683462,2.1743821379688977,Low,494
22328,2011-09,391.0,507.993026715114,116.99302671511396,29.92149020846904,Moderate,559
22328,2011-10,546.0,510.75687708157614,35.243122918423865,6.454784417293748,Low,562
22328,2011-11,104.0,297.6991973384555,193.69919733845552,186.2492282100534,High,328
22329,2011-07,85.0,163.13146830696382,78.13146830696382,91.91937447878097,High,180
22329,2011-08,195.0,120.72216053981715,74.27783946018283,38.09119972317068,Moderate,133
22329,2011-09,41.0,206.5521046162285,165.5521046162285,403.7856210151914,High,228
22329,2011-10,89.0,100.04558480460076,11.045584804600765,12.410769443371645,Low,111
22329,2011-11,12.0,67.53216170561254,55.53216170561254,462.76801421343777,High,75
22331,2011-07,116.0,86.78155457805639,29.218445421943613,25.188315018916906,Moderate,96
22331,2011-08,164.0,112.4256721729332,51.5743278270668,31.447760870162682,Moderate,124
22331,2011-09,258.0,156.86937339947107,101.13062660052891,39.19791728702671,Moderate,173
22331,2011-10,146.0,192.194626167642,46.19462616764199,31.64015490934383,Moderate,212
22331,2011-11,19.0,104.29668866071536,85.29668866071535,448.9299403195544,High,115
22332,2011-07,49.0,77.88687165193711,28.886871651937117,58.95279928966759,High,86
22332,2011-08,50.0,85.25593959129674,35.25593959129674,70.51187918259347,High,94
22332,2011-09,130.0,84.26977536085032,45.73022463914968,35.177095876268986,Moderate,93
22332,2011-10,90.0,138.09876431265454,48.09876431265454,53.443071458505045,High,152
22332,2011-11,8.0,62.66849737417038,54.66849737417038,683.3562171771297,High,69
22333,2011-07,292.0,291.291256877057,0.7087431229430194,0.24272024758322583,Low,321
22333,2011-08,507.0,311.0004519843414,195.9995480156586,38.6586879715303,Moderate,343
22333,2011-09,254.0,402.0631280638893,148.06312806388928,58.29257010389342,High,443
22333,2011-10,400.0,323.5891340807107,76.41086591928928,19.10271647982232,Low,356
22333,2011-11,21.0,229.79073364990228,208.79073364990228,994.2415888090585,High,253
22334,2011-07,53.0,48.59884197452697,4.401158025473031,8.30407174617553,Low,54
22334,2011-08,22.0,56.01529567587303,34.01529567587303,154.61498034487738,High,62
22334,2011-09,59.0,58.73650134311045,0.2634986568895456,0.44660789303312814,Low,65
22334,2011-10,57.0,58.41020890845402,1.410208908454024,2.4740507165860066,Low,65
22334,2011-11,8.0,56.50996151622908,48.50996151622908,606.3745189528636,High,63
22335,2011-07,430.0,167.19000360011384,262.80999639988613,61.11860381392701,High,184
22335,2011-08,142.0,242.9327116845614,100.9327116845614,71.07937442574746,High,268
22335,2011-09,178.0,189.269900893854,11.269900893854016,6.3314049965472,Low,209
22335,2011-10,152.0,211.44441522675044,59.44441522675044,39.108167912335816,Moderate,233
22335,2011-11,64.0,126.54258393588492,62.54258393588492,97.72278739982019,High,140
22336,2011-07,300.0,59.52459098075366,240.47540901924637,80.15846967308212,High,66
22336,2011-08,987.0,198.99365083949596,788.0063491605041,79.8385358825232,High,219
22336,2011-09,845.0,497.2244202412457,347.7755797587543,41.15687334423128,Moderate,547
22337,2011-08,44.0,169.18358229377088,125.18358229377088,284.508141576752,High,187
22337,2011-09,216.0,95.79552953406326,120.20447046593674,55.65021780830405,High,106
22337,2011-10,255.0,231.07634435520936,23.92365564479064,9.381825743055153,Low,255
22337,2011-11,4.0,132.193465967613,128.193465967613,3204.8366491903253,High,146
22338,2011-08,433.0,46.02475932721784,386.97524067278215,89.3707253285871,High,51
22338,2011-09,1535.0,279.5837825257085,1255.4162174742914,81.7860727996281,High,308
22338,2011-10,2000.0,1141.653252464374,858.346747535626,42.9173373767813,Moderate,1256
22338,2011-11,545.0,739.2469033296918,194.2469033296918,35.64163363847556,Moderate,814
22339,2011-10,546.0,803.4366833358026,257.4366833358026,47.149575702527954,Moderate,884
22340,2011-09,294.0,174.48740276274205,119.51259723725796,40.6505432779789,Moderate,192
22340,2011-10,722.0,269.9479906187784,452.0520093812216,62.61108163174814,High,297
22340,2011-11,156.0,292.17239785223865,136.17239785223865,87.2899986232299,High,322
22341,2011-07,31.0,37.38999788360179,6.3899978836017866,20.612896398715442,Moderate,42
22341,2011-08,53.0,48.638749750414746,4.361250249585254,8.228774055821233,Low,54
22341,2011-09,14.0,56.07691146061629,42.07691146061629,300.5493675758306,High,62
22341,2011-10,11.0,47.84058084675586,36.84058084675586,334.9143713341442,High,53
22341,2011-11,5.0,23.56257555028119,18.56257555028119,371.2515110056238,High,26
22342,2011-07,87.0,116.51620008080852,29.51620008080852,33.926666759550024,Moderate,129
22342,2011-08,147.0,93.95523823512151,53.04476176487849,36.08487194889693,Moderate,104
22342,2011-09,110.0,123.40588893514804,13.405888935148027,12.187171759225478,Low,136
22342,2011-10,62.0,117.89423279451036,55.89423279451036,90.1519883782425,High,130
22342,2011-11,8.0,79.50104387898796,71.50104387898796,893.7630484873495,High,88
22343,2011-07,29.0,109.17280484314396,80.17280484314396,276.4579477349792,High,121
22343,2011-08,48.0,70.82974703649712,22.829747036497125,47.561972992702344,Moderate,78
22343,2011-09,72.0,73.81108350905798,1.81108350905798,2.5153937625805276,Low,82
22343,2011-10,56.0,97.9000403690576,41.90004036905759,74.82150065903141,High,108
22343,2011-11,372.0,62.472732024857024,309.527267975143,83.20625483202768,High,69
22344,2011-07,40.0,69.16666571440055,29.16666571440055,72.91666428600138,High,77
22344,2011-08,25.0,67.36087429221072,42.36087429221072,169.44349716884287,High,75
22344,2011-09,0.0,67.36087429221072,67.36087429221072,,Zero Demand,75
22345,2011-07,24.0,50.69681448715389,26.69681448715389,111.23672702980787,High,56
22345,2011-08,12.0,59.85434218109221,47.85434218109221,398.78618484243503,High,66
22345,2011-09,2.0,47.07767581774337,45.07767581774337,2253.8837908871683,High,52
22345,2011-10,18.0,44.33246337765304,26.33246337765304,146.29146320918355,High,49
22345,2011-11,240.0,29.257935872575636,210.7420641274244,87.80919338642684,High,33
22346,2011-07,24.0,62.40782349773109,38.40782349773109,160.03259790721287,High,69
22346,2011-08,0.0,61.28042502589245,61.28042502589245,,Zero Demand,68
22348,2011-07,227.0,308.9866523627004,81.9866523627004,36.1174680011896,Moderate,340
22348,2011-08,223.0,286.98819366909447,63.98819366909447,28.69425725071501,Moderate,316
22348,2011-09,311.0,274.1697217986299,36.830278201370106,11.842533183720292,Low,302
22348,2011-10,462.0,314.57908656305267,147.42091343694733,31.90928862271587,Moderate,347
22348,2011-11,50.0,196.6904663030781,146.6904663030781,293.3809326061562,High,217
22349,2011-07,8.0,190.6732046120749,182.6732046120749,2283.4150576509364,High,210
22349,2011-08,94.0,43.171621696373215,50.82837830362679,54.07274287619871,High,48
22349,2011-09,103.0,104.3816552822357,1.3816552822356982,1.3414128953744644,Low,115
22349,2011-10,37.0,124.91008055474708,87.91008055474707,237.5948123101272,High,138
22349,2011-11,9.0,56.44265997422349,47.44265997422349,527.140666380261,High,63
22350,2011-07,15.0,163.0613562118812,148.0613562118812,987.075708079208,High,180
22350,2011-08,80.0,58.20991192848312,21.790088071516884,27.237610089396103,Moderate,65
22350,2011-09,60.0,106.7084705964592,46.70847059645919,77.84745099409865,High,118
22350,2011-10,33.0,101.54663157726156,68.54663157726155,207.71706538564106,High,112
22350,2011-11,19.0,56.44265997422349,37.44265997422349,197.06663144328152,High,63
22352,2011-07,244.0,213.44164796758372,30.55835203241625,12.52391476738371,Low,235
22352,2011-08,389.0,249.80435312641015,139.19564687358982,35.78294264102566,Moderate,275
22352,2011-09,315.0,385.2854434483005,70.28544344830044,22.312839189936646,Moderate,424
22352,2011-10,181.0,312.75360877258777,131.75360877258777,72.7920490456286,High,345
22352,2011-11,38.0,167.3562045726715,129.3562045726715,340.41106466492494,High,185
22354,2011-07,60.0,64.33272456317097,4.33272456317097,7.22120760528495,Low,71
22354,2011-08,37.0,71.58332362514096,34.58332362514096,93.46844223011071,High,79
22354,2011-09,48.0,59.134670178335725,11.134670178335725,23.197229538199426,Moderate,66
22354,2011-10,16.0,59.79045109178722,43.79045109178722,273.6903193236701,High,66
22354,2011-11,1.0,41.24350487917359,40.24350487917359,4024.3504879173593,High,46
22355,2011-07,1474.0,1140.2309261996895,333.76907380031025,22.643763487130954,Moderate,1255
22355,2011-08,1201.0,1338.5731806534552,137.5731806534552,11.454885982802265,Low,1473
22355,2011-09,1557.0,1378.1283511271974,178.87164887280255,11.488224076609027,Low,1516
22355,2011-10,2088.0,1782.267206828939,305.7327931710611,14.64237515187074,Low,1961
22355,2011-11,1131.0,1191.6817320893392,60.68173208933922,5.365316718774467,Low,1311
22356,2011-07,1046.0,757.6696866070772,288.3303133929228,27.56503952131193,Moderate,834
22356,2011-08,744.0,941.9014935588322,197.90149355883216,26.599663112746256,Moderate,1037
22356,2011-09,769.0,981.3008880457896,212.30088804578972,27.607397665252236,Moderate,1080
22356,2011-10,1384.0,929.4670315319328,454.5329684680672,32.841977490467286,Moderate,1023
22356,2011-11,266.0,564.4222798581047,298.4222798581048,112.18882701432511,High,621
22357,2011-07,19.0,44.25951814709304,25.25951814709304,132.94483235312126,High,49
22357,2011-08,14.0,52.56962638990191,38.56962638990191,275.49733135644226,High,58
22357,2011-09,24.0,28.631397469642938,4.631397469642938,19.297489456845575,Low,32
22357,2011-10,79.0,63.89127884993551,15.10872115006449,19.12496348109429,Low,71
22357,2011-11,31.0,55.8747049406631,24.8747049406631,80.24098367955838,High,62
22358,2011-07,33.0,94.90714206224054,61.90714206224054,187.59740018860768,High,105
22358,2011-08,38.0,78.257696495449,40.257696495449,105.94130656697105,High,87
22358,2011-09,24.0,70.58956163021492,46.58956163021492,194.12317345922884,High,78
22358,2011-10,63.0,75.2683081786465,12.268308178646508,19.47350504547065,Low,83
22358,2011-11,25.0,47.43093869952383,22.43093869952383,89.72375479809531,High,53
22359,2011-07,17.0,31.126485105741544,14.126485105741544,83.09697121024438,High,35
22359,2011-08,17.0,36.73525022830151,19.73525022830151,116.089707225303,High,41
22359,2011-09,16.0,37.592653190732506,21.592653190732506,134.95408244207817,High,42
22359,2011-10,15.0,36.293001458647225,21.293001458647225,141.95334305764817,High,40
22359,2011-11,3.0,19.425888306156867,16.425888306156867,547.5296102052289,High,22
22360,2011-07,45.0,71.6773165673493,26.67731656734929,59.28292570522065,High,79
22360,2011-08,77.0,93.57621344129674,16.576213441296744,21.527549923762006,Moderate,103
22360,2011-09,88.0,98.5127444686226,10.512744468622586,11.946300532525665,Low,109
22360,2011-10,50.0,121.82368495379764,71.82368495379765,143.6473699075953,High,135
22360,2011-11,19.0,56.90685245906512,37.90685245906512,199.50974978455326,High,63
22361,2011-07,24.0,86.26039907533094,62.26039907533094,259.4183294805456,High,95
22361,2011-08,55.0,73.25911814760596,18.25911814760596,33.198396632010834,Moderate,81
22361,2011-09,65.0,84.80349722372937,19.80349722372937,30.466918805737492,Moderate,94
22361,2011-10,75.0,102.80752454675158,27.80752454675158,37.07669939566877,Moderate,114
22361,2011-11,15.0,68.10356245457365,53.10356245457365,354.02374969715765,High,75
22362,2011-07,15.0,32.97296411568136,17.972964115681357,119.81976077120903,High,37
22362,2011-08,28.0,28.631397469642938,0.6313974696429376,2.2549909630104916,Low,32
22362,2011-09,35.0,63.4202094214896,28.4202094214896,81.20059834711314,High,70
22362,2011-10,31.0,68.74561014267398,37.74561014267398,121.76003271830315,High,76
22362,2011-11,5.0,42.59820605200875,37.59820605200875,751.964121040175,High,47
22363,2011-07,10.0,57.11158008636493,47.11158008636493,471.1158008636493,High,63
22363,2011-08,15.0,33.87169754583188,18.87169754583188,125.81131697221252,High,38
22363,2011-09,20.0,32.97296411568136,12.972964115681355,64.86482057840678,High,37
22363,2011-10,8.0,45.8778905571947,37.8778905571947,473.4736319649338,High,51
22363,2011-11,7.0,22.06794565314775,15.06794565314775,215.2563664735393,High,25
22364,2011-07,68.0,47.84058084675586,20.159419153244137,29.64620463712373,Moderate,53
22364,2011-08,99.0,67.01309472970289,31.986905270297115,32.31000532353244,Moderate,74
22364,2011-09,37.0,111.12278904202516,74.12278904202516,200.33186227574367,High,123
22364,2011-10,40.0,78.73718092293294,38.737180922932936,96.84295230733234,High,87
22364,2011-11,11.0,43.07769047949269,32.07769047949269,291.61536799538806,High,48
22365,2011-07,60.0,50.98622261644805,9.013777383551949,15.022962305919915,Low,57
22365,2011-08,301.0,83.9042693379888,217.0957306620112,72.12482746246219,High,93
22365,2011-09,16.0,247.83993067712493,231.83993067712493,1448.9995667320309,High,273
22365,2011-10,135.0,57.38221979750867,77.61778020249133,57.49465200184544,High,64
22365,2011-11,14.0,78.8018391604837,64.8018391604837,462.87027971774063,High,87
22366,2011-07,19.0,59.50111351362596,40.50111351362596,213.16375533487349,High,66
22366,2011-08,216.0,44.1380235276876,171.8619764723124,79.56572984829278,High,49
22366,2011-09,98.0,172.36551729329685,74.36551729329685,75.88318091152739,High,190
22366,2011-10,82.0,117.99644769610056,35.99644769610056,43.8981069464641,Moderate,130
22366,2011-11,4.0,71.83727975782534,67.83727975782534,1695.9319939456336,High,80
22367,2011-07,369.0,197.3706783977109,171.62932160228908,46.51201127433309,Moderate,218
22367,2011-08,372.0,284.150328555334,87.849671444666,23.61550307652312,Moderate,313
22367,2011-09,325.0,335.1092194152453,10.10921941524532,3.110529050844714,Low,369
22367,2011-10,675.0,391.53469426799165,283.46530573200835,41.99486010844568,Moderate,431
22367,2011-11,133.0,306.63280615412134,173.63280615412134,130.55098207076793,High,338
22371,2011-07,60.0,95.27154666685048,35.27154666685048,58.78591111141748,High,105
22371,2011-08,83.0,102.19907030746462,19.199070307464623,23.131410008993523,Moderate,113
22371,2011-09,134.0,117.46406130272597,16.535938697274034,12.340252759159727,Low,130
22371,2011-10,175.0,150.9473751441711,24.052624855828896,13.744357060473655,Low,167
22371,2011-11,53.0,113.8590041934675,60.8590041934675,114.82830979899528,High,126
22372,2011-07,14.0,35.71443264074544,21.71443264074544,155.10309029103885,High,40
22372,2011-08,33.0,32.33520181793255,0.6647981820674502,2.01453994565894,Low,36
22372,2011-09,31.0,67.31952729787373,36.31952729787373,117.15976547701202,High,75
22372,2011-10,49.0,64.84629226628985,15.84629226628985,32.3393719720201,Moderate,72
22372,2011-11,13.0,45.07073605707096,32.07073605707096,246.6979696697766,High,50
22374,2011-07,43.0,72.36951041868782,29.369510418687824,68.30118702020425,High,80
22374,2011-08,60.0,81.28038704404783,21.280387044047828,35.467311740079715,Moderate,90
22374,2011-09,83.0,84.78507147113997,1.7850714711399718,2.1506885194457492,Low,94
22374,2011-10,75.0,114.33815157107944,39.33815157107944,52.45086876143926,High,126
22374,2011-11,11.0,65.86686985511633,54.866869855116335,498.78972595560305,High,73
22375,2011-07,16.0,54.88554049283217,38.88554049283217,243.03462808020106,High,61
22375,2011-08,56.0,37.63872466243525,18.36127533756475,32.787991674222766,Moderate,42
22375,2011-09,36.0,76.23358349348202,40.233583493482016,111.75995414856115,High,84
22375,2011-10,36.0,73.56002157541299,37.56002157541299,104.33339326503608,High,81
22375,2011-11,12.0,41.31977044667867,29.319770446678667,244.3314203889889,High,46
22376,2011-07,6.0,42.88085202495068,36.88085202495068,614.6808670825113,High,48
22376,2011-08,28.0,30.684236336087256,2.684236336087256,9.586558343168772,Low,34
22376,2011-09,38.0,44.38247317376454,6.382473173764538,16.79598203622247,Low,49
22376,2011-10,28.0,65.72709439944103,37.72709439944103,134.73962285514654,High,73
22376,2011-11,8.0,42.59820605200875,34.59820605200875,432.4775756501094,High,47
22377,2011-07,75.0,110.25455348316696,35.25455348316697,47.0060713108893,Moderate,122
22377,2011-08,64.0,100.13766572536812,36.13766572536811,56.46510269588767,High,111
22377,2011-09,52.0,90.70634994225426,38.70634994225426,74.43528835048897,High,100
22377,2011-10,19.0,84.74925978833426,65.74925978833426,346.04873572807503,High,94
22377,2011-11,6.0,42.03930718657776,36.03930718657776,600.655119776296,High,47
22378,2011-07,102.0,195.89632536854356,93.89632536854351,92.05522094955246,High,216
22378,2011-08,51.0,134.8624741151407,83.86247411514071,164.43622375517788,High,149
22378,2011-09,9.0,102.23147053829602,93.23147053829602,1035.9052282032892,High,113
22378,2011-10,89.0,62.050389925063264,26.949610074936736,30.280460758355883,Moderate,69
22378,2011-11,17.0,60.8549990259904,43.8549990259904,257.97058250582586,High,67
22379,2011-07,398.0,548.0855907977283,150.0855907977283,37.709947436615145,Moderate,603
22379,2011-08,648.0,503.5189128564987,144.48108714350133,22.296464065355142,Moderate,554
22379,2011-09,1018.0,669.9585150224262,348.04148497757376,34.1887509801153,Moderate,737
22379,2011-10,396.0,816.1307342666405,420.1307342666405,106.09361976430316,High,898
22379,2011-11,150.0,297.1778679666621,147.17786796666212,98.11857864444141,High,327
22380,2011-07,89.0,83.04098420964435,5.95901579035565,6.695523359950169,Low,92
22380,2011-08,73.0,110.25680086263252,37.25680086263252,51.0367135104555,High,122
22380,2011-09,107.0,100.78436699747635,6.215633002523632,5.809002806096853,Low,111
22380,2011-10,107.0,135.44908720365183,28.44908720365183,26.58793196602975,Moderate,149
22380,2011-11,115.0,86.32148675434364,28.67851324565636,24.937837604918574,Moderate,95
22381,2011-07,217.0,250.07546478811813,33.075464788118154,15.24214967194385,Low,276
22381,2011-08,257.0,278.72143378985163,21.72143378985163,8.451919762588183,Low,307
22381,2011-09,691.0,261.53466560309863,429.46533439690137,62.15127849448645,High,288
22381,2011-10,161.0,533.7378740804163,372.7378740804163,231.5142075033642,High,588
22381,2011-11,67.0,175.82634030116236,108.82634030116236,162.42737358382442,High,194
22382,2011-07,1378.0,911.4154875016886,466.58451249831137,33.85954372266411,Moderate,1003
22382,2011-08,953.0,1053.4454146503897,100.44541465038948,10.53991759185619,Low,1159
22382,2011-09,789.0,1079.6292587434468,290.6292587434468,36.83514052515169,Moderate,1188
22382,2011-10,1529.0,1116.597911978606,412.40208802139387,26.97201360506173,Moderate,1229
22382,2011-11,143.0,849.4777224405041,706.4777224405041,494.04036534300985,High,935
22383,2011-07,1732.0,1362.985317297783,369.014682702217,21.305697615601442,Moderate,1500
22383,2011-08,1002.0,1656.8364088108633,654.8364088108633,65.3529350110642,High,1823
22383,2011-09,706.0,1131.89068573685,425.89068573685,60.32445973609774,High,1246
22383,2011-10,947.0,1038.1128025178673,91.1128025178673,9.621204067356631,Low,1142
22383,2011-11,161.0,628.7473050914954,467.7473050914954,290.52627645434495,High,692
22384,2011-07,1361.0,1304.4901837614048,56.50981623859525,4.152080546553655,Low,1435
22384,2011-08,800.0,1325.5164732108678,525.5164732108678,65.68955915135848,High,1459
22384,2011-09,447.0,1117.106239936072,670.1062399360721,149.91191050023986,High,1229
22384,2011-10,912.0,847.0533308383391,64.9466691616609,7.121345302813696,Low,932
22384,2011-11,131.0,603.0107565380116,472.0107565380116,360.31355460916916,High,664
22385,2011-07,1097.0,635.4578301936816,461.5421698063184,42.073123956820275,Moderate,700
22385,2011-08,1002.0,814.0865616848178,187.91343831518225,18.753836159199825,Low,896
22385,2011-09,470.0,979.342394945492,509.342394945492,108.3707223288281,High,1078
22385,2011-10,773.0,761.6587795949688,11.341220405031208,1.4671695219962753,Low,838
22385,2011-11,351.0,517.4765412285032,166.47654122850315,47.42921402521457,Moderate,570
22386,2011-07,2281.0,1644.5412927435025,636.4587072564975,27.902617591253726,Moderate,1809
22386,2011-08,2711.0,1939.790243618464,771.209756381536,28.447427384047803,Moderate,2134
22386,2011-09,3206.0,2220.018544634792,985.981455365208,30.754256249694574,Moderate,2443
22386,2011-10,1641.0,3343.6595915239604,1702.6595915239604,103.75744006849241,High,3679
22386,2011-11,459.0,1267.6179829900243,808.6179829900245,176.16949520479835,High,1395
22389,2011-08,17.0,25.843307197947937,8.843307197947937,52.0194541055761,High,29
22389,2011-09,118.0,36.33708139307624,81.66291860692377,69.20586322620659,High,40
22389,2011-10,17.0,94.95406950766218,77.95406950766218,458.5533500450716,High,105
22389,2011-11,48.0,40.67484012652078,7.3251598734792225,15.260749736415047,Low,45
22390,2011-07,8.0,32.818781055306346,24.818781055306346,310.2347631913293,High,37
22390,2011-08,10.0,23.662915311205,13.662915311205,136.62915311205,High,27
22390,2011-09,12.0,26.077195298608974,14.077195298608974,117.30996082174146,High,29
22390,2011-10,25.0,30.679774547501896,5.679774547501896,22.719098190007585,Moderate,34
22390,2011-11,50.0,40.42369724998623,9.576302750013774,19.152605500027548,Low,45
22391,2011-07,0.0,23.220666541550717,23.220666541550717,,Zero Demand,26
22391,2011-10,11.0,23.662915311205,12.662915311205,115.11741192004546,High,27
22391,2011-11,39.0,18.80421638346672,20.19578361653328,51.78406055521354,High,21
22393,2011-07,8.0,42.36516797751551,34.365167977515505,429.5645997189438,High,47
22393,2011-08,8.0,31.126485105741544,23.126485105741544,289.0810638217693,High,35
22393,2011-09,34.0,25.63494652895469,8.365053471045314,24.603098444250925,Moderate,29
22393,2011-10,31.0,47.2390019308228,16.239001930822795,52.38387719620257,High,52
22393,2011-11,246.0,48.581372306072886,197.4186276939271,80.2514746723281,High,54
22394,2011-07,0.0,19.32134866516658,19.32134866516658,,Zero Demand,22
22394,2011-10,11.0,23.662915311205,12.662915311205,115.11741192004546,High,27
22394,2011-11,25.0,17.230942940547436,7.769057059452564,31.076228237810255,Moderate,19
22395,2011-07,1.0,19.32134866516658,18.32134866516658,1832.134866516658,High,22
22395,2011-08,0.0,23.78987073457604,23.78987073457604,,Zero Demand,27
22395,2011-11,80.0,20.208428343303733,59.79157165669626,74.73946457087033,High,23
22396,2011-07,123.0,104.4886483343394,18.51135166566061,15.049879402976105,Low,115
22396,2011-08,127.0,146.53691722408576,19.536917224085755,15.383399389043904,Low,162
22396,2011-09,123.0,162.67514558494827,39.67514558494827,32.25621592272217,Moderate,179
22396,2011-10,132.0,151.69102978179308,19.69102978179308,14.917446804388698,Low,167
22396,2011-11,52.0,95.3457310538509,43.3457310538509,83.35717510355943,High,105
22398,2011-07,279.0,276.07634453054294,2.92365546945706,1.0479051861853261,Low,304
22398,2011-08,408.0,235.09129099169752,172.90870900830248,42.379585541250606,Moderate,259
22398,2011-09,362.0,326.9196528582217,35.08034714177825,9.690703630325483,Low,360
22398,2011-10,376.0,334.1209181615419,41.87908183845809,11.138053680440981,Low,368
22398,2011-11,162.0,200.25412790130085,38.25412790130085,23.613659198333856,Moderate,221
22399,2011-07,125.0,85.47285003721157,39.52714996278843,31.621719970230743,Moderate,95
22399,2011-08,28.0,123.0673213863544,95.0673213863544,339.52614780840855,High,136
22399,2011-09,39.0,78.83909879709611,39.83909879709611,102.15153537716952,High,87
22399,2011-10,5.0,68.19717347888195,63.19717347888195,1263.943469577639,High,76
22399,2011-11,24.0,42.32508019423194,18.325080194231944,76.35450080929976,High,47
22400,2011-07,186.0,271.0578475371179,85.05784753711788,45.73002555759026,Moderate,299
22400,2011-08,167.0,199.91142712879093,32.91142712879093,19.70744139448559,Low,220
22400,2011-09,173.0,197.76443417717013,24.76443417717013,14.314701836514526,Low,218
22400,2011-10,248.0,215.8669449053706,32.13305509462941,12.956877054286053,Low,238
22400,2011-11,36.0,112.0743119050383,76.0743119050383,211.31753306955085,High,124
22402,2011-07,200.0,271.5373319646018,71.53733196460178,35.76866598230089,Moderate,299
22402,2011-08,178.0,191.17501667402425,13.17501667402422,7.401694760687764,Low,211
22402,2011-09,253.0,216.0809578910936,36.91904210890641,14.592506762413601,Low,238
22402,2011-10,245.0,232.58644008621712,12.413559913782876,5.066759148482807,Low,256
22402,2011-11,59.0,125.5552207613162,66.5552207613162,112.8054589174851,High,139
22403,2011-07,149.0,223.17821015933933,74.17821015933933,49.78403366398613,Moderate,246
22403,2011-08,121.0,141.98680304169818,20.98680304169818,17.344465323717507,Low,157
22403,2011-09,103.0,149.52366765445004,46.52366765445004,45.16860937325246,Moderate,165
22403,2011-10,117.0,167.83332607881533,50.83332607881533,43.44728724685071,Moderate,185
22403,2011-11,25.0,91.08562409274758,66.08562409274758,264.3424963709903,High,101
22405,2011-07,24.0,37.38999788360179,13.389997883601788,55.79165784834078,High,42
22405,2011-08,24.0,48.8116015510577,24.8116015510577,103.38167312940708,High,54
22405,2011-09,6.0,61.346538662060766,55.346538662060766,922.4423110343461,High,68
22405,2011-10,22.0,33.87169754583188,11.87169754583188,53.96226157196309,High,38
22405,2011-11,99.0,36.974430061395694,62.02556993860431,62.65209084707506,High,41
22406,2011-07,14.0,23.662915311205,9.662915311205,69.02082365146428,High,27
22406,2011-08,7.0,26.246364048677872,19.246364048677872,274.9480578382553,High,29
22406,2011-09,29.0,42.10232031897342,13.10232031897342,45.18041489301179,Moderate,47
22406,2011-10,43.0,54.7109396956793,11.7109396956793,27.234743478323953,Moderate,61
22406,2011-11,93.0,40.57059035386233,52.42940964613767,56.375709296922224,High,45
22407,2011-08,3.0,36.86889358311649,33.86889358311649,1128.9631194372164,High,41
22407,2011-09,0.0,38.10594700236637,38.10594700236637,,Zero Demand,42
22408,2011-07,13.0,38.46649960854886,25.466499608548855,195.8961508349912,High,43
22408,2011-08,2.0,25.404259806249208,23.404259806249208,1170.2129903124603,High,28
22408,2011-09,27.0,43.27954688712752,16.279546887127523,60.294618100472306,High,48
22408,2011-10,26.0,53.43678616810306,27.436786168103065,105.52610064655026,High,59
22408,2011-11,36.0,42.10275420452937,6.102754204529369,16.95209501258158,Low,47
22409,2011-07,38.0,24.715831801730516,13.284168198269487,34.958337363867074,Moderate,28
22409,2011-08,30.0,44.53833961685605,14.53833961685605,48.461132056186834,Moderate,49
22409,2011-09,23.0,67.75904312743599,44.75904312743599,194.6045353366782,High,75
22409,2011-10,4.0,60.58967460860216,56.58967460860216,1414.741865215054,High,67
22409,2011-11,3.0,30.50008089464775,27.50008089464775,916.6693631549249,High,34
22410,2011-07,2.0,44.877152912559886,42.877152912559886,2143.8576456279943,High,50
22410,2011-08,45.0,24.84014187935909,20.15985812064091,44.79968471253535,Moderate,28
22410,2011-09,16.0,62.84219257667011,46.84219257667011,292.76370360418815,High,70
22410,2011-10,8.0,57.55366087647744,49.55366087647744,619.4207609559679,High,64
22410,2011-11,82.0,24.94675545922932,57.05324454077068,69.57712748874472,High,28
22411,2011-07,1371.0,882.704892241685,488.295107758315,35.615981601627645,Moderate,971
22411,2011-08,1753.0,1209.6951365414327,543.3048634585673,30.992861577784787,Moderate,1331
22411,2011-09,745.0,1604.9729941909409,859.9729941909407,115.43261666992493,High,1766
22411,2011-10,1475.0,1150.2643292909695,324.7356707090305,22.01597767518851,Moderate,1266
22411,2011-11,497.0,752.047740033304,255.047740033304,51.317452722998794,High,828
22412,2011-07,93.0,85.68604422588396,7.313955774116039,7.864468574318321,Low,95
22412,2011-08,117.0,113.03267141946668,3.9673285805333336,3.390879128660969,Low,125
22412,2011-09,34.0,120.58558099870356,86.58558099870356,254.66347352559873,High,133
22412,2011-10,20.0,86.63644748053675,66.63644748053675,333.1822374026837,High,96
22413,2011-07,183.0,410.0919831420345,227.09198314203445,124.09397985903522,High,452
22413,2011-08,290.0,229.7609562358384,60.23904376416161,20.77208405660745,Moderate,253
22413,2011-09,225.0,273.3427639767436,48.34276397674358,21.485672878552702,Moderate,301
22413,2011-10,126.0,295.775823494412,169.775823494412,134.74271705905716,High,326
22413,2011-11,1450.0,156.0692940473066,1293.9307059526934,89.23660041053057,High,172
22414,2011-07,8.0,19.32134866516658,11.321348665166578,141.51685831458224,High,22
22414,2011-08,122.0,20.894622108085866,101.10537789191416,82.87326056714275,High,23
22414,2011-09,16.0,116.24246010807548,100.24246010807548,626.5153756754718,High,128
22414,2011-10,17.0,44.50737298677684,27.507372986776844,161.80807639280496,High,49
22414,2011-11,16.0,23.99289961418254,7.992899614182541,49.95562258864088,Moderate,27
22416,2011-07,15.0,54.54342658452271,39.54342658452271,263.6228438968181,High,60
22416,2011-08,65.0,52.5626858411215,12.4373141588785,19.134329475197692,Low,58
22416,2011-09,31.0,71.8954376788758,40.895437678875794,131.92076670605096,High,80
22416,2011-10,30.0,68.12219333102296,38.12219333102296,127.07397777007654,High,75
22416,2011-11,18.0,42.10275420452937,24.10275420452937,133.90419002516316,High,47
22417,2011-07,637.0,706.2586053599262,69.25860535992615,10.872622505482912,Low,777
22417,2011-08,560.0,758.5079140442606,198.5079140442606,35.44784179361796,Moderate,835
22417,2011-09,763.0,826.9263897783444,63.9263897783444,8.378294859547102,Low,910
22417,2011-10,673.0,688.7632975286042,15.763297528604198,2.3422433177717976,Low,758
22417,2011-11,149.0,405.348707229092,256.348707229092,172.04611223428992,High,446
22418,2011-07,614.0,436.9892156143133,177.0107843856867,28.82911797812487,Moderate,481
22418,2011-08,578.0,467.3757533419794,110.62424665802058,19.139143020418786,Low,515
22418,2011-09,839.0,554.2730601337233,284.72693986627667,33.936464823155745,Moderate,610
22418,2011-10,805.0,713.8070498951494,91.19295010485064,11.328316783211259,Low,786
22418,2011-11,110.0,456.45923072468736,346.45923072468736,314.96293702244304,High,503
22419,2011-07,291.0,211.1817143694967,79.81828563050331,27.428964134193578,Moderate,233
22419,2011-08,128.0,246.2057648950514,118.2057648950514,92.3482538242589,High,271
22419,2011-09,367.0,216.34944377629571,150.65055622370426,41.049197881118324,Moderate,238
22419,2011-10,637.0,319.0868588067044,317.91314119329564,49.90787145891611,Moderate,351
22419,2011-11,184.0,266.8725701261871,82.8725701261871,45.03944028597125,Moderate,294
22420,2011-07,163.0,144.5838180817729,18.416181918227096,11.298271115476746,Low,160
22420,2011-08,67.0,242.8471711823717,175.84717118237174,262.4584644513011,High,268
22420,2011-09,132.0,145.4197428315224,13.4197428315224,10.166471842062425,Low,160
22420,2011-10,329.0,165.5390508959893,163.4609491040107,49.68417905896982,Moderate,183
22420,2011-11,31.0,191.6496509060606,160.6496509060606,518.224680342131,High,211
22421,2011-07,68.0,182.07811685524047,114.07811685524048,167.76193655182422,High,201
22421,2011-08,566.0,119.48228843350364,446.5177115664964,78.89005504708418,High,132
22421,2011-09,217.0,441.12901980672615,224.12901980672612,103.28526258374475,High,486
22421,2011-10,517.0,228.9949165511524,288.00508344884764,55.70697939049277,High,252
22421,2011-11,85.0,183.2710806889592,98.27108068895922,115.6130361046579,High,202
22422,2011-07,45.0,81.74205117762536,36.74205117762536,81.64900261694525,High,90
22422,2011-08,49.0,93.20988162378607,44.20988162378608,90.22424821180833,High,103
22422,2011-09,93.0,91.58496036704057,1.4150396329594486,1.5215479924295146,Low,101
22422,2011-10,210.0,112.45982702661507,97.54017297338493,46.44770141589758,Moderate,124
22422,2011-11,538.0,91.580819303029,446.419180696971,82.97754288047788,High,101
22423,2011-07,842.0,1121.8621658726345,279.8621658726345,33.23778692074043,Moderate,1235
22423,2011-08,774.0,970.1897385736949,196.18973857369477,25.347511443629816,Moderate,1068
22423,2011-09,1081.0,960.7994965263154,120.20050347368463,11.119380524855192,Low,1057
22423,2011-10,1052.0,1362.4527456515743,310.45274565157433,29.510717267259917,Moderate,1499
22423,2011-11,449.0,837.984791663607,388.984791663607,86.63358388944476,High,922
22424,2011-07,51.0,99.94617479707378,48.94617479707378,95.97289175896819,High,110
22424,2011-08,99.0,95.77091072509872,3.229089274901284,3.2617063382841254,Low,106
22424,2011-09,81.0,129.03386034431168,48.03386034431168,59.30106215347121,High,142
22424,2011-10,73.0,165.20433688775287,92.20433688775287,126.30731080514093,High,182
22424,2011-11,21.0,64.20871973080183,43.20871973080183,205.75580824191348,High,71
22425,2011-07,37.0,52.4123054612483,15.412305461248302,41.65487962499541,Moderate,58
22425,2011-08,33.0,64.84629226628985,31.84629226628985,96.50391595845409,High,72
22425,2011-09,39.0,52.81207400155421,13.812074001554208,35.415574362959504,Moderate,59
22425,2011-10,44.0,64.84629226628985,20.84629226628985,47.377936968840565,Moderate,72
22425,2011-11,6.0,45.37260401485052,39.37260401485052,656.2100669141754,High,50
22426,2011-07,58.0,86.17550484059998,28.175504840599984,48.57845662172411,Moderate,95
22426,2011-08,71.0,84.71934696422943,13.71934696422943,19.32302389328089,Low,94
22426,2011-09,58.0,94.65912017539326,36.659120175393255,63.205379612746995,High,105
22426,2011-10,47.0,83.83854483107825,36.83854483107825,78.37988261931544,High,93
22426,2011-11,9.0,49.25120946384222,40.25120946384222,447.23566070935806,High,55
22427,2011-07,237.0,244.14201929269848,7.142019292698478,3.0135102500837463,Low,269
22427,2011-08,158.0,262.2390353551897,104.23903535518969,65.97407300961372,High,289
22427,2011-09,175.0,223.9768922624602,48.97689226246021,27.98679557854869,Moderate,247
22427,2011-10,12.0,226.74466009425768,214.74466009425768,1789.538834118814,High,250
22428,2011-07,35.0,44.29718310437633,9.29718310437633,26.563380298218085,Moderate,49
22428,2011-08,11.0,63.4202094214896,52.4202094214896,476.5473583771782,High,70
22428,2011-09,26.0,40.51995530595943,14.519955305959428,55.8459819459978,High,45
22428,2011-10,20.0,63.4202094214896,43.4202094214896,217.101047107448,High,70
22428,2011-11,4.0,31.931829833940046,27.931829833940046,698.2957458485012,High,36
22429,2011-07,79.0,106.68404044901855,27.684040449018568,35.04308917597287,Moderate,118
22429,2011-08,90.0,115.7911266123557,25.791126612355697,28.656807347061886,Moderate,128
22429,2011-09,149.0,122.08745625391104,26.91254374608896,18.062109896704,Low,135
22429,2011-10,73.0,158.50850194529656,85.50850194529656,117.13493417163912,High,175
22429,2011-11,18.0,74.90411559395687,56.90411559395688,316.1339755219827,High,83
22430,2011-07,35.0,74.06642595824225,39.06642595824225,111.61835988069213,High,82
22430,2011-08,27.0,80.48833389788247,53.48833389788247,198.10494036252766,High,89
22430,2011-09,30.0,55.03394402404218,25.033944024042174,83.44648008014059,High,61
22430,2011-10,40.0,66.21075932634682,26.210759326346817,65.52689831586704,High,73
22430,2011-11,2.0,35.595429454358005,33.595429454358005,1679.7714727179002,High,40
22431,2011-07,141.0,249.7612589311664,108.7612589311664,77.1356446320329,High,275
22431,2011-08,33.0,244.4983213746349,211.4983213746349,640.9040041655603,High,269
22431,2011-09,40.0,108.93110289777368,68.93110289777368,172.32775724443422,High,120
22431,2011-10,130.0,84.30962956101392,45.69037043898608,35.14643879922006,Moderate,93
22431,2011-11,16.0,97.37653377389084,81.37653377389084,508.60333608681776,High,108
22432,2011-07,95.0,177.62164568677366,82.62164568677366,86.97015335449859,High,196
22432,2011-08,28.0,144.5932332500104,116.5932332500104,416.40440446432285,High,160
22432,2011-09,27.0,97.84383507688788,70.84383507688787,262.38457435884396,High,108
22432,2011-10,61.0,56.45553026787399,4.544469732126011,7.449950380534444,Low,63
22432,2011-11,61.0,49.63143615008329,11.368563849916711,18.636989917896248,Low,55
22433,2011-07,60.0,128.08799907926027,68.08799907926027,113.4799984654338,High,141
22433,2011-08,29.0,117.96187117418702,88.96187117418702,306.76507301443803,High,130
22433,2011-09,17.0,89.11276210086122,72.11276210086122,424.19271824036014,High,99
22433,2011-10,115.0,46.72443831958813,68.27556168041187,59.37005363514075,High,52
22433,2011-11,7.0,75.85457526861792,68.85457526861792,983.6367895516846,High,84
22434,2011-07,28.0,75.21725031349969,47.21725031349969,168.63303683392746,High,83
22434,2011-08,45.0,64.28878273604293,19.288782736042933,42.86396163565096,Moderate,71
22434,2011-09,85.0,58.29878148310428,26.70121851689572,31.413198255171437,Moderate,65
22434,2011-10,61.0,102.10131208227472,41.10131208227473,67.3792001348766,High,113
22434,2011-11,24.0,51.529561150990055,27.52956115099005,114.70650479579187,High,57
22435,2011-07,299.0,230.13364316455392,68.86635683544608,23.03222636636993,Moderate,254
22435,2011-08,65.0,219.5209510711583,154.5209510711583,237.7245401094743,High,242
22435,2011-09,98.0,128.62793066115788,30.62793066115788,31.252990470569266,Moderate,142
22435,2011-10,252.0,141.71304902439306,110.28695097560694,43.76466308555831,Moderate,156
22435,2011-11,143.0,110.81304525725172,32.18695474274827,22.508359959963826,Moderate,122
22436,2011-07,155.0,193.4673154977073,38.46731549770732,24.81762290174666,Moderate,213
22436,2011-08,171.0,197.25843432476532,26.258434324765343,15.355809546646398,Low,217
22436,2011-09,145.0,203.28272075874287,58.28272075874287,40.194979833615776,Moderate,224
22436,2011-10,330.0,192.98946763485225,137.01053236514775,41.51834314095387,Moderate,213
22436,2011-11,44.0,183.27268544343087,139.27268544343087,316.528830553252,High,202
22437,2011-07,404.0,204.09572980621363,199.90427019378637,49.48125499846198,Moderate,225
22437,2011-08,173.0,261.5842484216646,88.5842484216646,51.204767873794566,High,288
22437,2011-09,256.0,231.05007404877944,24.949925951220564,9.746064824695534,Low,255
22437,2011-10,256.0,227.09525407494775,28.904745925052225,11.290916376973525,Low,250
22437,2011-11,71.0,160.73444569815683,89.73444569815683,126.38654323684062,High,177
22438,2011-07,11.0,32.71856711417488,21.71856711417488,197.44151921977164,High,36
22438,2011-08,4.0,31.126485105741544,27.126485105741544,678.1621276435386,High,35
22438,2011-09,13.0,30.07356861521602,17.07356861521602,131.33514319396937,High,34
22438,2011-10,44.0,24.83323917038098,19.16676082961902,43.56082006731595,Moderate,28
22438,2011-11,597.0,39.14450750906207,557.8554924909379,93.44313107050885,High,44
22439,2011-07,72.0,179.0839909854118,107.0839909854118,148.72776525751638,High,197
22439,2011-08,294.0,128.11791901302846,165.88208098697154,56.4224765261808,High,141
22439,2011-09,99.0,227.49523944150175,128.49523944150178,129.79317115303212,High,251
22439,2011-10,182.0,151.78246555491182,30.217534445088177,16.603040903894602,Low,167
22439,2011-11,70.0,110.7558646330271,40.7558646330271,58.22266376146729,High,122
22440,2011-07,101.0,416.8216340956066,315.82163409560667,312.69468722337297,High,459
22440,2011-08,85.0,303.48448149686004,218.48448149686004,257.0405664668942,High,334
22440,2011-09,126.0,212.0292060770892,86.02920607708921,68.27714768022953,High,234
22440,2011-10,298.0,282.8216660453396,15.178333954660388,5.093400655926305,Low,312
22440,2011-11,40.0,128.06635445079957,88.06635445079957,220.1658861269989,High,141
22441,2011-07,22.0,65.82370969040748,43.82370969040748,199.1986804109431,High,73
22441,2011-08,94.0,77.11225966618741,16.887740333812587,17.965681206183604,Low,85
22441,2011-09,129.0,105.49195713080626,23.508042869193744,18.223289045886624,Low,117
22441,2011-10,165.0,138.09876431265454,26.901235687345466,16.3037792044518,Low,152
22441,2011-11,59.0,106.70689663485236,47.70689663485236,80.85914683873283,High,118
22442,2011-07,0.0,18.880484830624948,18.880484830624948,,Zero Demand,21
22442,2011-11,193.0,21.227239435877333,171.77276056412268,89.00143034410502,High,24
22443,2011-07,2.0,29.089267065251835,27.089267065251835,1354.4633532625917,High,32
22445,2011-07,27.0,24.451014997179964,2.548985002820036,9.440685195629763,Low,27
22445,2011-08,25.0,67.76177606752802,42.76177606752802,171.04710427011207,High,75
22445,2011-09,42.0,50.064832595215,8.064832595214995,19.201982369559513,Low,56
22445,2011-10,60.0,74.75768900807529,14.757689008075287,24.596148346792145,Moderate,83
22445,2011-11,10.0,55.327112928785645,45.327112928785645,453.27112928785647,High,61
22446,2011-07,12.0,24.83323917038098,12.83323917038098,106.94365975317484,High,28
22446,2011-08,35.0,31.07794338272717,3.9220566172728297,11.205876049350943,Low,35
22446,2011-09,64.0,67.76177606752802,3.761776067528018,5.877775105512528,Low,75
22446,2011-10,82.0,87.23747719796783,5.237477197967834,6.38716731459492,Low,96
22446,2011-11,109.0,71.6921300682258,37.307869931774206,34.2274036071323,Moderate,79
22447,2011-07,1.0,24.83323917038098,23.83323917038098,2383.323917038098,High,28
22447,2011-08,1.0,30.07356861521602,29.07356861521602,2907.356861521602,High,34
22447,2011-09,2.0,18.880484830624948,16.880484830624948,844.0242415312474,High,21
22447,2011-10,3.0,23.662915311205,20.662915311205,688.7638437068333,High,27
22447,2011-11,19.0,16.09900575574465,2.900994244255351,15.26839075923869,Low,18
22448,2011-07,6.0,38.05247889203013,32.05247889203013,534.2079815338356,High,42
22448,2011-08,7.0,32.818781055306346,25.818781055306346,368.83972936151923,High,37
22448,2011-09,22.0,23.662915311205,1.6629153112050012,7.558705960022732,Low,27
22448,2011-10,14.0,43.40411356563551,29.404113565635505,210.0293826116822,High,48
22448,2011-11,39.0,24.35613806969548,14.643861930304524,37.54836392385775,Moderate,27
22449,2011-07,44.0,61.33986812788779,17.33986812788779,39.40879119974498,Moderate,68
22449,2011-08,70.0,82.90530830079335,12.905308300793353,18.436154715419075,Low,92
22449,2011-09,64.0,107.58777924997293,43.58777924997291,68.10590507808267,High,119
22449,2011-10,28.0,88.86239845471336,60.86239845471336,217.36570876683342,High,98
22450,2011-07,0.0,31.66565062364934,31.66565062364934,,Zero Demand,35
22450,2011-10,20.0,26.077195298608974,6.077195298608974,30.38597649304487,Moderate,29
22452,2011-07,64.0,48.638749750414746,15.361250249585254,24.00195351497696,Moderate,54
22452,2011-08,89.0,81.15702793164958,7.84297206835042,8.812328166685864,Low,90
22452,2011-09,135.0,117.67135943105848,17.328640568941523,12.836030051067796,Low,130
22452,2011-10,24.0,153.8777602543689,129.8777602543689,541.1573343932038,High,170
22452,2011-11,2.0,50.03463504533419,48.03463504533419,2401.7317522667095,High,56
22453,2011-07,39.0,31.66565062364934,7.334349376350659,18.806024041924765,Low,35
22453,2011-08,18.0,48.24058091518948,30.24058091518948,168.0032273066082,High,54
22453,2011-09,8.0,46.21565959001035,38.21565959001035,477.6957448751293,High,51
22453,2011-10,31.0,31.126485105741544,0.1264851057415441,0.40801647013401315,Low,35
22453,2011-11,37.0,32.392274389213014,4.607725610786986,12.453312461586448,Low,36
22454,2011-07,2.0,23.662915311205,21.662915311205,1083.14576556025,High,27
22454,2011-08,3.0,24.672983338771957,21.672983338771957,722.4327779590652,High,28
22454,2011-09,14.0,23.662915311205,9.662915311205,69.02082365146428,High,27
22454,2011-10,16.0,25.67534341280964,9.67534341280964,60.470896330060256,High,29
22456,2011-07,129.0,154.80094648922793,25.800946489227925,20.000733712579787,Moderate,171
22456,2011-08,159.0,158.04380401309314,0.956195986906863,0.6013811238407943,Low,174
22456,2011-09,204.0,210.3820607788485,6.382060778848512,3.1284611661022117,Low,232
22456,2011-10,145.0,222.34320007797612,77.34320007797615,53.34013798481114,High,245
22456,2011-11,27.0,110.45384834806404,83.45384834806403,309.08832721505195,High,122
22457,2011-07,547.0,803.1654775652424,256.16547756524244,46.830983101506845,Moderate,884
22457,2011-08,676.0,801.6136474410137,125.61364744101364,18.581900509025687,Low,882
22457,2011-09,736.0,831.4543444468121,95.45434444681212,12.969340278099473,Low,915
22457,2011-10,804.0,980.6666993656816,176.66669936568155,21.973470070358402,Moderate,1079
22457,2011-11,928.0,488.067690917337,439.932309082663,47.40649882356282,Moderate,537
22460,2011-07,134.0,199.00900041837448,65.00900041837446,48.51417941669736,Moderate,219
22460,2011-08,211.0,187.62865990519185,23.371340094808147,11.076464499909076,Low,207
22460,2011-09,179.0,206.4114977332572,27.41149773325722,15.313685884501242,Low,228
22460,2011-10,377.0,220.2550670749447,156.7449329250553,41.57690528516056,Moderate,243
22460,2011-11,67.0,204.9228571030712,137.92285710307118,205.8550106015988,High,226
22461,2011-07,40.0,82.39070497131547,42.39070497131547,105.97676242828868,High,91
22464,2011-07,202.0,248.07243409203187,46.07243409203187,22.808135689124686,Moderate,273
22464,2011-08,254.0,234.7446001423663,19.255399857633705,7.580866085682561,Low,259
22464,2011-09,241.0,273.74797242016024,32.74797242016024,13.588370298821676,Low,302
22464,2011-10,347.0,275.8877222969958,71.11227770300422,20.49345178760929,Moderate,304
22464,2011-11,473.0,200.3689513469291,272.63104865307093,57.63869950382049,High,221
22465,2011-07,54.0,87.09298361306332,33.092983613063325,61.28330298715431,High,96
22465,2011-08,252.0,69.77855899396015,182.22144100603987,72.3100956373174,High,77
22465,2011-09,245.0,185.11710865961,59.88289134038999,24.4419964654653,Moderate,204
22465,2011-10,310.0,219.1633491362909,90.83665086370914,29.302145439906173,Moderate,242
22465,2011-11,447.0,192.84242254835848,254.15757745164152,56.85851844555738,High,213
22466,2011-07,107.0,110.76415339332794,3.7641533933279447,3.51790036759621,Low,122
22466,2011-08,235.0,137.361967856375,97.638032143625,41.54809878452127,Moderate,152
22466,2011-09,218.0,209.43596704972035,8.564032950279653,3.928455481779657,Low,231
22466,2011-10,442.0,219.04303832584225,222.95696167415775,50.442751509990444,High,241
22466,2011-11,93.0,205.8972204417079,112.8972204417079,121.39486069000849,High,227
22467,2011-07,380.0,547.4422592805971,167.4422592805971,44.0637524422624,Moderate,603
22467,2011-08,825.0,503.8241657279981,321.1758342720019,38.93040415418205,Moderate,555
22467,2011-09,816.0,819.7184389178178,3.7184389178178208,0.4556910438502231,Low,902
22467,2011-10,1007.0,776.8742654365244,230.1257345634756,22.852605219808897,Moderate,855
22467,2011-11,284.0,468.6133610344944,184.61336103449435,65.00470458961068,High,516
22468,2011-07,10.0,52.4123054612483,42.4123054612483,424.12305461248303,High,58
22468,2011-08,45.0,29.928299735018733,15.071700264981269,33.49266725551393,Moderate,33
22468,2011-09,54.0,69.4322882868909,15.432288286890897,28.578311642390545,Moderate,77
22468,2011-10,90.0,77.94717918406879,12.052820815931211,13.392023128812458,Low,86
22468,2011-11,8.0,68.17700186343838,60.17700186343838,752.2125232929798,High,75
22469,2011-07,600.0,1214.0733541186664,614.0733541186664,102.34555901977774,High,1336
22469,2011-08,1923.0,946.6978381087664,976.3021618912336,50.76974320807247,High,1042
22469,2011-09,1135.0,1441.8026799302197,306.8026799302195,27.031073121605242,Moderate,1586
22469,2011-10,2625.0,1757.5859658079935,867.4140341920063,33.04434415969548,Moderate,1934
22469,2011-11,166.0,870.012472860015,704.012472860015,424.10389931326205,High,958
22470,2011-07,283.0,702.5545510299198,419.5545510299198,148.252491530007,High,773
22470,2011-08,1135.0,419.3711230360764,715.6288769639236,63.05100237567609,High,462
22470,2011-09,623.0,938.2165999197424,315.2165999197424,50.59656499514325,High,1033
22470,2011-10,1716.0,926.7284192990884,789.2715807009115,45.99484736019298,Moderate,1020
22470,2011-11,106.0,722.9311049037643,616.9311049037643,582.010476324306,High,796
22471,2011-09,57.0,19.32134866516658,37.67865133483342,66.10289707865512,High,22
22471,2011-10,23.0,49.54987655812467,26.549876558124677,115.43424590488989,High,55
22471,2011-11,52.0,42.9446917034242,9.055308296575802,17.41405441649193,Low,48
22472,2011-07,7.0,25.29113813463597,18.29113813463597,261.30197335194237,High,28
22472,2011-08,2.0,20.496453272860588,18.496453272860588,924.8226636430294,High,23
22472,2011-09,15.0,19.890552858191903,4.890552858191906,32.603685721279376,Moderate,22
22472,2011-10,32.0,23.7644531721215,8.235546827878501,25.736083837120315,Moderate,27
22472,2011-11,72.0,32.80487954950077,39.19512045049923,54.43766729236005,High,37
22473,2011-07,2.0,18.880484830624948,16.880484830624948,844.0242415312474,High,21
22473,2011-08,4.0,18.880484830624948,14.880484830624948,372.0121207656237,High,21
22473,2011-09,30.0,18.880484830624948,11.119515169375052,37.06505056458351,Moderate,21
22473,2011-10,35.0,58.74877865206268,23.748778652062683,67.85365329160766,High,65
22473,2011-11,42.0,34.230962394301024,7.769037605698976,18.497708584997564,Low,38
22474,2011-07,6.0,25.29113813463597,19.29113813463597,321.5189689105995,High,28
22474,2011-08,6.0,19.32134866516658,13.321348665166578,222.0224777527763,High,22
22474,2011-09,23.0,19.32134866516658,3.6786513348334218,15.994136238406181,Low,22
22474,2011-10,44.0,58.74877865206268,14.748778652062684,33.519951481960646,Moderate,65
22474,2011-11,67.0,36.8577131176726,30.1422868823274,44.98848788407075,Moderate,41
22475,2011-07,16.0,21.904690135652817,5.904690135652817,36.90431334783011,Moderate,25
22475,2011-08,8.0,30.13653280024016,22.13653280024016,276.706660003002,High,34
22475,2011-09,61.0,26.130170804402876,34.86982919559713,57.16365441901169,High,29
22475,2011-10,71.0,73.13222765878797,2.1322276587879685,3.003137547588688,Low,81
22475,2011-11,49.0,59.71834293909833,10.718342939098328,21.874169263465976,Moderate,66
22476,2011-07,6.0,27.722252812836174,21.722252812836174,362.0375468806029,High,31
22476,2011-08,8.0,25.7320019691776,17.7320019691776,221.65002461472,High,29
22476,2011-09,40.0,20.496453272860588,19.50354672713941,48.75886681784852,Moderate,23
22476,2011-10,45.0,42.04003232235338,2.959967677646617,6.577705950325815,Low,47
22476,2011-11,628.0,45.37260401485052,582.6273959851495,92.77506305496011,High,50
22477,2011-07,29.0,72.09911994534282,43.09911994534282,148.61765498394078,High,80
22477,2011-08,13.0,54.54996299558981,41.54996299558981,319.61509996607543,High,61
22477,2011-09,23.0,41.71919597553635,18.71919597553635,81.38780858928848,High,46
22477,2011-10,110.0,73.09543226576776,36.904567734232245,33.54960703112022,Moderate,81
22477,2011-11,7.0,67.65520889628593,60.65520889628593,866.5029842326561,High,75
22478,2011-07,27.0,88.93727699111828,61.93727699111828,229.39732218932699,High,98
22478,2011-08,102.0,74.79896109441464,27.201038905585364,26.667685201554274,Moderate,83
22478,2011-09,41.0,100.4292093924429,59.4292093924429,144.94929120108026,High,111
22478,2011-10,61.0,88.05572062644195,27.055720626441957,44.35364037121632,Moderate,97
22478,2011-11,46.0,51.53351028580872,5.533510285808724,12.029370186540705,Low,57
22479,2011-07,37.0,74.554045416819,37.554045416818994,101.49742004545675,High,83
22479,2011-08,10.0,65.9800361150622,55.980036115062205,559.800361150622,High,73
22479,2011-09,17.0,65.92470622028547,48.92470622028547,287.79238953109103,High,73
22479,2011-10,19.0,55.1505746208242,36.1505746208242,190.26618221486422,High,61
22479,2011-11,11.0,30.2242571633667,19.2242571633667,174.76597421242454,High,34
22480,2011-07,43.0,69.04301498044187,26.043014980441868,60.56515111730667,High,76
22481,2011-07,60.0,88.50785856672134,28.50785856672134,47.513097611202234,Moderate,98
22481,2011-08,44.0,80.59213984078441,36.59213984078441,83.16395418360094,High,89
22481,2011-09,58.0,75.3960432495828,17.396043249582803,29.993178016522076,Moderate,83
22481,2011-10,52.0,93.48697869771786,41.48697869771786,79.7826513417651,High,103
22481,2011-11,139.0,51.74104063650568,87.25895936349431,62.776229757909576,High,57
22483,2011-07,32.0,50.46061970446911,18.46061970446911,57.689436576465965,High,56
22483,2011-08,20.0,67.76177606752802,47.76177606752802,238.80888033764006,High,75
22483,2011-09,101.0,48.623102997285024,52.376897002714976,51.85831386407423,High,54
22483,2011-10,109.0,105.04970836115196,3.9502916388480287,3.6241207695853475,Low,116
22483,2011-11,64.0,82.30967350156023,18.309673501560223,28.60886484618785,Moderate,91
22485,2011-07,32.0,67.13811363577277,35.13811363577277,109.8066051117899,High,74
22485,2011-08,56.0,77.49894558107998,21.49894558107998,38.39097425192853,Moderate,86
22485,2011-09,16.0,73.76034846189812,57.76034846189812,361.00217788686325,High,82
22485,2011-10,58.0,44.905541822002114,13.094458177997886,22.57665203103084,Moderate,50
22485,2011-11,26.0,39.75969044787959,13.759690447879583,52.921886337998394,High,44
22486,2011-09,3.0,20.894622108085866,17.894622108085862,596.4874036028621,High,23
22486,2011-10,5.0,18.880484830624948,13.880484830624948,277.60969661249896,High,21
22486,2011-11,21.0,13.371347529813546,7.628652470186454,36.3269165246974,Moderate,15
22487,2011-07,51.0,83.33692392005717,32.336923920057174,63.40573317658269,High,92
22487,2011-08,58.0,95.77091072509872,37.77091072509872,65.12225987085986,High,106
22487,2011-09,63.0,100.0203635225738,37.02036352257379,58.76248178186315,High,111
22487,2011-10,65.0,103.07547634628682,38.07547634628682,58.57765591736433,High,114
22487,2011-11,16.0,60.52218850317919,44.52218850317919,278.2636781448699,High,67
22488,2011-07,321.0,250.71792395260653,70.28207604739347,21.89472774062102,Moderate,276
22488,2011-08,228.0,309.48123972065883,81.48123972065883,35.737385842394225,Moderate,341
22488,2011-09,344.0,286.0811782754448,57.91882172455519,16.83686678039395,Low,315
22488,2011-10,323.0,310.6138588957522,12.386141104247828,3.8347186081262628,Low,342
22488,2011-11,37.0,193.94061951448495,156.94061951448498,424.1638365256351,High,214
22489,2011-07,408.0,886.0275240904048,478.0275240904048,117.16360884568746,High,975
22489,2011-08,939.0,665.9853513523384,273.0146486476616,29.075042454490053,Moderate,733
22489,2011-09,999.0,955.99440117325,43.00559882674986,4.304864747422409,Low,1052
22489,2011-10,999.0,1005.5978593956814,6.597859395681439,0.6604463859540981,Low,1107
22489,2011-11,417.0,442.5035743640077,25.503574364007648,6.115965075301594,Low,487
22491,2011-07,263.0,291.3078587018596,28.307858701859573,10.763444373330636,Low,321
22491,2011-08,195.0,301.90492691278075,106.90492691278077,54.82303944245167,High,333
22491,2011-09,223.0,303.9531341946644,80.95313419466436,36.30185389895263,Moderate,335
22491,2011-10,477.0,318.9416413703984,158.05835862960163,33.135924241006634,Moderate,351
22491,2011-11,31.0,286.5689721776999,255.5689721776999,824.4160392829028,High,316
22492,2011-07,1589.0,1719.648831053919,130.6488310539189,8.222078732153488,Low,1892
22492,2011-08,3373.0,1606.4478954339986,1766.5521045660014,52.3733206215832,High,1768
22492,2011-09,3215.0,2178.080375068685,1036.919624931315,32.25255443021197,Moderate,2396
22492,2011-10,3188.0,2447.1779891217893,740.8220108782107,23.23782970132405,Moderate,2692
22492,2011-11,292.0,1958.5450690514945,1666.5450690514942,570.7346126888679,High,2155
22493,2011-07,835.0,123.83114512989636,711.1688548701036,85.16992273893456,High,137
22493,2011-08,103.0,467.8076863841648,364.8076863841648,354.18221979045126,High,515
22493,2011-09,185.0,157.94024293607353,27.05975706392647,14.626895710230523,Low,174
22493,2011-10,204.0,211.2123839497396,7.212383949739575,3.535482328303713,Low,233
22493,2011-11,99.0,169.215809242651,70.215809242651,70.92505984106162,High,187
22494,2011-07,46.0,127.37070501203584,81.37070501203583,176.8928369826866,High,141
22494,2011-08,91.0,88.42210088358951,2.5778991164104923,2.8328561718796617,Low,98
22494,2011-09,45.0,111.40775016272116,66.40775016272116,147.57277813938035,High,123
22494,2011-10,94.0,88.42210088358951,5.577899116410492,5.933935230223928,Low,98
22494,2011-11,15.0,74.79487785549364,59.79487785549364,398.6325190366243,High,83
22495,2011-07,3.0,30.07356861521602,27.07356861521602,902.4522871738674,High,34
22495,2011-08,29.0,24.672983338771957,4.327016661228047,14.920747107682923,Low,28
22495,2011-09,15.0,62.6480965284468,47.6480965284468,317.653976856312,High,69
22495,2011-10,25.0,33.8248424603666,8.824842460366597,35.29936984146639,Moderate,38
22495,2011-11,98.0,35.091673940890246,62.90832605910976,64.19216944807118,High,39
22496,2011-07,8.0,24.838019918899004,16.838019918899004,210.47524898623755,High,28
22496,2011-08,18.0,30.07356861521602,12.073568615216018,67.07538119564454,High,34
22496,2011-09,26.0,34.47809944627858,8.478099446278577,32.608074793379146,Moderate,38
22496,2011-10,25.0,67.76177606752802,42.76177606752802,171.04710427011207,High,75
22496,2011-11,111.0,36.517756785690494,74.4822432143095,67.10112001289144,High,41
22497,2011-07,20.0,26.344054625161487,6.344054625161487,31.720273125807434,Moderate,29
22497,2011-08,19.0,34.954573688772854,15.954573688772854,83.97144046722555,High,39
22497,2011-09,8.0,32.393683582263094,24.39368358226309,304.9210447782886,High,36
22497,2011-10,5.0,25.7320019691776,20.7320019691776,414.64003938355194,High,29
22497,2011-11,1.0,17.630173138952713,16.630173138952713,1663.0173138952714,High,20
22498,2011-07,19.0,81.08323972781099,62.08323972781099,326.7538933042684,High,90
22498,2011-08,8.0,44.905541822002114,36.905541822002114,461.31927277502643,High,50
22498,2011-09,15.0,26.78491845970312,11.784918459703118,78.56612306468746,High,30
22498,2011-10,17.0,26.37424668762,9.37424668762,55.14262757423529,High,30
22498,2011-11,3.0,20.90138002738753,17.901380027387532,596.7126675795844,High,23
22499,2011-07,35.0,238.743888663875,203.743888663875,582.1253961824999,High,263
22499,2011-08,28.0,100.96810541802266,72.96810541802266,260.60037649293804,High,112
22499,2011-09,21.0,100.96622331271192,79.96622331271193,380.79153958434256,High,112
22499,2011-10,46.0,68.45837295110395,22.458372951103957,48.822549893704256,Moderate,76
22499,2011-11,23.0,45.00912027232769,22.00912027232769,95.69182727098995,High,50
22500,2011-07,9.0,26.344054625161487,17.344054625161487,192.71171805734986,High,29
22500,2011-08,11.0,20.894622108085866,9.894622108085862,89.95111007350783,High,23
22500,2011-09,12.0,25.235102884688605,13.235102884688605,110.29252403907171,High,28
22500,2011-10,11.0,26.736376736688747,15.736376736688747,143.05797033353406,High,30
22500,2011-11,91.0,19.969890558623295,71.03010944137671,78.05506532019419,High,22
22501,2011-07,35.0,221.19505940980537,186.19505940980537,531.9858840280153,High,244
22501,2011-08,8.0,121.69554350768784,113.69554350768784,1421.1942938460982,High,134
22501,2011-09,45.0,73.22768823898207,28.22768823898207,62.72819608662682,High,81
22501,2011-10,16.0,56.95823896028869,40.95823896028869,255.98899350180432,High,63
22502,2011-07,29.0,196.32408363390272,167.32408363390272,576.9795987375956,High,216
22502,2011-08,7.0,105.37474003466778,98.37474003466778,1405.3534290666826,High,116
22503,2011-07,4.0,25.528387920229484,21.528387920229484,538.2096980057371,High,29
22503,2011-08,0.0,25.29113813463597,25.29113813463597,,Zero Demand,28
22504,2011-07,4.0,75.87274135439812,71.87274135439812,1796.8185338599528,High,84
22504,2011-08,0.0,43.90116705449096,43.90116705449096,,Zero Demand,49
22504,2011-11,3.0,32.54334159121871,29.543341591218717,984.7780530406238,High,36
22505,2011-07,42.0,104.3813803972123,62.3813803972123,148.52709618383878,High,115
22505,2011-08,97.0,87.87686772918883,9.123132270811167,9.405291000836256,Low,97
22505,2011-09,107.0,110.58620588278929,3.586205882789286,3.351594282980641,Low,122
22505,2011-10,152.0,138.04633085422697,13.953669145773034,9.180045490640154,Low,152
22505,2011-11,23.0,102.4832057091005,79.4832057091005,345.5791552569587,High,113
22507,2011-07,123.0,197.4700722367585,74.47007223675854,60.544774176226454,High,218
22507,2011-08,541.0,189.14096132097237,351.85903867902766,65.03863931220475,High,209
22507,2011-09,110.0,511.9319325680951,401.9319325680951,365.39266597099555,High,564
22507,2011-10,186.0,209.0388983312943,23.03889833129429,12.386504479190478,Low,230
22507,2011-11,50.0,116.7712949825282,66.7712949825282,133.5425899650564,High,129
22508,2011-07,71.0,66.39399451217842,4.606005487821577,6.4873316729881365,Low,74
22508,2011-08,818.0,106.76029477989056,711.2397052201094,86.94861922006227,High,118
22508,2011-09,82.0,483.22130044807625,401.22130044807625,489.2942688391174,High,532
22508,2011-10,138.0,118.94848103422372,19.05151896577628,13.80544852592484,Low,131
22508,2011-11,26.0,127.36043581773096,101.36043581773096,389.847830068196,High,141
22509,2011-07,3.0,18.880484830624948,15.880484830624948,529.3494943541649,High,21
22509,2011-08,5.0,18.880484830624948,13.880484830624948,277.60969661249896,High,21
22509,2011-09,7.0,18.880484830624948,11.880484830624948,169.7212118660707,High,21
22509,2011-10,13.0,20.894622108085866,7.894622108085862,60.72786236989125,High,23
22509,2011-11,111.0,11.58271043995327,99.41728956004673,89.56512572977182,High,13
22510,2011-07,0.0,22.77980270700908,22.77980270700908,,Zero Demand,26
22510,2011-10,16.0,25.566095008420703,9.566095008420705,59.788093802629405,High,29
22510,2011-11,28.0,28.330923067961603,0.3309230679616028,1.1818680998628672,Low,32
22511,2011-07,3.0,22.77980270700908,19.77980270700908,659.3267569003026,High,26
22511,2011-08,0.0,22.77980270700908,22.77980270700908,,Zero Demand,26
22511,2011-11,30.0,35.961160655873186,5.961160655873186,19.870535519577288,Low,40
22512,2011-07,4.0,18.880484830624948,14.880484830624948,372.0121207656237,High,21
22512,2011-08,8.0,22.77980270700908,14.779802707009082,184.74753383761353,High,26
22512,2011-09,7.0,19.32134866516658,12.321348665166578,176.01926664523683,High,22
22512,2011-10,12.0,22.20669808101646,10.20669808101646,85.05581734180385,High,25
22512,2011-11,26.0,18.61462000834841,7.38537999165159,28.40530766019842,Moderate,21
22513,2011-07,10.0,22.77980270700908,12.779802707009082,127.79802707009082,High,26
22513,2011-08,13.0,24.395771149244723,11.395771149244723,87.65977807111327,High,27
22513,2011-09,13.0,26.736376736688747,13.736376736688747,105.66443643606729,High,30
22513,2011-10,10.0,26.736376736688747,16.736376736688747,167.3637673668875,High,30
22513,2011-11,58.0,20.62103350359146,37.37896649640854,64.44649395932507,High,23
22514,2011-07,4.0,38.64556968125805,34.64556968125805,866.1392420314513,High,43
22514,2011-08,3.0,31.126485105741544,28.126485105741544,937.5495035247181,High,35
22514,2011-09,4.0,23.662915311205,19.662915311205,491.57288278012504,High,27
22514,2011-10,23.0,23.662915311205,0.6629153112050012,2.8822404835000053,Low,27
22514,2011-11,14.0,30.420243171463333,16.420243171463333,117.28745122473809,High,34
22515,2011-07,1.0,28.469497131392743,27.469497131392743,2746.949713139274,High,32
22515,2011-08,4.0,31.126485105741544,27.126485105741544,678.1621276435386,High,35
22515,2011-09,6.0,22.77980270700908,16.779802707009082,279.6633784501514,High,26
22515,2011-10,18.0,23.662915311205,5.662915311205001,31.460640617805563,Moderate,27
22515,2011-11,5.0,18.51674364935011,13.516743649350111,270.3348729870022,High,21
22516,2011-07,6.0,27.13011178913449,21.13011178913449,352.16852981890815,High,30
22516,2011-08,0.0,24.715831801730516,24.715831801730516,,Zero Demand,28
22517,2011-07,7.0,26.90100443699148,19.90100443699148,284.3000633855926,High,30
22517,2011-08,4.0,23.662915311205,19.662915311205,491.57288278012504,High,27
22517,2011-09,3.0,24.672983338771957,21.672983338771957,722.4327779590652,High,28
22517,2011-10,13.0,23.662915311205,10.662915311205,82.02242547080769,High,27
22517,2011-11,6.0,18.19146011287176,12.191460112871756,203.19100188119594,High,21
22522,2011-07,18.0,90.3133086220646,72.31330862206461,401.74060345591454,High,100
22522,2011-08,5.0,55.32342642146716,50.32342642146716,1006.4685284293432,High,61
22522,2011-09,34.0,45.69693043771002,11.696930437710025,34.40273658150007,Moderate,51
22522,2011-10,18.0,55.37227386402827,37.37227386402827,207.62374368904597,High,61
22522,2011-11,1.0,45.38121828185591,44.38121828185591,4438.121828185591,High,50
22523,2011-07,18.0,88.07723189129985,70.07723189129985,389.3179549516658,High,97
22523,2011-08,5.0,58.068638861557474,53.068638861557474,1061.3727772311495,High,64
22523,2011-09,37.0,45.69693043771002,8.696930437710023,23.505217399216278,Moderate,51
22523,2011-10,27.0,56.94554730694755,29.945547306947557,110.90943447017614,High,63
22523,2011-11,13.0,46.06328581158832,33.063285811588315,254.3329677814486,High,51
22526,2011-07,2.0,24.67098495779849,22.67098495779849,1133.5492478899243,High,28
22526,2011-08,6.0,25.29113813463597,19.29113813463597,321.5189689105995,High,28
22526,2011-09,10.0,20.496453272860588,10.496453272860588,104.96453272860589,High,23
22526,2011-10,7.0,20.894622108085866,13.894622108085862,198.49460154408374,High,23
22526,2011-11,4.0,20.62103350359146,16.62103350359146,415.5258375897865,High,23
22529,2011-07,72.0,74.84781853465259,2.847818534652589,3.9553035203508182,Low,83
22529,2011-08,35.0,79.54689533374903,44.54689533374904,127.27684381071154,High,88
22529,2011-09,249.0,81.01659713886616,167.98340286113384,67.46321400045537,High,90
22529,2011-10,160.0,165.25533892982804,5.255338929828042,3.284586831142526,Low,182
22529,2011-11,54.0,97.25990001852242,43.259900018522416,80.1109259602267,High,107
22530,2011-07,167.0,117.97883700166145,49.02116299833855,29.3539898193644,Moderate,130
22530,2011-08,535.0,177.1148560297952,357.8851439702048,66.89441943368314,High,195
22530,2011-09,475.0,407.7078452450671,67.29215475493294,14.166769422091145,Low,449
22530,2011-10,744.0,395.6035847796454,348.3964152203546,46.827475164026154,Moderate,436
22530,2011-11,76.0,270.8470187617664,194.8470187617664,256.37765626548213,High,298
22531,2011-07,82.0,249.19385647604156,167.19385647604153,203.89494692200185,High,275
22531,2011-08,311.0,174.77709325481305,136.22290674518695,43.80157773157137,Moderate,193
22531,2011-09,239.0,318.84207357420536,79.84207357420536,33.4067253448558,Moderate,351
22531,2011-10,448.0,294.2182204333247,153.7817795666753,34.32629008184717,Moderate,324
22531,2011-11,64.0,216.98570665318505,152.98570665318502,239.0401666456016,High,239
22532,2011-07,36.0,160.35766855344693,124.35766855344691,345.4379682040192,High,177
22532,2011-08,258.0,139.93351608019512,118.06648391980488,45.762203069691815,Moderate,154
22532,2011-09,125.0,180.563015704516,55.563015704516005,44.4504125636128,Moderate,199
22532,2011-10,69.0,160.43130291547948,91.43130291547948,132.5091346601152,High,177
22532,2011-11,34.0,70.06761372197697,36.06761372197697,106.08121682934402,High,78
22533,2011-07,5.0,163.22828497530372,158.22828497530372,3164.5656995060745,High,180
22533,2011-08,230.0,243.6020869652804,13.602086965280364,5.913950854469723,Low,268
22533,2011-09,64.0,189.05547002956095,125.05547002956098,195.39917192118904,High,208
22533,2011-10,72.0,146.43662586903696,74.43662586903696,103.38420259588466,High,162
22533,2011-11,6.0,145.79566985691994,139.79566985691994,2329.927830948666,High,161
22534,2011-07,170.0,266.72415217263926,96.72415217263926,56.89656010155251,High,294
22534,2011-08,625.0,279.8774551590879,345.1225448409121,55.219607174545935,High,308
22534,2011-09,546.0,493.4612552161477,52.53874478385228,9.622480729643275,Low,543
22534,2011-10,507.0,521.4713270485855,14.471327048585522,2.8543051377880713,Low,574
22534,2011-11,111.0,223.3667357058629,112.36673570586294,101.23129342870534,High,246
22535,2011-07,100.0,161.7990579747811,61.79905797478111,61.7990579747811,High,178
22535,2011-08,392.0,145.4671867249128,246.5328132750872,62.8910237946651,High,161
22535,2011-09,168.0,299.3058165435368,131.30581654353682,78.15822413305763,High,330
22535,2011-10,181.0,210.2043791920318,29.20437919203181,16.13501612819437,Low,232
22535,2011-11,36.0,124.32248187288984,88.32248187288985,245.34022742469404,High,137
22536,2011-07,107.0,266.01882284405,159.01882284404996,148.61572228415884,High,293
22536,2011-08,468.0,230.06748455979488,237.93251544020512,50.84028107696691,High,254
22536,2011-09,276.0,377.2775269716759,101.27752697167593,36.69475614915794,Moderate,416
22536,2011-10,116.0,339.39699536339504,223.39699536339504,192.58361669258193,High,374
22536,2011-11,56.0,152.9809499376734,96.9809499376734,173.18026774584536,High,169
22537,2011-07,164.0,103.07839475068492,60.92160524931508,37.1473202739726,Moderate,114
22537,2011-08,190.0,172.78512776250204,17.214872237497957,9.060459072367346,Low,191
22537,2011-09,270.0,195.33211599099064,74.66788400900936,27.65477185518865,Moderate,215
22537,2011-10,338.0,274.2435150629875,63.75648493701249,18.862865365980024,Low,302
22537,2011-11,40.0,200.34398868152945,160.34398868152942,400.85997170382353,High,221
22538,2011-07,3.0,74.84781853465259,71.84781853465259,2394.9272844884194,High,83
22538,2011-08,23.0,45.77131292099892,22.771312920998923,99.00570835216924,High,51
22538,2011-09,5.0,61.7334619622918,56.7334619622918,1134.669239245836,High,68
22538,2011-10,12.0,51.00520204544804,39.00520204544804,325.04335037873363,High,57
22538,2011-11,48.0,32.8995576282411,15.100442371758902,31.459254941164378,Moderate,37
22539,2011-07,58.0,116.85618279550924,58.85618279550923,101.4761772336366,High,129
22539,2011-08,331.0,84.05917393659921,246.9408260634008,74.60447917323287,High,93
22539,2011-09,420.0,240.5761759639509,179.4238240360491,42.71995810382121,Moderate,265
22539,2011-10,359.0,287.5378027493957,71.46219725060428,19.905904526630717,Low,317
22539,2011-11,348.0,194.7801952700032,153.21980472999678,44.02867952011402,Moderate,215
22540,2011-07,269.0,116.58713074679116,152.41286925320884,56.659059201936365,High,129
22540,2011-08,45.0,193.06216910794183,148.06216910794186,329.027042462093,High,213
22540,2011-09,74.0,118.20511441134968,44.20511441134968,59.73664109641849,High,131
22540,2011-10,128.0,123.21232570867214,4.7876742913278605,3.740370540099891,Low,136
22540,2011-11,251.0,92.74638308290102,158.25361691709898,63.04924976776852,High,103
22541,2011-07,5.0,50.26624931308992,45.26624931308992,905.3249862617985,High,56
22541,2011-08,12.0,47.01193229201952,35.01193229201952,291.76610243349603,High,52
22541,2011-09,49.0,46.5231337283841,2.476866271615897,5.054829125746728,Low,52
22541,2011-10,31.0,73.59207620481402,42.59207620481402,137.3937942090775,High,81
22541,2011-11,7.0,66.78604582063561,59.78604582063561,854.086368866223,High,74
22543,2011-07,25.0,101.97264096668736,76.97264096668736,307.89056386674946,High,113
22543,2011-08,52.0,122.09742072435394,70.09742072435394,134.80273216221912,High,135
22543,2011-09,267.0,76.6048742129894,190.3951257870106,71.30903587528488,High,85
22543,2011-10,10.0,166.54109604213355,156.54109604213355,1565.4109604213354,High,184
22543,2011-11,126.0,83.28272585232229,42.71727414767771,33.90259852990295,Moderate,92
22544,2011-07,371.0,129.8670064724687,241.1329935275313,64.99541604515669,High,143
22544,2011-08,370.0,238.0913364928182,131.9086635071818,35.650990137076164,Moderate,262
22544,2011-09,406.0,293.63376753086345,112.36623246913656,27.676411938210975,Moderate,323
22544,2011-10,484.0,296.15772031276555,187.84227968723445,38.81038836513109,Moderate,326
22544,2011-11,597.0,263.89364365914463,333.10635634085537,55.796709604833396,High,291
22545,2011-07,56.0,85.37730795973062,29.37730795973061,52.45947849951895,High,94
22545,2011-08,76.0,94.52499041004155,18.524990410041568,24.37498738163364,Moderate,104
22545,2011-09,247.0,102.69005379344436,144.30994620655565,58.42507943585249,High,113
22545,2011-10,48.0,166.93926487735885,118.93926487735884,247.79013516116427,High,184
22545,2011-11,168.0,73.48290753634708,94.51709246365292,56.260174085507686,High,81
22546,2011-07,76.0,91.7386205083396,15.738620508339608,20.708711195183692,Moderate,101
22546,2011-08,55.0,88.58063417759476,33.58063417759476,61.055698504717746,High,98
22546,2011-09,362.0,94.4442261604528,267.5557738395472,73.91043476230587,High,104
22546,2011-10,323.0,276.9233541980996,46.07664580190038,14.26521541854501,Low,305
22546,2011-11,127.0,192.9756409779125,65.97564097791249,51.949323604655504,High,213
22547,2011-07,83.0,76.61045442993483,6.389545570065167,7.698247674777309,Low,85
22547,2011-08,33.0,92.4091225056456,59.40912250564561,180.02764395650186,High,102
22547,2011-09,9.0,80.1303768003356,71.1303768003356,790.3375200037289,High,89
22547,2011-10,56.0,55.68098423877309,0.3190157612269075,0.5696710021909063,Low,62
22547,2011-11,181.0,49.31018407688981,131.6898159231102,72.75680437740894,High,55
22548,2011-07,72.0,186.95672456546177,114.95672456546176,159.6621174520302,High,206
22548,2011-08,605.0,136.06231837137096,468.937681628629,77.51036059977339,High,150
22548,2011-09,113.0,429.5957679548188,316.5957679548188,280.17324597771574,High,473
22548,2011-10,75.0,179.28205821590615,104.28205821590616,139.04274428787488,High,198
22549,2011-07,63.0,161.52413965165616,98.52413965165616,156.3875232565971,High,178
22549,2011-08,277.0,107.33010807911845,169.66989192088158,61.25266856349516,High,119
22549,2011-09,343.0,250.97950274660943,92.02049725339056,26.828133310026402,Moderate,277
22549,2011-10,757.0,297.5229024666369,459.4770975333631,60.6971066754773,High,328
22549,2011-11,201.0,305.9469527993484,104.94695279934842,52.21241432803404,High,337
22550,2011-07,15.0,112.89428684389524,97.89428684389524,652.6285789593016,High,125
22550,2011-08,139.0,59.880725300515,79.119274699485,56.92034151042087,High,66
22550,2011-09,113.0,137.78189942899257,24.781899428992546,21.93088445043588,Moderate,152
22550,2011-10,80.0,139.82024408801468,59.82024408801468,74.77530511001835,High,154
22550,2011-11,25.0,75.23663338307185,50.23663338307185,200.9465335322874,High,83
22551,2011-07,588.0,520.55162293405,67.44837706595001,11.470812426181975,Low,573
22551,2011-08,707.0,486.0008181568894,220.9991818431106,31.25872444739895,Moderate,535
22551,2011-09,668.0,698.2198734028458,30.219873402845792,4.523933144138591,Low,769
22551,2011-10,1249.0,710.0853708005548,538.9146291994452,43.14768848674502,Moderate,782
22551,2011-11,247.0,544.3556592869004,297.3556592869004,120.3869065938868,High,599
22553,2011-07,338.0,231.44480267988857,106.55519732011145,31.525206307725277,Moderate,255
22553,2011-08,545.0,297.58574410162777,247.41425589837223,45.397111174013254,Moderate,328
22553,2011-09,592.0,521.4951973169,70.50480268310002,11.90959504782095,Low,574
22553,2011-10,622.0,555.9402721506661,66.05972784933385,10.620535024008658,Low,612
22553,2011-11,166.0,284.44990404618784,118.44990404618784,71.35536388324569,High,313
22554,2011-07,362.0,574.4040436129768,212.4040436129768,58.675150169330614,High,632
22554,2011-08,884.0,456.9780300275507,427.0219699724493,48.30565271181553,Moderate,503
22554,2011-09,789.0,780.7578369434342,8.2421630565658,1.0446341009589102,Low,859
22554,2011-10,1173.0,912.7382428086185,260.26175719138166,22.187703085369282,Moderate,1005
22554,2011-11,181.0,532.8187096192346,351.8187096192346,194.37497769018486,High,587
22555,2011-07,342.0,280.3804348394505,61.619565160549485,18.01741671361096,Low,309
22555,2011-08,733.0,401.46528973890105,331.5347102610989,45.22983768909944,Moderate,442
22555,2011-09,540.0,636.2828696620211,96.28286966202108,17.830161048522424,Low,700
22555,2011-10,643.0,619.2140777812871,23.785922218712926,3.699210298400144,Low,682
22555,2011-11,172.0,304.16682877672304,132.16682877672304,76.8411795213506,High,335
22556,2011-07,413.0,391.3003077462909,21.699692253709088,5.254162773295179,Low,431
22556,2011-08,621.0,403.2237619704799,217.77623802952007,35.06863736385186,Moderate,444
22556,2011-09,580.0,574.5991297280491,5.400870271950907,0.9311845296467081,Low,633
22556,2011-10,735.0,639.730493688863,95.26950631113698,12.96183759335197,Low,704
22556,2011-11,228.0,320.33934995777065,92.33934995777064,40.499714893759055,Moderate,353
22557,2011-07,412.0,270.587049722298,141.412950277702,34.323531620801454,Moderate,298
22557,2011-08,450.0,294.634391174905,155.36560882509502,34.52569085002112,Moderate,325
22557,2011-09,458.0,479.6633032781341,21.66330327813404,4.729978881688655,Low,528
22557,2011-10,599.0,513.0786619737601,85.92133802623994,14.34412988751919,Low,565
22557,2011-11,166.0,236.3565313439406,70.35653134394059,42.38345261683168,Moderate,260
22558,2011-07,397.0,736.183549176052,339.183549176052,85.43666226097028,High,810
22558,2011-08,1017.0,648.130433874342,368.869566125658,36.27036048433215,Moderate,713
22558,2011-09,523.0,856.8610012528396,333.8610012528396,63.83575549767488,High,943
22558,2011-10,634.0,811.907157905117,177.90715790511695,28.061065915633588,Moderate,894
22558,2011-11,290.0,416.81810927743896,126.81810927743896,43.73038250946171,Moderate,459
22559,2011-07,20.0,65.24929349701411,45.24929349701411,226.24646748507055,High,72
22559,2011-08,13.0,64.49072109598154,51.49072109598154,396.0824699690888,High,71
22559,2011-09,6.0,32.71870211175029,26.71870211175029,445.3117018625048,High,36
22559,2011-10,28.0,31.126485105741544,3.126485105741544,11.16601823479123,Low,35
22559,2011-11,3.0,30.420243171463333,27.420243171463333,914.0081057154445,High,34
22560,2011-07,590.0,448.60543098034174,141.39456901965826,23.965181189772586,Moderate,494
22560,2011-08,866.0,475.3103869083363,390.6896130916637,45.114274029060475,Moderate,523
22560,2011-09,745.0,610.6061082242675,134.39389177573253,18.039448560501008,Low,672
22560,2011-10,1307.0,818.952978904337,488.047021095663,37.34101156049449,Moderate,901
22560,2011-11,954.0,545.200285810279,408.799714189721,42.85112308068354,Moderate,600
22561,2011-07,1176.0,226.3156170645332,949.6843829354668,80.75547473941045,High,249
22561,2011-08,682.0,611.4622297460477,70.53777025395232,10.342781562163097,Low,673
22561,2011-09,582.0,683.4374082592487,101.43740825924874,17.429107948324525,Low,752
22561,2011-10,847.0,699.1950142654255,147.80498573457453,17.450411538910807,Low,770
22561,2011-11,302.0,480.95994964984845,178.95994964984845,59.25826147345975,High,530
22562,2011-07,94.0,84.82365826400368,9.176341735996315,9.762065676591824,Low,94
22562,2011-08,252.0,112.28168586080304,139.71831413919696,55.44377545206228,High,124
22562,2011-09,144.0,215.15840288899423,71.15840288899426,49.41555756180157,Moderate,237
22562,2011-10,223.0,163.12185499743077,59.87814500256923,26.851186099806828,Moderate,180
22562,2011-11,93.0,90.37755315692594,2.6224468430740586,2.8198353151333966,Low,100
22563,2011-07,110.0,202.25755279763405,92.25755279763403,83.87050254330367,High,223
22563,2011-08,259.0,163.6184252090348,95.3815747909652,36.82686285365452,Moderate,180
22563,2011-09,280.0,238.2037094688724,41.79629053112762,14.927246618259863,Low,263
22563,2011-10,306.0,270.33797056847857,35.66202943152143,11.654257984157331,Low,298
22563,2011-11,343.0,175.37169501346153,167.62830498653847,48.87122594359722,Moderate,193
22564,2011-07,969.0,100.266486857307,868.733513142693,89.65258133567524,High,111
22564,2011-08,119.0,463.80154122998033,344.8015412299804,289.7491943109079,High,511
22564,2011-09,93.0,192.30960057782625,99.30960057782625,106.7845167503508,High,212
22564,2011-10,556.0,220.87855505025288,335.1214449497471,60.27364117801207,High,243
22564,2011-11,58.0,239.20555686100568,181.20555686100568,312.42337389828566,High,264
22565,2011-07,67.0,65.89920910701983,1.1007908929801715,1.6429714820599577,Low,73
22565,2011-08,45.0,101.5672403449469,56.567240344946896,125.70497854432642,High,112
22565,2011-09,88.0,76.76051030963977,11.23948969036023,12.772147375409352,Low,85
22565,2011-10,179.0,111.3143901973535,67.6856098026465,37.81318983388072,Moderate,123
22565,2011-11,23.0,107.13396157441916,84.13396157441917,365.7998329322573,High,118
22566,2011-07,38.0,64.45342645470419,26.453426454704186,69.61428014395838,High,71
22566,2011-08,42.0,67.36087429221072,25.360874292210724,60.38303402907316,High,75
22566,2011-09,82.0,73.77112199283728,8.22887800716272,10.035217081905756,Low,82
22566,2011-10,243.0,110.83490576986956,132.16509423013042,54.388927666720335,High,122
22566,2011-11,46.0,107.05564582255856,61.055645822558574,132.72966483164907,High,118
22567,2011-07,203.0,88.8348457745119,114.1651542254881,56.238992229304486,High,98
22567,2011-08,119.0,187.3049087803172,68.30490878031722,57.39908300866994,High,207
22567,2011-09,209.0,157.79707300943628,51.202926990563725,24.499008129456328,Moderate,174
22567,2011-10,120.0,198.27775138427717,78.27775138427714,65.23145948689762,High,219
22567,2011-11,34.0,112.79789481482211,78.79789481482213,231.75851416124152,High,125
22568,2011-07,403.0,182.13100332555385,220.86899667444612,54.80620264874594,High,201
22568,2011-08,231.0,286.6787613865091,55.67876138650911,24.103359907579698,Moderate,316
22568,2011-09,859.0,252.08648211416863,606.9135178858313,70.65349451523065,High,278
22568,2011-10,468.0,729.157375410376,261.15737541037595,55.802857993670074,High,803
22568,2011-11,24.0,245.71536109902715,221.71536109902715,923.8140045792799,High,271
22569,2011-07,366.0,164.5025378352745,201.4974621647255,55.05395141112719,High,181
22569,2011-08,280.0,274.23520227299736,5.7647977270026445,2.0588563310723726,Low,302
22569,2011-09,513.0,310.4232995596348,202.57670044036524,39.488635563424026,Moderate,342
22570,2011-07,387.0,161.74227132553256,225.25772867446744,58.206131440430866,High,178
22570,2011-08,261.0,276.4718948724547,15.471894872454698,5.927929069906014,Low,305
22570,2011-09,659.0,287.68427580469194,371.31572419530806,56.34532992341549,High,317
22570,2011-10,41.0,457.2239846793481,416.2239846793481,1015.1804504374345,High,503
22571,2011-07,121.0,87.89133379869823,33.10866620130177,27.362534050662624,Moderate,97
22571,2011-08,249.0,118.03440382289098,130.96559617710903,52.59662497072652,High,130
22571,2011-09,526.0,215.6378873164782,310.3621126835218,59.00420393222847,High,238
22571,2011-10,757.0,544.61329761172,212.38670238828,28.056367554594452,Moderate,600
22571,2011-11,191.0,262.6487969701759,71.64879697017591,37.51245914668896,Moderate,289
22572,2011-07,34.0,44.53833961685605,10.53833961685605,30.99511652016485,Moderate,49
22572,2011-08,163.0,67.36087429221072,95.63912570778928,58.67431025017748,High,75
22572,2011-09,383.0,154.31450313097588,228.6854968690241,59.70900701541099,High,170
22572,2011-10,486.0,301.33223958355734,184.66776041644263,37.99748156716927,Moderate,332
22573,2011-07,50.0,46.20573330585236,3.7942666941476375,7.588533388295275,Low,51
22573,2011-08,789.0,65.86642104649356,723.1335789535065,91.65191114746595,High,73
22573,2011-09,498.0,513.6305347497196,15.630534749719573,3.1386615963292313,Low,565
22573,2011-10,731.0,396.509216683391,334.490783316609,45.75797309392736,Moderate,437
22573,2011-11,298.0,256.18345544045104,41.81654455954896,14.032397503204349,Low,282
22574,2011-07,44.0,45.31066538613808,1.3106653861380837,2.9787849684956447,Low,50
22574,2011-08,192.0,65.86642104649356,126.13357895350644,65.69457237161794,High,73
22574,2011-09,361.0,198.94465522827988,162.05534477172012,44.890677222083134,Moderate,219
22574,2011-10,918.0,325.32923758062486,592.6707624193751,64.56108523086876,High,358
22574,2011-11,341.0,349.6072508011764,8.607250801176406,2.524120469553198,Low,385
22575,2011-08,112.0,47.84058084675586,64.15941915324413,57.2851956725394,High,53
22575,2011-09,217.0,117.86857643753802,99.13142356246198,45.682683669337315,Moderate,130
22575,2011-10,146.0,177.37635456674187,31.376354566741867,21.490653812836896,Moderate,196
22575,2011-11,1.0,97.18262985805418,96.18262985805418,9618.262985805419,High,107
22576,2011-07,49.0,58.31087535715609,9.310875357156092,19.0017864431757,Low,65
22576,2011-08,110.0,74.99787441435754,35.00212558564246,31.820114168765873,Moderate,83
22576,2011-09,300.0,126.70522597390894,173.29477402609106,57.76492467536368,High,140
22576,2011-10,542.0,288.674732625126,253.325267374874,46.73897922045646,Moderate,318
22576,2011-11,158.0,218.88386742058972,60.88386742058975,38.53409330417073,Moderate,241
22577,2011-07,65.0,83.06437830750623,18.06437830750623,27.79135124231728,Moderate,92
22577,2011-08,1300.0,80.59213984078441,1219.4078601592155,93.80060462763196,High,89
22577,2011-09,3028.0,1336.094844885874,1691.905155114126,55.87533537365014,High,1470
22577,2011-10,5001.0,2817.993037246916,2183.0069627530843,43.65140897326703,Moderate,3100
22577,2011-11,720.0,2351.225537317325,1631.2255373173252,226.55910240518406,High,2587
22578,2011-08,1229.0,60.44035318638146,1168.5596468136189,95.08215189695841,High,67
22578,2011-09,2354.0,1231.4136252775402,1122.5863747224598,47.68846111820135,Moderate,1355
22578,2011-10,5365.0,1876.107754464031,3488.8922455359693,65.0306103548177,High,2064
22578,2011-11,1230.0,2471.780242197756,1241.7802421977558,100.95774326811022,High,2719
22579,2011-08,720.0,60.44035318638146,659.5596468136185,91.60550650189147,High,67
22579,2011-09,1707.0,528.2026408774009,1178.7973591225991,69.05667013020499,High,582
22579,2011-10,2503.0,1492.4266510170107,1010.5733489829892,40.37448457782617,Moderate,1642
22580,2011-07,37.0,47.92611348009141,10.92611348009141,29.530036432679484,Moderate,53
22580,2011-08,208.0,71.93510031866747,136.06489968133252,65.41581715448679,High,80
22580,2011-09,350.0,189.40952710154303,160.59047289845697,45.88299225670199,Moderate,209
22580,2011-10,559.0,366.91165426384384,192.08834573615616,34.36285254671845,Moderate,404
22580,2011-11,89.0,280.74644306619086,191.7464430661909,215.44544164740552,High,309
22581,2011-08,159.0,60.44035318638146,98.55964681361854,61.98719925384813,High,67
22581,2011-09,346.0,157.62161655798718,188.3783834420128,54.444619491911205,High,174
22581,2011-10,521.0,295.4545069584637,225.54549304153625,43.29088158186876,Moderate,325
22581,2011-11,370.0,210.376356390603,159.623643609397,43.14152529983703,Moderate,232
22582,2011-07,56.0,152.61653316696837,96.61653316696837,172.52952351244352,High,168
22582,2011-08,229.0,83.9085071489015,145.0914928510985,63.35873050266311,High,93
22582,2011-09,91.0,151.50045634583162,60.50045634583162,66.48401796245234,High,167
22582,2011-10,37.0,124.97884504542992,87.97884504542992,237.78066228494575,High,138
22582,2011-11,9.0,53.97136866971859,44.97136866971859,499.6818741079844,High,60
22583,2011-07,38.0,81.93887105535609,43.93887105535609,115.62860804041075,High,91
22583,2011-08,30.0,59.134670178335725,29.134670178335725,97.11556726111908,High,66
22583,2011-09,32.0,58.84663631150514,26.846636311505137,83.89573847345355,High,65
22583,2011-10,29.0,70.55232597238523,41.55232597238523,143.28388266339735,High,78
22583,2011-11,4.0,36.517756785690494,32.517756785690494,812.9439196422624,High,41
22584,2011-07,34.0,157.2115757689575,123.21157576895747,362.3869875557573,High,173
22584,2011-08,298.0,93.2311824921684,204.7688175078316,68.71436829121866,High,103
22584,2011-09,246.0,225.8193075231214,20.18069247687859,8.20353352718642,Low,249
22584,2011-10,270.0,238.8148761358381,31.18512386416191,11.550045875615522,Low,263
22584,2011-11,47.0,126.24647623542096,79.24647623542097,168.609523905151,High,139
22585,2011-07,119.0,252.2446822956606,133.2446822956606,111.97032125685764,High,278
22585,2011-08,457.0,213.43676760137805,243.56323239862195,53.29611212223675,High,235
22585,2011-09,1129.0,377.78206516649016,751.2179348335098,66.5383467523038,High,416
22585,2011-10,790.0,871.7271002220863,81.72710022208628,10.345202559757757,Low,959
22585,2011-11,105.0,433.2453573320672,328.2453573320672,312.6146260305402,High,477
22586,2011-07,47.0,83.12800699755961,36.12800699755961,76.86809999480768,High,92
22586,2011-08,52.0,75.63500868639407,23.635008686394077,45.451939781527074,Moderate,84
22586,2011-09,125.0,75.3960432495828,49.6039567504172,39.683165400333756,Moderate,83
22586,2011-10,101.0,135.84824219709424,34.84824219709424,34.50321009613291,Moderate,150
22586,2011-11,48.0,77.8103127630916,29.8103127630916,62.10481825644083,High,86
22587,2011-07,27.0,47.10729597123951,20.10729597123951,74.47146656014633,High,52
22587,2011-08,114.0,55.182911411665295,58.81708858833471,51.59393735818835,High,61
22587,2011-09,95.0,123.20885834759558,28.20885834759558,29.693535102732188,Moderate,136
22587,2011-10,248.0,119.85638272962,128.14361727038,51.670813415475806,High,132
22587,2011-11,68.0,104.58198960249318,36.58198960249318,53.7970435330782,High,116
22588,2011-07,69.0,34.26709123002088,34.73290876997912,50.33754894199872,High,38
22588,2011-08,119.0,86.7373746523195,32.2626253476805,27.11144987200042,Moderate,96
22588,2011-09,122.0,120.10609657121962,1.8939034287803764,1.5523798596560463,Low,133
22588,2011-10,131.0,141.53925902902162,10.539259029021622,8.045235900016506,Low,156
22588,2011-11,19.0,95.3171250604214,76.3171250604214,401.66907926537584,High,105
22589,2011-08,60.0,23.662915311205,36.337084688795,60.561807814658344,High,27
22589,2011-09,86.0,76.6708359504927,9.329164049507298,10.847865173845696,Low,85
22589,2011-10,126.0,103.72623333902024,22.273766660979742,17.67759258807916,Low,115
22589,2011-11,17.0,80.46744626624468,63.46744626624468,373.337919213204,High,89
22591,2011-07,3.0,23.662915311205,20.662915311205,688.7638437068333,High,27
22591,2011-08,107.0,23.662915311205,83.337084688795,77.8851258773785,High,27
22591,2011-09,83.0,103.85838655971293,20.858386559712912,25.130586216521582,Moderate,115
22591,2011-10,175.0,103.72623333902024,71.27376666097975,40.727866663417,Moderate,115
22591,2011-11,11.0,114.75901963156257,103.75901963156257,943.263814832387,High,127
22592,2011-08,122.0,48.196500980760455,73.80349901923955,60.49467132724553,High,54
22592,2011-09,130.0,127.92670482892537,2.073295171074633,1.5948424392881793,Low,141
22592,2011-10,271.0,152.0438904046928,118.9561095953072,43.895243393102284,Moderate,168
22592,2011-11,68.0,143.09955687218545,75.09955687218545,110.44052481203741,High,158
22593,2011-07,12.0,72.90763437718002,60.90763437718002,507.5636198098334,High,81
22593,2011-08,319.0,60.44035318638146,258.55964681361854,81.05318081931617,High,67
22593,2011-09,528.0,290.16974422282203,237.830255777178,45.04360904870796,Moderate,320
22593,2011-10,694.0,439.8200001150154,254.17999988498465,36.62536021397473,Moderate,484
22593,2011-11,163.0,282.67937771966047,119.67937771966048,73.42293111635612,High,311
22594,2011-07,156.0,73.59838479447032,82.40161520552968,52.82154820867287,High,81
22594,2011-08,286.0,123.51620387798376,162.48379612201626,56.81251612657911,High,136
22594,2011-09,301.0,246.15446057516948,54.84553942483052,18.221109443465288,Low,271
22594,2011-10,773.0,305.9185477736538,467.0814522263462,60.42450869681063,High,337
22594,2011-11,108.0,320.91129216074535,212.91129216074532,197.14008533402344,High,354
22595,2011-07,215.0,202.05479846357048,12.945201536429522,6.021023970432336,Low,223
22595,2011-08,682.0,247.1427819703993,434.8572180296007,63.76205542956021,High,272
22595,2011-09,2653.0,615.1959128927555,2037.8040871072444,76.8113112366093,High,677
22595,2011-10,953.0,2296.631531671112,1343.631531671112,140.98966754156476,High,2527
22595,2011-11,97.0,803.008848973649,706.008848973649,727.8441741996381,High,884
22596,2011-07,104.0,157.85945857230453,53.85945857230453,51.78794093490821,High,174
22596,2011-08,635.0,126.90391207617768,508.0960879238223,80.01513195650746,High,140
22596,2011-09,837.0,480.5835538152195,356.4164461847805,42.58261005791882,Moderate,529
22596,2011-10,890.0,724.179304408705,165.82069559129502,18.631538830482587,Low,797
22596,2011-11,807.0,350.02844916745846,456.9715508325416,56.62596664591594,High,386
22597,2011-07,3.0,83.550727412331,80.550727412331,2685.0242470777002,High,92
22597,2011-08,318.0,60.44035318638146,257.55964681361854,80.99359962692407,High,67
22597,2011-09,653.0,262.7202532504137,390.2797467495863,59.76718939503619,High,289
22597,2011-10,1275.0,472.88084826911177,802.1191517308882,62.91130601810888,High,521
22597,2011-11,290.0,562.068527058544,272.068527058544,93.81673346846345,High,619
22598,2011-07,0.0,25.404259806249208,25.404259806249208,,Zero Demand,28
22598,2011-10,392.0,301.0837183083438,90.9162816916562,23.19292900297352,Moderate,332
22598,2011-11,98.0,216.0486492602396,118.04864926023956,120.45780536759139,High,238
22599,2011-07,0.0,25.404259806249208,25.404259806249208,,Zero Demand,28
22599,2011-10,836.0,443.479036738248,392.52096326175206,46.95226833274546,Moderate,488
22599,2011-11,237.0,375.4985459055985,138.49854590559852,58.43820502345929,High,414
22600,2011-07,53.0,60.28922718606683,7.289227186066832,13.753258841635532,Low,67
22600,2011-08,241.0,75.3960432495828,165.60395675041718,68.71533475121045,High,83
22600,2011-09,443.0,193.8507023472049,249.1492976527951,56.24137644532621,High,214
22600,2011-10,455.0,332.4989978735942,122.5010021264058,26.923297170638637,Moderate,366
22600,2011-11,148.0,192.939956407544,44.939956407544,30.364835410502707,Moderate,213
22601,2011-07,196.0,55.944303220825056,140.05569677917495,71.45698815264028,High,62
22601,2011-08,890.0,136.4348596395651,753.565140360435,84.6702404899365,High,151
22601,2011-09,518.0,498.81608451555024,19.18391548444976,3.703458587731614,Low,549
22601,2011-10,455.0,467.0336867334266,12.033686733426578,2.6447663150388085,Low,514
22601,2011-11,130.0,187.5553684689838,57.5553684689838,44.27336036075677,Moderate,207
22602,2011-07,127.0,168.69445790722963,41.69445790722963,32.830281816716244,Moderate,186
22602,2011-08,286.0,161.28798514775468,124.71201485224532,43.60559959868717,Moderate,178
22602,2011-09,427.0,257.0425233039198,169.95747669608022,39.80268775083846,Moderate,283
22602,2011-10,399.0,308.4747111306645,90.5252888693355,22.68804232314173,Moderate,340
22602,2011-11,132.0,191.712071510722,59.712071510721984,45.23641781115302,Moderate,211
22603,2011-07,175.0,42.96506617393677,132.03493382606322,75.44853361489328,High,48
22603,2011-08,177.0,136.03669080433983,40.96330919566017,23.143112539921002,Moderate,150
22603,2011-09,358.0,181.0414584139113,176.9585415860887,49.42976021957785,Moderate,200
22603,2011-10,426.0,304.29999329927097,121.70000670072903,28.568076690311976,Moderate,335
22603,2011-11,95.0,187.9535213462057,92.95352134620572,97.84581194337444,High,207
22604,2011-07,28.0,59.482556465289726,31.48255646528973,112.43770166174902,High,66
22604,2011-08,14.0,59.12651850636171,45.12651850636171,322.3322750454408,High,66
22604,2011-09,77.0,40.65366391878617,36.34633608121383,47.20303387170627,Moderate,45
22604,2011-10,91.0,91.22846046082223,0.2284604608222338,0.2510554514530042,Low,101
22604,2011-11,33.0,62.66849737417038,29.66849737417038,89.90453749748599,High,69
22605,2011-07,79.0,122.91884510191372,43.91884510191373,55.593474812549026,High,136
22605,2011-08,24.0,106.52062865054076,82.52062865054077,343.8359527105865,High,118
22605,2011-09,31.0,88.38760045548628,57.38760045548628,185.12129179189122,High,98
22605,2011-10,54.0,67.09997645853603,13.099976458536034,24.25921566395562,Moderate,74
22605,2011-11,23.0,46.43520311712794,23.43520311712794,101.89218746577366,High,52
22606,2011-07,34.0,65.51319237902725,31.513192379027245,92.68585993831543,High,73
22606,2011-08,8.0,71.93510031866747,63.935100318667466,799.1887539833433,High,80
22606,2011-09,10.0,40.51995530595943,30.519955305959428,305.1995530595943,High,45
22606,2011-10,1.0,24.361818586015357,23.361818586015357,2336.1818586015356,High,27
22606,2011-11,4.0,20.834917324350076,16.834917324350073,420.8729331087518,High,23
22607,2011-07,84.0,152.7669456625117,68.76694566251169,81.8654115029901,High,169
22607,2011-08,32.0,130.54579616906753,98.54579616906751,307.95561302833596,High,144
22607,2011-09,13.0,90.28635802887544,77.28635802887543,594.5104463759649,High,100
22607,2011-10,67.0,36.75737899773358,30.242621002266414,45.13824030189017,Moderate,41
22607,2011-11,42.0,55.40170832594861,13.401708325948611,31.90882934749669,Moderate,61
22608,2011-07,447.0,574.7834990666457,127.78349906664572,28.586912542873762,Moderate,633
22608,2011-08,456.0,546.9206987778373,90.92069877783727,19.938749731981858,Low,602
22608,2011-09,486.0,604.6424405171833,118.64244051718332,24.412024797774347,Moderate,666
22608,2011-10,681.0,544.1912061765403,136.80879382345972,20.089397037218756,Moderate,599
22608,2011-11,141.0,354.1033285795774,213.1033285795774,151.1371124677854,High,390
22609,2011-07,360.0,530.0274466672818,170.02744666728177,47.22984629646716,Moderate,584
22609,2011-08,549.0,435.9819949938648,113.01800500613518,20.586157560316064,Moderate,480
22609,2011-09,480.0,654.1431206612824,174.1431206612824,36.279816804433835,Moderate,720
22609,2011-10,1228.0,538.966265914451,689.033734085549,56.11023893204796,High,593
22609,2011-11,117.0,492.4881201071324,375.4881201071324,320.9300171855832,High,542
22610,2011-07,541.0,968.3435531050228,427.3435531050229,78.99141462200055,High,1066
22610,2011-08,973.0,663.5165957796542,309.48340422034585,31.80713301339628,Moderate,730
22610,2011-09,1404.0,827.4961178784487,576.5038821215513,41.061530065637555,Moderate,911
22610,2011-10,1658.0,1320.2758980077513,337.72410199224873,20.36936682703551,Moderate,1453
22610,2011-11,252.0,591.5072493723944,339.5072493723944,134.7250989572994,High,651
22611,2011-08,0.0,28.03635057472629,28.03635057472629,,Zero Demand,31
22613,2011-07,48.0,99.4363080315747,51.4363080315747,107.15897506578062,High,110
22613,2011-08,122.0,80.9800961154072,41.01990388459279,33.62287203655147,Moderate,90
22613,2011-09,79.0,141.27932859578289,62.279328595782886,78.83459315921884,High,156
22613,2011-10,54.0,113.02358493570212,59.02358493570213,109.30293506611505,High,125
22613,2011-11,42.0,59.45772424673421,17.45772424673421,41.56601011127193,Moderate,66
22614,2011-07,192.0,206.87824586044724,14.878245860447237,7.749086385649602,Low,228
22614,2011-08,615.0,226.38328808213265,388.61671191786735,63.189709254937775,High,250
22614,2011-09,277.0,478.1522847337035,201.15228473370348,72.61815333346696,High,526
22614,2011-10,298.0,282.552972347839,15.447027652161012,5.183566326228528,Low,311
22614,2011-11,78.0,150.29017381639085,72.29017381639085,92.6797100210139,High,166
22615,2011-07,146.0,160.3204625174301,14.320462517430087,9.808535970842525,Low,177
22615,2011-08,248.0,178.54274135772454,69.45725864227546,28.00695912994978,Moderate,197
22615,2011-09,259.0,217.9513969974834,41.048603002516586,15.848881468153122,Low,240
22615,2011-10,80.0,210.81340612833608,130.81340612833606,163.51675766042007,High,232
22615,2011-11,33.0,89.09774522696097,56.09774522696097,169.9931673544272,High,99
22616,2011-07,2444.0,1670.1362005429066,773.8637994570934,31.66382158171413,Moderate,1838
22616,2011-08,1600.0,1892.0489629776923,292.0489629776923,18.25306018610577,Low,2082
22616,2011-09,1553.0,1883.1372174175588,330.1372174175588,21.25803074163289,Moderate,2072
22616,2011-10,2979.0,1976.529002928283,1002.470997071717,33.65125871338426,Moderate,2175
22616,2011-11,623.0,1344.3066851245908,721.3066851245908,115.77956422545599,High,1479
22617,2011-07,127.0,110.85475715802788,16.145242841972134,12.712789639348138,Low,122
22617,2011-08,135.0,152.47995875068065,17.47995875068065,12.948117593096779,Low,168
22617,2011-09,197.0,193.0314695312629,3.9685304687371,2.0144824714401524,Low,213
22617,2011-10,679.0,254.14427127229476,424.8557287277053,62.570799518071475,High,280
22617,2011-11,107.0,362.95577820891,255.95577820891,239.21100767187852,High,400
22619,2011-07,246.0,138.1933559450606,107.8066440549394,43.823839046723336,Moderate,153
22619,2011-08,205.0,178.13225147007918,26.867748529920817,13.106218795083324,Low,196
22619,2011-09,267.0,216.5004962685501,50.49950373144989,18.913671809531795,Low,239
22619,2011-10,419.0,299.33785500183643,119.66214499816355,28.558984486435218,Moderate,330
22619,2011-11,197.0,211.777003146556,14.777003146555984,7.501016825662936,Low,233
22620,2011-07,223.0,398.59125902100544,175.59125902100544,78.74047489731186,High,439
22620,2011-08,254.0,309.9033703488997,55.90337034889973,22.00920092476367,Moderate,341
22620,2011-09,477.0,343.8659556437276,133.1340443562724,27.91070112290826,Moderate,379
22620,2011-10,674.0,515.3004874242009,158.69951257579908,23.545921747151198,Moderate,567
22620,2011-11,181.0,263.4175822296545,82.4175822296545,45.53457581748867,Moderate,290
22621,2011-07,534.0,314.8657186888641,219.13428131113585,41.03638226800297,Moderate,347
22621,2011-08,520.0,405.21136507197417,114.78863492802584,22.074737486158817,Moderate,446
22621,2011-09,778.0,556.1094422452431,221.89055775475688,28.52063724354202,Moderate,612
22621,2011-10,1425.0,906.725037249057,518.274962750943,36.37017282462758,Moderate,998
22621,2011-11,324.0,586.0824078930939,262.0824078930939,80.88963206576972,High,645
22622,2011-07,50.0,85.2947027074488,35.294702707448806,70.58940541489761,High,94
22622,2011-08,154.0,81.8257846330605,72.1742153669395,46.866373614895785,Moderate,91
22622,2011-09,110.0,157.3496051265187,47.349605126518696,43.045095569562456,Moderate,174
22622,2011-10,194.0,128.10406609088938,65.89593390911062,33.9669762418096,Moderate,141
22622,2011-11,40.0,118.3099678720411,78.3099678720411,195.77491968010276,High,131
22623,2011-07,118.0,56.99830148184939,61.00169851815061,51.696354676398826,High,63
22623,2011-08,132.0,116.77288871124058,15.227111288759415,11.535690370272285,Low,129
22623,2011-09,154.0,148.71068254471382,5.289317455286181,3.434621724211806,Low,164
22623,2011-10,126.0,199.85265705545888,73.85265705545888,58.61321988528483,High,220
22623,2011-11,18.0,91.16987852052164,73.16987852052165,406.49932511400914,High,101
22624,2011-07,198.0,160.07743533195404,37.922564668045965,19.15281043840705,Low,177
22624,2011-08,231.0,239.25062964359617,8.25062964359617,3.5717011444139266,Low,264
22624,2011-09,206.0,313.7156043374488,107.71560433744878,52.28912831914989,High,346
22624,2011-10,154.0,366.539663003744,212.53966300374395,138.01276818424932,High,404
22624,2011-11,69.0,112.70000145370008,43.70000145370007,63.33333544014502,High,124
22625,2011-07,144.0,123.16355454742424,20.836445452575745,14.469753786510934,Low,136
22625,2011-08,201.0,204.2807929893149,3.280792989314904,1.6322353180671163,Low,225
22625,2011-09,139.0,234.26393376336003,95.26393376336004,68.53520414630219,High,258
22625,2011-10,147.0,219.70790405904796,72.70790405904793,49.46115922384213,Moderate,242
22625,2011-11,52.0,102.79131644016704,50.79131644016704,97.67560853878277,High,114
22626,2011-07,51.0,43.2806205652566,7.719379434743402,15.136038107340005,Low,48
22626,2011-08,23.0,69.4322882868909,46.432288286890895,201.87951429082997,High,77
22626,2011-09,59.0,73.56002157541299,14.56002157541299,24.678002670191507,Moderate,81
22626,2011-10,26.0,72.33426561709787,46.33426561709787,178.20871391191488,High,80
22626,2011-11,24.0,42.9446917034242,18.9446917034242,78.93621543093417,High,48
22627,2011-07,88.0,83.98521705801797,4.014782941982034,4.5622533431614025,Low,93
22627,2011-08,131.0,122.13868943294926,8.861310567050737,6.764359211489111,Low,135
22627,2011-09,92.0,155.1206184827519,63.12061848275189,68.60936791603466,High,171
22627,2011-10,104.0,154.29861413643485,50.29861413643485,48.36405205426428,Moderate,170
22627,2011-11,35.0,87.70277450588891,52.70277450588891,150.57935573111115,High,97
22628,2011-07,60.0,106.18012902780455,46.18012902780457,76.96688171300762,High,117
22628,2011-08,64.0,88.2539442154264,24.2539442154264,37.89678783660375,Moderate,98
22628,2011-09,24.0,87.7828747869805,63.7828747869805,265.76197827908544,High,97
22628,2011-10,51.0,74.92448863546996,23.92448863546996,46.91076203033325,Moderate,83
22628,2011-11,24.0,39.64826302252984,15.64826302252984,65.20109592720766,High,44
22629,2011-07,1831.0,871.7543256039681,959.245674396032,52.38916845417979,High,959
22629,2011-08,971.0,1350.751092823522,379.751092823522,39.109278354636665,Moderate,1486
22629,2011-09,989.0,1232.7121712314022,243.71217123140215,24.6422822276443,Moderate,1356
22629,2011-10,1460.0,1094.4001241688882,365.59987583111183,25.041087385692588,Moderate,1204
22629,2011-11,427.0,877.422081876596,450.42208187659605,105.48526507648619,High,966
22630,2011-07,1616.0,793.4929234591717,822.5070765408283,50.897715132476996,High,873
22630,2011-08,982.0,1232.411225342588,250.41122534258807,25.500124780304283,Moderate,1356
22630,2011-09,921.0,1138.7268045174776,217.7268045174776,23.640261076816245,Moderate,1253
22630,2011-10,884.0,1030.8512631164965,146.85126311649628,16.612133836707724,Low,1134
22630,2011-11,185.0,703.4958417391497,518.4958417391497,280.26802256170254,High,774
22631,2011-07,359.0,263.9909109446182,95.00908905538182,26.46492731347683,Moderate,291
22631,2011-08,316.0,319.27986297717297,3.279862977172968,1.0379313218901798,Low,352
22631,2011-09,431.0,342.53175528338915,88.46824471661085,20.526274876243818,Moderate,377
22631,2011-10,410.0,326.71905338524414,83.28094661475586,20.31242600359899,Moderate,360
22631,2011-11,72.0,245.0855600515844,173.0855600515844,240.3966111827561,High,270
22632,2011-09,733.0,842.7964446205526,109.79644462055262,14.979051107851655,Low,928
22632,2011-10,1352.0,802.2611973370491,549.7388026629509,40.66115404311767,Moderate,883
22632,2011-11,260.0,749.8380173520272,489.8380173520272,188.39923744308737,High,825
22633,2011-07,169.0,23.662915311205,145.337084688795,85.99827496378401,High,27
22633,2011-08,685.0,116.10547188672176,568.8945281132783,83.05029607493114,High,128
22633,2011-09,1446.0,577.807880024712,868.192119975288,60.040948822634036,High,636
22633,2011-10,1129.0,1323.822503606301,194.8225036063011,17.256200496572287,Low,1457
22633,2011-11,444.0,615.4573829628525,171.4573829628525,38.61652769433615,Moderate,678
22634,2011-07,100.0,65.51319237902725,34.486807620972755,34.486807620972755,Moderate,73
22634,2011-08,51.0,106.1646599253006,55.1646599253006,108.1659998535306,High,117
22634,2011-09,49.0,79.57210044081431,30.57210044081431,62.39204171594758,High,88
22634,2011-10,107.0,99.08107179526505,7.918928204734954,7.400867481060704,Low,109
22634,2011-11,30.0,78.79454529677281,48.79454529677281,162.64848432257602,High,87
22635,2011-07,146.0,59.50111351362596,86.49888648637403,59.24581266190002,High,66
22635,2011-08,48.0,132.21805416658,84.21805416658,175.45427951370834,High,146
22635,2011-09,32.0,80.93656750087128,48.93656750087128,152.92677344022275,High,90
22635,2011-10,86.0,82.26550553109041,3.734494468909588,4.342435428964637,Low,91
22635,2011-11,19.0,59.4632725543152,40.4632725543152,212.96459239113267,High,66
22636,2011-07,38.0,50.11317290088733,12.113172900887328,31.876770791808756,Moderate,56
22636,2011-08,21.0,63.4202094214896,42.4202094214896,202.00099724518856,High,70
22636,2011-09,47.0,69.6359677583065,22.635967758306503,48.16163352831171,Moderate,77
22636,2011-10,89.0,69.4322882868909,19.567711713109105,21.986192936077646,Moderate,77
22636,2011-11,17.0,70.41369446289569,53.41369446289569,314.1982027229158,High,78
22637,2011-07,200.0,155.82529863821526,44.17470136178474,22.08735068089237,Moderate,172
22637,2011-08,994.0,208.10371403328372,785.8962859667163,79.06401267270788,High,229
22637,2011-09,294.0,527.3847371061719,233.38473710617188,79.38256364155507,High,581
22637,2011-10,124.0,307.37440916102656,183.37440916102656,147.88258803308594,High,339
22638,2011-10,20.0,43.56940226901292,23.56940226901292,117.84701134506459,High,48
22638,2011-11,54.0,36.40366154877783,17.596338451222167,32.585811946707715,Moderate,41
22639,2011-07,61.0,56.62476628901717,4.375233710982833,7.172514280299727,Low,63
22639,2011-08,43.0,62.89140457696729,19.89140457696729,46.259080411551835,Moderate,70
22639,2011-09,117.0,63.78228198368006,53.21771801631994,45.48522907377773,Moderate,71
22639,2011-10,85.0,132.42630140651238,47.42630140651238,55.795648713543976,High,146
22639,2011-11,79.0,62.66849737417038,16.33150262582962,20.672788133961546,Moderate,69
22640,2011-07,1.0,23.662915311205,22.662915311205,2266.2915311205,High,27
22640,2011-08,7.0,22.77980270700908,15.779802707009082,225.4257529572726,High,26
22640,2011-09,17.0,23.662915311205,6.662915311205001,39.19361947767648,Moderate,27
22640,2011-10,17.0,31.50061404352229,14.50061404352229,85.29772966777817,High,35
22640,2011-11,44.0,29.17134067284116,14.828659327158842,33.70149847081555,Moderate,33
22641,2011-07,1.0,30.490546015955317,29.490546015955317,2949.0546015955315,High,34
22641,2011-08,2.0,30.07356861521602,28.07356861521602,1403.678430760801,High,34
22641,2011-09,27.0,23.662915311205,3.3370846887949988,12.359572921462957,Low,27
22641,2011-10,11.0,43.96731898098783,32.96731898098783,299.70289982716207,High,49
22641,2011-11,3.0,25.65304033507125,22.65304033507125,755.101344502375,High,29
22642,2011-10,37.0,67.87049769213388,30.87049769213388,83.43377754630778,High,75
22642,2011-11,59.0,46.33292682165676,12.667073178343244,21.469615556513975,Moderate,51
22643,2011-09,10.0,30.07356861521602,20.07356861521602,200.73568615216018,High,34
22643,2011-10,32.0,23.662915311205,8.337084688794999,26.05338965248437,Moderate,27
22643,2011-11,48.0,41.07484019495439,6.92515980504561,14.427416260511686,Low,46
22644,2011-07,47.0,145.69006861217986,98.69006861217986,209.9788693876167,High,161
22644,2011-08,191.0,95.98784427598774,95.01215572401226,49.74458414869752,Moderate,106
22644,2011-09,31.0,206.5521046162285,175.5521046162285,566.2971116652532,High,228
22644,2011-10,214.0,95.02697377022253,118.97302622977747,55.59487206998948,High,105
22644,2011-11,583.0,115.60232017184973,467.3976798281503,80.17112861546318,High,128
22645,2011-07,77.0,108.48836331826269,31.488363318262685,40.89397833540608,Moderate,120
22645,2011-08,188.0,111.34286137920368,76.65713862079632,40.775073734466126,Moderate,123
22645,2011-09,135.0,193.222219389006,58.22221938900597,43.127569917782196,Moderate,213
22645,2011-10,257.0,162.0105090427244,94.9894909572756,36.96089142306444,Moderate,179
22645,2011-11,302.0,113.88588499705016,188.11411500294983,62.289442053956904,High,126
22646,2011-07,179.0,223.73665606960213,44.73665606960213,24.992545290280518,Moderate,247
22646,2011-08,308.0,214.0973549427273,93.90264505727274,30.487871771841796,Moderate,236
22646,2011-09,340.0,302.0542879371452,37.9457120628548,11.160503547898472,Low,333
22646,2011-10,581.0,310.5169161731304,270.4830838268696,46.55474764662127,Moderate,342
22646,2011-11,755.0,231.3606403413909,523.6393596586091,69.35620657729922,High,255
22647,2011-09,4.0,30.490546015955317,26.490546015955317,662.2636503988829,High,34
22647,2011-10,15.0,31.250795183370133,16.250795183370133,108.33863455580088,High,35
22647,2011-11,127.0,23.180962216271443,103.81903778372856,81.74727384545555,High,26
22649,2011-07,46.0,75.77234236520349,29.772342365203485,64.72248340261628,High,84
22649,2011-08,28.0,80.93656750087128,52.93656750087128,189.05916964596884,High,90
22649,2011-09,53.0,55.0657581938004,2.0657581938003986,3.8976569694347143,Low,61
22649,2011-10,55.0,70.85837113169114,15.858371131691143,28.833402057620262,Moderate,78
22649,2011-11,19.0,46.99752527159605,27.997525271596047,147.35539616629498,High,52
22650,2011-07,41.0,72.91382921279329,31.91382921279329,77.83860783608118,High,81
22650,2011-08,63.0,70.24421310914205,7.244213109142052,11.498750966892146,Low,78
22650,2011-09,90.0,87.23747719796783,2.7625228020321657,3.06946978003574,Low,96
22650,2011-10,153.0,103.72623333902024,49.27376666097975,32.205076249006375,Moderate,115
22650,2011-11,29.0,95.3035914254254,66.30359142542541,228.63307388077726,High,105
22651,2011-07,76.0,170.2018197769739,94.2018197769739,123.94976286443935,High,188
22651,2011-08,103.0,120.8582222787502,17.85822227875019,17.338079882281736,Low,133
22651,2011-09,287.0,145.46619759982013,141.53380240017987,49.31491372828567,Moderate,161
22651,2011-10,136.0,217.86594460222648,81.86594460222648,60.195547501637115,High,240
22651,2011-11,49.0,107.67229349783196,58.67229349783196,119.73937448537136,High,119
22652,2011-07,311.0,390.89556975766266,79.89556975766266,25.68989381275327,Moderate,430
22652,2011-08,421.0,434.5011523438285,13.501152343828435,3.206924547227657,Low,478
22652,2011-09,798.0,415.1710550985164,382.8289449014836,47.97355199266712,Moderate,457
22652,2011-10,40.0,623.6431342977759,583.6431342977759,1459.1078357444396,High,687
22653,2011-07,42.0,125.94921987739389,83.94921987739389,199.87909494617594,High,139
22653,2011-08,245.0,90.8003428844626,154.1996571155374,62.93863555736221,High,100
22653,2011-09,202.0,250.4579202015645,48.45792020156446,23.989069406715082,Moderate,276
22653,2011-10,325.0,205.18629407503383,119.81370592496616,36.865755669220356,Moderate,226
22653,2011-11,162.0,189.82029439047216,27.820294390472185,17.173021228686533,Low,209
22654,2011-07,51.0,57.74596165948805,6.745961659488053,13.227375802917752,Low,64
22654,2011-08,91.0,72.44508629506628,18.554913704933725,20.390015060366732,Moderate,80
22654,2011-09,93.0,114.33815157107944,21.33815157107944,22.94424900116069,Moderate,126
22654,2011-10,177.0,116.57484417053676,60.42515582946325,34.138506118340814,Moderate,129
22654,2011-11,32.0,112.045536558404,80.04553655840401,250.14230174501253,High,124
22655,2011-07,0.0,18.880484830624948,18.880484830624948,,Zero Demand,21
22655,2011-10,1.0,18.880484830624948,17.880484830624948,1788.0484830624948,High,21
22659,2011-07,633.0,972.4814843755282,339.4814843755282,53.63056625205817,High,1070
22659,2011-08,1055.0,903.1411506115091,151.85884938849074,14.394203733506231,Low,994
22659,2011-09,678.0,1048.982747414849,370.982747414849,54.71721938272108,High,1154
22659,2011-10,965.0,922.8662013867998,42.13379861320016,4.366196747481882,Low,1016
22659,2011-11,101.0,455.9399458210111,354.93994582101107,351.4256889316941,High,502
22660,2011-07,17.0,26.78491845970312,9.784918459703118,57.55834388060658,High,30
22660,2011-08,125.0,27.324083977610904,97.67591602238907,78.14073281791126,High,31
22660,2011-09,16.0,99.37658457298512,83.37658457298511,521.1036535811569,High,110
22660,2011-10,66.0,45.76294478443311,20.23705521556689,30.662204872071047,Moderate,51
22660,2011-11,12.0,42.65672022620672,30.656720226206723,255.4726685517227,High,47
22661,2011-07,707.0,418.37207924713147,288.62792075286853,40.82431693817094,Moderate,461
22661,2011-08,332.0,522.767623106853,190.76762310685297,57.46012744182318,High,576
22661,2011-09,493.0,485.2460382213754,7.753961778624614,1.572811719802153,Low,534
22661,2011-10,424.0,513.0863180454935,89.0863180454935,21.010924067333374,Moderate,565
22661,2011-11,96.0,300.7516125937911,204.7516125937911,213.28292978519906,High,331
22662,2011-07,961.0,627.2281754078541,333.7718245921459,34.73171952051466,Moderate,690
22662,2011-08,654.0,811.9114124353167,157.91141243531672,24.145475907540785,Moderate,894
22662,2011-09,316.0,842.5812649041467,526.5812649041467,166.63964079245147,High,927
22662,2011-10,551.0,632.9715152969699,81.97151529696987,14.876863030303062,Low,697
22662,2011-11,69.0,415.2337931437653,346.2337931437653,501.78810600545694,High,457
22663,2011-07,511.0,327.8185560677877,183.1814439322123,35.847640691235284,Moderate,361
22663,2011-08,414.0,423.0191375019998,9.019137501999808,2.178535628502369,Low,466
22663,2011-09,147.0,431.1542689539575,284.1542689539575,193.30222377820238,High,475
22663,2011-10,290.0,269.7789512902911,20.221048709708896,6.972775417140999,Low,297
22663,2011-11,70.0,173.83935629502145,103.83935629502145,148.34193756431634,High,192
22664,2011-07,32.0,62.83432137360497,30.83432137360497,96.35725429251552,High,70
22664,2011-08,37.0,75.2683081786465,38.26830817864651,103.42785994228785,High,83
22664,2011-09,37.0,69.18785891232828,32.18785891232828,86.99421327656293,High,77
22664,2011-10,65.0,75.2683081786465,10.268308178646508,15.797397197917707,Low,83
22664,2011-11,123.0,55.327112928785645,67.67288707121435,55.01860737497102,High,61
22665,2011-07,56.0,106.88664200183878,50.88664200183878,90.86900357471211,High,118
22665,2011-08,153.0,107.6474463067078,45.35255369329221,29.642191956400136,Moderate,119
22665,2011-09,107.0,163.33073467395943,56.33073467395943,52.64554642426115,High,180
22665,2011-10,57.0,139.10505294901432,82.10505294901432,144.04395254213037,High,154
22666,2011-07,452.0,678.5105118970815,226.51051189708156,50.11294510997379,High,747
22666,2011-08,1397.0,620.516845639327,776.483154360673,55.582187141064644,High,683
22666,2011-09,418.0,1033.2158460989845,615.2158460989845,147.18082442559438,High,1137
22666,2011-10,1219.0,861.3569141367185,357.6430858632815,29.339055444075594,Moderate,948
22666,2011-11,483.0,529.7643465239669,46.76434652396688,9.682059321732272,Low,583
22667,2011-07,176.0,323.6057225358021,147.6057225358021,83.866887804433,High,356
22667,2011-08,318.0,243.39667039395903,74.60332960604094,23.46016654278017,Moderate,268
22667,2011-09,243.0,355.2771812069652,112.27718120696515,46.20460131973875,Moderate,391
22667,2011-10,328.0,252.2785369276652,75.72146307233484,23.085811912297206,Moderate,278
22667,2011-11,168.0,210.9680707986561,42.9680707986561,25.57623261824768,Moderate,233
22668,2011-07,101.0,205.4463701824881,104.4463701824881,103.41224770543376,High,226
22668,2011-08,283.0,166.90119848684648,116.09880151315352,41.024311488746825,Moderate,184
22668,2011-09,141.0,256.48847610319774,115.48847610319774,81.90672064056578,High,283
22668,2011-10,76.0,191.88406761375424,115.88406761375424,152.47903633388717,High,212
22668,2011-11,13.0,75.12794234119735,62.12794234119736,477.9072487784412,High,83
22669,2011-07,50.0,82.42468865995191,32.42468865995191,64.84937731990382,High,91
22669,2011-08,130.0,84.74925978833426,45.25074021166574,34.80826170128134,Moderate,94
22669,2011-09,117.0,152.0438904046928,35.0438904046928,29.952043080934022,Moderate,168
22669,2011-10,86.0,123.63842539651914,37.63842539651914,43.76561092618505,Moderate,137
22669,2011-11,37.0,75.23663338307185,38.23663338307185,103.34225238668067,High,83
22670,2011-07,223.0,145.0484585271393,77.9515414728607,34.955848194107936,Moderate,160
22670,2011-08,167.0,201.6095706556024,34.60957065560237,20.724293805749923,Moderate,222
22670,2011-09,127.0,198.92515696642727,71.92515696642727,56.63398186332855,High,219
22670,2011-10,154.0,176.1227346616487,22.122734661648707,14.365412117953705,Low,194
22670,2011-11,118.0,102.93419848249822,15.065801517501782,12.767628404662526,Low,114
22671,2011-07,100.0,181.20127388106988,81.20127388106988,81.20127388106988,High,200
22671,2011-08,43.0,126.76074195476826,83.76074195476826,194.79242315062385,High,140
22671,2011-09,47.0,104.13022811168516,57.13022811168517,121.5536768333727,High,115
22671,2011-10,39.0,91.95129218455122,52.95129218455122,135.77254406295185,High,102
22671,2011-11,13.0,55.385618499804224,42.385618499804224,326.0432192292633,High,61
22672,2011-07,145.0,182.954595085337,37.95459508533699,26.175582817473785,Moderate,202
22672,2011-08,33.0,170.32023369910237,137.32023369910237,416.12192030031025,High,188
22672,2011-09,97.0,101.86509028114848,4.865090281148468,5.0155569908747095,Low,113
22672,2011-10,80.0,115.37680608488506,35.37680608488506,44.221007606106326,Moderate,127
22672,2011-11,47.0,75.5065205648968,28.506520564896803,60.65217141467405,High,84
22673,2011-07,81.0,85.51882738125964,4.518827381259641,5.578799236123013,Low,95
22673,2011-08,74.0,112.93931145409904,38.93931145409903,52.620691154187874,High,125
22673,2011-09,30.0,109.99744511255514,79.99744511255514,266.65815037518377,High,121
22673,2011-10,33.0,77.86541137616767,44.86541137616767,135.95579204899295,High,86
22673,2011-11,23.0,44.34487452729556,21.34487452729556,92.80380229258938,High,49
22674,2011-07,148.0,149.77696689143875,1.7769668914387466,1.20065330502618,Low,165
22674,2011-08,23.0,193.69877062614395,170.69877062614393,742.1685679397563,High,214
22674,2011-09,68.0,97.25415806178091,29.254158061780917,43.02082067908958,Moderate,107
22674,2011-10,66.0,99.434412974888,33.43441297488799,50.65820147710301,High,110
22674,2011-11,19.0,61.91703580542594,42.91703580542594,225.87913581803124,High,69
22675,2011-07,122.0,166.4385005349959,44.43850053499591,36.42500043852124,Moderate,184
22675,2011-08,27.0,151.9656795373213,124.96567953732132,462.8358501382271,High,168
22675,2011-09,58.0,95.3931679737626,37.3931679737626,64.47097926510793,High,105
22675,2011-10,43.0,93.57633651661376,50.57633651661375,117.61938724793895,High,103
22675,2011-11,62.0,55.69151103311144,6.308488966888561,10.174982204658969,Low,62
22676,2011-07,155.0,82.90538180029084,72.09461819970916,46.51265690303817,Moderate,92
22676,2011-08,79.0,147.2192906896428,68.2192906896428,86.35353251853519,High,162
22676,2011-09,129.0,113.02358493570212,15.976415064297868,12.384817879300673,Low,125
22676,2011-10,141.0,151.68085970992885,10.680859709928852,7.575077808460179,Low,167
22676,2011-11,43.0,91.31361564458936,48.31361564458936,112.35724568509153,High,101
22677,2011-07,144.0,71.83578855580878,72.16421144419122,50.1140357251328,High,80
22677,2011-08,80.0,140.14455827092544,60.14455827092544,75.1806978386568,High,155
22677,2011-09,122.0,104.88513015779812,17.11486984220187,14.028581837870385,Low,116
22677,2011-10,82.0,132.26876106720667,50.26876106720667,61.30336715513008,High,146
22677,2011-11,31.0,69.7654280844434,38.7654280844434,125.04976801433354,High,77
22678,2011-07,124.0,72.26149298466639,51.73850701533361,41.724602431720655,Moderate,80
22678,2011-08,58.0,123.32066196362078,65.32066196362078,112.62183097175998,High,136
22678,2011-09,106.0,95.90534637865213,10.094653621347874,9.523258133347051,Low,106
22678,2011-10,57.0,122.6462604165374,65.6462604165374,115.16887792374983,High,135
22678,2011-11,35.0,55.00752602723994,20.00752602723994,57.164360077828405,High,61
22679,2011-07,114.0,49.603216742038114,64.39678325796189,56.488406366633235,High,55
22679,2011-08,31.0,114.95474908748469,83.95474908748469,270.8217712499506,High,127
22679,2011-09,93.0,87.9912491825735,5.008750817426503,5.385753567125272,Low,97
22679,2011-10,61.0,101.17497537366371,40.17497537366371,65.86061536666182,High,112
22679,2011-11,20.0,53.99468191103994,33.99468191103994,169.9734095551997,High,60
22680,2011-07,98.0,57.00838941861773,40.99161058138227,41.828174062634965,Moderate,63
22680,2011-08,35.0,114.70503524588504,79.70503524588503,227.7286721311001,High,127
22680,2011-09,99.0,87.9912491825735,11.008750817426504,11.119950320632832,Low,97
22680,2011-10,101.0,109.97735221276358,8.977352212763577,8.88846753738968,Low,121
22680,2011-11,24.0,66.91668199069983,42.91668199069983,178.81950829458262,High,74
22681,2011-07,95.0,59.134670178335725,35.865329821664275,37.7529787596466,Moderate,66
22681,2011-08,31.0,105.49195713080626,74.49195713080626,240.29663590582663,High,117
22681,2011-09,58.0,87.9912491825735,29.991249182573497,51.70905031478189,High,97
22681,2011-10,95.0,60.886796816606434,34.113203183393566,35.90863492988796,Moderate,67
22681,2011-11,13.0,69.38180275074971,56.38180275074971,433.706175005767,High,77
22682,2011-07,84.0,70.27858839898975,13.721411601010246,16.335013810726483,Low,78
22682,2011-08,25.0,96.02086281595648,71.02086281595648,284.0834512638259,High,106
22682,2011-09,70.0,68.8682228654602,1.1317771345398029,1.6168244779140042,Low,76
22682,2011-10,68.0,69.77606496441807,1.7760649644180688,2.6118602417912777,Low,77
22682,2011-11,32.0,62.006982518976166,30.00698251897617,93.77182037180053,High,69
22683,2011-07,87.0,69.27210466786396,17.727895332136043,20.37689118636327,Moderate,77
22683,2011-08,31.0,96.02086281595648,65.02086281595648,209.7447187611499,High,106
22683,2011-09,77.0,76.89322943539203,0.1067705646079701,0.1386630709194417,Low,85
22683,2011-10,47.0,92.91177962978828,45.91177962978827,97.68463751018781,High,103
22683,2011-11,10.0,51.74104063650568,41.74104063650568,417.4104063650568,High,57
22684,2011-07,83.0,44.06120026299905,38.93879973700095,46.914216550603555,Moderate,49
22684,2011-08,25.0,96.02086281595648,71.02086281595648,284.0834512638259,High,106
22684,2011-09,37.0,67.10558697017801,30.10558697017801,81.36645127075137,High,74
22684,2011-10,44.0,60.27786970982343,16.277869709823428,36.99515843141688,Moderate,67
22684,2011-11,11.0,52.634205874244735,41.634205874244735,378.49278067495214,High,58
22685,2011-07,79.0,57.37203428305349,21.627965716946512,27.37717179360318,Moderate,64
22685,2011-08,27.0,101.16588888989916,74.16588888989916,274.6884773699969,High,112
22685,2011-09,26.0,59.30752197897869,33.307521978978684,128.10585376530264,High,66
22685,2011-10,54.0,62.15807828860166,8.158078288601658,15.107552386299366,Low,69
22685,2011-11,11.0,49.93871405840608,38.93871405840608,353.98830962187344,High,55
22686,2011-07,195.0,48.71823410946507,146.28176589053493,75.01629020027433,High,54
22686,2011-08,33.0,167.3123571743508,134.3123571743508,407.00714295257825,High,185
22686,2011-09,208.0,89.76807624612387,118.23192375387612,56.84227103551736,High,99
22686,2011-10,52.0,166.63514458641575,114.63514458641576,220.45220112772262,High,184
22686,2011-11,123.0,66.61665509840466,56.383344901595336,45.840117806175066,Moderate,74
22687,2011-09,1.0,348.04360599021965,347.04360599021965,34704.360599021966,High,383
22687,2011-10,22.0,67.57638015066907,45.57638015066907,207.16536432122302,High,75
22687,2011-11,8.0,978.3556990584264,970.3556990584264,12129.44623823033,High,1077
22688,2011-09,4.0,404.51195002919394,400.51195002919394,10012.79875072985,High,445
22688,2011-10,12.0,56.753552122572565,44.753552122572565,372.9462676881047,High,63
22688,2011-11,2.0,303.30197492495887,301.30197492495887,15065.098746247944,High,334
22689,2011-07,60.0,26.14897936991689,33.85102063008311,56.418367716805186,High,29
22689,2011-08,308.0,75.99063204631422,232.0093679536858,75.3277168680798,High,84
22689,2011-09,177.0,281.7461354931461,104.74613549314608,59.17860762324637,High,310
22689,2011-10,72.0,258.78729252393674,186.78729252393677,259.4267951721344,High,285
22690,2011-07,63.0,126.07880904821972,63.07880904821971,100.12509372733287,High,139
22690,2011-08,270.0,211.88686362777167,58.113136372228325,21.523383841566044,Moderate,234
22690,2011-09,76.0,240.11441952284085,164.11441952284085,215.9400256879485,High,265
22690,2011-10,74.0,145.7780205979246,71.77802059792461,96.99732513233054,High,161
22690,2011-11,28.0,69.88391553414847,41.88391553414847,149.58541262195882,High,77
22691,2011-07,25.0,47.367960460797015,22.36796046079701,89.47184184318805,High,53
22691,2011-08,138.0,63.4202094214896,74.5797905785104,54.043326506166956,High,70
22691,2011-09,14.0,120.92662901120856,106.92662901120856,763.761635794347,High,134
22691,2011-10,35.0,44.905541822002114,9.905541822002114,28.30154806286318,Moderate,50
22691,2011-11,11.0,34.843482645770244,23.843482645770244,216.75893314336588,High,39
22692,2011-07,119.0,126.23736757985544,7.237367579855444,6.081821495676844,Low,139
22692,2011-08,387.0,164.8459123763699,222.1540876236301,57.40415700868995,High,182
22692,2011-09,96.0,294.923021188467,198.92302118846695,207.21148040465306,High,325
22692,2011-10,76.0,149.97580533142778,73.97580533142778,97.33658596240498,High,165
22692,2011-11,21.0,73.47675794528945,52.47675794528945,249.8893235489974,High,81
22693,2011-07,315.0,1178.125780858947,863.1257808589471,274.00818439966577,High,1296
22693,2011-08,417.0,796.8088480501676,379.8088480501676,91.08125852522005,High,877
22693,2011-09,904.0,643.4542418864861,260.5457581135139,28.821433419636495,Moderate,708
22693,2011-10,1133.0,761.8215428641831,371.17845713581687,32.76067582840396,Moderate,839
22693,2011-11,257.0,526.5729539399053,269.57295393990535,104.89219997661688,High,580
22694,2011-07,50.0,64.4592426303505,14.459242630350502,28.918485260701004,Moderate,71
22694,2011-08,261.0,75.19993777772957,185.8000622222704,71.18776330355189,High,83
22694,2011-09,220.0,215.36641856027447,4.633581439725475,2.106173381693398,Low,237
22694,2011-10,594.0,267.58456899134893,326.41543100865107,54.952092762399175,High,295
22694,2011-11,54.0,234.4304622039185,180.4304622039185,334.13048556281205,High,258
22695,2011-09,163.0,127.91340848187174,35.08659151812826,21.525516268790344,Moderate,141
22695,2011-10,104.0,151.37624582471298,47.37624582471298,45.55408252376248,Moderate,167
22695,2011-11,210.0,81.7018512936671,128.29814870633288,61.09435652682518,High,90
22696,2011-07,61.0,23.662915311205,37.337084688795,61.20833555540164,High,27
22696,2011-08,156.0,55.373282584956826,100.62671741504316,64.50430603528407,High,61
22696,2011-09,139.0,145.84846976227018,6.848469762270184,4.92695666350373,Low,161
22696,2011-10,140.0,139.93263416233063,0.0673658376693708,0.048118455478122005,Low,154
22696,2011-11,17.0,95.78772337993352,78.78772337993351,463.45719635255006,High,106
22697,2011-07,554.0,638.0747907230058,84.07479072300578,15.175955004152666,Low,702
22697,2011-08,813.0,703.2210486504462,109.77895134955384,13.502946045455577,Low,774
22697,2011-09,640.0,835.4327987004813,195.43279870048127,30.5363747969502,Moderate,919
22697,2011-10,523.0,969.6331987141576,446.63319871415774,85.39831715375865,High,1067
22697,2011-11,317.0,399.44264084864886,82.44264084864886,26.007142223548534,Moderate,440
22698,2011-07,501.0,580.9010190543796,79.90101905437962,15.948307196482958,Low,639
22698,2011-08,739.0,574.3743030558797,164.62569694412025,22.27681961354807,Moderate,632
22698,2011-09,619.0,771.4486839312234,152.4486839312234,24.628220344301035,Moderate,849
22698,2011-10,453.0,700.7897445596869,247.7897445596869,54.69972286085804,High,771
22698,2011-11,254.0,333.67048819120555,79.67048819120555,31.366333933545494,Moderate,368
22699,2011-07,632.0,1057.7480097585897,425.74800975858966,67.36519141749837,High,1164
22699,2011-08,997.0,846.4535843636437,150.5464156363563,15.099941387799026,Low,932
22699,2011-09,885.0,992.7531487943764,107.75314879437632,12.175497038912578,Low,1093
22699,2011-10,614.0,1050.238128186812,436.238128186812,71.04855507928534,High,1156
22699,2011-11,315.0,372.1047244803431,57.10472448034312,18.12848396201369,Low,410
22700,2011-07,1.0,107.97963014698378,106.97963014698378,10697.963014698378,High,119
22700,2011-08,0.0,34.45800472192613,34.45800472192613,,Zero Demand,38
22701,2011-07,17.0,60.481901820193706,43.481901820193706,255.77589305996295,High,67
22701,2011-08,16.0,37.78816671882706,21.788166718827057,136.1760419926691,High,42
22701,2011-09,15.0,55.85827654541477,40.85827654541477,272.3885103027651,High,62
22701,2011-10,35.0,33.83036707811235,1.1696329218876471,3.3418083482504204,Low,38
22701,2011-11,84.0,35.091673940890246,48.90832605910976,58.22419768941638,High,39
22702,2011-07,20.0,116.4598780195012,96.4598780195012,482.29939009750603,High,129
22702,2011-08,6.0,47.66433837623703,41.66433837623703,694.4056396039506,High,53
22702,2011-09,7.0,35.40722481345579,28.40722481345579,405.81749733508275,High,39
22702,2011-10,6.0,28.99657150944475,22.99657150944475,383.27619182407915,High,32
22702,2011-11,2.0,22.44272998155136,20.44272998155136,1022.1364990775679,High,25
22703,2011-07,11.0,55.32778926248647,44.32778926248647,402.9799023862406,High,61
22703,2011-08,34.0,32.818781055306346,1.1812189446936543,3.474173366746042,Low,37
22703,2011-09,34.0,67.76177606752802,33.76177606752802,99.2993413750824,High,75
22703,2011-10,58.0,75.2683081786465,17.268308178646507,29.77294513559742,Moderate,83
22703,2011-11,103.0,56.33995704498567,46.66004295501433,45.30101257768382,Moderate,62
22704,2011-07,425.0,464.96897587978265,39.96897587978265,9.404464912890035,Low,512
22704,2011-08,425.0,445.9009984904354,20.900998490435427,4.917881997749513,Low,491
22704,2011-09,550.0,482.4081418617363,67.59185813826372,12.289428752411585,Low,531
22704,2011-10,350.0,558.6622268251979,208.66222682519788,59.61777909291368,High,615
22704,2011-11,200.0,309.5248811824352,109.5248811824352,54.7624405912176,High,341
22705,2011-07,200.0,174.5425693404915,25.457430659508503,12.72871532975425,Low,192
22705,2011-08,175.0,174.49397559219506,0.5060244078049436,0.2891568044599678,Low,192
22705,2011-09,225.0,179.07328672999537,45.926713270004655,20.41187256444651,Moderate,197
22705,2011-10,100.0,195.01516950837663,95.01516950837664,95.01516950837664,High,215
22705,2011-11,50.0,123.3806624733822,73.3806624733822,146.7613249467644,High,136
22706,2011-07,50.0,312.04519573341184,262.04519573341184,524.0903914668237,High,344
22706,2011-08,150.0,137.90538511450418,12.094614885495815,8.063076590330544,Low,152
22706,2011-09,200.0,193.77551750610183,6.224482493898165,3.1122412469490826,Low,214
22706,2011-10,25.0,169.07343545933415,144.07343545933415,576.2937418373366,High,186
22706,2011-11,100.0,97.15487555999654,2.84512444000346,2.84512444000346,Low,107
22707,2011-07,75.0,165.4499061036368,90.4499061036368,120.59987480484908,High,182
22707,2011-08,75.0,117.28575177453638,42.28575177453638,56.381002366048506,High,130
22707,2011-09,100.0,126.00939686884068,26.00939686884068,26.00939686884068,Moderate,139
22707,2011-10,200.0,119.18757910104874,80.81242089895126,40.40621044947563,Moderate,132
22707,2011-11,25.0,107.41680105509182,82.41680105509182,329.6672042203673,High,119
22708,2011-07,200.0,196.09503368861175,3.904966311388222,1.9524831556941111,Low,216
22708,2011-08,225.0,195.9745688143365,29.02543118566348,12.90019163807266,Low,216
22708,2011-09,325.0,202.92133160665932,122.07866839334064,37.562667197950965,Moderate,224
22708,2011-10,375.0,269.8360552677796,105.16394473222044,28.043718595258788,Moderate,297
22708,2011-11,100.0,169.18243017211773,69.18243017211773,69.18243017211773,High,187
22709,2011-07,100.0,144.82953717148257,44.82953717148257,44.82953717148257,Moderate,160
22709,2011-08,275.0,136.37452348805806,138.62547651194194,50.409264186160705,High,151
22709,2011-09,100.0,186.61327146160508,86.61327146160508,86.61327146160508,High,206
22709,2011-10,0.0,134.31235282120537,134.31235282120537,,Zero Demand,148
22710,2011-07,225.0,316.1409904637187,91.14099046371872,40.50710687276388,Moderate,348
22710,2011-08,275.0,232.44278644693603,42.557213553063946,15.475350382932342,Low,256
22710,2011-09,950.0,271.3114263865833,678.6885736134167,71.4409024856228,High,299
22710,2011-10,275.0,476.2539712723904,201.2539712723904,73.18326228086923,High,524
22710,2011-11,75.0,169.4564137578203,94.45641375782029,125.94188501042704,High,187
22711,2011-07,100.0,233.7295492035245,133.7295492035245,133.7295492035245,High,258
22711,2011-08,225.0,192.12947437427545,32.87052562572458,14.609122500322036,Low,212
22711,2011-09,350.0,220.7931958260074,129.2068041739926,36.91622976399788,Moderate,243
22711,2011-10,150.0,257.8404727408493,107.8404727408493,71.89364849389953,High,284
22711,2011-11,100.0,164.805692198123,64.80569219812301,64.80569219812301,High,182
22712,2011-07,481.0,297.0155349727202,183.98446502727975,38.250408529579985,Moderate,327
22712,2011-08,495.0,428.9369050792851,66.06309492071489,13.346079781962603,Low,472
22712,2011-09,424.0,508.4226705462581,84.42267054625813,19.911007204306163,Low,560
22712,2011-10,399.0,474.0953317984698,75.09533179846983,18.82088516252377,Low,522
22712,2011-11,279.0,317.79239047177924,38.79239047177924,13.904082606372489,Low,350
22713,2011-07,162.0,301.69599492315973,139.69599492315973,86.23209563158008,High,332
22713,2011-08,211.0,270.1645796857242,59.16457968572422,28.040085159111005,Moderate,298
22713,2011-09,623.0,261.6339668809845,361.3660331190155,58.00417867078901,High,288
22713,2011-10,133.0,436.5862678466536,303.58626784665364,228.26035176440124,High,481
22713,2011-11,51.0,180.89232058689723,129.89232058689723,254.69082468019067,High,199
22714,2011-07,86.0,274.23898053595593,188.23898053595596,218.88253550692554,High,302
22714,2011-08,201.0,170.41179510273577,30.588204897264237,15.218012386698627,Low,188
22714,2011-09,256.0,264.9909781071226,8.9909781071226,3.512100823094766,Low,292
22714,2011-10,659.0,224.7506619407846,434.2493380592154,65.89519545663359,High,248
22714,2011-11,33.0,286.8892584709111,253.8892584709111,769.3613893057912,High,316
22715,2011-07,172.0,164.37548198154667,7.62451801845333,4.432859313054261,Low,181
22715,2011-08,207.0,195.237928375344,11.762071624656016,5.682160205147834,Low,215
22715,2011-09,48.0,204.1227186516052,156.12271865160517,325.25566385751074,High,225
22715,2011-10,6.0,122.9113503934031,116.9113503934031,1948.522506556718,High,136
22716,2011-07,268.0,278.9511096495862,10.951109649586217,4.0862349438754535,Low,307
22716,2011-08,296.0,264.40195857099843,31.59804142900157,10.675013996284314,Low,291
22716,2011-09,328.0,301.70350936981885,26.296490630181157,8.017222753104011,Low,332
22716,2011-10,110.0,307.3579840484663,197.35798404846628,179.41634913496932,High,339
22716,2011-11,95.0,153.57959059966953,58.57959059966953,61.662726947020566,High,169
22717,2011-07,145.0,151.46656389359788,6.466563893597879,4.459699236964054,Low,167
22717,2011-08,133.0,160.734428357593,27.734428357593004,20.852953652325567,Moderate,177
22717,2011-09,62.0,166.4444217909151,104.4444217909151,168.4587448240566,High,184
22717,2011-10,88.0,111.15599889037676,23.15599889037675,26.313635102700854,Moderate,123
22717,2011-11,3.0,78.47412864446333,75.47412864446333,2515.8042881487777,High,87
22718,2011-07,137.0,106.86680254237766,30.133197457622344,21.995034640600252,Moderate,118
22718,2011-08,218.0,168.2782916405912,49.72170835940881,22.80812310064624,Moderate,186
22718,2011-09,94.0,200.40060583141616,106.40060583141616,113.19213386320868,High,221
22718,2011-10,109.0,150.5375137334056,41.5375137334056,38.1078107645923,Moderate,166
22718,2011-11,12.0,102.90471167620926,90.90471167620926,757.5392639684105,High,114
22720,2011-07,618.0,613.2906570428416,4.709342957158356,0.7620296047181805,Low,675
22720,2011-08,1243.0,658.1555043409116,584.8444956590884,47.051045507569455,Moderate,724
22720,2011-09,603.0,933.5550080135022,330.5550080135022,54.818409289138,High,1027
22720,2011-10,574.0,884.0775349017051,310.0775349017051,54.020476463711695,High,973
22720,2011-11,169.0,402.290137592203,233.290137592203,138.04150153384793,High,443
22721,2011-07,18.0,115.80236802004018,97.80236802004018,543.3464890002232,High,128
22721,2011-08,31.0,55.497747830539794,24.497747830539797,79.02499300174128,High,62
22721,2011-09,50.0,70.34852174395907,20.34852174395907,40.69704348791814,Moderate,78
22721,2011-10,51.0,70.85837113169114,19.858371131691143,38.93798261115911,Moderate,78
22721,2011-11,171.0,53.78446536619413,117.21553463380587,68.54709627707946,High,60
22722,2011-09,827.0,701.7732490097147,125.22675099028528,15.142291534496408,Low,772
22722,2011-10,529.0,944.4651305152636,415.4651305152637,78.53783185543736,High,1039
22722,2011-11,100.0,275.27475371147216,175.27475371147216,175.27475371147216,High,303
22723,2011-07,108.0,115.88016318864358,7.880163188643579,7.296447396892203,Low,128
22723,2011-08,18.0,121.02447668412968,103.02447668412968,572.3582038007205,High,134
22723,2011-09,19.0,50.08270116952205,31.082701169522053,163.5931640501161,High,56
22723,2011-10,44.0,60.53511815722241,16.535118157222414,37.5798139936873,Moderate,67
22723,2011-11,128.0,46.85366589406288,81.14633410593711,63.39557352026337,High,52
22725,2011-07,118.0,129.21765493680658,11.217654936806582,9.506487234581849,Low,143
22725,2011-08,181.0,144.63642161965376,36.36357838034624,20.090374795771403,Moderate,160
22725,2011-09,379.0,202.29759342622685,176.70240657377315,46.623326272763364,Moderate,223
22725,2011-10,259.0,390.1738975462049,131.1738975462049,50.6462924888822,High,430
22725,2011-11,110.0,128.75015728875903,18.750157288759027,17.04559753523548,Low,142
22726,2011-07,624.0,382.2451985741528,241.75480142584723,38.74275663875757,Moderate,421
22726,2011-08,678.0,607.735912741713,70.26408725828696,10.363434698862385,Low,669
22726,2011-09,1065.0,728.5186084599852,336.4813915400148,31.59449685821735,Moderate,802
22726,2011-10,1002.0,1006.2721202489304,4.272120248930378,0.4263593062804768,Low,1107
22726,2011-11,383.0,701.3770126752981,318.37701267529815,83.12715735647471,High,772
22727,2011-07,743.0,322.08376971063296,420.91623028936704,56.65090582629435,High,355
22727,2011-08,699.0,567.3177555584577,131.68224444154225,18.838661579619778,Low,625
22727,2011-09,1152.0,757.1818662107573,394.81813378924267,34.272407446982875,Moderate,833
22727,2011-10,958.0,1131.200889673306,173.20088967330594,18.079424809322123,Low,1245
22727,2011-11,1060.0,638.575221110473,421.42477888952703,39.757054612219534,Moderate,703
22728,2011-07,844.0,288.1827914004692,555.8172085995308,65.85511950231407,High,318
22728,2011-08,466.0,628.4207537442541,162.42075374425406,34.85423900091289,Moderate,692
22728,2011-09,1079.0,623.1156454271592,455.8843545728408,42.250635270884224,Moderate,686
22728,2011-10,545.0,1107.1192620338843,562.1192620338843,103.14114899704299,High,1218
22728,2011-11,213.0,337.45458357666905,124.45458357666904,58.42938196087748,High,372
22729,2011-07,291.0,220.1055924275082,70.89440757249179,24.362339371990306,Moderate,243
22729,2011-08,273.0,282.8471037944791,9.847103794479096,3.60699772691542,Low,312
22729,2011-09,142.0,336.0340867997764,194.0340867997764,136.64372309843407,High,370
22729,2011-10,24.0,226.18789713051936,202.18789713051936,842.4495713771639,High,249
22729,2011-11,4.0,75.85550068204691,71.85550068204691,1796.3875170511728,High,84
22730,2011-07,412.0,151.4583944651774,260.54160553482257,63.238253770588,High,167
22730,2011-08,319.0,287.202602418025,31.79739758197502,9.96783623259405,Low,316
22730,2011-09,497.0,407.67663828178337,89.32336171821663,17.972507387971152,Low,449
22730,2011-10,438.0,497.229504543735,59.22950454373501,13.52271793235959,Low,547
22730,2011-11,112.0,201.8996985171691,89.8996985171691,80.26758796175812,High,223
22731,2011-08,265.0,67.25527994975525,197.74472005024475,74.62064907556406,High,74
22731,2011-09,424.0,198.89899398216372,225.10100601783623,53.08985990986703,High,219
22731,2011-10,217.0,342.9575939582905,125.95759395829047,58.044974174327415,High,378
22731,2011-11,42.0,117.62335599313836,75.62335599313835,180.05560950747227,High,130
22732,2011-08,244.0,120.10609657121962,123.89390342878038,50.77618992982802,High,133
22732,2011-09,534.0,220.68617895143703,313.31382104856294,58.67300019636011,High,243
22732,2011-10,519.0,498.0312122302733,20.96878776972676,4.040228857365464,Low,548
22732,2011-11,53.0,192.2711680871933,139.2711680871933,262.77578884376095,High,212
22733,2011-08,308.0,92.85716568734286,215.1428343126572,69.85156958203156,High,103
22733,2011-09,483.0,296.80903968232576,186.19096031767424,38.54885306784146,Moderate,327
22733,2011-10,478.0,412.7503742513477,65.2496257486523,13.650549319801739,Low,455
22733,2011-11,42.0,239.0693718077977,197.0693718077977,469.21279001856595,High,263
22734,2011-07,236.0,23.662915311205,212.337084688795,89.97334096982839,High,27
22734,2011-08,715.0,203.1943527449603,511.8056472550397,71.58120940629925,High,224
22734,2011-09,816.0,571.8557565700117,244.14424342998825,29.91963767524366,Moderate,630
22734,2011-10,1214.0,959.1343387643316,254.8656612356685,20.993876543300534,Moderate,1056
22734,2011-11,137.0,684.4829685844411,547.4829685844411,399.6226048061614,High,753
22735,2011-08,81.0,105.7470005049084,24.747000504908414,30.551852475195574,Moderate,117
22735,2011-09,218.0,104.32748694452356,113.67251305547644,52.14335461260388,High,115
22735,2011-10,200.0,209.0860181140168,9.08601811401681,4.543009057008405,Low,230
22735,2011-11,18.0,121.96950710104096,103.96950710104096,577.6083727835609,High,135
22736,2011-07,164.0,36.33708139307624,127.66291860692375,77.84324305300228,High,40
22736,2011-08,150.0,119.44738109130388,30.55261890869612,20.368412605797413,Moderate,132
22736,2011-09,325.0,149.7324579171749,175.2675420828251,53.9284744870231,High,165
22736,2011-10,353.0,375.2318629724696,22.23186297246957,6.297978179169849,Low,413
22736,2011-11,48.0,180.81278702524108,132.81278702524108,276.6933063025856,High,199
22737,2011-07,72.0,36.33708139307624,35.66291860692376,49.53183139850522,Moderate,40
22737,2011-08,212.0,86.13612104681619,125.8638789531838,59.36975422319991,High,95
22737,2011-09,396.0,192.742734961522,203.257265038478,51.32759218143384,High,213
22737,2011-10,434.0,405.47937689884617,28.52062310115383,6.571572143123003,Low,447
22737,2011-11,53.0,179.342502149947,126.342502149947,238.3820795282019,High,198
22738,2011-08,665.0,131.40854765290956,533.5914523470905,80.23931614241961,High,145
22738,2011-09,514.0,458.780808368501,55.21919163149897,10.743033391342212,Low,505
22738,2011-10,420.0,555.9402721506661,135.94027215066615,32.36673146444432,Moderate,612
22738,2011-11,103.0,184.7326106062268,81.73261060622676,79.35204913225898,High,204
22739,2011-07,181.0,58.41020890845402,122.58979109154598,67.72916634892043,High,65
22739,2011-08,237.0,153.93729432877015,83.06270567122985,35.04755513554002,Moderate,170
22739,2011-09,513.0,219.25040671517925,293.7495932848208,57.26112929528671,High,242
22739,2011-10,449.0,660.6727014973977,211.67270149739767,47.14314064530015,Moderate,727
22739,2011-11,90.0,206.6512417826652,116.6512417826652,129.612490869628,High,228
22740,2011-07,0.0,898.8081808536625,898.8081808536625,,Zero Demand,989
22741,2011-07,1061.0,575.3052688951906,485.6947311048094,45.77707173466629,Moderate,633
22741,2011-08,1123.0,654.4481305015653,468.5518694984347,41.72322969710015,Moderate,720
22741,2011-09,806.0,844.3607615366177,38.3607615366177,4.759399694369442,Low,929
22741,2011-10,692.0,908.42875765413,216.42875765412987,31.275832030943622,Moderate,1000
22741,2011-11,315.0,413.7769409424432,98.77694094244316,31.357759029347037,Moderate,456
22742,2011-07,43.0,40.53337915891737,2.46662084108263,5.736327537401465,Low,45
22742,2011-08,26.0,54.65082861581605,28.650828615816053,110.19549467621559,High,61
22742,2011-09,51.0,55.74711302630796,4.747113026307957,9.308064757466584,Low,62
22742,2011-10,38.0,75.19993777772957,37.19993777772957,97.89457309928835,High,83
22742,2011-11,273.0,44.22312730875428,228.77687269124573,83.80105226785558,High,49
22743,2011-07,66.0,48.99701080975224,17.00298919024776,25.762104833708726,Moderate,54
22743,2011-08,46.0,81.66575180437363,35.66575180437363,77.53424305298616,High,90
22743,2011-09,75.0,82.90530830079335,7.905308300793351,10.540411067724467,Low,92
22743,2011-10,57.0,98.99222889610652,41.992228896106525,73.6705770107132,High,109
22743,2011-11,249.0,57.9648783017312,191.0351216982688,76.72093240894328,High,64
22744,2011-07,37.0,53.84614930117228,16.846149301172282,45.53013324641157,Moderate,60
22744,2011-08,47.0,48.638749750414746,1.638749750414746,3.486701596627119,Low,54
22744,2011-09,41.0,81.28038704404783,40.28038704404783,98.24484644889714,High,90
22744,2011-10,78.0,80.64017047025665,2.640170470256649,3.384833936226473,Low,89
22744,2011-11,253.0,64.24194859837081,188.7580514016292,74.6079254551894,High,71
22745,2011-07,194.0,137.56625352989934,56.43374647010066,29.08956003613436,Moderate,152
22745,2011-08,123.0,195.2090656862342,72.2090656862342,58.70655746848309,High,215
22745,2011-09,213.0,159.29955976232193,53.70044023767807,25.211474289989706,Moderate,176
22745,2011-10,247.0,244.38052841494545,2.6194715850545838,1.0605148117629895,Low,269
22745,2011-11,34.0,124.88862462650832,90.88862462650832,267.3194841956127,High,138
22746,2011-07,103.0,99.29637856396978,3.703621436030218,3.5957489670196296,Low,110
22746,2011-08,76.0,137.347844777041,61.34784477704099,80.7208483908434,High,152
22746,2011-09,159.0,106.6682332489804,52.331766751019615,32.91306084969787,Moderate,118
22746,2011-10,147.0,168.34329783025086,21.34329783025086,14.519250224660448,Low,186
22746,2011-11,27.0,99.07549094353064,72.07549094353064,266.94626275381717,High,109
22747,2011-07,49.0,81.1422266362552,32.1422266362552,65.59638089031674,High,90
22747,2011-08,57.0,88.42210088358951,31.422100883589508,55.12649277822721,High,98
22747,2011-09,107.0,87.17175269105729,19.828247308942707,18.531072251348323,Low,96
22747,2011-10,73.0,131.4372739508684,58.43727395086839,80.05106020666902,High,145
22747,2011-11,21.0,62.361245604485376,41.361245604485376,196.95831240231132,High,69
22748,2011-07,128.0,144.5343864612573,16.5343864612573,12.917489422857265,Low,159
22748,2011-08,131.0,162.95412546559513,31.954125465595126,24.392462187477197,Moderate,180
22748,2011-09,228.0,163.2039717678242,64.79602823217581,28.419310628147286,Moderate,180
22748,2011-10,282.0,244.6777493132764,37.322250686723606,13.234840669050923,Low,270
22748,2011-11,35.0,151.44821225736692,116.44821225736692,332.7091778781912,High,167
22749,2011-07,166.0,129.26946258542495,36.73053741457505,22.126829767816297,Moderate,143
22749,2011-08,207.0,177.3878851951218,29.61211480487819,14.305369470955648,Low,196
22749,2011-09,413.0,208.19077161217209,204.80922838782791,49.5906122004426,Moderate,230
22749,2011-10,361.0,414.1346339958455,53.13463399584549,14.718735178904568,Low,456
22749,2011-11,129.0,218.4329908060604,89.43299080606036,69.32789984965919,High,241
22750,2011-07,136.0,115.59297275602312,20.40702724397687,15.005167091159462,Low,128
22750,2011-08,250.0,158.12652088781968,91.87347911218032,36.74939164487213,Moderate,174
22750,2011-09,298.0,250.4579202015645,47.54207979843554,15.953718053166288,Low,276
22750,2011-10,291.0,323.8784965744732,32.87849657447316,11.298452431090434,Low,357
22750,2011-11,67.0,152.17044991020995,85.17044991020995,127.12007449285068,High,168
22751,2011-07,66.0,86.65498926808392,20.654989268083924,31.295438284975642,Moderate,96
22751,2011-08,406.0,94.93805234158152,311.0619476584185,76.61624326562033,High,105
22751,2011-09,222.0,291.4365604057026,69.43656040570261,31.27772991247865,Moderate,321
22751,2011-10,161.0,268.6934173629825,107.69341736298249,66.89032134346739,High,296
22751,2011-11,44.0,112.85955440809488,68.85955440809487,156.4989872911247,High,125
22752,2011-07,51.0,120.80628118116675,69.80628118116677,136.87506113954268,High,133
22752,2011-08,136.0,80.93656750087128,55.06343249912872,40.48781801406523,Moderate,90
22752,2011-09,87.0,156.1083976568024,69.1083976568024,79.43493983540505,High,172
22752,2011-10,253.0,118.4904770938186,134.5095229061814,53.16581933050648,High,131
22752,2011-11,189.0,111.63550799352755,77.36449200647243,40.93359365421822,Moderate,123
22753,2011-07,43.0,81.2819724711415,38.2819724711415,89.02784295614302,High,90
22753,2011-08,29.0,75.3960432495828,46.3960432495828,159.98635603304413,High,83
22753,2011-09,27.0,67.75904312743599,40.75904312743599,150.95941899050365,High,75
22753,2011-10,181.0,79.49243223532098,101.50756776467902,56.08152915175637,High,88
22753,2011-11,252.0,90.4692999059681,161.53070009403189,64.09948416429837,High,100
22754,2011-07,52.0,109.37891890502624,57.378918905026254,110.34407481735818,High,121
22754,2011-08,84.0,100.62543177997138,16.62543177997138,19.79218069044212,Low,111
22754,2011-09,83.0,118.99039455022736,35.99039455022735,43.361921144852225,Moderate,131
22754,2011-10,220.0,129.92436279394462,90.07563720605538,40.943471457297896,Moderate,143
22754,2011-11,616.0,92.28875615301575,523.7112438469842,85.01805906606886,High,102
22755,2011-07,42.0,117.89899670943414,75.89899670943414,180.71189692722416,High,130
22755,2011-08,42.0,101.10491620745532,59.10491620745532,140.72599097013173,High,112
22755,2011-09,48.0,97.58123737732063,49.58123737732065,103.29424453608469,High,108
22755,2011-10,203.0,97.10175294983672,105.89824705016328,52.16662416264201,High,107
22755,2011-11,474.0,104.51253373988568,369.48746626011433,77.95094224896927,High,115
22756,2011-07,58.0,69.26225738799772,11.26225738799772,19.417685151720203,Low,77
22756,2011-08,10.0,59.54990942669151,49.54990942669151,495.49909426691505,High,66
22756,2011-09,17.0,58.572376200937065,41.572376200937065,244.54338941727687,High,65
22756,2011-10,71.0,56.91119303594032,14.088806964059684,19.843390090224908,Low,63
22756,2011-11,175.0,45.07838508196632,129.92161491803367,74.24092281030495,High,50
22757,2011-07,95.0,64.37923074942249,30.62076925057751,32.23238868481843,Moderate,71
22757,2011-08,42.0,99.10843515576116,57.10843515576117,135.97246465657423,High,110
22757,2011-09,30.0,74.82502261371458,44.82502261371458,149.41674204571527,High,83
22757,2011-10,87.0,75.74779260613045,11.252207393869554,12.933571717091441,Low,84
22757,2011-11,368.0,61.750066945704674,306.2499330542953,83.22009050388459,High,68
22758,2011-07,68.0,71.06987772525238,3.0698777252523826,4.514526066547622,Low,79
22758,2011-08,36.0,78.08379036978273,42.08379036978273,116.89941769384093,High,86
22758,2011-09,41.0,86.62678212251653,45.62678212251653,111.28483444516226,High,96
22758,2011-10,111.0,79.49473364099507,31.50526635900493,28.383122845950385,Moderate,88
22758,2011-11,537.0,71.66111955075931,465.3388804492407,86.65528499985861,High,79
22759,2011-07,299.0,217.72296479269,81.27703520731,27.18295491883278,Moderate,240
22759,2011-08,442.0,287.1159127638359,154.88408723616408,35.041648695964724,Moderate,316
22759,2011-09,1425.0,319.9019988315781,1105.098001168422,77.55073692409978,High,352
22759,2011-10,911.0,948.111081415237,37.11108141523698,4.073664260728538,Low,1043
22760,2011-07,18.0,45.32509711395132,27.325097113951315,151.8060950775073,High,50
22760,2011-08,54.0,55.31483882999223,1.314838829992226,2.4348867222078256,Low,61
22761,2011-07,1.0,18.880484830624948,17.880484830624948,1788.0484830624948,High,21
22761,2011-08,1.0,18.880484830624948,17.880484830624948,1788.0484830624948,High,21
22761,2011-09,6.0,18.880484830624948,12.880484830624948,214.67474717708245,High,21
22761,2011-10,3.0,19.32134866516658,16.32134866516658,544.0449555055526,High,22
22761,2011-11,1.0,13.371347529813546,12.371347529813546,1237.1347529813545,High,15
22762,2011-07,14.0,26.987573766833865,12.987573766833863,92.76838404881332,High,30
22762,2011-08,11.0,27.57848097911741,16.578480979117412,150.71346344652193,High,31
22762,2011-09,11.0,26.987573766833865,15.987573766833863,145.34157969848965,High,30
22762,2011-10,13.0,26.987573766833865,13.987573766833863,107.59672128333742,High,30
22762,2011-11,6.0,21.227239435877333,15.227239435877332,253.78732393128885,High,24
22763,2011-07,12.0,27.57848097911741,15.578480979117412,129.82067482597844,High,31
22763,2011-08,15.0,26.736376736688747,11.736376736688747,78.24251157792497,High,30
22763,2011-09,19.0,46.70150729623069,27.701507296230687,145.7974068222668,High,52
22763,2011-10,22.0,33.25108654469409,11.25108654469409,51.14130247588222,High,37
22763,2011-11,13.0,32.80487954950077,19.804879549500768,152.34522730385208,High,37
22766,2011-07,138.0,219.6443464028634,81.64434640286339,59.16256985714738,High,242
22766,2011-08,771.0,194.58155463008708,576.4184453699129,74.76244427625329,High,215
22766,2011-09,202.0,578.365161165309,376.365161165309,186.31938671549952,High,637
22766,2011-10,264.0,291.35559223715313,27.35559223715313,10.361966756497397,Low,321
22766,2011-11,53.0,154.6091199781841,101.60911997818413,191.71532071355495,High,171
22767,2011-07,42.0,61.12603477037147,19.12603477037147,45.53817802469397,Moderate,68
22767,2011-08,210.0,77.94717918406879,132.05282081593123,62.88229562663392,High,86
22767,2011-09,34.0,165.0906687114327,131.0906687114327,385.56079032774323,High,182
22767,2011-10,75.0,86.43486838614483,11.434868386144828,15.246491181526437,Low,96
22767,2011-11,25.0,59.83685079282959,34.83685079282959,139.34740317131835,High,66
22768,2011-07,40.0,65.51319237902725,25.513192379027245,63.78298094756811,High,73
22768,2011-08,208.0,71.93510031866747,136.06489968133252,65.41581715448679,High,80
22768,2011-09,76.0,165.0906687114327,89.0906687114327,117.22456409399041,High,182
22768,2011-10,94.0,123.19314307093904,29.193143070939044,31.056535181850048,Moderate,136
22768,2011-11,46.0,78.32215697381208,32.322156973812085,70.26555863872193,High,87
22770,2011-07,8.0,18.880484830624948,10.880484830624948,136.00606038281185,High,21
22770,2011-08,11.0,19.32134866516658,8.321348665166578,75.64862422878707,High,22
22770,2011-09,11.0,22.299746579460663,11.299746579460663,102.72496890418785,High,25
22770,2011-10,7.0,26.130170804402876,19.130170804402876,273.2881543486125,High,29
22770,2011-11,2.0,20.222864668366185,18.222864668366185,911.1432334183093,High,23
22771,2011-07,587.0,476.60855470357,110.39144529643004,18.806038380993193,Low,525
22771,2011-08,571.0,549.3845115497631,21.615488450236853,3.785549641022216,Low,605
22771,2011-09,468.0,617.1382230296484,149.13822302964843,31.867141673001804,Moderate,679
22771,2011-10,585.0,562.6229323413452,22.377067658654823,3.8251397707102264,Low,619
22771,2011-11,77.0,316.50848745703587,239.50848745703587,311.04998371043615,High,349
22772,2011-07,201.0,275.1229595242667,74.12295952426672,36.877094290679956,Moderate,303
22772,2011-08,249.0,274.285015643064,25.28501564306401,10.154624756250605,Low,302
22772,2011-09,236.0,269.7128890347132,33.71288903471316,14.285122472336084,Low,297
22772,2011-10,248.0,251.5688639068853,3.568863906885298,1.4390580269698783,Low,277
22772,2011-11,37.0,146.58694256273716,109.58694256273716,296.18092584523555,High,162
22773,2011-07,74.0,144.4330342301773,70.4330342301773,95.17977598672609,High,159
22773,2011-08,179.0,114.3947013355622,64.60529866443781,36.092345622590955,Moderate,126
22773,2011-09,138.0,166.82842497158046,28.82842497158046,20.89016302288439,Moderate,184
22773,2011-10,116.0,153.92974148550616,37.92974148550616,32.69805300474669,Moderate,170
22773,2011-11,42.0,86.13245674408132,44.13245674408133,105.0772779620984,High,95
22774,2011-07,54.0,122.73211556082384,68.73211556082383,127.2816954830071,High,136
22774,2011-08,126.0,91.18772088053028,34.81227911946971,27.628792951960087,Moderate,101
22774,2011-09,206.0,123.25422423177328,82.74577576822671,40.167852314673155,Moderate,136
22774,2011-10,189.0,168.42105980423986,20.57894019576014,10.888328145904836,Low,186
22774,2011-11,12.0,114.2515252802372,102.2515252802372,852.0960440019767,High,126
22775,2011-07,275.0,238.272272597809,36.72772740219099,13.35553723716036,Low,263
22775,2011-08,222.0,275.53351792984506,53.53351792984506,24.114197265695974,Moderate,304
22775,2011-09,256.0,229.26324315350743,26.73675684649257,10.444045643161159,Low,253
22775,2011-10,375.0,253.79441218212705,121.20558781787297,32.321490084766126,Moderate,280
22775,2011-11,85.0,202.87498397293092,117.87498397293096,138.67645173285996,High,224
22776,2011-07,49.0,113.67612548241384,64.67612548241385,131.99209282125275,High,126
22776,2011-08,87.0,106.49662195145036,19.49662195145035,22.40991028902339,Moderate,118
22776,2011-09,94.0,160.34969723256322,66.34969723256322,70.58478428996087,High,177
22776,2011-10,84.0,176.1332214160573,92.1332214160573,109.68240644768726,High,194
22776,2011-11,23.0,77.79866344036319,54.79866344036319,238.2550584363617,High,86
22778,2011-07,91.0,55.14681942484827,35.85318057515173,39.39909953313377,Moderate,61
22778,2011-08,58.0,91.67929616991805,33.67929616991805,58.067752017100084,High,101
22778,2011-09,50.0,87.17175269105729,37.17175269105729,74.34350538211459,High,96
22778,2011-10,83.0,84.74925978833426,1.7492597883342569,2.1075419136557314,Low,94
22779,2011-07,45.0,84.15111727151944,39.15111727151944,87.00248282559875,High,93
22779,2011-08,105.0,88.90158531107345,16.098414688926553,15.331823513263384,Low,98
22779,2011-09,121.0,116.3467110295686,4.653288970431404,3.845693363992896,Low,128
22779,2011-10,99.0,127.11464850949942,28.114648509499418,28.398634858080218,Moderate,140
22779,2011-11,19.0,78.86482130216157,59.86482130216157,315.07800685348195,High,87
22780,2011-07,13.0,92.1027120982335,79.1027120982335,608.4824007556423,High,102
22780,2011-08,108.0,59.00307203780579,48.99692796219421,45.36752589092057,Moderate,65
22780,2011-09,48.0,111.89855160544094,63.89855160544094,133.1219825113353,High,124
22780,2011-10,84.0,84.26977536085032,0.2697753608503177,0.32116114386942585,Low,93
22780,2011-11,18.0,64.29736776573459,46.29736776573459,257.20759869852554,High,71
22781,2011-07,37.0,67.13811363577277,30.13811363577277,81.45436117776424,High,74
22781,2011-08,52.0,77.49894558107998,25.49894558107998,49.03643380976919,Moderate,86
22781,2011-09,45.0,77.94717918406879,32.94717918406879,73.21595374237508,High,86
22781,2011-10,62.0,79.57210044081431,17.57210044081431,28.342097485184368,Moderate,88
22781,2011-11,16.0,56.28536992291288,40.28536992291288,251.7835620182055,High,62
22782,2011-07,2.0,25.7320019691776,23.7320019691776,1186.60009845888,High,29
22782,2011-08,4.0,23.831952288031584,19.831952288031584,495.7988072007896,High,27
22782,2011-09,4.0,18.880484830624948,14.880484830624948,372.0121207656237,High,21
22782,2011-10,8.0,18.880484830624948,10.880484830624948,136.00606038281185,High,21
22782,2011-11,5.0,15.385484807274446,10.385484807274446,207.70969614548892,High,17
22784,2011-07,135.0,114.73874531293258,20.26125468706742,15.008336805235126,Low,127
22784,2011-08,110.0,155.5020899919634,45.5020899919634,41.36553635633037,Moderate,172
22784,2011-09,49.0,134.42436962176723,85.42436962176723,174.33544820768822,High,148
22784,2011-10,130.0,92.55149585941211,37.44850414058787,28.806541646606053,Moderate,102
22784,2011-11,33.0,98.21769836576334,65.21769836576334,197.62938898716163,High,109
22785,2011-07,1.0,30.993935762671164,29.993935762671164,2999.3935762671163,High,35
22785,2011-08,5.0,25.29113813463597,20.29113813463597,405.8227626927193,High,28
22785,2011-09,9.0,18.880484830624948,9.880484830624948,109.78316478472163,High,21
22785,2011-10,8.0,20.894622108085866,12.894622108085862,161.18277635107327,High,23
22785,2011-11,123.0,19.161847656987074,103.83815234301292,84.42126206749018,High,22
22786,2011-08,7.0,18.880484830624948,11.880484830624948,169.7212118660707,High,21
22786,2011-09,8.0,19.32134866516658,11.321348665166578,141.51685831458224,High,22
22786,2011-10,7.0,21.506521300427544,14.506521300427544,207.23601857753633,High,24
22786,2011-11,16.0,17.799764794678428,1.7997647946784276,11.248529966740172,Low,20
22789,2011-07,44.0,82.42468865995191,38.42468865995191,87.32883786352707,High,91
22789,2011-08,44.0,64.74858020851175,20.748580208511758,47.155864110253994,Moderate,72
22789,2011-09,46.0,63.52182778699152,17.521827786991516,38.09092997172069,Moderate,70
22789,2011-10,12.0,82.6448541041048,70.6448541041048,588.7071175342066,High,91
22789,2011-11,17.0,36.895459542763966,19.89545954276397,117.03211495743511,High,41
22791,2011-07,561.0,505.2542319636448,55.74576803635523,9.93685704747865,Low,556
22791,2011-08,937.0,611.9298576179102,325.0701423820898,34.692651268099226,Moderate,674
22791,2011-09,566.0,719.8957313998468,153.8957313998468,27.190058551209685,Moderate,792
22791,2011-10,1325.0,682.7583612821418,642.2416387178582,48.4710670730459,Moderate,752
22791,2011-11,475.0,533.9159501335889,58.91595013358892,12.403357922860826,Low,588
22792,2011-07,88.0,98.02240845690083,10.022408456900848,11.38910051920551,Low,108
22792,2011-08,298.0,105.16043388895709,192.83956611104293,64.71126379565199,High,116
22792,2011-09,211.0,246.15446057516948,35.15446057516948,16.66088178917985,Low,271
22792,2011-10,819.0,209.6310061698183,609.3689938301817,74.40402855069374,High,231
22792,2011-11,292.0,369.6002345830696,77.60023458306961,26.5754228024211,Moderate,407
22794,2011-07,20.0,37.04921547530995,17.04921547530995,85.24607737654975,High,41
22794,2011-08,24.0,59.80194726583856,35.801947265838564,149.17478027432736,High,66
22794,2011-09,13.0,63.4202094214896,50.4202094214896,387.8477647806892,High,70
22794,2011-10,18.0,49.65753198441787,31.657531984417872,175.87517769121038,High,55
22794,2011-11,8.0,21.95429651791308,13.95429651791308,174.4287064739135,High,25
22795,2011-07,96.0,94.18172914814625,1.8182708518537536,1.89403213734766,Low,104
22795,2011-08,202.0,122.62392440627356,79.37607559372644,39.29508692758735,Moderate,135
22795,2011-09,66.0,192.53543683318955,126.53543683318956,191.720358838166,High,212
22795,2011-10,155.0,120.3188953151396,34.68110468486039,22.374906248297023,Moderate,133
22795,2011-11,67.0,104.0978541327167,37.09785413271671,55.369931541368224,High,115
22796,2011-07,36.0,58.42438432664962,22.424384326649623,62.28995646291562,High,65
22796,2011-08,54.0,73.56002157541299,19.56002157541299,36.22226217669072,Moderate,81
22796,2011-09,37.0,77.94717918406879,40.94717918406879,110.66805184883457,High,86
22796,2011-10,67.0,73.56002157541299,6.560021575412989,9.791076978228341,Low,81
22796,2011-11,12.0,49.13300802711517,37.13300802711517,309.4417335592931,High,55
22797,2011-07,7.0,39.62575233494941,32.62575233494941,466.08217621356306,High,44
22797,2011-08,5.0,39.46703881543393,34.46703881543393,689.3407763086786,High,44
22797,2011-09,13.0,20.943469348717425,7.943469348717425,61.10361037474943,High,24
22797,2011-10,16.0,23.117862457787364,7.117862457787364,44.48664036117103,Moderate,26
22797,2011-11,2.0,26.23340333648351,24.23340333648351,1211.6701668241753,High,29
22798,2011-07,125.0,184.6984193692859,59.69841936928589,47.75873549542871,Moderate,204
22798,2011-08,137.0,143.23208584972642,6.232085849726417,4.548967773522932,Low,158
22798,2011-09,273.0,157.51128002300393,115.48871997699608,42.303560431134095,Moderate,174
22798,2011-10,156.0,242.1853459401627,86.1853459401627,55.24701662830943,High,267
22798,2011-11,197.0,115.9063156706644,81.0936843293356,41.1643067661602,Moderate,128
22799,2011-07,11.0,26.344054625161487,15.344054625161489,139.49140568328627,High,29
22799,2011-08,11.0,20.93838308258221,9.93838308258221,90.34893711438372,High,24
22799,2011-09,6.0,26.130170804402876,20.130170804402876,335.50284674004797,High,29
22799,2011-10,12.0,25.7320019691776,13.7320019691776,114.43334974314668,High,29
22799,2011-11,30.0,16.55580866645044,13.44419133354956,44.81397111183186,Moderate,19
22800,2011-07,44.0,59.78885138670662,15.788851386706618,35.88375315160595,Moderate,66
22800,2011-08,53.0,80.93656750087128,27.93656750087128,52.71050471862506,High,90
22800,2011-09,69.0,79.31164624412575,10.311646244125754,14.944414846559065,Low,88
22800,2011-10,89.0,106.76029477989056,17.76029477989057,19.955387393135474,Low,118
22800,2011-11,29.0,68.17700186343838,39.17700186343838,135.09310987392544,High,75
22801,2011-07,84.0,99.06061722725872,15.060617227258716,17.929306222927043,Low,109
22801,2011-08,30.0,101.2738276121924,71.27382761219239,237.57942537397466,High,112
22801,2011-09,154.0,62.69377997164607,91.30622002835392,59.289753265164876,High,69
22801,2011-10,137.0,140.94507673895137,3.945076738951372,2.879618057628739,Low,156
22801,2011-11,47.0,95.5221245185333,48.5221245185333,103.23856280539002,High,106
22802,2011-07,2.0,18.880484830624948,16.880484830624948,844.0242415312474,High,21
22802,2011-08,3.0,18.880484830624948,15.880484830624948,529.3494943541649,High,21
22802,2011-09,5.0,18.880484830624948,13.880484830624948,277.60969661249896,High,21
22802,2011-10,9.0,18.880484830624948,9.880484830624948,109.78316478472163,High,21
22802,2011-11,20.0,15.385484807274446,4.614515192725554,23.072575963627767,Moderate,17
22803,2011-07,1.0,18.880484830624948,17.880484830624948,1788.0484830624948,High,21
22803,2011-08,0.0,18.880484830624948,18.880484830624948,,Zero Demand,21
22804,2011-07,165.0,195.7233828422635,30.723382842263504,18.620232025614243,Low,216
22804,2011-08,117.0,202.7111730991536,85.71117309915357,73.25741290525946,High,223
22804,2011-09,171.0,163.92857139625372,7.071428603746284,4.135338364763909,Low,181
22804,2011-10,787.0,190.2666811888066,596.7333188111934,75.82380162785176,High,210
22804,2011-11,28.0,394.15704614992825,366.15704614992825,1307.7037362497438,High,434
22805,2011-07,117.0,113.53455486717768,3.4654451328223104,2.9619189169421456,Low,125
22805,2011-08,127.0,139.23560603183304,12.235606031833044,9.634335458136254,Low,154
22805,2011-09,204.0,146.13976422078198,57.860235779218016,28.362860676087266,Moderate,161
22805,2011-10,147.0,199.8836938164575,52.88369381645751,35.975301915957495,Moderate,220
22805,2011-11,26.0,100.951906064021,74.95190606402099,288.2765617846961,High,112
22806,2011-07,4.0,45.074625784998425,41.074625784998425,1026.8656446249606,High,50
22806,2011-08,31.0,47.23437491446998,16.23437491446998,52.368951336999935,High,52
22806,2011-09,7.0,38.05247889203013,31.05247889203013,443.6068413147161,High,42
22806,2011-10,19.0,33.87169754583188,14.87169754583188,78.27209234648357,High,38
22806,2011-11,66.0,23.93670448806192,42.06329551193808,63.73226592717891,High,27
22807,2011-07,65.0,93.85392353843748,28.85392353843747,44.39065159759611,Moderate,104
22807,2011-08,33.0,71.10383919765702,38.103839197657024,115.46617938683947,High,79
22807,2011-09,42.0,60.47155756825066,18.47155756825066,43.979898972025374,Moderate,67
22807,2011-10,78.0,74.75768900807529,3.242310991924711,4.156808964006039,Low,83
22807,2011-11,104.0,64.2875308219792,39.7124691780208,38.185066517327684,Moderate,71
22808,2011-11,26.0,13.371347529813546,12.628652470186454,48.5717402699479,Moderate,15
22809,2011-08,187.0,110.8139019181408,76.1860980818592,40.74122892078032,Moderate,122
22809,2011-09,271.0,198.2705110239648,72.72948897603519,26.83744980665505,Moderate,219
22809,2011-10,468.0,283.89775789378444,184.1022421062156,39.33808592013154,Moderate,313
22809,2011-11,97.0,204.11188608255512,107.11188608255512,110.4246248273764,High,225
22810,2011-07,74.0,23.220666541550717,50.77933345844929,68.62072088979633,High,26
22810,2011-08,95.0,63.35173198784295,31.648268012157047,33.31396632858636,Moderate,70
22810,2011-09,198.0,111.12278904202516,86.87721095797484,43.87737927170446,Moderate,123
22810,2011-10,360.0,195.4589119884633,164.5410880115367,45.70585778098241,Moderate,216
22810,2011-11,4.0,203.84726929892523,199.84726929892523,4996.181732473131,High,225
22811,2011-07,98.0,62.76595097268805,35.23404902731195,35.95311125235913,Moderate,70
22811,2011-08,106.0,89.97667263294107,16.023327367058926,15.1163465726971,Low,99
22811,2011-09,156.0,97.9709527064916,58.0290472935084,37.19810723942846,Moderate,108
22811,2011-10,195.0,132.15559239928265,62.84440760071735,32.22790133370121,Moderate,146
22811,2011-11,160.0,102.33350340599624,57.66649659400376,36.04156037125235,Moderate,113
22812,2011-07,112.0,47.84058084675586,64.15941915324413,57.2851956725394,High,53
22812,2011-08,627.0,92.738289630498,534.261710369502,85.2092042056622,High,103
22812,2011-09,544.0,424.9512869349568,119.04871306504316,21.8839546075447,Moderate,468
22812,2011-10,136.0,458.88989274892816,322.88989274892816,237.41903878597662,High,505
22812,2011-11,4.0,122.07676468272906,118.07676468272906,2951.9191170682266,High,135
22813,2011-07,79.0,80.77584637910765,1.775846379107648,2.2479068089970227,Low,89
22813,2011-08,550.0,103.14455441884571,446.8554455811543,81.24644465111896,High,114
22813,2011-09,235.0,351.3768138501987,116.37681385019869,49.52204844689306,Moderate,387
22813,2011-10,244.0,209.50890133589368,34.49109866410632,14.135696173814063,Low,231
22813,2011-11,65.0,138.61133324821063,73.61133324821063,113.24820499724713,High,153
22814,2011-07,114.0,224.31382676847025,110.31382676847022,96.7665147091844,High,247
22814,2011-08,135.0,188.78292760470265,53.78292760470265,39.839205633113075,Moderate,208
22814,2011-09,169.0,191.80778847508543,22.80778847508543,13.495732825494338,Low,211
22814,2011-10,190.0,195.3791064475689,5.379106447568859,2.831108656615189,Low,215
22814,2011-11,223.0,114.99484314560624,108.00515685439376,48.43280576430213,Moderate,127
22815,2011-07,266.0,281.6935145375288,15.693514537528756,5.899817495311562,Low,310
22815,2011-08,394.0,254.85857247809665,139.14142752190338,35.31508312738664,Moderate,281
22815,2011-09,162.0,365.4495634613268,203.4495634613268,125.58615028476963,High,402
22815,2011-10,290.0,255.1669077254199,34.83309227458011,12.011411129165555,Low,281
22815,2011-11,109.0,146.0463263486402,37.04632634864021,33.98745536572496,Moderate,161
22816,2011-07,24.0,81.32403995279083,57.32403995279083,238.85016646996178,High,90
22816,2011-08,594.0,80.6184283036409,513.3815716963591,86.42787402295608,High,89
22816,2011-09,885.0,393.9921321652742,491.0078678347258,55.481115009573536,High,434
22816,2011-10,1482.0,685.8836535595202,796.1163464404798,53.71905171663156,High,755
22816,2011-11,252.0,408.6322370982484,156.63223709824837,62.15564964216205,High,450
22817,2011-07,109.0,242.5030935605045,133.5030935605045,122.4799023490867,High,267
22817,2011-08,173.0,189.1975370771888,16.19753707718877,9.362738194906802,Low,209
22817,2011-09,129.0,237.63939158431864,108.63939158431862,84.2165826235028,High,262
22817,2011-10,380.0,199.73169436014723,180.2683056398528,47.439027799961266,Moderate,220
22817,2011-11,76.0,183.15970446647236,107.15970446647232,140.99961114009517,High,202
22818,2011-07,108.0,94.77676991470416,13.223230085295851,12.243731560459121,Low,105
22818,2011-08,638.0,120.0445359269064,517.9554640730936,81.18424201772628,High,133
22818,2011-09,829.0,472.913346159283,356.086653840717,42.953758002499036,Moderate,521
22818,2011-10,1376.0,728.6019058176847,647.3980941823153,47.04928010045896,Moderate,802
22818,2011-11,195.0,484.10673023334846,289.10673023334846,148.25986165812742,High,533
22819,2011-07,155.0,229.75881466283735,74.75881466283738,48.231493330862826,Moderate,253
22819,2011-08,280.0,194.9480692212596,85.05193077874043,30.375689563835866,Moderate,215
22819,2011-09,266.0,273.37838243855776,7.378382438557763,2.7738279844202114,Low,301
22819,2011-10,337.0,242.2713761027817,94.72862389721833,28.10938394576212,Moderate,267
22819,2011-11,75.0,197.90705128931148,122.90705128931148,163.87606838574865,High,218
22820,2011-07,26.0,193.7692520194237,167.7692520194237,645.2663539208604,High,214
22820,2011-08,49.0,88.69476275352059,39.69476275352059,81.00971990514407,High,98
22820,2011-09,49.0,93.16283458563396,44.162834585633945,90.12823384823254,High,103
22820,2011-10,16.0,87.10875389056862,71.10875389056862,444.4297118160539,High,96
22820,2011-11,13.0,56.97528295823784,43.97528295823784,338.2714073710603,High,63
22821,2011-07,28.0,270.6780963329334,242.67809633293345,866.7074869033337,High,298
22821,2011-08,102.0,107.2476759675498,5.24767596754981,5.144780360342951,Low,118
22821,2011-09,65.0,136.20740386222246,71.20740386222246,109.54985209572688,High,150
22821,2011-10,106.0,109.821536088143,3.821536088142992,3.6052227246632,Low,121
22821,2011-11,29.0,85.8418878204781,56.84188782047811,196.00650972578657,High,95
22822,2011-07,14.0,37.08102964506817,23.08102964506817,164.86449746477265,High,41
22822,2011-08,6.0,28.631397469642938,22.631397469642938,377.1899578273823,High,32
22822,2011-09,11.0,26.78491845970312,15.784918459703118,143.4992587245738,High,30
22822,2011-10,11.0,21.45874003497597,10.458740034975976,95.07945486341796,High,24
22822,2011-11,3.0,20.62103350359146,17.62103350359146,587.3677834530487,High,23
22823,2011-09,0.0,18.880484830624948,18.880484830624948,,Zero Demand,21
22824,2011-07,5.0,19.890552858191903,14.890552858191906,297.8110571638381,High,22
22824,2011-08,5.0,20.05558943831896,15.05558943831896,301.11178876637916,High,23
22824,2011-09,1.0,18.880484830624948,17.880484830624948,1788.0484830624948,High,21
22824,2011-10,1.0,18.880484830624948,17.880484830624948,1788.0484830624948,High,21
22825,2011-07,4.0,25.29113813463597,21.29113813463597,532.2784533658992,High,28
22825,2011-08,2.0,18.880484830624948,16.880484830624948,844.0242415312474,High,21
22825,2011-09,9.0,18.880484830624948,9.880484830624948,109.78316478472163,High,21
22825,2011-10,2.0,19.32134866516658,17.32134866516658,866.067433258329,High,22
22826,2011-07,7.0,20.894622108085866,13.894622108085862,198.49460154408374,High,23
22826,2011-08,12.0,21.506521300427544,9.506521300427544,79.2210108368962,High,24
22826,2011-09,4.0,42.19804031194208,38.19804031194208,954.951007798552,High,47
22826,2011-10,16.0,25.29113813463597,9.291138134635968,58.0696133414748,High,28
22827,2011-09,4.0,18.880484830624948,14.880484830624948,372.0121207656237,High,21
22827,2011-10,2.0,18.880484830624948,16.880484830624948,844.0242415312474,High,21
22829,2011-07,12.0,28.631397469642938,16.631397469642938,138.59497891369114,High,32
22829,2011-08,16.0,27.78929322721427,11.78929322721427,73.68308267008918,High,31
22829,2011-09,8.0,32.393683582263094,24.39368358226309,304.9210447782886,High,36
22829,2011-10,1.0,25.7320019691776,24.7320019691776,2473.20019691776,High,29
22831,2011-07,16.0,122.41026171311309,106.41026171311309,665.0641357069568,High,135
22831,2011-08,46.0,56.03093054459978,10.030930544599784,21.806370749129965,Moderate,62
22831,2011-09,27.0,72.17119601731423,45.17119601731423,167.3007259900527,High,80
22831,2011-10,29.0,58.2704769051428,29.2704769051428,100.93267898325105,High,65
22831,2011-11,12.0,37.88222384574748,25.882223845747475,215.68519871456232,High,42
22832,2011-07,6.0,18.880484830624948,12.880484830624948,214.67474717708245,High,21
22832,2011-08,12.0,19.32134866516658,7.321348665166578,61.01123887638815,High,22
22832,2011-09,1.0,22.06494596726185,21.06494596726185,2106.4945967261847,High,25
22832,2011-10,21.0,25.29113813463597,4.291138134635968,20.433991117314136,Moderate,28
22834,2011-07,25.0,28.99657150944475,3.996571509444749,15.986286037778996,Low,32
22834,2011-08,99.0,42.39404553806855,56.605954461931454,57.177731779728745,High,47
22834,2011-09,180.0,119.43708322284448,60.56291677715552,33.646064876197514,Moderate,132
22834,2011-10,252.0,194.97942756097936,57.02057243902064,22.62721128532565,Moderate,215
22834,2011-11,99.0,117.39419629108644,18.394196291086445,18.57999625362267,Low,130
22835,2011-07,386.0,59.50111351362596,326.49888648637403,84.58520375294664,High,66
22835,2011-08,387.0,270.4225099855344,116.57749001446558,30.123382432678447,Moderate,298
22835,2011-09,416.0,444.0254607976967,28.025460797696724,6.736889614830943,Low,489
22835,2011-10,996.0,493.8386669277231,502.1613330722769,50.417804525329004,High,544
22835,2011-11,285.0,658.7739146858901,373.7739146858901,131.14874199504916,High,725
22837,2011-07,4.0,20.32739698018124,16.327396980181238,408.18492450453095,High,23
22837,2011-08,9.0,20.32739698018124,11.327396980181238,125.8599664464582,High,23
22838,2011-07,15.0,38.44549670512516,23.44549670512516,156.30331136750107,High,43
22838,2011-08,72.0,47.754423786756206,24.245576213243798,33.67441140728305,Moderate,53
22838,2011-09,27.0,81.79455440077776,54.79455440077776,202.94279407695467,High,90
22838,2011-10,95.0,73.56002157541299,21.43997842458701,22.568398341670537,Moderate,81
22838,2011-11,9.0,66.67521291487873,57.67521291487873,640.835699054208,High,74
22839,2011-07,22.0,52.4123054612483,30.4123054612483,138.2377520965832,High,58
22839,2011-08,71.0,64.84629226628985,6.153707733710149,8.667193991141055,Low,72
22839,2011-09,20.0,81.79455440077776,61.79455440077776,308.9727720038888,High,90
22839,2011-10,40.0,71.26088901505203,31.26088901505203,78.15222253763008,High,79
22839,2011-11,5.0,33.694096681689985,28.694096681689985,573.8819336337997,High,38
22840,2011-07,45.0,80.08121383705114,35.08121383705114,77.95825297122475,High,89
22840,2011-08,107.0,80.93656750087128,26.063432499128723,24.358348130026844,Moderate,90
22840,2011-09,49.0,127.36836196633304,78.36836196633305,159.93543258435318,High,141
22840,2011-10,76.0,94.8816935929095,18.8816935929095,24.844333674880918,Moderate,105
22840,2011-11,12.0,68.86372994551301,56.863729945513015,473.8644162126085,High,76
22841,2011-07,46.0,29.530130899793463,16.469869100206537,35.80406326131856,Moderate,33
22841,2011-08,75.0,68.53722036717663,6.46277963282337,8.61703951043116,Low,76
22841,2011-09,29.0,95.17953660864356,66.17953660864355,228.205298650495,High,105
22841,2011-10,38.0,73.56002157541299,35.56002157541299,93.57900414582365,High,81
22841,2011-11,6.0,35.12017952649024,29.12017952649024,485.336325441504,High,39
22842,2011-07,14.0,56.99830148184939,42.99830148184939,307.13072487035276,High,63
22842,2011-08,72.0,47.12741184449009,24.87258815550991,34.5452613270971,Moderate,52
22842,2011-09,28.0,81.79455440077776,53.79455440077776,192.12340857420628,High,90
22842,2011-10,42.0,73.56002157541299,31.56002157541299,75.14290851288807,High,81
22842,2011-11,1.0,39.17301309466207,38.17301309466207,3817.301309466207,High,44
22843,2011-07,23.0,44.29718310437633,21.29718310437633,92.59644827989709,High,49
22843,2011-08,55.0,71.93510031866747,16.935100318667466,30.7910914884863,Moderate,80
22843,2011-09,19.0,69.4322882868909,50.432288286890895,265.43309624679415,High,77
22843,2011-10,17.0,44.50737298677684,27.507372986776844,161.80807639280496,High,49
22843,2011-11,1.0,21.95429651791308,20.95429651791308,2095.429651791308,High,25
22844,2011-07,107.0,119.72848540048732,12.72848540048733,11.895780748118998,Low,132
22844,2011-08,59.0,137.20024017860138,78.20024017860138,132.54277996373114,High,151
22844,2011-09,52.0,111.63529188111464,59.63529188111464,114.68325361752815,High,123
22844,2011-10,98.0,104.5978643780612,6.597864378061203,6.732514671491023,Low,116
22844,2011-11,25.0,82.3674512433054,57.3674512433054,229.4698049732216,High,91
22845,2011-07,67.0,76.96840328844922,9.968403288449224,14.87821386335705,Low,85
22845,2011-08,27.0,105.95970327834598,78.95970327834598,292.4433454753555,High,117
22845,2011-09,69.0,74.92448863546996,5.924488635469956,8.586215413724574,Low,83
22845,2011-10,64.0,99.41944752986242,35.419447529862424,55.342886765410036,High,110
22845,2011-11,25.0,57.03806564025806,32.03806564025806,128.15226256103225,High,63
22846,2011-07,56.0,60.390330645815176,4.390330645815176,7.839876153241386,Low,67
22846,2011-08,87.0,73.76034846189812,13.239651538101882,15.217990273680323,Low,82
22846,2011-09,42.0,114.33815157107944,72.33815157107944,172.23369421685578,High,126
22846,2011-10,69.0,93.51722653285252,24.517226532852533,35.532212366452946,Moderate,103
22846,2011-11,25.0,58.98263881454202,33.98263881454202,135.93055525816808,High,65
22847,2011-07,75.0,116.20269562056288,41.20269562056288,54.93692749408384,High,128
22847,2011-08,161.0,116.3134292198398,44.6865707801602,27.755634024944225,Moderate,128
22847,2011-09,73.0,210.86232988226143,137.86232988226143,188.85250668802937,High,232
22847,2011-10,91.0,114.52219496118208,23.52219496118208,25.84856589140888,Moderate,126
22847,2011-11,19.0,82.46848177595008,63.46848177595008,334.0446409260531,High,91
22848,2011-07,16.0,41.1261612382453,25.126161238245302,157.03850773903315,High,46
22848,2011-08,25.0,34.30400303521964,9.304003035219637,37.21601214087855,Moderate,38
22848,2011-09,16.0,63.4202094214896,47.4202094214896,296.37630888431,High,70
22849,2011-07,11.0,29.97848419744105,18.97848419744105,172.53167452219137,High,33
22849,2011-08,0.0,22.11348769027621,22.11348769027621,,Zero Demand,25
22851,2011-07,171.0,248.79157815947823,77.79157815947826,45.49215097045513,Moderate,274
22851,2011-08,148.0,238.1626928308434,90.1626928308434,60.92073839921851,High,262
22851,2011-09,166.0,244.8048765599501,78.80487655995012,47.47281720478922,Moderate,270
22851,2011-10,214.0,196.87027675056052,17.12972324943945,8.004543574504416,Low,217
22851,2011-11,20.0,128.26867131207345,108.26867131207344,541.3433565603672,High,142
22852,2011-07,22.0,60.38191564677714,38.38191564677714,174.46325293989608,High,67
22852,2011-08,34.0,47.46147104475877,13.461471044758769,39.59256189634932,Moderate,53
22852,2011-09,34.0,67.31952729787373,33.319527297873734,97.99860969962863,High,75
22852,2011-10,33.0,72.81590245181864,39.81590245181864,120.65424985399586,High,81
22852,2011-11,20.0,42.59820605200875,22.59820605200875,112.99103026004373,High,47
22853,2011-07,19.0,57.77020311827876,38.77020311827876,204.05370062251978,High,64
22853,2011-08,28.0,40.61469475117604,12.61469475117604,45.052481254200146,Moderate,45
22853,2011-09,33.0,49.49615271284574,16.496152712845742,49.988341554078005,Moderate,55
22853,2011-10,44.0,69.18785891232828,25.18785891232828,57.245133891655186,High,77
22853,2011-11,19.0,40.57059035386233,21.57059035386233,113.5294229150649,High,45
22854,2011-07,39.0,73.17774309361059,34.17774309361059,87.63523870156561,High,81
22854,2011-08,2.0,66.04087859256089,64.04087859256089,3202.043929628044,High,73
22855,2011-07,33.0,152.88450688992853,119.88450688992852,363.2863845149349,High,169
22856,2011-09,0.0,54.007806803971285,54.007806803971285,,Zero Demand,60
22859,2011-09,120.0,25.02738237126197,94.97261762873802,79.14384802394835,High,28
22859,2011-10,31.0,90.11760215810824,59.11760215810823,190.7019424455104,High,100
22863,2011-07,13.0,57.58379889190058,44.58379889190058,342.95229916846597,High,64
22863,2011-08,28.0,38.649439491016906,10.649439491016906,38.033712467917525,Moderate,43
22863,2011-09,2.0,49.56096804081744,47.56096804081744,2378.048402040872,High,55
22863,2011-10,43.0,33.87169754583188,9.12830245416812,21.22861035853051,Moderate,38
22863,2011-11,9.0,35.483144767202134,26.48314476720213,294.2571640800237,High,40
22865,2011-07,279.0,28.614382768611637,250.3856172313884,89.74394882845462,High,32
22865,2011-08,2114.0,170.92327558870878,1943.0767244112917,91.91469841113017,High,189
22865,2011-09,1639.0,1890.4973677259663,251.49736772596637,15.344561789259693,Low,2080
22865,2011-10,2523.0,1754.5481373792525,768.4518626207475,30.45786217283978,Moderate,1931
22865,2011-11,811.0,1485.7174489725037,674.7174489725037,83.19573970067863,High,1635
22866,2011-09,1098.0,1489.6693748961582,391.66937489615816,35.67116346959546,Moderate,1639
22866,2011-10,2360.0,1140.545751549113,1219.454248450887,51.67179018859691,High,1255
22866,2011-11,567.0,1550.2685890975326,983.2685890975326,173.41597691314507,High,1706
22867,2011-09,965.0,1266.6697240309554,301.6697240309554,31.261111298544602,Moderate,1394
22867,2011-10,1655.0,895.7549948242138,759.2450051757862,45.8758311284463,Moderate,986
22867,2011-11,747.0,807.3035914543758,60.303591454375805,8.07276994034482,Low,889
22868,2011-07,2.0,26.077195298608974,24.077195298608974,1203.8597649304486,High,29
22868,2011-08,1.0,23.662915311205,22.662915311205,2266.2915311205,High,27
22868,2011-09,2.0,23.662915311205,21.662915311205,1083.14576556025,High,27
22868,2011-10,3.0,22.77980270700908,19.77980270700908,659.3267569003026,High,26
22869,2011-07,4.0,25.23618875412428,21.23618875412428,530.904718853107,High,28
22869,2011-08,4.0,26.077195298608974,22.077195298608974,551.9298824652243,High,29
22869,2011-09,3.0,23.662915311205,20.662915311205,688.7638437068333,High,27
22869,2011-10,3.0,23.662915311205,20.662915311205,688.7638437068333,High,27
22870,2011-07,4.0,25.23618875412428,21.23618875412428,530.904718853107,High,28
22870,2011-08,3.0,24.672983338771957,21.672983338771957,722.4327779590652,High,28
22870,2011-09,4.0,23.662915311205,19.662915311205,491.57288278012504,High,27
22870,2011-10,3.0,23.662915311205,20.662915311205,688.7638437068333,High,27
22871,2011-07,2.0,28.614382768611637,26.614382768611637,1330.7191384305818,High,32
22871,2011-08,0.0,23.662915311205,23.662915311205,,Zero Demand,27
22872,2011-07,4.0,23.662915311205,19.662915311205,491.57288278012504,High,27
22872,2011-08,2.0,23.662915311205,21.662915311205,1083.14576556025,High,27
22872,2011-09,0.0,23.662915311205,23.662915311205,,Zero Demand,27
22873,2011-07,1.0,24.79393998447,23.79393998447,2379.393998447,High,28
22873,2011-08,0.0,24.672983338771957,24.672983338771957,,Zero Demand,28
22874,2011-07,2.0,30.07356861521602,28.07356861521602,1403.678430760801,High,34
22874,2011-08,3.0,23.662915311205,20.662915311205,688.7638437068333,High,27
22874,2011-09,0.0,22.77980270700908,22.77980270700908,,Zero Demand,26
22875,2011-07,2.0,23.220666541550717,21.220666541550717,1061.033327077536,High,26
22875,2011-08,1.0,23.662915311205,22.662915311205,2266.2915311205,High,27
22875,2011-09,0.0,23.662915311205,23.662915311205,,Zero Demand,27
22876,2011-07,1.0,30.07356861521602,29.07356861521602,2907.356861521602,High,34
22876,2011-08,2.0,23.662915311205,21.662915311205,1083.14576556025,High,27
22877,2011-08,2.0,23.662915311205,21.662915311205,1083.14576556025,High,27
22877,2011-09,1.0,22.77980270700908,21.77980270700908,2177.980270700908,High,26
22878,2011-07,7.0,24.395771149244723,17.395771149244723,248.51101641778178,High,27
22878,2011-08,2.0,27.25229990630298,25.25229990630298,1262.614995315149,High,30
22878,2011-09,1.0,24.672983338771957,23.672983338771957,2367.2983338771955,High,28
22878,2011-10,2.0,22.77980270700908,20.77980270700908,1038.990135350454,High,26
22879,2011-07,3.0,23.662915311205,20.662915311205,688.7638437068333,High,27
22879,2011-08,4.0,22.77980270700908,18.77980270700908,469.49506767522695,High,26
22879,2011-09,1.0,23.662915311205,22.662915311205,2266.2915311205,High,27
22880,2011-07,6.0,24.838019918899004,18.838019918899004,313.96699864831675,High,28
22880,2011-08,6.0,28.172133998957356,22.172133998957356,369.53556664928925,High,31
22880,2011-09,3.0,23.662915311205,20.662915311205,688.7638437068333,High,27
22880,2011-10,2.0,23.662915311205,21.662915311205,1083.14576556025,High,27
22881,2011-07,8.0,23.662915311205,15.662915311205,195.7864413900625,High,27
22881,2011-08,8.0,23.220666541550717,15.220666541550711,190.2583317693839,High,26
22881,2011-09,2.0,27.65046874152825,25.65046874152825,1282.5234370764126,High,31
22881,2011-10,2.0,25.19408269441306,23.19408269441306,1159.704134720653,High,28
22881,2011-11,1.0,15.215893151548745,14.215893151548745,1421.5893151548744,High,17
22882,2011-07,12.0,24.672983338771957,12.672983338771951,105.60819448976626,High,28
22882,2011-08,3.0,25.964263843645977,22.964263843645977,765.4754614548659,High,29
22882,2011-09,1.0,30.07356861521602,29.07356861521602,2907.356861521602,High,34
22882,2011-10,3.0,23.662915311205,20.662915311205,688.7638437068333,High,27
22882,2011-11,2.0,15.215893151548745,13.215893151548745,660.7946575774372,High,17
22883,2011-07,5.0,23.662915311205,18.662915311205,373.2583062241,High,27
22883,2011-08,3.0,22.77980270700908,19.77980270700908,659.3267569003026,High,26
22883,2011-09,2.0,23.662915311205,21.662915311205,1083.14576556025,High,27
22883,2011-10,2.0,23.662915311205,21.662915311205,1083.14576556025,High,27
22883,2011-11,2.0,16.09900575574465,14.099005755744647,704.9502877872324,High,18
22884,2011-07,4.0,23.662915311205,19.662915311205,491.57288278012504,High,27
22884,2011-08,3.0,22.77980270700908,19.77980270700908,659.3267569003026,High,26
22884,2011-09,1.0,23.662915311205,22.662915311205,2266.2915311205,High,27
22884,2011-10,5.0,23.662915311205,18.662915311205,373.2583062241,High,27
22885,2011-07,4.0,30.07356861521602,26.07356861521602,651.8392153804004,High,34
22885,2011-08,2.0,22.77980270700908,20.77980270700908,1038.990135350454,High,26
22885,2011-09,1.0,23.662915311205,22.662915311205,2266.2915311205,High,27
22885,2011-10,3.0,23.662915311205,20.662915311205,688.7638437068333,High,27
22885,2011-11,4.0,15.215893151548745,11.215893151548745,280.3973287887186,High,17
22886,2011-07,7.0,23.662915311205,16.662915311205,238.0416473029286,High,27
22886,2011-08,5.0,24.838019918899004,19.838019918899004,396.7603983779801,High,28
22886,2011-09,0.0,24.672983338771957,24.672983338771957,,Zero Demand,28
22887,2011-07,3.0,23.662915311205,20.662915311205,688.7638437068333,High,27
22887,2011-08,4.0,22.77980270700908,18.77980270700908,469.49506767522695,High,26
22887,2011-09,1.0,23.662915311205,22.662915311205,2266.2915311205,High,27
22887,2011-10,0.0,23.662915311205,23.662915311205,,Zero Demand,27
22888,2011-07,3.0,23.662915311205,20.662915311205,688.7638437068333,High,27
22888,2011-08,3.0,22.77980270700908,19.77980270700908,659.3267569003026,High,26
22888,2011-09,1.0,23.662915311205,22.662915311205,2266.2915311205,High,27
22888,2011-10,2.0,23.662915311205,21.662915311205,1083.14576556025,High,27
22888,2011-11,1.0,15.215893151548745,14.215893151548745,1421.5893151548744,High,17
22889,2011-07,4.0,23.95490731470309,19.95490731470309,498.8726828675772,High,27
22889,2011-08,8.0,22.77980270700908,14.779802707009082,184.74753383761353,High,26
22889,2011-09,0.0,23.662915311205,23.662915311205,,Zero Demand,27
22890,2011-07,9.0,40.13563958486037,31.135639584860364,345.95155094289294,High,45
22890,2011-08,13.0,27.18308729492839,14.183087294928391,109.10067149944918,High,30
22890,2011-09,34.0,25.841308816974475,8.158691183025525,23.996150538310367,Moderate,29
22890,2011-10,60.0,63.4202094214896,3.420209421489602,5.700349035816004,Low,70
22890,2011-11,6.0,47.26173722885749,41.26173722885749,687.6956204809582,High,52
22891,2011-07,19.0,27.18308729492839,8.183087294928391,43.06888049962311,Moderate,30
22891,2011-08,42.0,38.20332091160377,3.796679088396232,9.039712115229124,Low,43
22891,2011-09,19.0,69.4322882868909,50.432288286890895,265.43309624679415,High,77
22891,2011-10,50.0,43.2806205652566,6.719379434743402,13.438758869486806,Low,48
22891,2011-11,14.0,36.8577131176726,22.857713117672603,163.26937941194717,High,41
22892,2011-07,224.0,178.14935583091756,45.85064416908244,20.469037575483235,Moderate,196
22892,2011-08,108.0,213.74294958985303,105.74294958985304,97.91013850912319,High,236
22892,2011-09,350.0,175.43792450357142,174.56207549642858,49.87487871326531,Moderate,193
22892,2011-10,78.0,301.0453690885158,223.04536908851583,285.9556013955331,High,332
22893,2011-07,162.0,126.57955017067788,35.42044982932212,21.86447520328526,Moderate,140
22893,2011-08,267.0,164.56506737837708,102.43493262162292,38.36514330397862,Moderate,182
22893,2011-09,78.0,198.83515333199816,120.8351533319982,154.91686324615154,High,219
22893,2011-10,62.0,164.49169151178018,102.49169151178018,165.30917985770998,High,181
22893,2011-11,27.0,59.20253581295085,32.20253581295085,119.26865115907721,High,66
22894,2011-07,24.0,43.2806205652566,19.2806205652566,80.3359190219025,High,48
22894,2011-08,10.0,43.89901426915106,33.89901426915106,338.9901426915106,High,49
22894,2011-09,18.0,29.928299735018733,11.928299735018731,66.26833186121517,High,33
22894,2011-10,11.0,52.56962638990191,41.56962638990191,377.9056944536538,High,58
22894,2011-11,2.0,21.673949994116978,19.673949994116978,983.6974997058488,High,24
22895,2011-07,159.0,118.65999658953363,40.340003410466366,25.371071327337336,Moderate,131
22895,2011-08,224.0,162.13334207233655,61.866657927663454,27.619043717706898,Moderate,179
22895,2011-09,109.0,204.16154368156444,95.16154368156444,87.30416851519674,High,225
22895,2011-10,163.0,158.78680362830815,4.213196371691851,2.5847830501176996,Low,175
22895,2011-11,26.0,104.22565057127306,78.22565057127306,300.86788681258867,High,115
22896,2011-07,82.0,103.55137837107615,21.55137837107617,26.28216874521484,Moderate,114
22896,2011-08,93.0,116.91827529008404,23.91827529008405,25.718575580735536,Moderate,129
22896,2011-09,67.0,123.7224425271868,56.7224425271868,84.66036198087582,High,137
22896,2011-10,106.0,100.98913543770986,5.010864562290138,4.727230719141639,Low,112
22896,2011-11,20.0,85.9835517282755,65.9835517282755,329.91775864137753,High,95
22897,2011-07,59.0,111.34153250244472,52.34153250244471,88.71446186855036,High,123
22897,2011-08,83.0,98.37694834489288,15.376948344892869,18.526443789027553,Low,109
22897,2011-09,169.0,108.35804328924335,60.64195671075663,35.88281462174949,Moderate,120
22897,2011-10,187.0,170.33501506402538,16.664984935974616,8.911756650253805,Low,188
22897,2011-11,12.0,121.6668651609678,109.6668651609678,913.8905430080649,High,134
22898,2011-07,288.0,140.47675106006523,147.52324893993477,51.223350326366244,High,155
22898,2011-08,185.0,240.66221649450384,55.66221649450384,30.0876845916237,Moderate,265
22898,2011-09,160.0,210.7199242746616,50.71992427466162,31.69995267166351,Moderate,232
22898,2011-10,422.0,201.6573527372008,220.3426472627992,52.213897455639625,High,222
22898,2011-11,81.0,200.4264738617229,119.42647386172294,147.44009118731228,High,221
22899,2011-07,176.0,124.2482298530224,51.75177014697759,29.404414856237267,Moderate,137
22899,2011-08,242.0,168.90336099889564,73.09663900110436,30.205222727729076,Moderate,186
22899,2011-09,132.0,216.51348455775232,84.51348455775232,64.02536708920631,High,239
22899,2011-10,335.0,184.6823056202558,150.3176943797442,44.8709535461923,Moderate,204
22899,2011-11,102.0,194.3862743580734,92.3862743580734,90.57477878242489,High,214
22900,2011-07,245.0,421.4626791470607,176.46267914706067,72.02558332533089,High,464
22900,2011-08,404.0,309.7365665150698,94.2634334849302,23.33253304082431,Moderate,341
22900,2011-09,250.0,467.19420664885166,217.1942066488517,86.87768265954068,High,514
22900,2011-10,407.0,327.67225027488377,79.32774972511623,19.490847598308658,Low,361
22900,2011-11,139.0,222.08903554355692,83.08903554355695,59.776284563710036,High,245
22902,2011-07,24.0,91.56991047738798,67.56991047738798,281.54129365578325,High,101
22902,2011-08,168.0,74.08680686703589,93.91319313296412,55.900710198192925,High,82
22902,2011-09,89.0,147.47208183849776,58.47208183849776,65.69896835786265,High,163
22902,2011-10,116.0,113.66130459005328,2.338695409946709,2.01611673271268,Low,126
22902,2011-11,17.0,81.76857841064226,64.76857841064226,380.9916377096604,High,90
22903,2011-07,21.0,30.07356861521602,9.073568615216018,43.207469596266755,Moderate,34
22903,2011-08,10.0,38.45572272993172,28.455722729931715,284.55722729931716,High,43
22903,2011-09,12.0,30.47173745044129,18.47173745044129,153.93114542034408,High,34
22903,2011-10,50.0,30.679774547501896,19.320225452498104,38.64045090499621,Moderate,34
22903,2011-11,15.0,39.14450750906207,24.144507509062077,160.9633833937472,High,44
22904,2011-07,220.0,155.82529863821526,64.17470136178474,29.170318800811245,Moderate,172
22904,2011-08,100.0,205.4935588105071,105.4935588105071,105.49355881050711,High,227
22904,2011-09,326.0,141.1994755536244,184.8005244463756,56.68727743753852,High,156
22904,2011-10,125.0,294.21408487760834,169.21408487760834,135.37126790208666,High,324
22905,2011-07,22.0,47.798332145535184,25.798332145535184,117.26514611606902,High,53
22905,2011-08,16.0,50.064832595215,34.064832595214995,212.9052037200937,High,56
22905,2011-09,118.0,37.78816671882706,80.21183328117294,67.97612989929911,High,42
22905,2011-10,151.0,114.47526466000076,36.52473533999925,24.188566450330633,Moderate,126
22905,2011-11,97.0,95.3035914254254,1.6964085745745905,1.7488748191490624,Low,105
22906,2011-07,126.0,108.48836331826269,17.511636681737315,13.898124350585169,Low,120
22906,2011-08,110.0,133.025219335672,23.02521933567201,20.932017577883645,Moderate,147
22906,2011-09,139.0,123.40271868500275,15.597281314997232,11.221065694242613,Low,136
22906,2011-10,235.0,162.801149018043,72.19885098195701,30.722915311471066,Moderate,180
22906,2011-11,137.0,109.50666269727112,27.49333730272889,20.068129418050283,Moderate,121
22907,2011-07,595.0,638.3549639706091,43.35496397060911,7.286548566488927,Low,703
22907,2011-08,612.0,653.8701709804006,41.87017098040064,6.841531205947817,Low,720
22907,2011-09,501.0,762.0286852412967,261.02868524129667,52.10153398029874,High,839
22907,2011-10,288.0,639.5926756214074,351.5926756214073,122.08079014632199,High,704
22907,2011-11,180.0,255.01564416679344,75.01564416679346,41.67535787044081,Moderate,281
22908,2011-07,281.0,358.7672971177625,77.76729711776255,27.67519470383009,Moderate,395
22908,2011-08,293.0,340.02848617233184,47.02848617233184,16.050677874515987,Low,375
22908,2011-09,204.0,361.888622718735,157.888622718735,77.39638368565441,High,399
22908,2011-10,148.0,317.0641206668576,169.0641206668576,114.23251396409297,High,349
22908,2011-11,142.0,172.8776778851474,30.877677885147392,21.74484358108971,Moderate,191
22909,2011-07,604.0,287.55660920585365,316.44339079414635,52.39128986658053,High,317
22909,2011-08,2170.0,365.9022183061405,1804.0977816938596,83.13814662183685,High,403
22909,2011-09,1646.0,1435.6851976090854,210.31480239091456,12.777326998232963,Low,1580
22909,2011-10,2395.0,1754.674481290572,640.325518709428,26.735929799976116,Moderate,1931
22909,2011-11,706.0,1412.2289117041153,706.2289117041153,100.03242375412398,High,1554
22910,2011-07,467.0,275.75761076105334,191.24238923894663,40.95126107900356,Moderate,304
22910,2011-08,1613.0,297.3349519457531,1315.6650480542469,81.56633899902337,High,328
22910,2011-09,1719.0,1571.6746139221398,147.32538607786023,8.570412220934278,Low,1729
22910,2011-10,3822.0,1873.8194605800984,1948.1805394199016,50.97280322919679,High,2062
22910,2011-11,861.0,2022.9389481002308,1161.9389481002308,134.95225878051463,High,2226
22911,2011-07,0.0,57.77020311827876,57.77020311827876,,Zero Demand,64
22911,2011-10,112.0,34.87607231334302,77.12392768665697,68.86064972022943,High,39
22911,2011-11,9.0,74.69153086612788,65.69153086612788,729.905898512532,High,83
22912,2011-07,15.0,29.520614601832158,14.520614601832154,96.80409734554769,High,33
22912,2011-08,18.0,28.631397469642938,10.631397469642938,59.0633192757941,High,32
22912,2011-09,9.0,32.393683582263094,23.39368358226309,259.929817580701,High,36
22912,2011-10,13.0,26.78491845970312,13.784918459703118,106.03783430540861,High,30
22913,2011-07,22.0,39.01044533520115,17.010445335201148,77.32020606909612,High,43
22913,2011-08,9.0,45.154586066807326,36.154586066807326,401.71762296452584,High,50
22913,2011-09,10.0,26.78491845970312,16.784918459703118,167.84918459703118,High,30
22913,2011-10,8.0,25.723901448324007,17.723901448324007,221.54876810405008,High,29
22913,2011-11,5.0,20.62103350359146,15.62103350359146,312.42067007182925,High,23
22914,2011-07,29.0,51.28711121158909,22.28711121158909,76.85210762616927,High,57
22914,2011-08,12.0,64.84629226628985,52.84629226628985,440.3857688857488,High,72
22914,2011-09,16.0,30.534505667304607,14.534505667304607,90.84066042065379,High,34
22914,2011-10,11.0,52.56962638990191,41.56962638990191,377.9056944536538,High,58
22914,2011-11,8.0,21.673949994116978,13.673949994116978,170.9243749264622,High,24
22915,2011-07,327.0,189.37730467166853,137.62269532833147,42.08645117074357,Moderate,209
22915,2011-08,91.0,259.87940085379665,168.87940085379665,185.58175917999634,High,286
22915,2011-09,196.0,157.4611147496621,38.5388852503379,19.662696556294847,Low,174
22915,2011-10,285.0,195.11792265297527,89.88207734702473,31.53757099895605,Moderate,215
22915,2011-11,504.0,133.97955894369372,370.0204410563063,73.41675417783856,High,148
22916,2011-07,72.0,191.48425798684323,119.48425798684325,165.95035831506007,High,211
22916,2011-08,33.0,146.20102282829097,113.20102282829096,343.03340250997263,High,161
22916,2011-09,92.0,103.14993100767812,11.14993100767812,12.119490225737087,Low,114
22916,2011-10,75.0,105.18611059393592,30.186110593935908,40.248147458581215,Moderate,116
22916,2011-11,60.0,69.5829799139247,9.582979913924705,15.971633189874506,Low,77
22917,2011-07,61.0,199.90644798943995,138.90644798943993,227.71548850727856,High,220
22917,2011-08,33.0,138.2482641855521,105.2482641855521,318.93413389561243,High,153
22917,2011-09,90.0,100.7179202837916,10.717920283791583,11.908800315323981,Low,111
22917,2011-10,90.0,104.70662616645195,14.706626166451969,16.340695740502188,Low,116
22917,2011-11,55.0,73.17154752757683,18.171547527576838,33.039177322866976,Moderate,81
22918,2011-07,61.0,193.21902453915607,132.21902453915607,216.75249924451813,High,213
22918,2011-08,32.0,133.88296603347484,101.88296603347484,318.3842688546089,High,148
22918,2011-09,84.0,103.14993100767812,19.14993100767812,22.797536913902526,Moderate,114
22918,2011-10,89.0,104.4676607296407,15.467660729640698,17.379394078247977,Low,115
22918,2011-11,60.0,73.17154752757683,13.171547527576834,21.952579212628056,Moderate,81
22919,2011-07,73.0,152.7340413153826,79.7340413153826,109.22471413066108,High,169
22919,2011-08,27.0,122.76562449825542,95.76562449825542,354.6874981416867,High,136
22919,2011-09,84.0,87.92240905116599,3.922409051165985,4.6695345847214105,Low,97
22919,2011-10,72.0,96.4686317771683,24.468631777168294,33.98421080162263,Moderate,107
22919,2011-11,48.0,64.09050936606555,16.090509366065547,33.52189451263656,Moderate,71
22920,2011-07,61.0,328.319392333409,267.319392333409,438.22851202198194,High,362
22920,2011-08,15.0,232.2542397318727,217.2542397318727,1448.3615982124848,High,256
22920,2011-09,82.0,131.56046362512444,49.56046362512444,60.43958978673712,High,145
22920,2011-10,81.0,140.93107129761324,59.93107129761325,73.98897691063364,High,156
22920,2011-11,57.0,131.83500411019222,74.83500411019222,131.28948089507406,High,146
22921,2011-07,35.0,178.69717138825993,143.69717138825993,410.5633468235998,High,197
22921,2011-08,67.0,121.49964813646773,54.49964813646771,81.34275841263837,High,134
22921,2011-09,78.0,116.6360757259018,38.63607572590179,49.533430417822814,Moderate,129
22921,2011-10,72.0,101.3578175878282,29.357817587828198,40.77474664976138,Moderate,112
22921,2011-11,47.0,66.83246094926145,19.83246094926145,42.19672542396053,Moderate,74
22922,2011-07,98.0,129.49094901376748,31.49094901376748,32.13362144261988,Moderate,143
22922,2011-08,132.0,107.95311518158933,24.046884818410675,18.21733698364445,Low,119
22922,2011-09,125.0,126.65048323434873,1.6504832343487124,1.32038658747897,Low,140
22922,2011-10,88.0,141.75881302326684,53.75881302326684,61.089560253712314,High,156
22922,2011-11,150.0,78.83634534829905,71.16365465170095,47.4424364344673,Moderate,87
22923,2011-07,78.0,152.02965510242308,74.02965510242308,94.90981423387575,High,168
22923,2011-08,60.0,107.31537064894243,47.31537064894245,78.85895108157075,High,119
22923,2011-09,102.0,103.30618737597996,1.3061873759799454,1.280575858803868,Low,114
22923,2011-10,87.0,106.05435760820014,19.05435760820013,21.90156046919555,Moderate,117
22923,2011-11,168.0,78.47705542732274,89.52294457267726,53.287467007545985,High,87
22924,2011-07,66.0,109.23278474761044,43.23278474761044,65.50421931456127,High,121
22924,2011-08,132.0,91.03123748839222,40.96876251160778,31.03694129667256,Moderate,101
22924,2011-09,120.0,121.9758551041254,1.975855104125387,1.6465459201044892,Low,135
22924,2011-10,90.0,115.27663057420592,25.27663057420591,28.085145082451014,Moderate,127
22924,2011-11,174.0,72.8135716219128,101.1864283780872,58.153119757521374,High,81
22925,2011-07,12.0,71.07703764143976,59.07703764143976,492.308647011998,High,79
22925,2011-08,33.0,41.1261612382453,8.126161238245302,24.624731024985767,Moderate,46
22925,2011-09,34.0,63.4202094214896,29.4202094214896,86.53002771026352,High,70
22927,2011-07,25.0,69.37948597672248,44.37948597672248,177.5179439068899,High,77
22927,2011-08,26.0,73.56002157541299,47.56002157541299,182.92315990543457,High,81
22927,2011-09,0.0,47.4698860437968,47.4698860437968,,Zero Demand,53
22928,2011-07,14.0,29.520614601832158,15.520614601832154,110.86153287022967,High,33
22928,2011-08,10.0,28.631397469642938,18.631397469642938,186.3139746964294,High,32
22928,2011-09,40.0,26.130170804402876,13.869829195597127,34.67457298899282,Moderate,29
22928,2011-10,53.0,63.4202094214896,10.420209421489602,19.66077249337661,Low,70
22928,2011-11,14.0,52.1595441094486,38.1595441094486,272.56817221034714,High,58
22929,2011-09,2.0,18.880484830624948,16.880484830624948,844.0242415312474,High,21
22930,2011-07,46.0,59.40124087303106,13.401240873031057,29.133132332676208,Moderate,66
22930,2011-08,45.0,56.494780103356966,11.494780103356966,25.543955785237703,Moderate,63
22930,2011-09,61.0,82.6448541041048,21.644854104104795,35.48336738377835,Moderate,91
22930,2011-10,92.0,87.23747719796783,4.762522802032166,5.17665521960018,Low,96
22930,2011-11,16.0,62.66849737417038,46.66849737417038,291.67810858856484,High,69
22931,2011-07,10.0,39.20535374407164,29.20535374407164,292.0535374407164,High,44
22931,2011-08,13.0,31.126485105741544,18.126485105741544,139.4345008133965,High,35
22931,2011-09,23.0,31.732691038027447,8.732691038027447,37.96822190446716,Moderate,35
22931,2011-10,18.0,48.638749750414746,30.638749750414743,170.21527639119302,High,54
22931,2011-11,15.0,23.18817441877701,8.18817441877701,54.58782945851339,High,26
22932,2011-07,29.0,41.61425386168853,12.614253861688532,43.497427109270795,Moderate,46
22932,2011-08,20.0,45.33178604104481,25.331786041044808,126.65893020522402,High,50
22932,2011-09,12.0,47.67908176916022,35.67908176916022,297.3256814096685,High,53
22932,2011-10,7.0,31.732691038027447,24.732691038027447,353.3241576861064,High,35
22932,2011-11,16.0,23.56257555028119,7.562575550281188,47.26609718925743,Moderate,26
22933,2011-09,2.0,20.24495189068193,18.24495189068193,912.2475945340964,High,23
22933,2011-10,1.0,23.662915311205,22.662915311205,2266.2915311205,High,27
22933,2011-11,2.0,16.09900575574465,14.099005755744647,704.9502877872324,High,18
22934,2011-10,1.0,24.672983338771957,23.672983338771957,2367.2983338771955,High,28
22935,2011-07,12.0,50.43545938526214,38.43545938526214,320.2954948771845,High,56
22935,2011-08,8.0,33.09715809808441,25.097158098084407,313.71447622605507,High,37
22935,2011-09,5.0,31.126485105741544,26.126485105741544,522.5297021148309,High,35
22935,2011-10,15.0,25.19408269441306,10.194082694413058,67.96055129608706,High,28
22935,2011-11,6.0,19.684707300268578,13.684707300268578,228.07845500447627,High,22
22936,2011-07,2.0,32.818781055306346,30.818781055306346,1540.9390527653172,High,37
22936,2011-08,6.0,18.880484830624948,12.880484830624948,214.67474717708245,High,21
22936,2011-09,11.0,19.32134866516658,8.321348665166578,75.64862422878707,High,22
22936,2011-10,7.0,25.402137845789117,18.402137845789117,262.8876835112731,High,28
22936,2011-11,6.0,22.465579125326656,16.465579125326656,274.4263187554443,High,25
22937,2011-07,28.0,59.00307203780579,31.003072037805783,110.72525727787779,High,65
22937,2011-08,44.0,50.48270123795567,6.482701237955666,14.733411904444695,Low,56
22937,2011-09,58.0,56.07691146061629,1.9230885393837056,3.3156698954891475,Low,62
22937,2011-10,12.0,84.1823643742548,72.1823643742548,601.51970311879,High,93
22937,2011-11,14.0,40.67484012652078,26.674840126520778,190.53457233229128,High,45
22938,2011-07,89.0,172.39110133761102,83.39110133761102,93.69786667147305,High,190
22938,2011-08,120.0,136.54466333322708,16.544663333227078,13.787219444355896,Low,151
22938,2011-09,148.0,138.6087238571191,9.391276142880912,6.345456853297914,Low,153
22938,2011-10,398.0,164.79377020361645,233.20622979638355,58.594530099593854,High,182
22938,2011-11,4.0,182.94840493565388,178.94840493565388,4473.710123391347,High,202
22939,2011-07,44.0,46.6124830813658,2.612483081365802,5.937461548558642,Low,52
22939,2011-08,10.0,70.85837113169114,60.85837113169114,608.5837113169115,High,78
22939,2011-09,44.0,40.51995530595943,3.480044694040572,7.909192486455846,Low,45
22939,2011-10,57.0,69.4322882868909,12.432288286890897,21.81103208226473,Moderate,77
22939,2011-11,50.0,48.27458134505749,1.7254186549425086,3.450837309885017,Low,54
22940,2011-07,405.0,53.4491944345088,351.5508055654912,86.80266804086203,High,59
22940,2011-08,250.0,171.23461262629135,78.76538737370865,31.506154949483463,Moderate,189
22940,2011-09,453.0,264.3597350245334,188.6402649754666,41.642442599440756,Moderate,291
22940,2011-10,395.0,619.6184562853863,224.6184562853863,56.86543197098387,High,682
22940,2011-11,81.0,217.2283217944216,136.22832179442156,168.18311332644637,High,239
22941,2011-09,231.0,470.0600330333232,239.0600330333232,103.48919178931742,High,518
22941,2011-10,432.0,281.1581801912437,150.84181980875633,34.917087918693596,Moderate,310
22941,2011-11,180.0,209.3374997014648,29.337499701464765,16.2986109452582,Low,231
22942,2011-09,158.0,109.38616262215572,48.61383737784429,30.768251504964738,Moderate,121
22942,2011-10,134.0,161.98816405677226,27.988164056772263,20.886689594606167,Moderate,179
22942,2011-11,137.0,93.7530279513432,43.246972048656815,31.567132882231252,Moderate,104
22943,2011-07,18.0,19.890552858191903,1.8905528581919064,10.50307143439948,Low,22
22943,2011-08,244.0,27.722252812836174,216.2777471871638,88.63842097834582,High,31
22943,2011-09,536.0,203.94564534879137,332.05435465120866,61.950439300598624,High,225
22943,2011-10,162.0,490.89858985269,328.89858985269,203.02382089672224,High,540
22943,2011-11,19.0,115.09517471397557,96.09517471397557,505.76407744197667,High,127
22944,2011-10,1464.0,825.5800083877548,638.4199916122452,43.60792292433369,Moderate,909
22944,2011-11,126.0,506.15775117771153,380.15775117771153,301.7125009346917,High,557
22945,2011-07,562.0,100.27322113665564,461.7267788633444,82.1577898333353,High,111
22945,2011-08,577.0,334.23614383310485,242.76385616689515,42.073458607780786,Moderate,368
22945,2011-09,592.0,466.6988839847919,125.30111601520817,21.165729056623,Moderate,514
22945,2011-10,772.0,447.2173501161619,324.7826498838381,42.070291435730326,Moderate,492
22945,2011-11,42.0,333.8387253121582,291.8387253121582,694.8541078860909,High,368
22946,2011-07,90.0,28.875383244493204,61.12461675550679,67.91624083945199,High,32
22946,2011-08,58.0,92.28054977542136,34.28054977542136,59.10439616451959,High,102
22946,2011-09,118.0,96.41920386305952,21.58079613694049,18.288810285542787,Low,107
22946,2011-10,109.0,133.84392453492538,24.843924534925375,22.7925913164453,Moderate,148
22946,2011-11,7.0,78.79454529677281,71.79454529677281,1025.6363613824687,High,87
22947,2011-09,158.0,61.76431224496997,96.23568775503004,60.908663136094965,High,68
22947,2011-10,511.0,168.13053967592114,342.8694603240789,67.09774174639509,High,185
22948,2011-07,120.0,126.07573168701116,6.075731687011171,5.063109739175975,Low,139
22948,2011-08,135.0,134.27077665750312,0.7292233424968799,0.5401654388865776,Low,148
22948,2011-09,109.0,128.48435308402478,19.48435308402477,17.87555328809612,Low,142
22948,2011-10,207.0,136.8109405028209,70.1890594971791,33.90775821119764,Moderate,151
22948,2011-11,83.0,108.76283196598337,25.762831965983366,31.039556585522128,Moderate,120
22949,2011-07,51.0,49.60504797524646,1.3949520247535432,2.7352000485363592,Low,55
22949,2011-08,112.0,57.44137852067328,54.55862147932672,48.713054892256,Moderate,64
22949,2011-09,65.0,117.49214785883017,52.492147858830165,80.75715055204641,High,130
22949,2011-10,65.0,70.59677510003105,5.596775100031053,8.610423230817005,Low,78
22949,2011-11,1.0,51.79396448249728,50.79396448249728,5079.396448249728,High,57
22950,2011-07,772.0,881.2048826408426,109.20488264084258,14.145710186637642,Low,970
22950,2011-08,2345.0,376.9193996764303,1968.0806003235696,83.9266780521778,High,415
22950,2011-09,979.0,1520.964949307452,541.9649493074519,55.35903465857527,High,1674
22950,2011-10,17.0,1113.65825459067,1096.65825459067,6450.930909356882,High,1226
22951,2011-07,676.0,438.2982757998557,237.70172420014427,35.16297695268407,Moderate,483
22951,2011-08,908.0,541.5457581639214,366.4542418360786,40.35839667798223,Moderate,596
22951,2011-09,793.0,700.0619234247212,92.93807657527884,11.719807890955718,Low,771
22951,2011-10,735.0,745.594944624971,10.594944624971047,1.4414890646219112,Low,821
22951,2011-11,143.0,342.22168885817894,199.2216888581789,139.31586633439085,High,377
22952,2011-07,810.0,1078.8129492048502,268.81294920485016,33.18678385245064,Moderate,1187
22952,2011-08,3710.0,507.9439109376704,3202.0560890623296,86.3087894625965,High,559
22952,2011-09,3799.0,2539.875533402659,1259.1244665973409,33.14357637792421,Moderate,2794
22952,2011-10,4347.0,2381.9900013670517,1965.0099986329487,45.20381869410971,Moderate,2621
22952,2011-11,750.0,1947.9094079893855,1197.9094079893855,159.72125439858473,High,2143
22953,2011-07,12.0,78.19857529017418,66.19857529017418,551.6547940847847,High,87
22953,2011-08,39.0,56.66097260262466,17.66097260262466,45.28454513493503,Moderate,63
22953,2011-09,16.0,60.25251101631748,44.25251101631748,276.5781938519842,High,67
22953,2011-10,39.0,58.52285034757092,19.522850347570923,50.05859063479724,High,65
22953,2011-11,1.0,39.127774336338014,38.127774336338014,3812.7774336338016,High,44
22954,2011-07,18.0,68.348672058015,50.348672058015,279.71484476675,High,76
22954,2011-08,25.0,58.81543192963594,33.81543192963594,135.26172771854377,High,65
22954,2011-09,5.0,59.85434218109221,54.85434218109221,1097.0868436218443,High,66
22954,2011-10,7.0,47.07767581774337,40.07767581774337,572.5382259677624,High,52
22955,2011-07,35.0,70.08750818666502,35.08750818666502,100.25002339047148,High,78
22955,2011-08,122.0,57.77020311827876,64.22979688172124,52.64737449321413,High,64
22955,2011-09,54.0,126.84708819061024,72.84708819061025,134.90201516779678,High,140
22955,2011-10,271.0,64.63968494611105,206.3603150538889,76.14771773206232,High,72
22955,2011-11,60.0,123.08848138315778,63.08848138315778,105.14746897192964,High,136
22956,2011-07,320.0,143.47427701224694,176.52572298775306,55.16428843367282,High,158
22956,2011-08,147.0,158.63029988547262,11.630299885472624,7.911768629573214,Low,175
22956,2011-09,85.0,145.08368245169257,60.08368245169257,70.68668523728537,High,160
22956,2011-10,73.0,124.21605003400474,51.21605003400474,70.15897264932156,High,137
22956,2011-11,105.0,68.20691746290417,36.79308253709583,35.041030987710315,Moderate,76
22959,2011-08,950.0,309.7157932152441,640.284206784756,67.3983375562901,High,341
22959,2011-09,1050.0,579.3048513010675,470.6951486989325,44.82810939989833,Moderate,638
22959,2011-10,1950.0,697.6961572746004,1252.3038427253996,64.22070988335382,High,768
22959,2011-11,226.0,613.910961817411,387.910961817411,171.6420185032792,High,676
22960,2011-07,524.0,733.3252642599213,209.32526425992123,39.94756951525214,Moderate,807
22960,2011-08,864.0,685.2893611647132,178.71063883528677,20.684101717047078,Moderate,754
22960,2011-09,675.0,872.8254400427703,197.8254400427703,29.307472598928936,Moderate,961
22960,2011-10,1036.0,926.0703196777353,109.92968032226486,10.61097300407962,Low,1019
22960,2011-11,256.0,765.5707286377049,509.57072863770486,199.05106587410347,High,843
22961,2011-07,1432.0,1006.665366487778,425.3346335122219,29.70213921174734,Moderate,1108
22961,2011-08,1653.0,1347.3767263031689,305.6232736968311,18.48900627325052,Low,1483
22961,2011-09,1595.0,1600.328600302612,5.328600302611903,0.3340815236747275,Low,1761
22961,2011-10,1574.0,1789.8832967489443,215.88329674894453,13.715584291546667,Low,1969
22961,2011-11,1016.0,1174.5003714473817,158.50037144738167,15.600430260569063,Low,1292
22962,2011-07,79.0,262.8074215494952,183.8074215494952,232.66762221455087,High,290
22962,2011-08,174.0,160.34168047235147,13.65831952764853,7.8496089239359375,Low,177
22962,2011-09,282.0,212.53922147863312,69.46077852136688,24.63148174516556,Moderate,234
22962,2011-10,311.0,256.165806223594,54.83419377640598,17.631573561545334,Low,282
22962,2011-11,50.0,196.52637978310548,146.52637978310548,293.05275956621097,High,217
22963,2011-07,125.0,220.64495711393727,95.64495711393732,76.51596569114986,High,243
22963,2011-08,234.0,193.758447410312,40.24155258968801,17.197244696447868,Low,214
22963,2011-09,256.0,230.1789576130608,25.82104238693921,10.08634468239813,Low,254
22963,2011-10,175.0,242.59384540173957,67.59384540173954,38.625054515279736,Moderate,267
22963,2011-11,38.0,128.67444159394807,90.67444159394807,238.61695156302125,High,142
22964,2011-07,131.0,167.16826262100557,36.16826262100557,27.609360779393562,Moderate,184
22964,2011-08,252.0,169.10931952377118,82.89068047622882,32.89312717310667,Moderate,187
22964,2011-09,164.0,223.27159979707503,59.27159979707503,36.141219388460385,Moderate,246
22964,2011-10,276.0,194.63405159136408,81.36594840863594,29.480416090085487,Moderate,215
22964,2011-11,102.0,145.85373673289956,43.85373673289956,42.993859542058395,Moderate,161
22965,2011-07,60.0,131.6329180910175,71.6329180910175,119.3881968183625,High,145
22965,2011-08,125.0,99.53330359521676,25.46669640478325,20.3733571238266,Moderate,110
22965,2011-09,95.0,156.30368019153374,61.30368019153374,64.53018967529867,High,172
22965,2011-10,178.0,128.60024395936287,49.39975604063713,27.752671932942206,Moderate,142
22965,2011-11,28.0,108.82938462677048,80.82938462677048,288.6763736670374,High,120
22966,2011-07,544.0,360.2336643873127,183.76633561268733,33.78057639939105,Moderate,397
22966,2011-08,754.0,488.0648564025765,265.9351435974235,35.269912943955376,Moderate,537
22966,2011-09,868.0,714.228919790609,153.77108020939102,17.715562236104958,Low,786
22966,2011-10,1146.0,932.6422893346104,213.35771066538973,18.61760127970242,Low,1026
22966,2011-11,269.0,486.7137072658852,217.7137072658852,80.93446366761532,High,536
22968,2011-07,6.0,49.34717894825256,43.34717894825256,722.452982470876,High,55
22968,2011-08,6.0,28.14938551976011,22.14938551976011,369.15642532933515,High,31
22968,2011-09,10.0,19.32134866516658,9.321348665166578,93.21348665166578,High,22
22968,2011-10,40.0,19.32134866516658,20.67865133483342,51.69662833708355,High,22
22968,2011-11,2.0,32.80487954950077,30.804879549500768,1540.2439774750385,High,37
22969,2011-07,1066.0,627.2166463428453,438.7833536571548,41.16166544626218,Moderate,690
22969,2011-08,1956.0,829.2261727609517,1126.7738272390484,57.60602388747691,High,913
22969,2011-09,832.0,1369.5396792268857,537.5396792268857,64.60813452246222,High,1507
22969,2011-10,608.0,1095.4586712212806,487.4586712212806,80.17412355613168,High,1206
22969,2011-11,230.0,395.6727189266408,165.6727189266408,72.03161692462643,High,436
22970,2011-07,125.0,290.5398084007924,165.53980840079242,132.43184672063396,High,320
22970,2011-08,286.0,258.31773254004463,27.68226745995537,9.679114496487891,Low,285
22970,2011-09,410.0,328.9836518256914,81.01634817430858,19.760084920563067,Low,362
22970,2011-10,302.0,378.4367647071948,76.43676470719475,25.310186989137335,Moderate,417
22970,2011-11,86.0,197.9402678974565,111.9402678974565,130.16310220634475,High,218
22971,2011-07,141.0,186.04592196652,45.04592196652001,31.947462387602844,Moderate,205
22971,2011-08,196.0,186.566461635318,9.433538364681992,4.813029777898975,Low,206
22971,2011-09,59.0,186.9312452755817,127.93124527558167,216.83261911115537,High,206
22971,2011-10,231.0,123.44381490622024,107.55618509377976,46.561119088216344,Moderate,136
22971,2011-11,38.0,120.3248223424631,82.3248223424631,216.6442693222713,High,133
22972,2011-07,85.0,106.88664200183878,21.88664200183878,25.748990590398563,Moderate,118
22972,2011-08,91.0,114.9314289928558,23.93142899285581,26.298273618522867,Moderate,127
22972,2011-09,227.0,91.9911775079502,135.00882249204977,59.47525219914087,High,102
22972,2011-10,122.0,202.1746973843362,80.17469738433621,65.71696506912804,High,223
22972,2011-11,43.0,95.43328473442936,52.43328473442935,121.9378714754171,High,105
22973,2011-07,79.0,70.79966330464009,8.200336695359908,10.380173032101151,Low,78
22973,2011-08,31.0,98.99222889610652,67.99222889610652,219.3297706326017,High,109
22973,2011-09,115.0,58.73650134311045,56.263498656889546,48.924781440773515,Moderate,65
22973,2011-10,130.0,114.95474908748469,15.045250912515314,11.573269932704088,Low,127
22973,2011-11,71.0,81.79538682202697,10.79538682202697,15.204770171868972,Low,90
22974,2011-07,86.0,85.47439553342969,0.5256044665703143,0.6111679843840865,Low,95
22974,2011-08,93.0,107.87855886175944,14.87855886175943,15.998450388988633,Low,119
22974,2011-09,89.0,109.77731643514858,20.777316435148578,23.34529936533548,Moderate,121
22974,2011-10,121.0,104.2057177665042,16.794282233495807,13.879572093798187,Low,115
22974,2011-11,33.0,80.94693069372862,47.94693069372862,145.2937293749352,High,90
22975,2011-07,86.0,69.41217873681259,16.587821263187408,19.28816425952024,Low,77
22975,2011-08,36.0,78.45697199207626,42.45697199207626,117.93603331132294,High,87
22975,2011-09,75.0,79.28468452207288,4.28468452207288,5.712912696097174,Low,88
22975,2011-10,96.0,98.99222889610652,2.992228896106525,3.116905100110963,Low,109
22975,2011-11,20.0,73.6370694245108,53.6370694245108,268.185347122554,High,82
22976,2011-07,77.0,78.61715387778335,1.6171538777833518,2.1001998412770804,Low,87
22976,2011-08,8.0,82.04286257278586,74.04286257278586,925.5357821598233,High,91
22976,2011-09,59.0,60.627593678284335,1.6275936782843343,2.7586333530242957,Low,67
22976,2011-10,86.0,76.26263296865429,9.737367031345713,11.322519803890362,Low,84
22976,2011-11,27.0,65.13361813422028,38.133618134220285,141.23562271933437,High,72
22977,2011-07,56.0,55.33751843470797,0.6624815652920333,1.1830027951643451,Low,61
22977,2011-08,33.0,69.53107527245307,36.531075272453066,110.70022809834263,High,77
22977,2011-09,35.0,70.17741080837023,35.177410808370226,100.50688802391494,High,78
22977,2011-10,40.0,50.064832595215,10.064832595214996,25.16208148803749,Moderate,56
22977,2011-11,6.0,42.59820605200875,36.59820605200875,609.9701008668125,High,47
22978,2011-08,869.0,215.63977968342536,653.3602203165747,75.18529577866222,High,238
22978,2011-09,121.0,487.9676647314344,366.9676647314344,303.279061761516,High,537
22978,2011-10,88.0,232.6888127562099,144.6888127562099,164.41910540478398,High,256
22978,2011-11,11.0,139.21376519008692,128.21376519008692,1165.5796835462447,High,154
22979,2011-09,196.0,624.2615866458152,428.2615866458152,218.50080951317102,High,687
22979,2011-10,379.0,322.2297151550917,56.7702848449083,14.978966977548366,Low,355
22979,2011-11,60.0,293.10702214224074,233.10702214224077,388.51170357040127,High,323
22980,2011-08,158.0,254.3322480527752,96.3322480527752,60.969777248591896,High,280
22980,2011-09,141.0,240.32643790120852,99.32643790120856,70.4442821994387,High,265
22980,2011-10,120.0,173.54880558884886,53.54880558884887,44.62400465737406,Moderate,191
22980,2011-11,13.0,93.70324830307293,80.70324830307293,620.7942177159456,High,104
22981,2011-09,32.0,41.49967738374909,9.499677383749088,29.6864918242159,Moderate,46
22981,2011-10,43.0,67.76177606752802,24.761776067528015,57.58552573843724,High,75
22981,2011-11,10.0,40.57059035386233,30.57059035386233,305.70590353862326,High,45
22982,2011-09,87.0,93.70232021466956,6.7023202146695695,7.703816338700655,Low,104
22982,2011-10,103.0,121.82368495379764,18.82368495379765,18.275422285240435,Low,135
22982,2011-11,34.0,80.07298090210291,46.07298090210291,135.5087673591262,High,89
22983,2011-07,458.0,424.263604808957,33.736395191043016,7.366025150882755,Low,467
22983,2011-08,605.0,459.6862638209852,145.31373617901477,24.01879936843219,Moderate,506
22983,2011-09,456.0,580.5815383221117,124.58153832211168,27.320512789936775,Moderate,639
22983,2011-10,405.0,518.4910650156181,113.49106501561812,28.02248518904151,Moderate,571
22983,2011-11,102.0,275.35083086071825,173.35083086071825,169.95179496148847,High,303
22984,2011-07,373.0,204.07030415516547,168.92969584483453,45.289462692985126,Moderate,225
22984,2011-08,470.0,282.73496365201936,187.26503634798064,39.843624754889504,Moderate,312
22984,2011-09,96.0,374.3552548676557,278.3552548676557,289.95339048714135,High,412
22984,2011-10,113.0,206.3458831605215,93.34588316052152,82.60697624824913,High,227
22984,2011-11,37.0,164.2816670955996,127.2816670955996,344.0045056637827,High,181
22985,2011-07,125.0,383.5196472228589,258.51964722285885,206.81571777828708,High,422
22985,2011-08,200.0,273.6696886006207,73.6696886006207,36.83484430031035,Moderate,302
22985,2011-09,175.0,190.19552270498207,15.195522704982125,8.683155831418357,Low,210
22985,2011-10,175.0,192.07954681123312,17.079546811233115,9.759741034990352,Low,212
22985,2011-11,50.0,130.26762974734717,80.26762974734717,160.53525949469434,High,144
22986,2011-07,351.0,317.3231113210967,33.67688867890331,9.594555179174732,Low,350
22986,2011-08,350.0,347.9855484467358,2.014451553264223,0.5755575866469209,Low,383
22986,2011-09,275.0,371.7994144944042,96.79941449440418,35.199787088874245,Moderate,409
22986,2011-10,400.0,341.0204343828506,58.979565617149376,14.744891404287344,Low,376
22986,2011-11,100.0,220.9872452201338,120.9872452201338,120.9872452201338,High,244
22987,2011-09,2.0,69.00608018421298,67.00608018421298,3350.304009210649,High,76
22988,2011-07,1006.0,559.8991784697087,446.10082153029134,44.34401804476057,Moderate,616
22988,2011-08,703.0,755.8873666044956,52.88736660449558,7.5230962453052035,Low,832
22988,2011-09,753.0,771.2582069059513,18.258206905951283,2.4247286727690947,Low,849
22988,2011-10,908.0,827.6039095730927,80.39609042690734,8.854194980936931,Low,911
22988,2011-11,433.0,475.0676717654492,42.06767176544918,9.715397636362397,Low,523
22989,2011-08,260.0,347.9335256102876,87.93352561028757,33.82058677318753,Moderate,383
22989,2011-09,181.0,298.21613508762005,117.21613508762005,64.76029562851936,High,329
22989,2011-10,104.0,260.17073515294567,156.17073515294567,150.16416841629393,High,287
22989,2011-11,45.0,126.47765922896107,81.47765922896107,181.06146495324683,High,140
22990,2011-08,31.0,66.21075932634682,35.21075932634682,113.58309460111877,High,73
22990,2011-09,35.0,64.84629226628985,29.84629226628985,85.27512076082814,High,72
22990,2011-10,36.0,64.84629226628985,28.84629226628985,80.12858962858292,High,72
22990,2011-11,109.0,41.31977044667867,67.68022955332134,62.09195371864343,High,46
22991,2011-08,393.0,477.4345104120374,84.43451041203741,21.484608247337764,Moderate,526
22991,2011-09,707.0,314.41663228809523,392.5833677119048,55.52805766787904,High,346
22991,2011-10,430.0,515.9384514739538,85.93845147395382,19.985686389291583,Low,568
22991,2011-11,81.0,315.16793659544817,234.16793659544817,289.0962180190718,High,347
22992,2011-08,517.0,571.7234927728584,54.72349277285844,10.584814849682484,Low,629
22992,2011-09,836.0,532.4272488272812,303.5727511727188,36.31253004458359,Moderate,586
22992,2011-10,901.0,644.7520379485658,256.24796205143423,28.440395344221336,Moderate,710
22992,2011-11,100.0,487.66289988190505,387.66289988190505,387.66289988190505,High,537
22993,2011-08,1320.0,1338.5107632136817,18.510763213681457,1.4023305464910196,Low,1473
22993,2011-09,1185.0,1316.4055005187415,131.40550051874152,11.089071773733462,Low,1449
22993,2011-10,1687.0,1568.4662010139948,118.5337989860052,7.026306993835519,Low,1726
22993,2011-11,502.0,838.0602818837996,336.0602818837996,66.94427925972103,High,922
22994,2011-08,277.0,176.85173785203614,100.14826214796386,36.15460727363317,Moderate,195
22994,2011-09,224.0,242.9337357351704,18.933735735170387,8.452560596058209,Low,268
22994,2011-10,289.0,233.040180737226,55.959819262773976,19.363259260475424,Low,257
22994,2011-11,122.0,145.88371056215578,23.883710562155784,19.576811936193266,Low,161
22995,2011-08,246.0,245.32796156795587,0.6720384320441326,0.2731863544894848,Low,270
22995,2011-09,171.0,285.1602661796758,114.16026617967576,66.76038957875775,High,314
22995,2011-10,192.0,250.8016095733426,58.8016095733426,30.625838319449272,Moderate,276
22995,2011-11,68.0,109.72681658372028,41.72681658372028,61.36296556429453,High,121
22996,2011-08,491.0,423.1229295271236,67.87707047287637,13.824250605473804,Low,466
22996,2011-09,515.0,510.7297878223721,4.270212177627911,0.8291674131316333,Low,562
22996,2011-10,586.0,545.1505367376063,40.84946326239367,6.970898167643972,Low,600
22996,2011-11,156.0,264.2769773554446,108.2769773554446,69.4083188175927,High,291
22997,2011-08,322.0,234.96908627266305,87.03091372733695,27.02823407681272,Moderate,259
22997,2011-09,211.0,324.3687711936106,113.3687711936106,53.72927544720881,High,357
22997,2011-10,373.0,245.32796156795587,127.67203843204412,34.228428534060086,Moderate,270
22997,2011-11,111.0,215.72417607673947,104.72417607673948,94.34610457363918,High,238
22998,2011-08,1396.0,1175.411838881502,220.588161118498,15.80144420619613,Low,1293
22998,2011-09,1505.0,1355.1211540590225,149.8788459409775,9.958727305048338,Low,1491
22998,2011-10,1656.0,1668.4672547565874,12.467254756587408,0.7528535481031043,Low,1836
22998,2011-11,310.0,955.3921538760948,645.3921538760948,208.1910173793854,High,1051
22999,2011-08,300.0,264.0147913189295,35.9852086810705,11.995069560356834,Low,291
22999,2011-09,272.0,342.0328112191423,70.03281121914227,25.74735706586113,Moderate,377
22999,2011-10,237.0,328.3288663139945,91.32886631399452,38.53538663037744,Moderate,362
22999,2011-11,101.0,130.0048979832905,29.004897983290505,28.717720775535156,Moderate,144
23000,2011-08,344.0,297.6194175042396,46.38058249576039,13.482727469697789,Low,328
23000,2011-09,439.0,332.7708324071904,106.22916759280956,24.19798806214341,Moderate,367
23000,2011-10,330.0,337.9468700743586,7.946870074358628,2.408142446775342,Low,372
23000,2011-11,101.0,217.0816275865544,116.08162758655442,114.93230454114298,High,239
23002,2011-08,326.0,185.8554059844049,140.1445940155951,42.98913926858745,Moderate,205
23002,2011-09,222.0,283.04202965799743,61.04202965799743,27.4964097558547,Moderate,312
23002,2011-10,319.0,241.9578060518116,77.04219394818841,24.15115797748853,Moderate,267
23002,2011-11,84.0,194.85804781310455,110.85804781310458,131.9738664441721,High,215
23004,2011-08,172.0,194.9480692212596,22.948069221259573,13.341900710034635,Low,215
23004,2011-09,252.0,219.8158399766313,32.18416002336869,12.771492072765353,Low,242
23004,2011-10,270.0,236.9513313391793,33.04866866082068,12.240247652155809,Low,261
23004,2011-11,114.0,155.23699148243875,41.236991482438754,36.172799545998906,Moderate,171
23005,2011-08,878.0,439.8140600908156,438.1859399091844,49.907282449793215,Moderate,484
23005,2011-09,618.0,628.1692842715756,10.169284271575634,1.6455152543002645,Low,691
23005,2011-10,1276.0,650.4261367400796,625.5738632599204,49.02616483228216,Moderate,716
23005,2011-11,170.0,522.0211019179285,352.0211019179285,207.0712364223109,High,575
23006,2011-08,208.0,150.46270886910378,57.53729113089622,27.66215919754626,Moderate,166
23006,2011-09,174.0,198.5890866910214,24.589086691021407,14.131659017828396,Low,219
23006,2011-10,156.0,191.65450110150817,35.654501101508174,22.8554494240437,Moderate,211
23006,2011-11,6.0,112.06296379416008,106.06296379416008,1767.7160632360014,High,124
23007,2011-09,60.0,69.4322882868909,9.432288286890897,15.720480478151494,Low,77
23007,2011-10,61.0,85.52919059473432,24.52919059473432,40.2117878602202,Moderate,95
23007,2011-11,14.0,55.67359858020109,41.67359858020109,297.6685612871506,High,62
23008,2011-09,23.0,69.4322882868909,46.432288286890895,201.87951429082997,High,77
23008,2011-10,37.0,73.56002157541299,36.56002157541299,98.81086912273781,High,81
23008,2011-11,6.0,32.80487954950077,26.804879549500768,446.7479924916795,High,37
23009,2011-09,45.0,44.29718310437633,0.7028168956236698,1.5618153236081551,Low,49
23009,2011-10,54.0,70.85837113169114,16.858371131691143,31.219205799428046,Moderate,78
23009,2011-11,8.0,52.1595441094486,44.1595441094486,551.9943013681076,High,58
23010,2011-09,18.0,26.49605647227472,8.496056472274716,47.200313734859535,Moderate,30
23010,2011-10,46.0,51.516709899376366,5.516709899376366,11.992847607339927,Low,57
23010,2011-11,7.0,36.8577131176726,29.857713117672603,426.53875882389434,High,41
23040,2011-10,27.0,101.80360269409525,74.80360269409525,277.05038034850094,High,112
23040,2011-11,22.0,42.9446917034242,20.9446917034242,95.20314410647364,High,48
23041,2011-10,51.0,64.63968494611105,13.639684946111046,26.74448028649225,Moderate,72
23041,2011-11,19.0,47.130524047664544,28.130524047664544,148.05538972455022,High,52
23042,2011-10,35.0,28.477214409267923,6.522785590732077,18.636530259234508,Low,32
23042,2011-11,6.0,33.46547208916983,27.46547208916983,457.7578681528305,High,37
23043,2011-11,4.0,38.38987696833964,34.38987696833964,859.746924208491,High,43
23044,2011-11,1.0,23.51572046481592,22.51572046481592,2251.572046481592,High,26
23045,2011-11,1.0,41.024062251612,40.024062251612,4002.4062251612,High,46
23046,2011-11,3.0,58.635495891152665,55.635495891152665,1854.516529705089,High,65
23048,2011-10,79.0,208.9564826222364,129.9564826222364,164.5018767370081,High,230
23048,2011-11,7.0,69.76406779409452,62.76406779409452,896.629539915636,High,77
23049,2011-09,22.0,32.18198392726494,10.181983927264938,46.281745123931536,Moderate,36
23049,2011-10,22.0,63.4202094214896,41.4202094214896,188.2736791885891,High,70
23049,2011-11,4.0,38.13690285859675,34.13690285859675,853.4225714649187,High,42
23050,2011-09,36.0,52.734811463681226,16.734811463681226,46.485587399114515,Moderate,59
23050,2011-10,8.0,46.51905312686432,38.51905312686432,481.488164085804,High,52
23050,2011-11,9.0,35.97711622997972,26.97711622997972,299.7457358886636,High,40
23051,2011-09,13.0,37.04921547530995,24.04921547530995,184.99396519469192,High,41
23051,2011-10,8.0,27.78929322721427,19.78929322721427,247.36616534017836,High,31
23051,2011-11,4.0,21.275781158891704,17.275781158891704,431.8945289722926,High,24
23052,2011-09,16.0,83.71297232526298,67.71297232526298,423.20607703289363,High,93
23052,2011-10,18.0,41.52546871111872,23.52546871111872,130.697048395104,High,46
23052,2011-11,10.0,23.318763577970056,13.318763577970056,133.18763577970057,High,26
23053,2011-09,26.0,29.089267065251835,3.0892670652518355,11.881796404814752,Low,32
23053,2011-10,2.0,39.22758349972414,37.22758349972414,1861.379174986207,High,44
23053,2011-11,7.0,23.5801297644404,16.580129764440397,236.85899663486282,High,26
23054,2011-09,7.0,64.84629226628985,57.84629226628985,826.3756038041407,High,72
23054,2011-10,2.0,29.530130899793463,27.530130899793463,1376.506544989673,High,33
23054,2011-11,4.0,15.43433204790601,11.43433204790601,285.85830119765023,High,17
23055,2011-10,242.0,170.30438227153255,71.69561772846743,29.62628831754852,Moderate,188
23056,2011-10,242.0,409.2412379269373,167.24123792693734,69.10794955658568,High,451
23057,2011-10,241.0,164.99599414066768,76.00400585933232,31.53693189183914,Moderate,182
23060,2011-10,41.0,57.37203428305349,16.372034283053488,39.9317909342768,Moderate,64
23060,2011-11,22.0,40.26469782055511,18.264697820555103,83.02135372979592,High,45
23061,2011-10,86.0,109.39606609380589,23.39606609380587,27.204728016053338,Moderate,121
23061,2011-11,26.0,67.53216170561254,41.53216170561254,159.73908348312514,High,75
23064,2011-10,100.0,71.2630330978652,28.7369669021348,28.736966902134796,Moderate,79
23067,2011-10,44.0,76.23358349348202,32.233583493482016,73.25814430336823,High,84
23067,2011-11,3.0,48.32154310053453,45.32154310053453,1510.7181033511508,High,54
23068,2011-10,106.0,121.02447668412968,15.024476684129668,14.174034607669498,Low,134
23068,2011-11,17.0,80.34599759775767,63.34599759775767,372.6235152809275,High,89
23069,2011-10,14.0,26.338207901463477,12.338207901463472,88.1300564390248,High,29
23069,2011-11,2.0,21.671174843080724,19.671174843080724,983.5587421540362,High,24
23070,2011-11,4.0,37.9149960880042,33.914996088004195,847.8749022001049,High,42
23073,2011-10,26.0,63.4202094214896,37.4202094214896,143.9238823903446,High,70
23073,2011-11,4.0,41.31977044667867,37.31977044667867,932.9942611669667,High,46
23075,2011-10,72.0,57.16174887899183,14.83825112100817,20.60868211251135,Moderate,63
23075,2011-11,18.0,47.90617064465322,29.906170644653223,166.14539247029566,High,53
23076,2011-09,1229.0,881.2978798013505,347.7021201986495,28.291466248873025,Moderate,970
23076,2011-10,1212.0,930.7511142270956,281.24888577290426,23.205353611625764,Moderate,1024
23076,2011-11,248.0,627.7770016991184,379.7770016991184,153.13588778190257,High,691
23077,2011-09,1561.0,968.2305911461798,592.7694088538202,37.97369691568355,Moderate,1066
23077,2011-10,2522.0,1491.528317050797,1030.471682949203,40.85930543018251,Moderate,1641
23077,2011-11,548.0,1225.910405836727,677.910405836727,123.70627843735895,High,1349
23078,2011-09,724.0,791.3510676127721,67.35106761277211,9.302633648172943,Low,871
23078,2011-10,1130.0,840.4753137630976,289.5246862369024,25.6216536492834,Moderate,925
23078,2011-11,33.0,501.2953717749355,468.2953717749355,1419.0768841664712,High,552
23079,2011-11,7.0,38.28379596247285,31.28379596247285,446.91137089246934,High,43
23080,2011-11,283.0,195.0450132238181,87.9549867761819,31.07950062762611,Moderate,215
23081,2011-11,42.0,86.09369836700014,44.093698367000144,104.9849961119051,High,95
23082,2011-11,165.0,260.50001320226613,95.50001320226612,57.878795880161285,High,287
23083,2011-11,150.0,341.11837840354053,191.11837840354053,127.41225226902702,High,376
23084,2011-11,4304.0,3645.226415778565,658.7735842214347,15.306077700312146,Low,4010
23085,2011-11,36.0,83.44709710543174,47.44709710543174,131.7974919595326,High,92
23086,2011-11,35.0,81.63805297190984,46.63805297190984,133.25157991974243,High,90
23087,2011-11,9.0,67.30533064021311,58.30533064021312,647.8370071134791,High,75
23088,2011-11,34.0,66.26177173786282,32.261771737862816,94.88756393489064,High,73
23089,2011-11,93.0,216.0635050567291,123.0635050567291,132.32634952336463,High,238
23090,2011-11,386.0,192.2711680871933,193.7288319128067,50.188816557721935,High,212
23092,2011-11,22.0,50.55853138072161,28.55853138072161,129.81150627600732,High,56
23093,2011-11,25.0,54.2772612030258,29.277261203025795,117.10904481210318,High,60
23096,2011-11,12.0,144.50019971613435,132.50019971613435,1104.1683309677862,High,159
23099,2011-11,9.0,22.069343678306,13.069343678305998,145.21492975895555,High,25
23100,2011-11,112.0,241.3643563426733,129.36435634267326,115.50388959167255,High,266
23101,2011-11,34.0,194.4936467745627,160.4936467745627,472.0401375722433,High,214
23102,2011-11,6.0,126.27109378828852,120.27109378828852,2004.5182298048087,High,139
23103,2011-11,198.0,485.9666721592645,287.96667215926453,145.43771321174975,High,535
23104,2011-11,7.0,36.8577131176726,29.857713117672603,426.53875882389434,High,41
23106,2011-11,23.0,41.84978009478648,18.849780094786475,81.95556562950641,High,47
23107,2011-11,37.0,37.37494397024791,0.3749439702479051,1.0133620817510949,Low,42
23108,2011-11,127.0,172.548217883724,45.54821788372399,35.86473849112126,Moderate,190
23109,2011-11,234.0,316.25274936498,82.25274936497999,35.15074759187179,Moderate,348
23110,2011-11,20.0,76.8467324374565,56.846732437456495,284.23366218728245,High,85
23111,2011-11,45.0,41.31977044667867,3.680229553321333,8.178287896269628,Low,46
23112,2011-11,35.0,56.03814955844032,21.03814955844032,60.10899873840092,High,62
23118,2011-11,90.0,70.25980282693017,19.74019717306983,21.933552414522033,Moderate,78
23126,2011-09,181.0,152.41507102696758,28.58492897303242,15.792778438139457,Low,168
23126,2011-10,213.0,196.70868017177037,16.29131982822966,7.648506961610169,Low,217
23126,2011-11,50.0,118.89237831245248,68.89237831245248,137.78475662490496,High,131
23127,2011-09,118.0,74.92448863546996,43.07551136453005,36.50467064790682,Moderate,83
23127,2011-10,146.0,129.09309354653334,16.90690645346666,11.58007291333333,Low,143
23127,2011-11,40.0,94.2436889132032,54.2436889132032,135.609222283008,High,104
23128,2011-09,63.0,43.2806205652566,19.7193794347434,31.300602277370476,Moderate,48
23128,2011-10,57.0,75.3893784408109,18.3893784408109,32.26206744001912,Moderate,83
23128,2011-11,22.0,56.68644269640112,34.68644269640112,157.6656486200051,High,63
23129,2011-11,18.0,121.82803566633828,103.82803566633828,576.822420368546,High,135
23130,2011-11,35.0,122.75065107312584,87.75065107312584,250.7161459232167,High,136
23131,2011-10,107.0,195.4589119884633,88.45891198846331,82.67188036304982,High,216
23131,2011-11,3.0,95.03881937028756,92.03881937028756,3067.9606456762517,High,105
23132,2011-10,217.0,288.51308525042884,71.51308525042884,32.955338825082414,Moderate,318
23132,2011-11,9.0,116.17770238903998,107.17770238903998,1190.8633598782221,High,128
23133,2011-10,164.0,247.83993067712493,83.83993067712495,51.12190894946643,High,273
23133,2011-11,15.0,114.51105980401364,99.51105980401364,663.407065360091,High,126
23135,2011-10,1.0,87.01005012910397,86.01005012910397,8601.005012910397,High,96
23135,2011-11,19.0,27.42855564753268,8.428555647532676,44.360819197540394,Moderate,31
23136,2011-10,7.0,26.809277329909374,19.809277329909374,282.9896761415625,High,30
23136,2011-11,11.0,22.06794565314775,11.06794565314775,100.61768775588862,High,25
23137,2011-10,10.0,23.220666541550717,13.220666541550711,132.20666541550713,High,26
23137,2011-11,13.0,19.644310416413624,6.644310416413624,51.11008012625865,High,22
23138,2011-10,38.0,104.0795472476257,66.0795472476257,173.89354538848866,High,115
23138,2011-11,2.0,66.15922756654902,64.15922756654902,3207.961378327451,High,73
23139,2011-10,26.0,46.44350086315816,20.44350086315816,78.62884947368524,High,52
23139,2011-11,32.0,41.89895389107967,9.898953891079673,30.934230909623977,Moderate,47
23140,2011-10,1.0,40.48315529738041,39.48315529738041,3948.315529738041,High,45
23141,2011-11,21.0,20.32426158756392,0.675738412436079,3.2178019639813287,Low,23
23142,2011-10,2.0,18.880484830624948,16.880484830624948,844.0242415312474,High,21
23144,2011-10,768.0,584.9919921715142,183.0080078284858,23.829167686000755,Moderate,644
23144,2011-11,161.0,423.2443618473678,262.2443618473678,162.88469679960735,High,466
23145,2011-10,233.0,320.4568191881463,87.45681918814631,37.53511553139327,Moderate,353
23145,2011-11,86.0,147.80149716119757,61.80149716119757,71.86220600139251,High,163
23146,2011-10,93.0,107.83723712857277,14.837237128572752,15.954018417820166,Low,119
23146,2011-11,32.0,77.135390956461,45.135390956461,141.04809673894064,High,85
23147,2011-10,162.0,227.82270440818127,65.82270440818127,40.63129901739585,Moderate,251
23147,2011-11,44.0,149.80475221292645,105.80475221292645,240.46534593846917,High,165
23148,2011-10,277.0,240.89664743013932,36.10335256986065,13.033701288758357,Low,265
23148,2011-11,81.0,168.00986802825815,87.00986802825815,107.4195901583434,High,185
23150,2011-10,26.0,33.83036707811235,7.830367078112353,30.116796454278283,Moderate,38
23150,2011-11,15.0,41.07484019495439,26.07484019495439,173.8322679663626,High,46
23151,2011-11,26.0,16.09900575574465,9.900994244255353,38.080747093289816,Moderate,18
23152,2011-10,35.0,101.59636321057944,66.59636321057945,190.27532345879845,High,112
23152,2011-11,3.0,47.21646476037545,44.21646476037545,1473.8821586791817,High,52
23153,2011-10,40.0,68.74561014267398,28.745610142673986,71.86402535668496,High,76
23153,2011-11,7.0,34.649425171235954,27.649425171235954,394.99178816051364,High,39
23154,2011-09,157.0,307.93202056223885,150.93202056223885,96.13504494410118,High,339
23154,2011-10,461.0,231.3921109166591,229.6078890833409,49.80648353217807,Moderate,255
23154,2011-11,156.0,212.87051610199467,56.87051610199467,36.45545903974018,Moderate,235
23155,2011-09,186.0,164.07184768869357,21.928152311306437,11.789329199627117,Low,181
23155,2011-10,175.0,234.0111027909912,59.01110279099117,33.72063016628067,Moderate,258
23155,2011-11,6.0,115.93820160914736,109.93820160914736,1832.303360152456,High,128
23156,2011-09,304.0,169.20156912609238,134.79843087390762,44.34158910325909,Moderate,187
23156,2011-10,159.0,291.6075538828514,132.6075538828514,83.4009772848122,High,321
23156,2011-11,51.0,119.4116816875346,68.41168168753461,134.14055232849924,High,132
23157,2011-09,864.0,409.7980344116052,454.2019655883949,52.56967194310126,High,451
23157,2011-10,669.0,705.6140497075221,36.6140497075221,5.47295212369538,Low,777
23157,2011-11,1.0,306.42164182460164,305.42164182460164,30542.164182460165,High,338
23158,2011-09,293.0,302.0542879371452,9.054287937145205,3.090200661141708,Low,333
23158,2011-10,295.0,275.0339063117201,19.966093688279894,6.768167351959287,Low,303
23158,2011-11,155.0,166.56454764840282,11.564547648402822,7.46099848284053,Low,184
23159,2011-09,269.0,238.90752818693983,30.092471813060143,11.186792495561392,Low,263
23159,2011-10,236.0,259.36158025738536,23.36158025738536,9.898974685332778,Low,286
23160,2011-11,8.0,66.36940459543976,58.36940459543976,729.617557442997,High,74
23161,2011-11,14.0,83.58220541682256,69.58220541682256,497.01575297730403,High,92
23162,2011-10,149.0,210.7199242746616,61.71992427466162,41.42276796957156,Moderate,232
23162,2011-11,56.0,122.80263598816924,66.80263598816923,119.29042140744505,High,136
23163,2011-10,70.0,259.3622724319058,189.3622724319058,270.5175320455797,High,286
23163,2011-11,81.0,89.8908379655522,8.890837965552194,10.976343167348388,Low,99
23164,2011-11,7.0,66.05192822489367,59.05192822489367,843.5989746413381,High,73
23165,2011-11,208.0,294.737514051806,86.73751405180593,41.70072790952209,Moderate,325
23166,2011-07,427.0,1070.967851297757,643.9678512977571,150.81214316106724,High,1179
23166,2011-08,346.0,342.9502366666096,3.049763333390388,0.8814344894191873,Low,378
23166,2011-09,250.0,410.7535692803274,160.75356928032744,64.30142771213097,High,452
23166,2011-10,659.0,346.98030216667416,312.01969783332584,47.34745035407069,Moderate,382
23166,2011-11,207.0,327.2205899175209,120.2205899175209,58.07757967029995,High,360
23167,2011-11,414.0,399.9156675929216,14.084332407078364,3.4020126587145807,Low,440
23168,2011-11,121.0,303.63236844005127,182.63236844005127,150.93584168599278,High,334
23169,2011-11,40.0,212.13536748979428,172.13536748979428,430.33841872448573,High,234
23170,2011-11,130.0,401.3219085527234,271.3219085527234,208.70916042517186,High,442
23171,2011-11,154.0,389.9722657477958,235.9722657477958,153.2287439920752,High,429
23172,2011-11,178.0,228.3841380264094,50.3841380264094,28.30569552045472,Moderate,252
23173,2011-11,39.0,182.7261749040107,143.7261749040107,368.5286536000274,High,201
23174,2011-11,42.0,165.89034148545673,123.89034148545672,294.9770035368017,High,183
23175,2011-11,35.0,218.1631309123929,183.1631309123929,523.3232311782654,High,240
23176,2011-09,163.0,256.28676431598586,93.28676431598586,57.23114375213857,High,282
23176,2011-10,568.0,205.74353849689325,362.2564615031067,63.77754603927935,High,227
23176,2011-11,31.0,224.9419305908197,193.9419305908197,625.6191309381281,High,248
23177,2011-09,126.0,197.3108214708927,71.3108214708927,56.595890056264054,High,218
23177,2011-10,601.0,173.12330741036513,427.8766925896349,71.19412522290098,High,191
23177,2011-11,523.0,225.13517547361505,297.8648245263849,56.95312132435658,High,248
23178,2011-09,16.0,48.638749750414746,32.638749750414746,203.99218594009216,High,54
23178,2011-10,32.0,46.21565959001035,14.215659590010349,44.42393621878234,Moderate,51
23178,2011-11,18.0,35.091673940890246,17.091673940890246,94.95374411605692,High,39
23179,2011-09,8.0,24.84278722510156,16.842787225101556,210.53484031376945,High,28
23179,2011-10,50.0,23.220666541550717,26.779333458449287,53.55866691689858,High,26
23179,2011-11,3.0,39.93258564474566,36.93258564474566,1231.0861881581886,High,44
23180,2011-09,5.0,31.99551474703782,26.99551474703782,539.9102949407564,High,36
23180,2011-10,11.0,25.29113813463597,14.291138134635968,129.91943758759973,High,28
23180,2011-11,14.0,15.551433898939289,1.5514338989392886,11.081670706709204,Low,18
23181,2011-09,11.0,44.29718310437633,33.29718310437633,302.70166458523937,High,49
23181,2011-10,25.0,27.18308729492839,2.1830872949283915,8.732349179713566,Low,30
23181,2011-11,10.0,38.78804580356491,28.788045803564916,287.88045803564916,High,43
23182,2011-09,227.0,472.4086871325792,245.4086871325792,108.10955380289833,High,520
23182,2011-10,328.0,333.685893683929,5.6858936839290095,1.733504171929576,Low,368
23182,2011-11,53.0,213.01022642870865,160.01022642870862,301.90608760133705,High,235
23183,2011-09,22.0,63.4202094214896,41.4202094214896,188.2736791885891,High,70
23183,2011-10,19.0,75.2683081786465,56.26830817864651,296.14899041392897,High,83
23183,2011-11,6.0,21.95429651791308,15.95429651791308,265.90494196521803,High,25
23184,2011-09,65.0,119.10224843653042,54.10224843653042,83.23422836389295,High,132
23184,2011-10,130.0,101.99768056560738,28.002319434392614,21.540245718763547,Moderate,113
23184,2011-11,38.0,92.60364198726292,54.60364198726293,143.6937947033235,High,102
23185,2011-09,27.0,75.41632788483953,48.41632788483953,179.3197329068131,High,83
23185,2011-10,107.0,80.6184283036409,26.381571696359103,24.6556744825786,Moderate,89
23185,2011-11,9.0,85.13833901163045,76.13833901163045,845.9815445736716,High,94
23186,2011-09,188.0,408.3296953907938,220.3296953907938,117.1966464844648,High,450
23186,2011-10,479.0,215.17032282517715,263.82967717482285,55.07926454589204,High,237
23186,2011-11,54.0,244.3814510247282,190.3814510247282,352.55824263838554,High,269
23187,2011-09,300.0,507.7914648126493,207.7914648126493,69.26382160421643,High,559
23187,2011-10,10.0,365.1946071202394,355.1946071202394,3551.9460712023943,High,402
23190,2011-11,39.0,156.06294725756953,117.06294725756952,300.1614032245372,High,172
23191,2011-11,82.0,176.02086157840284,94.02086157840284,114.65958729073517,High,194
23192,2011-11,223.0,320.62138047933706,97.62138047933706,43.776403802393304,Moderate,353
23193,2011-09,41.0,169.89433263069944,128.89433263069944,314.37642105048644,High,187
23193,2011-10,524.0,113.37547003182334,410.6245299681767,78.36345991759097,High,125
23193,2011-11,407.0,232.8656838249346,174.1343161750654,42.78484426905784,Moderate,257
23194,2011-09,79.0,189.57006737802456,110.57006737802456,139.96211060509438,High,209
23194,2011-10,555.0,146.1369573795238,408.8630426204762,73.66901668837409,High,161
23194,2011-11,37.0,227.99704627790035,190.99704627790035,516.2082331835145,High,251
23199,2011-10,1553.0,2175.340881479865,622.340881479865,40.073463070178036,Moderate,2393
23199,2011-11,240.0,1553.197950519434,1313.197950519434,547.1658127164308,High,1709
23200,2011-11,120.0,565.3842182979043,445.38421829790434,371.1535152482536,High,622
23201,2011-10,1951.0,1887.7714366175687,63.22856338243082,3.240828466552067,Low,2077
23201,2011-11,631.0,864.8013705614256,233.80137056142564,37.052515144441465,Moderate,952
23202,2011-11,490.0,824.888879794092,334.888879794092,68.34466934573307,High,908
23203,2011-11,666.0,2688.931258406867,2022.931258406867,303.7434321932233,High,2958
23204,2011-10,993.0,992.9515873067832,0.0484126932167328,0.00487539710138296,Low,1093
23204,2011-11,366.0,404.1473499462397,38.14734994623967,10.422773209355102,Low,445
23205,2011-10,822.0,860.1128608222986,38.11286082229856,4.63660107327233,Low,947
23205,2011-11,185.0,471.64067999256633,286.64067999256633,154.9409081040899,High,519
23206,2011-10,1265.0,1478.452471310287,213.45247131028668,16.873713147058236,Low,1627
23206,2011-11,194.0,764.5358703946011,570.5358703946011,294.0906548425779,High,841
23207,2011-10,885.0,974.7895706325652,89.78957063256519,10.145714195770077,Low,1073
23207,2011-11,113.0,678.5456791694247,565.5456791694247,500.4829019198449,High,747
23208,2011-10,709.0,973.5583791869076,264.5583791869075,37.31429889801234,Moderate,1071
23208,2011-11,331.0,402.57348675703696,71.57348675703696,21.62340989638579,Moderate,443
23209,2011-11,456.0,789.9754375117454,333.97543751174544,73.24022752450557,High,869
23221,2011-11,110.0,220.0988724276825,110.09887242768252,100.08988402516592,High,243
23226,2011-11,34.0,104.57254480272586,70.57254480272586,207.5663082433113,High,116
23227,2011-11,40.0,142.15742281255345,102.15742281255343,255.39355703138358,High,157
23228,2011-11,39.0,188.09545555367188,149.09545555367188,382.29603988120994,High,207
23230,2011-07,300.0,786.263339809999,486.263339809999,162.08777993666635,High,865
23230,2011-08,500.0,625.2638366661284,125.26383666612844,25.052767333225688,Moderate,688
23230,2011-09,650.0,616.8962805216061,33.10371947839394,5.092879919752915,Low,679
23230,2011-10,900.0,708.1152140202691,191.88478597973085,21.32053177552565,Moderate,779
23230,2011-11,100.0,470.3348564007607,370.3348564007607,370.3348564007607,High,518
23231,2011-07,725.0,737.7501441939335,12.750144193933464,1.758640578473581,Low,812
23231,2011-08,874.0,814.5095129116082,59.490487088391774,6.806691886543681,Low,896
23231,2011-09,500.0,821.7875705871763,321.78757058717633,64.35751411743527,High,904
23231,2011-10,550.0,753.0397369224721,203.0397369224721,36.91631580408583,Moderate,829
23231,2011-11,200.0,364.9654541984521,164.9654541984521,82.48272709922605,High,402
23232,2011-07,675.0,754.1747713866639,79.1747713866639,11.729595760987245,Low,830
23232,2011-08,725.0,780.7338269732655,55.733826973265536,7.68742441010559,Low,859
23232,2011-09,1350.0,837.1638076495016,512.8361923504984,37.98786610003692,Moderate,921
23232,2011-10,1025.0,900.6241321773451,124.37586782265488,12.134231007088282,Low,991
23232,2011-11,250.0,466.50435268941817,216.50435268941817,86.60174107576726,High,514
23233,2011-07,600.0,430.5468378651988,169.45316213480123,28.242193689133536,Moderate,474
23233,2011-08,275.0,490.150076772764,215.15007677276395,78.23639155373235,High,540
23233,2011-09,1100.0,381.43265479634925,718.5673452036508,65.3243041094228,High,420
23233,2011-10,225.0,661.7058546275356,436.7058546275356,194.09149094557137,High,728
23233,2011-11,25.0,224.9975360819356,199.9975360819356,799.9901443277424,High,248
23253,2011-10,14.0,29.530130899793463,15.530130899793464,110.92950642709619,High,33
23253,2011-11,3.0,22.227192249117245,19.227192249117245,640.9064083039082,High,25
23254,2011-10,317.0,204.2689984210172,112.7310015789828,35.561830151098675,Moderate,225
23254,2011-11,34.0,193.49923030686267,159.49923030686267,469.11538325547843,High,213
23255,2011-10,114.0,153.57961728331802,39.579617283318015,34.718962529226324,Moderate,169
23255,2011-11,34.0,82.56231283796824,48.56231283796824,142.8303318763772,High,91
23256,2011-10,345.0,292.2395373983608,52.760462601639176,15.29288771062005,Low,322
23256,2011-11,120.0,215.8684086468081,95.86840864680812,79.89034053900677,High,238
23280,2011-11,195.0,150.92783642118957,44.07216357881043,22.601109527595092,Moderate,167
23281,2011-11,147.0,74.69042463995862,72.30957536004138,49.19018731975604,Moderate,83
23282,2011-11,12.0,85.91699906748839,73.91699906748839,615.9749922290699,High,95
23283,2011-10,105.0,213.0253942236254,108.0253942236254,102.8813278320242,High,235
23283,2011-11,47.0,94.57798190485352,47.57798190485352,101.2297487337309,High,105
23284,2011-10,729.0,1665.1285995861217,936.1285995861216,128.41270227518814,High,1832
23284,2011-11,186.0,590.3145983105912,404.3145983105912,217.37343995193075,High,650
23298,2011-11,138.0,864.0953748951877,726.0953748951877,526.1560687646288,High,951
23299,2011-11,4.0,37.26548603217981,33.26548603217981,831.6371508044951,High,41
23300,2011-11,441.0,689.954018770564,248.95401877056395,56.45215845137505,High,759
23301,2011-11,700.0,1360.822415240141,660.822415240141,94.40320217716301,High,1497
23302,2011-11,435.0,112.5042108941524,322.4957891058476,74.13696301283854,High,124
23348,2011-10,206.0,315.3228125835725,109.3228125835725,53.06932649687985,High,347
23444,2011-11,10.0,37.33466886207594,27.334668862075937,273.3466886207593,High,42
35001G,2011-11,27.0,42.058674270100354,15.058674270100354,55.77286766703835,High,47
35004B,2011-07,9.0,60.67806851889584,51.67806851889584,574.200761321065,High,67
35004B,2011-08,8.0,45.26563411454795,37.26563411454795,465.8204264318494,High,50
35004B,2011-09,99.0,25.325732613098733,73.67426738690126,74.41845190596086,High,28
35004B,2011-10,19.0,79.77021338563159,60.77021338563159,319.8432283454294,High,88
35004B,2011-11,10.0,38.99823568596543,28.998235685965422,289.98235685965426,High,43
35004G,2011-09,7.0,19.32134866516658,12.321348665166578,176.01926664523683,High,22
35004G,2011-10,15.0,19.32134866516658,4.321348665166578,28.80899110111052,Moderate,22
35004G,2011-11,25.0,16.834707493526775,8.165292506473225,32.6611700258929,Moderate,19
35095A,2011-07,38.0,83.10773651948286,45.107736519482856,118.70456978811276,High,92
35095A,2011-08,10.0,89.88216192130167,79.88216192130167,798.8216192130167,High,99
35095A,2011-09,36.0,73.16230987530064,37.16230987530064,103.2286385425018,High,81
35095A,2011-10,204.0,85.79200454884123,118.20799545115877,57.94509580939155,High,95
35095A,2011-11,49.0,108.80093015573124,59.80093015573125,122.04271460353317,High,120
35095B,2011-07,37.0,77.11456897603917,40.114568976039166,108.41775398929505,High,85
35095B,2011-08,78.0,74.3397363824527,3.660263617547301,4.69264566352218,Low,82
35095B,2011-09,39.0,103.05404768442328,64.05404768442327,164.2411479087776,High,114
35095B,2011-10,91.0,98.83043551306945,7.830435513069432,8.60487419018619,Low,109
35095B,2011-11,17.0,67.48532795249449,50.48532795249449,296.9725173676146,High,75
35265,2011-08,1.0,35.69166701496239,34.69166701496239,3469.166701496239,High,40
35265,2011-09,2.0,23.662915311205,21.662915311205,1083.14576556025,High,27
35443,2011-09,1.0,36.86889358311649,35.86889358311649,3586.8893583116487,High,41
35443,2011-10,3.0,36.86889358311649,33.86889358311649,1128.9631194372164,High,41
35471D,2011-07,131.0,110.88274926476326,20.117250735236738,15.356679950562397,Low,122
35471D,2011-08,338.0,169.30574435408855,168.69425564591145,49.90954309050635,Moderate,187
35471D,2011-09,181.0,301.5632027358277,120.5632027358277,66.60950427393796,High,332
35471D,2011-10,718.0,222.9938857113028,495.0061142886972,68.94235575051493,High,246
35471D,2011-11,102.0,247.38115519547767,145.38115519547767,142.53054430929183,High,273
35598B,2011-09,27.0,169.9062134363073,142.9062134363073,529.2822719863233,High,187
35598B,2011-10,135.0,90.05899847620334,44.94100152379666,33.28963075836789,Moderate,100
35598D,2011-07,48.0,49.66666375998973,1.6666637599897245,3.47221616664526,Low,55
35598D,2011-08,337.0,63.975418419579775,273.0245815804202,81.01619631466474,High,71
35598D,2011-09,54.0,184.73956364986276,130.73956364986273,242.11030305530136,High,204
35598D,2011-10,77.0,86.87276222555971,9.872762225559711,12.821769124103522,Low,96
35598D,2011-11,48.0,83.66932985773914,35.66932985773914,74.31110387028988,High,93
35599B,2011-09,28.0,31.99551474703782,3.99551474703782,14.26969552513507,Low,36
35599B,2011-10,80.0,44.29718310437633,35.70281689562367,44.62852111952959,Moderate,49
35599B,2011-11,72.0,54.96312685110663,17.03687314889337,23.66232381790746,Moderate,61
35599D,2011-08,21.0,24.27281612257321,3.2728161225732144,15.584838678920068,Low,27
35599D,2011-09,12.0,39.29614033481127,27.29614033481127,227.46783612342725,High,44
35599D,2011-10,80.0,30.23752577784761,49.76247422215239,62.20309277769049,High,34
35599D,2011-11,41.0,60.50404433551643,19.504044335516436,47.57083984272302,Moderate,67
35637A,2011-07,88.0,20.491672524342565,67.50832747565744,76.71400849506527,High,23
35637A,2011-08,42.0,72.15810101757948,30.158101017579483,71.8050024228083,High,80
35637A,2011-09,9.0,60.449074123701024,51.449074123701024,571.6563791522336,High,67
35637A,2011-10,7.0,43.93447875819712,36.93447875819712,527.6354108313875,High,49
35637C,2011-07,0.0,19.32134866516658,19.32134866516658,,Zero Demand,22
35638B,2011-08,0.0,45.074625784998425,45.074625784998425,,Zero Demand,50
35646,2011-07,77.0,64.05525761947891,12.944742380521092,16.811353740936482,Low,71
35646,2011-08,89.0,88.34358052949858,0.6564194705014188,0.7375499668555268,Low,98
35646,2011-09,35.0,103.72623333902024,68.72623333902025,196.360666682915,High,115
35646,2011-10,129.0,59.107090508193686,69.89290949180631,54.1805499936483,High,66
35646,2011-11,15.0,91.66348617799468,76.66348617799467,511.0899078532978,High,101
35648,2011-07,155.0,91.6776779242691,63.322322075730895,40.85311101660058,Moderate,101
35648,2011-08,99.0,145.56381421710074,46.56381421710074,47.03415577484923,Moderate,161
35648,2011-09,118.0,120.33586715710392,2.3358671571039338,1.9795484382236728,Low,133
35648,2011-10,148.0,140.55126702351106,7.448732976488941,5.032927686816852,Low,155
35648,2011-11,12.0,96.8754200109001,84.8754200109001,707.2951667575009,High,107
35649,2011-07,4.0,24.672983338771957,20.672983338771957,516.8245834692989,High,28
35649,2011-08,5.0,23.662915311205,18.662915311205,373.2583062241,High,27
35649,2011-09,11.0,23.662915311205,12.662915311205,115.11741192004546,High,27
35649,2011-10,14.0,25.800306681014387,11.800306681014389,84.2879048643885,High,29
35649,2011-11,5.0,18.372971815631345,13.372971815631344,267.45943631262685,High,21
35651,2011-07,12.0,61.1189753179181,49.1189753179181,409.32479431598415,High,68
35651,2011-08,91.0,44.06120026299905,46.93879973700095,51.58109861208895,High,49
35651,2011-09,12.0,76.89783649884318,64.89783649884318,540.8153041570265,High,85
35651,2011-10,33.0,47.84058084675586,14.840580846755865,44.971457111381405,Moderate,53
35653,2011-07,4.0,71.07257510125513,67.07257510125513,1676.814377531378,High,79
35810A,2011-07,26.0,99.91059783715464,73.91059783715465,284.2715301429025,High,110
35810A,2011-08,28.0,71.78988045842148,43.78988045842148,156.39243020864814,High,79
35810A,2011-09,34.0,55.4798043857134,21.4798043857134,63.175895252098236,High,62
35818B,2011-09,0.0,53.75041448553835,53.75041448553835,,Zero Demand,60
35818P,2011-10,125.0,80.6184283036409,44.3815716963591,35.50525735708728,Moderate,89
35818P,2011-11,2.0,92.19243351267338,90.19243351267338,4509.621675633669,High,102
35819B,2011-09,101.0,78.54920735920436,22.45079264079564,22.2285075651442,Moderate,87
35819B,2011-10,90.0,113.6751771101014,23.6751771101014,26.305752344557114,Moderate,126
35833P,2011-07,0.0,24.84014187935909,24.84014187935909,,Zero Demand,28
35833P,2011-10,19.0,36.86889358311649,17.86889358311649,94.04680833219204,High,41
35911A,2011-07,2.0,62.629174774678674,60.629174774678674,3031.458738733934,High,69
35911A,2011-08,63.0,46.02475932721784,16.975240672782164,26.944826464733595,Moderate,51
35911A,2011-09,10.0,67.79932373106047,57.79932373106047,577.9932373106047,High,75
35911A,2011-10,2.0,60.44035318638146,58.44035318638146,2922.0176593190727,High,67
35912B,2011-07,0.0,63.215185779967925,63.215185779967925,,Zero Demand,70
35916A,2011-07,14.0,76.73410394288948,62.73410394288948,448.10074244921066,High,85
35916A,2011-08,0.0,65.24397464376403,65.24397464376403,,Zero Demand,72
35916B,2011-07,21.0,76.73410394288948,55.73410394288948,265.4004949661404,High,85
35916B,2011-08,1.0,74.92913294674493,73.92913294674493,7392.913294674493,High,83
35916B,2011-09,1.0,43.15523680949894,42.15523680949894,4215.523680949894,High,48
35916C,2011-07,12.0,47.93349926191359,35.93349926191359,299.44582718261324,High,53
35916C,2011-08,0.0,50.11898170691747,50.11898170691747,,Zero Demand,56
35923,2011-07,62.0,148.6320036919821,86.6320036919821,139.72903821287437,High,164
35923,2011-08,50.0,462.10822356391446,412.10822356391446,824.216447127829,High,509
35923,2011-09,386.0,104.00685544011588,281.9931445598841,73.05521879789744,High,115
35923,2011-10,130.0,215.6314342747764,85.63143427477641,65.87033405752032,High,238
35923,2011-11,24.0,118.44963459606242,94.44963459606242,393.54014415026006,High,131
35924,2011-07,74.0,76.90789607715575,2.9078960771557547,3.9295892934537227,Low,85
35924,2011-08,2.0,76.22586368982559,74.22586368982559,3711.293184491279,High,84
35924,2011-09,84.0,48.59884197452697,35.40115802547303,42.144235744610754,Moderate,54
35924,2011-10,13.0,73.27370941481288,60.273709414812885,463.6439185754837,High,81
35924,2011-11,1.0,41.64113835135249,40.64113835135249,4064.113835135249,High,46
35933,2011-07,12.0,67.85211108535559,55.85211108535559,465.43425904462987,High,75
35933,2011-08,122.0,52.05811853597356,69.94188146402644,57.329411036087244,High,58
35933,2011-09,31.0,120.54263028015572,89.54263028015572,288.8471944521152,High,133
35933,2011-10,9.0,80.6184283036409,71.6184283036409,795.7603144848988,High,89
35953,2011-07,33.0,40.20784410359308,7.207844103593075,21.841951829069924,Moderate,45
35953,2011-08,300.0,59.85434218109221,240.1456578189078,80.04855260630261,High,66
35953,2011-09,857.0,232.95114797576883,624.0488520242311,72.81783570877842,High,257
35953,2011-10,1935.0,504.90992522276895,1430.0900747772312,73.9064638127768,High,556
35953,2011-11,390.0,719.4038845426674,329.40388454266736,84.46253449811984,High,792
35954,2011-08,555.0,69.00608018421298,485.993919815787,87.56647203888055,High,76
35954,2011-09,232.0,400.2108254018252,168.21082540182522,72.50466612147639,High,441
35954,2011-10,250.0,175.13777936193853,74.86222063806147,29.94488825522459,Moderate,193
35961,2011-07,373.0,151.3945118223011,221.6054881776989,59.4116590288737,High,167
35961,2011-08,200.0,232.09595584014303,32.09595584014306,16.04797792007153,Low,256
35961,2011-09,172.0,222.0854869736342,50.08548697363421,29.119469170717565,Moderate,245
35961,2011-10,250.0,221.46050486232863,28.539495137671334,11.415798055068533,Low,244
35961,2011-11,74.0,155.01075399373306,81.01075399373306,109.47399188342305,High,171
35964,2011-08,96.0,23.662915311205,72.337084688795,75.35112988416147,High,27
35964,2011-09,305.0,110.15750315277012,194.84249684722988,63.882785851550786,High,122
35964,2011-10,269.0,279.3266502916069,10.326650291606882,3.8389034541289524,Low,308
35964,2011-11,83.0,143.05813895586206,60.05813895586206,72.3592035612796,High,158
35965,2011-07,5.0,93.47625057848846,88.47625057848846,1769.5250115697693,High,103
35965,2011-08,18.0,63.18230476957736,45.18230476957736,251.01280427542977,High,70
35965,2011-09,0.0,44.14323484610648,44.14323484610648,,Zero Demand,49
35967,2011-07,58.0,56.52524707912482,1.4747529208751828,2.542677449784798,Low,63
35967,2011-08,66.0,69.77140684740681,3.771406847406809,5.714252799101225,Low,77
35967,2011-09,121.0,95.2483200868916,25.751679913108404,21.28238009347802,Moderate,105
35967,2011-10,117.0,146.53691722408576,29.536917224085755,25.24522839665449,Moderate,162
35967,2011-11,46.0,87.87419806520917,41.87419806520917,91.03086535915037,High,97
35968,2011-07,12.0,67.85211108535559,55.85211108535559,465.43425904462987,High,75
35968,2011-08,21.0,52.05811853597356,31.05811853597356,147.89580255225505,High,58
35968,2011-09,38.0,63.9617351837617,25.961735183761697,68.3203557467413,High,71
35968,2011-10,13.0,67.57999733941274,54.57999733941274,419.84613338009797,High,75
35970,2011-07,139.0,138.78580757717867,0.214192422821327,0.15409526821678202,Low,153
35970,2011-08,989.0,150.1395006763851,838.8604993236149,84.8190595878276,High,166
35970,2011-09,1375.0,763.4045159069698,611.5954840930302,44.479671570402196,Moderate,840
35970,2011-10,1812.0,1240.61617073348,571.38382926652,31.53332391095585,Moderate,1365
35970,2011-11,391.0,1297.0035544702523,906.0035544702524,231.7144640588881,High,1427
35971,2011-07,7.0,43.40411356563551,36.40411356563551,520.0587652233645,High,48
35971,2011-08,9.0,33.87169754583188,24.87169754583188,276.3521949536875,High,38
35971,2011-09,37.0,24.672983338771957,12.327016661228049,33.3162612465623,Moderate,28
35971,2011-10,116.0,48.601084793131456,67.39891520686854,58.102513109369426,High,54
35971,2011-11,6.0,74.27506826314878,68.27506826314878,1137.917804385813,High,82
35972,2011-07,0.0,39.64372617670296,39.64372617670296,,Zero Demand,44
35972,2011-10,4.0,49.33662815779473,45.33662815779473,1133.4157039448683,High,55
37327,2011-07,240.0,267.7913461964928,27.791346196492785,11.579727581871994,Low,295
37327,2011-08,150.0,181.16602335436855,31.166023354368576,20.777348902912387,Moderate,200
37327,2011-09,6.0,185.5301845567661,179.5301845567661,2992.1697426127685,High,205
37327,2011-10,16.0,112.67728489383244,96.67728489383244,604.2330305864527,High,124
37340,2011-07,378.0,358.8710382019014,19.1289617980986,5.0605719042588895,Low,395
37340,2011-08,178.0,239.93531801412104,61.93531801412104,34.79512247984328,Moderate,264
37340,2011-09,210.0,302.0326441533554,92.03264415335542,43.82506864445496,Moderate,333
37340,2011-10,294.0,243.6337167171285,50.366283282871535,17.13138887172501,Low,268
37340,2011-11,40.0,160.5503743659655,120.5503743659655,301.3759359149137,High,177
37342,2011-07,55.0,251.5991287992487,196.5991287992487,357.45296145317946,High,277
37342,2011-08,1.0,125.71450178185424,124.71450178185424,12471.450178185423,High,139
37370,2011-09,3.0,52.41404658847251,49.41404658847251,1647.1348862824168,High,58
37370,2011-10,7.0,30.904207808623585,23.904207808623585,341.48868298033693,High,34
37413,2011-08,52.0,93.77120536795428,41.771205367954266,80.32924109221973,High,104
37413,2011-09,35.0,88.63210850113572,53.63210850113572,153.23459571753062,High,98
37413,2011-10,97.0,100.67438700061034,3.674387000610338,3.7880278356807606,Low,111
37413,2011-11,28.0,61.34812944095082,33.34812944095082,119.10046228911007,High,68
37446,2011-07,68.0,92.73891435698036,24.738914356980345,36.380756407324036,Moderate,103
37446,2011-08,69.0,83.56009825375222,14.560098253752216,21.10159167210466,Moderate,92
37446,2011-09,62.0,111.89620268594427,49.89620268594429,80.47774626765208,High,124
37446,2011-10,62.0,104.16328978845652,42.16328978845651,68.00530611041373,High,115
37446,2011-11,32.0,55.0451869743921,23.045186974392102,72.01620929497533,High,61
37447,2011-07,85.0,64.13041803274503,20.869581967254973,24.552449373241146,Moderate,71
37447,2011-08,20.0,83.83568872759243,63.83568872759243,319.1784436379622,High,93
37447,2011-09,67.0,56.43736878274951,10.562631217250493,15.765121219776853,Low,63
37447,2011-10,56.0,66.17650855897823,10.176508558978227,18.17233671246112,Low,73
37447,2011-11,25.0,57.16110446119723,32.16110446119723,128.64441784478893,High,63
37448,2011-07,76.0,91.09042604990404,15.09042604990404,19.85582374987374,Low,101
37448,2011-08,37.0,106.18874882149645,69.18874882149645,186.9966184364769,High,117
37448,2011-09,79.0,69.41217873681259,9.587821263187408,12.13648261162963,Low,77
37448,2011-10,141.0,98.99222889610652,42.00777110389348,29.792745463754244,Moderate,109
37448,2011-11,37.0,86.49849182447791,49.49849182447791,133.7797076337241,High,96
37449,2011-07,69.0,33.04843123756337,35.95156876243663,52.103722844111054,High,37
37449,2011-08,8.0,63.52893104609546,55.52893104609546,694.1116380761932,High,70
37449,2011-09,72.0,44.29933588971623,27.700664110283768,38.47314459761634,Moderate,49
37449,2011-10,41.0,80.42662075094404,39.42662075094404,96.16248963644888,High,89
37449,2011-11,3.0,46.69163273828883,43.69163273828883,1456.387757942961,High,52
37450,2011-07,54.0,57.67609039768941,3.676090397689414,6.807574810535952,Low,64
37450,2011-08,37.0,55.63466269096202,18.634662690962017,50.36395321881626,High,62
37450,2011-09,49.0,58.62760608070975,9.627606080709748,19.64817567491785,Low,65
37450,2011-10,54.0,81.28038704404783,27.280387044047828,50.51923526675524,High,90
37450,2011-11,4.0,53.607984186022094,49.607984186022094,1240.1996046505524,High,59
37462E,2011-07,0.0,53.7800346390345,53.7800346390345,,Zero Demand,60
37462E,2011-11,1.0,31.32628418532182,30.32628418532182,3032.628418532182,High,35
37467,2011-07,36.0,62.629174774678674,26.629174774678678,73.969929929663,High,69
37467,2011-08,0.0,61.28042502589245,61.28042502589245,,Zero Demand,68
37468,2011-07,0.0,49.783661322427456,49.783661322427456,,Zero Demand,55
37475,2011-07,5.0,26.130170804402876,21.130170804402876,422.6034160880575,High,29
37475,2011-08,1.0,22.46986942572293,21.46986942572293,2146.986942572293,High,25
37475,2011-09,1.0,18.880484830624948,17.880484830624948,1788.0484830624948,High,21
37475,2011-10,16.0,18.880484830624948,2.8804848306249475,18.003030191405923,Low,21
37475,2011-11,1.0,16.229949257960634,15.229949257960634,1522.9949257960634,High,18
37476,2011-07,0.0,18.880484830624948,18.880484830624948,,Zero Demand,21
37479P,2011-07,6.0,58.39992132961428,52.39992132961428,873.332022160238,High,65
37479P,2011-08,30.0,66.13019498229461,36.13019498229461,120.43398327431538,High,73
37479P,2011-09,20.0,61.7334619622918,41.7334619622918,208.667309811459,High,68
37479P,2011-10,22.0,66.70694762385203,44.70694762385203,203.2133982902365,High,74
37489A,2011-07,2.0,47.36938133502347,45.36938133502347,2268.4690667511736,High,53
37489A,2011-08,9.0,44.594548741437,35.594548741437,395.49498601596673,High,50
37489A,2011-09,4.0,44.594548741437,40.594548741437,1014.863718535925,High,50
37489A,2011-10,4.0,49.54601619884365,45.54601619884365,1138.6504049710913,High,55
37489B,2011-07,0.0,47.36938133502347,47.36938133502347,,Zero Demand,53
37489D,2011-07,2.0,47.36938133502347,45.36938133502347,2268.4690667511736,High,53
37489D,2011-08,11.0,44.594548741437,33.594548741437,305.4049885585182,High,50
37489D,2011-09,5.0,45.15866666832712,40.15866666832712,803.1733333665425,High,50
37489D,2011-10,7.0,51.00520204544804,44.00520204544804,628.6457435064005,High,57
37489D,2011-11,2.0,30.76216625843171,28.76216625843171,1438.1083129215854,High,34
37495,2011-07,20.0,68.84640023900629,48.846400239006286,244.23200119503142,High,76
37495,2011-08,23.0,53.44798046594701,30.44798046594701,132.382523764987,High,59
37495,2011-09,77.0,48.196500980760455,28.803499019239545,37.407141583427986,Moderate,54
37495,2011-10,44.0,90.5639635878498,46.5639635878498,105.82718997238591,High,100
37495,2011-11,4.0,53.860958295765,49.860958295765,1246.523957394125,High,60
37500,2011-07,26.0,26.344054625161487,0.3440546251614869,1.3232870198518727,Low,29
37500,2011-08,44.0,40.48315529738041,3.516844702619593,7.992828869589983,Low,45
37500,2011-09,49.0,70.85837113169114,21.858371131691143,44.6089206769207,Moderate,78
37500,2011-10,81.0,77.94717918406879,3.052820815931213,3.768914587569399,Low,86
37500,2011-11,15.0,61.39006176884028,46.39006176884028,309.2670784589352,High,68
37501,2011-07,1.0,22.788545143096076,21.788545143096076,2178.8545143096076,High,26
40001,2011-07,74.0,108.12423096403208,34.124230964032066,46.11382562707036,Moderate,119
40001,2011-08,125.0,87.63311238038742,37.36688761961258,29.89351009569006,Moderate,97
40001,2011-09,147.0,124.10885697339172,22.89114302660829,15.572206140549858,Low,137
40001,2011-10,15.0,121.35895817585347,106.35895817585347,709.0597211723565,High,134
40016,2011-07,123.0,356.3948561251162,233.39485612511615,189.7519155488749,High,393
40016,2011-08,938.0,193.6037749459848,744.3962250540152,79.35993870511889,High,213
40046A,2011-09,12.0,36.86889358311649,24.86889358311649,207.24077985930407,High,41
44234,2011-07,48.0,81.46650653562591,33.46650653562591,69.72188861588732,High,90
44234,2011-08,19.0,88.3589681200781,69.3589681200781,365.04720063199005,High,98
44234,2011-09,0.0,72.07298594106612,72.07298594106612,,Zero Demand,80
44235,2011-11,3.0,31.81508274895722,28.81508274895722,960.5027582985739,High,35
46000M,2011-07,10.0,73.19277762976708,63.19277762976708,631.9277762976708,High,81
46000M,2011-08,136.0,41.37628823731895,94.62371176268104,69.57625864903018,High,46
46000M,2011-09,189.0,136.55962081261842,52.44037918738158,27.74623237427597,Moderate,151
46000M,2011-10,139.0,192.742734961522,53.74273496152202,38.6638381018144,Moderate,213
46000M,2011-11,26.0,95.78062657691363,69.78062657691363,268.3870252958217,High,106
46000R,2011-07,10.0,39.963043786979625,29.963043786979625,299.63043786979625,High,44
46000R,2011-08,10.0,36.1781431658262,26.1781431658262,261.78143165826197,High,40
46000R,2011-09,17.0,42.588796469837234,25.588796469837234,150.52233217551313,High,47
46000R,2011-10,18.0,48.64427215063682,30.644272150636823,170.2459563924268,High,54
46000R,2011-11,2.0,34.81188966763152,32.81188966763152,1640.5944833815759,High,39
46000S,2011-07,73.0,108.38360516576404,35.38360516576405,48.47069200789596,Moderate,120
46000S,2011-08,287.0,108.44959228278827,178.55040771721173,62.212685615753216,High,120
46000S,2011-09,185.0,246.63394500265343,61.63394500265344,33.31564594738024,Moderate,272
46000S,2011-10,220.0,209.6310061698183,10.368993830181694,4.7131790137189515,Low,231
46000S,2011-11,35.0,111.81749496872568,76.81749496872568,219.47855705350196,High,123
46000U,2011-09,28.0,38.27511575243527,10.27511575243527,36.6968419729831,Moderate,43
46000U,2011-10,0.0,60.25251101631748,60.25251101631748,,Zero Demand,67
46118,2011-08,46.0,35.891028356414644,10.108971643585356,21.976025312142077,Moderate,40
46118,2011-09,38.0,66.26458988171883,28.264589881718837,74.38049968873378,High,73
46118,2011-10,35.0,66.09910323905221,31.09910323905221,88.85458068300632,High,73
46118,2011-11,8.0,48.581372306072886,40.581372306072886,507.26715382591107,High,54
46138B,2011-07,0.0,51.71168632628831,51.71168632628831,,Zero Demand,57
46775D,2011-07,6.0,18.880484830624948,12.880484830624948,214.67474717708245,High,21
46775D,2011-08,12.0,19.32134866516658,7.321348665166578,61.01123887638815,High,22
46775D,2011-09,4.0,22.06494596726185,18.06494596726185,451.6236491815462,High,25
46775D,2011-10,4.0,25.29113813463597,21.29113813463597,532.2784533658992,High,28
46775D,2011-11,2.0,13.371347529813546,11.371347529813546,568.5673764906772,High,15
46776A,2011-07,9.0,27.73127016441572,18.73127016441572,208.12522404906355,High,31
46776A,2011-08,39.0,24.79393998447,14.206060015530005,36.4257949116154,Moderate,28
46776A,2011-09,13.0,66.42445937815945,53.424459378159455,410.9573798319958,High,74
46776A,2011-10,37.0,44.45936909822432,7.459369098224322,20.160457022227895,Moderate,49
46776A,2011-11,20.0,34.649425171235954,14.649425171235954,73.24712585617978,High,39
46776B,2011-07,6.0,20.32739698018124,14.327396980181238,238.7899496696873,High,23
46776B,2011-08,43.0,23.220666541550717,19.779333458449287,45.998449903370435,Moderate,26
46776B,2011-09,15.0,69.67024342141514,54.67024342141514,364.46828947610095,High,77
46776B,2011-10,34.0,63.58239541533759,29.582395415337587,87.0070453392282,High,70
46776B,2011-11,16.0,34.649425171235954,18.649425171235954,116.55890732022472,High,39
46776C,2011-07,0.0,18.880484830624948,18.880484830624948,,Zero Demand,21
46776C,2011-10,27.0,31.477798855501558,4.477798855501554,16.58444020556131,Low,35
46776C,2011-11,15.0,36.75922468413843,21.75922468413843,145.0614978942562,High,41
46776D,2011-07,1.0,20.32739698018124,19.32739698018124,1932.739698018124,High,23
46776D,2011-08,15.0,22.77980270700908,7.779802707009082,51.865351380060545,High,26
46776D,2011-09,9.0,26.80636808607464,17.80636808607464,197.84853428971826,High,30
46776D,2011-10,18.0,29.63131984556173,11.631319845561734,64.61844358645408,High,33
46776D,2011-11,17.0,21.85085772940845,4.85085772940845,28.534457231814407,Moderate,25
46776E,2011-07,4.0,22.77980270700908,18.77980270700908,469.49506767522695,High,26
46776E,2011-08,14.0,22.77980270700908,8.779802707009082,62.7128764786363,High,26
46776E,2011-09,11.0,27.663771048505637,16.663771048505634,151.48882771368758,High,31
46776E,2011-10,14.0,30.029488680787008,16.029488680787008,114.49634771990719,High,34
46776E,2011-11,5.0,23.913889300041195,18.913889300041195,378.27778600082394,High,27
46776F,2011-07,7.0,27.17891411873389,20.17891411873389,288.27020169619846,High,30
46776F,2011-08,50.0,25.63494652895469,24.365053471045314,48.73010694209063,Moderate,29
46776F,2011-09,34.0,69.67024342141514,35.67024342141514,104.91248065122099,High,77
46776F,2011-10,38.0,76.89322943539203,38.89322943539203,102.35060377734743,High,85
46776F,2011-11,22.0,42.59820605200875,20.59820605200875,93.62820932731249,High,47
47310M,2011-07,65.0,43.50696952939764,21.493030470602363,33.066200724003636,Moderate,48
47310M,2011-08,27.0,61.17893940560428,34.17893940560428,126.58866446520105,High,68
47310M,2011-09,52.0,86.62678212251653,34.62678212251653,66.5899656202241,High,96
47310M,2011-10,61.0,75.19993777772957,14.199937777729572,23.27858652086815,Moderate,83
47310M,2011-11,35.0,56.952034185531176,21.952034185531176,62.72009767294622,High,63
47341B,2011-07,0.0,39.64372617670296,39.64372617670296,,Zero Demand,44
47341B,2011-10,6.0,36.86889358311649,30.86889358311649,514.4815597186082,High,41
47343A,2011-07,48.0,63.215185779967925,15.215185779967925,31.69830370826651,Moderate,70
47348A,2011-07,12.0,74.84781853465259,62.84781853465259,523.7318211221049,High,83
47348A,2011-08,9.0,46.21158315885264,37.21158315885264,413.4620350983627,High,51
47351B,2011-08,0.0,49.41619243103684,49.41619243103684,,Zero Demand,55
47367B,2011-07,10.0,24.838019918899004,14.838019918899004,148.38019918899005,High,28
47367B,2011-08,0.0,24.672983338771957,24.672983338771957,,Zero Demand,28
47369A,2011-07,0.0,25.800306681014387,25.800306681014387,,Zero Demand,29
47369A,2011-11,1.0,15.215893151548745,14.215893151548745,1421.5893151548744,High,17
47369B,2011-07,0.0,50.81536332890858,50.81536332890858,,Zero Demand,56
47369B,2011-10,5.0,18.880484830624948,13.880484830624948,277.60969661249896,High,21
47369B,2011-11,1.0,13.371347529813546,12.371347529813546,1237.1347529813545,High,15
47420,2011-07,24.0,71.53044144884656,47.53044144884656,198.04350603686066,High,79
47420,2011-08,41.0,80.6184283036409,39.6184283036409,96.63031293570951,High,89
47420,2011-09,0.0,72.75302121907757,72.75302121907757,,Zero Demand,81
47421,2011-07,14.0,76.21228559470957,62.21228559470957,444.37346853363977,High,84
47421,2011-08,89.0,54.2646898384592,34.7353101615408,39.02843838375371,Moderate,60
47421,2011-09,137.0,94.66627328766856,42.333726712331455,30.900530446957262,Moderate,105
47421,2011-10,190.0,148.0634777215456,41.93652227845439,22.07185383076547,Moderate,163
47421,2011-11,26.0,107.41680105509182,81.41680105509182,313.14154251958394,High,119
47422,2011-07,56.0,74.84781853465259,18.84781853465259,33.656818811879624,Moderate,83
47422,2011-08,127.0,70.65762718593737,56.34237281406263,44.364073081939075,Moderate,78
47422,2011-09,43.0,128.41576949766616,85.41576949766616,198.64132441317713,High,142
47422,2011-10,48.0,86.63050716904222,38.63050716904222,80.48022326883796,High,96
47422,2011-11,1.0,69.07758698383662,68.07758698383662,6807.758698383663,High,76
47469,2011-11,2.0,83.13858952226626,81.13858952226626,4056.929476113313,High,92
47471,2011-08,6.0,45.60461676900396,39.60461676900396,660.0769461500661,High,51
47471,2011-09,5.0,40.458278178214485,35.458278178214485,709.1655635642896,High,45
47471,2011-10,33.0,36.86889358311649,3.868893583116488,11.723919948837842,Low,41
47471,2011-11,6.0,41.74869776388526,35.74869776388526,595.8116293980877,High,46
47480,2011-07,6.0,63.89061390081768,57.89061390081768,964.843565013628,High,71
47480,2011-08,36.0,35.23616460588887,0.7638353941111333,2.121764983642037,Low,39
47480,2011-09,15.0,64.45481235815807,49.45481235815807,329.6987490543871,High,71
47480,2011-10,37.0,63.58239541533759,26.582395415337587,71.84431193334483,High,70
47480,2011-11,113.0,35.091673940890246,77.90832605910975,68.94542129124757,High,39
47481,2011-09,4.0,43.27954688712752,39.27954688712752,981.988672178188,High,48
47481,2011-10,8.0,36.86889358311649,28.86889358311649,360.8611697889561,High,41
47503A,2011-07,513.0,217.1527038104372,295.8472961895628,57.670038243579505,High,239
47503A,2011-08,446.0,386.1223205145596,59.87767948544041,13.425488673865562,Low,425
47503A,2011-09,441.0,362.21895342213617,78.78104657786383,17.86418289747479,Low,399
47503A,2011-10,391.0,339.5117141591525,51.48828584084748,13.168359550088871,Low,374
47503H,2011-07,3.0,23.662915311205,20.662915311205,688.7638437068333,High,27
47503H,2011-08,9.0,23.662915311205,14.662915311205,162.9212812356111,High,27
47503H,2011-09,43.0,27.10260903507105,15.897390964928944,36.97067666262545,Moderate,30
47503H,2011-10,23.0,67.63198911771649,44.631989117716486,194.05212659876733,High,75
47503H,2011-11,1.0,56.18912780014267,55.18912780014267,5518.912780014267,High,62
47504H,2011-07,347.0,26.72825990333516,320.27174009666487,92.29733143996106,High,30
47504H,2011-08,81.0,235.4667920020948,154.46679200209482,190.69974321246275,High,260
47504H,2011-09,69.0,122.66669354066951,53.66669354066953,77.777816725608,High,135
47504H,2011-10,126.0,120.3339016358164,5.666098364183597,4.496903463637776,Low,133
47504H,2011-11,101.0,86.45576551709742,14.54423448290258,14.400232161289683,Low,96
47504K,2011-07,475.0,154.71377924115436,320.2862207588456,67.42867805449382,High,171
47504K,2011-08,524.0,337.540650293011,186.45934970698897,35.58384536392919,Moderate,372
47504K,2011-09,120.0,461.0517814285317,341.0517814285317,284.2098178571097,High,508
47504K,2011-10,24.0,201.1685788800528,177.1685788800528,738.20241200022,High,222
47518F,2011-07,72.0,156.56019046817906,84.56019046817906,117.44470898358203,High,173
47518F,2011-08,133.0,124.17883405721604,8.821165942783963,6.632455596078168,Low,137
47518F,2011-09,36.0,135.4886721527328,99.4886721527328,276.35742264648,High,150
47518F,2011-10,77.0,176.81401617477232,99.81401617477232,129.62859243476925,High,195
47559B,2011-07,88.0,129.0882453344326,41.0882453344326,46.69118788003704,Moderate,142
47559B,2011-08,70.0,123.66502268045063,53.66502268045065,76.6643181149295,High,137
47559B,2011-09,186.0,116.5708308161676,69.42916918383241,37.327510313888396,Moderate,129
47559B,2011-10,331.0,199.42413965576384,131.57586034423616,39.75101520973902,Moderate,220
47559B,2011-11,77.0,191.70326010463845,114.70326010463845,148.9652728631668,High,211
47563A,2011-07,44.0,70.18689066673883,26.186890666738837,59.51566060622463,High,78
47563A,2011-08,21.0,63.78228198368006,42.78228198368006,203.72515230323836,High,71
47563A,2011-09,47.0,72.96917561828555,25.969175618285547,55.2535651452884,High,81
47563A,2011-10,29.0,73.77385493292932,44.773854932929325,154.39260321699768,High,82
47563A,2011-11,24.0,44.22312730875428,20.22312730875428,84.26303045314283,High,49
47566,2011-07,1695.0,1953.239377415872,258.2393774158718,15.235361499461462,Low,2149
47566,2011-08,1133.0,2602.428352881643,1469.4283528816431,129.6935880742845,High,2863
47566,2011-09,620.0,1748.9410571945402,1128.9410571945402,182.08726728944197,High,1924
47566,2011-10,916.0,1030.9473967846448,114.94739678464477,12.548842443738511,Low,1135
47566,2011-11,136.0,765.9088313672937,629.9088313672937,463.1682583583042,High,843
47566B,2011-07,103.0,276.3111063449325,173.3111063449325,168.2632100436238,High,304
47566B,2011-08,44.0,208.52760448030452,164.52760448030455,373.92637381887397,High,230
47566B,2011-09,37.0,111.87246141369,74.87246141369,202.3580038207838,High,124
47566B,2011-10,19.0,91.39668109147944,72.39668109147944,381.03516363936546,High,101
47566B,2011-11,1.0,47.01613177302404,46.01613177302404,4601.613177302404,High,52
47566b,2011-07,0.0,52.4123054612483,52.4123054612483,,Zero Demand,58
47566b,2011-10,2.0,25.7320019691776,23.7320019691776,1186.60009845888,High,29
47567B,2011-07,75.0,47.367960460797015,27.632039539202985,36.84271938560398,Moderate,53
47567B,2011-08,79.0,68.39902235678335,10.600977643216652,13.418959042046394,Low,76
47567B,2011-09,55.0,96.80445786538908,41.80445786538907,76.0081052097983,High,107
47567B,2011-10,52.0,61.33829125589024,9.33829125589024,17.95825241517354,Low,68
47567B,2011-11,14.0,47.88674240378526,33.88674240378526,242.04816002703757,High,53
47574A,2011-07,19.0,112.77990317352052,93.77990317352052,493.57843775537117,High,125
47574A,2011-08,64.0,87.78334383844607,23.783343838446072,37.16147474757199,Moderate,97
47574A,2011-09,20.0,97.71894571764324,77.71894571764325,388.59472858821624,High,108
47578A,2011-07,12.0,45.27532174778516,33.27532174778516,277.2943478982097,High,50
47578A,2011-08,44.0,41.07529102450324,2.9247089754967632,6.647065853401735,Low,46
47578A,2011-09,20.0,65.57383946442853,45.57383946442853,227.86919732214264,High,73
47578A,2011-10,56.0,65.45991056707504,9.459910567075042,16.89269744120543,Low,73
47578A,2011-11,21.0,51.10539996157344,30.10539996157344,143.359047436064,High,57
47580,2011-07,3.0,37.592653190732506,34.592653190732506,1153.0884396910835,High,42
47580,2011-08,32.0,31.126485105741544,0.8735148942584559,2.7297340445576745,Low,35
47580,2011-09,14.0,43.96731898098783,29.967318980987827,214.05227843562736,High,49
47580,2011-10,11.0,35.32000772054642,24.32000772054642,221.09097927769471,High,39
47580,2011-11,4.0,23.56257555028119,19.56257555028119,489.0643887570297,High,26
47585A,2011-07,15.0,56.31162333763243,41.31162333763243,275.41082225088286,High,62
47585A,2011-08,7.0,35.2759277861174,28.2759277861174,403.9418255159629,High,39
47585A,2011-09,10.0,26.78491845970312,16.784918459703118,167.84918459703118,High,30
47585A,2011-10,9.0,21.38433318325905,12.384333183259052,137.60370203621167,High,24
47585A,2011-11,4.0,20.222864668366185,16.222864668366185,405.5716167091546,High,23
47586A,2011-08,2.0,23.662915311205,21.662915311205,1083.14576556025,High,27
47586A,2011-09,0.0,23.662915311205,23.662915311205,,Zero Demand,27
47590A,2011-07,186.0,191.84013197301988,5.840131973019879,3.139855899473053,Low,212
47590A,2011-08,197.0,219.87153543268207,22.871535432682062,11.609916463290388,Low,242
47590A,2011-09,149.0,224.15542483846784,75.15542483846784,50.43988244192472,High,247
47590A,2011-10,125.0,208.66852808164285,83.66852808164285,66.93482246531428,High,230
47590A,2011-11,6.0,104.71715456464108,98.71715456464108,1645.2859094106846,High,116
47590B,2011-07,229.0,210.9106573110816,18.089342688918435,7.899276283370496,Low,233
47590B,2011-08,232.0,236.70095433460537,4.70095433460537,2.0262734200885215,Low,261
47590B,2011-09,146.0,282.58316023805054,136.58316023805054,93.55010975208941,High,311
47590B,2011-10,125.0,214.4073803242432,89.40738032424318,71.52590425939455,High,236
47590B,2011-11,16.0,139.2880437943389,123.2880437943389,770.5502737146181,High,154
47591D,2011-07,226.0,178.24029618386172,47.75970381613829,21.13261230802579,Moderate,197
47591D,2011-08,232.0,213.5864755432073,18.413524456792658,7.936863989996835,Low,235
47591D,2011-09,299.0,250.61072579192063,48.38927420807934,16.18370374852152,Low,276
47591D,2011-10,700.0,328.47379691916217,371.5262030808378,53.07517186869111,High,362
47591D,2011-11,94.0,299.60509604322766,205.6050960432277,218.7288255779018,High,330
47591d,2011-07,6.0,29.15784757461465,23.15784757461465,385.9641262435775,High,33
47591d,2011-08,0.0,25.7320019691776,25.7320019691776,,Zero Demand,29
47593B,2011-07,282.0,218.40208207443132,63.59791792556865,22.552453165095265,Moderate,241
47593B,2011-08,28.0,248.339514828044,220.339514828044,786.9268386715858,High,274
47593B,2011-09,103.0,148.15436144210503,45.15436144210503,43.83918586612139,Moderate,163
47593B,2011-10,225.0,167.59083956066928,57.40916043933072,25.515182417480318,Moderate,185
47593B,2011-11,213.0,121.28609418603638,91.71390581396362,43.05817174364489,Moderate,134
47594A,2011-09,8.0,23.662915311205,15.662915311205,195.7864413900625,High,27
47594A,2011-10,6.0,27.25229990630298,21.25229990630298,354.204998438383,High,30
47594B,2011-07,1.0,23.662915311205,22.662915311205,2266.2915311205,High,27
47594B,2011-08,7.0,23.662915311205,16.662915311205,238.0416473029286,High,27
47594B,2011-09,6.0,23.662915311205,17.662915311205,294.38192185341666,High,27
47594B,2011-10,1.0,24.672983338771957,23.672983338771957,2367.2983338771955,High,28
47599A,2011-07,179.0,230.6674209919517,51.6674209919517,28.864481001090336,Moderate,254
47599A,2011-08,209.0,224.3553479836328,15.35534798363281,7.347056451498952,Low,247
47599A,2011-09,62.0,199.3672698825577,137.36726988255774,221.5601127138028,High,220
47599A,2011-10,26.0,117.75458709672748,91.75458709672748,352.9022580643364,High,130
47599A,2011-11,12.0,67.6879037670873,55.687903767087306,464.0658647257276,High,75
47599B,2011-07,143.0,136.66408826535047,6.335911734649528,4.430707506747922,Low,151
47599B,2011-08,31.0,117.17144705071742,86.17144705071742,277.97240984102393,High,129
47599B,2011-09,82.0,85.08859465076988,3.0885946507698776,3.7665788424022897,Low,94
47599B,2011-10,186.0,82.27419715986856,103.72580284013144,55.766560666737334,High,91
47599B,2011-11,12.0,88.8723503475687,76.8723503475687,640.6029195630725,High,98
48111,2011-07,52.0,68.1223144739856,16.122314473985597,31.004450911510762,Moderate,75
48111,2011-08,534.0,79.57210044081431,454.4278995591857,85.09885759535312,High,88
48111,2011-09,43.0,335.8816254616001,292.8816254616001,681.1200592130235,High,370
48111,2011-10,66.0,100.93004107156102,34.93004107156102,52.92430465388034,High,112
48111,2011-11,15.0,263.1292492460099,248.12924924600992,1654.1949949733994,High,290
48116,2011-07,38.0,105.22790584375105,67.22790584375103,176.91554169408167,High,116
48116,2011-08,439.0,83.56480242187048,355.43519757812953,80.96473748932335,High,92
48116,2011-09,38.0,167.91107536460964,129.91107536460964,341.8712509594991,High,185
48116,2011-10,22.0,82.95796048665822,60.95796048665822,277.0816385757192,High,92
48116,2011-11,18.0,49.12421618838228,31.12421618838228,172.91231215767934,High,55
48129,2011-07,40.0,62.015251902560685,22.015251902560685,55.03812975640171,High,69
48129,2011-08,363.0,64.84629226628985,298.1537077337101,82.13600764014053,High,72
48129,2011-09,30.0,217.83642412733744,187.83642412733744,626.1214137577914,High,240
48129,2011-10,44.0,96.23289251713778,52.232892517137785,118.71111935713132,High,106
48129,2011-11,22.0,37.8336662029555,15.8336662029555,71.97121001343409,High,42
48138,2011-07,123.0,250.99217056523523,127.99217056523524,104.05867525628882,High,277
48138,2011-08,786.0,230.1082482874372,555.8917517125628,70.72414143925737,High,254
48138,2011-09,167.0,622.512268926314,455.5122689263141,272.76183768042756,High,685
48138,2011-10,203.0,326.7287560670037,123.7287560670037,60.95012614138113,High,360
48138,2011-11,75.0,168.21272895992232,93.21272895992232,124.28363861322975,High,186
48173C,2011-07,29.0,301.3990888861423,272.3990888861423,939.3072030556631,High,332
48173C,2011-08,131.0,197.9067863239614,66.9067863239614,51.073882690046865,High,218
48173C,2011-09,80.0,136.4090952494234,56.40909524942339,70.51136906177923,High,151
48173C,2011-10,111.0,134.090969527799,23.09096952779899,20.80267525026936,Moderate,148
48173C,2011-11,7.0,105.44358499048909,98.44358499048909,1406.3369284355583,High,116
48184,2011-07,138.0,159.13543197869507,21.135431978695067,15.31553041934425,Low,176
48184,2011-08,559.0,162.11436646222657,396.8856335377734,70.9992188797448,High,179
48184,2011-09,93.0,419.2868647670106,326.2868647670106,350.84609114732325,High,462
48184,2011-10,149.0,155.55979741813897,6.55979741813897,4.402548602777832,Low,172
48184,2011-11,48.0,103.56972884993252,55.56972884993252,115.7702684373594,High,114
48185,2011-07,89.0,157.9548779902316,68.95487799023161,77.47739100026023,High,174
48185,2011-08,622.0,197.3136054522968,424.6863945477032,68.27755539352141,High,218
48185,2011-09,80.0,410.5612923141068,330.5612923141068,413.20161539263347,High,452
48185,2011-10,139.0,186.3962465859063,47.39624658590631,34.09801912655131,Moderate,206
48185,2011-11,13.0,138.75072043293858,125.75072043293858,967.3132340995276,High,153
48187,2011-07,148.0,465.69238357841294,317.69238357841294,214.6570159313601,High,513
48187,2011-08,769.0,293.2455720147789,475.7544279852211,61.866635628767376,High,323
48187,2011-09,129.0,628.07596203219,499.07596203219,386.8805907226279,High,691
48187,2011-10,243.0,327.0897435075236,84.08974350752356,34.6048327191455,Moderate,360
48187,2011-11,42.0,167.2022896424248,125.2022896424248,298.100689624821,High,184
48188,2011-07,74.0,339.5524930518657,265.5524930518657,358.8547203403591,High,374
48188,2011-08,192.0,219.7532195916158,27.75321959161579,14.454801870633224,Low,242
48188,2011-09,109.0,216.6920948125574,107.6920948125574,98.80008698399762,High,239
48188,2011-10,40.0,200.18323559486376,160.18323559486376,400.4580889871594,High,221
48188,2011-11,1.0,62.40146268159974,61.40146268159974,6140.146268159974,High,69
48194,2011-07,161.0,430.4211704767848,269.4211704767848,167.34234191104647,High,474
48194,2011-08,666.0,308.0395624585141,357.9604375414859,53.74781344466755,High,339
48194,2011-09,134.0,510.0666287951565,376.0666287951565,280.6467379068332,High,562
48194,2011-10,206.0,322.17444065396256,116.17444065396256,56.39535954075853,High,355
48194,2011-11,30.0,170.74995063586863,140.74995063586863,469.1665021195621,High,188
51008,2011-09,25.0,23.662915311205,1.3370846887949988,5.348338755179995,Low,27
51008,2011-10,6.0,42.39404553806855,36.39404553806855,606.567425634476,High,47
51014A,2011-07,435.0,270.6780963329334,164.32190366706658,37.77515026829117,Moderate,298
51014A,2011-08,488.0,280.18170344309084,207.8182965569092,42.58571650756336,Moderate,309
51014A,2011-09,784.0,395.6035847796454,388.3964152203546,49.5403590842289,Moderate,436
51014A,2011-10,963.0,609.4167883365088,353.5832116634912,36.71684440950065,Moderate,671
51014A,2011-11,149.0,402.7323493804696,253.73234938046957,170.29016736944266,High,444
51014C,2011-07,247.0,180.66247750262576,66.33752249737424,26.85729655764139,Moderate,199
51014C,2011-08,301.0,203.42148115525288,97.57851884474712,32.418112573005686,Moderate,224
51014C,2011-09,405.0,299.28485221639124,105.71514778360876,26.102505625582413,Moderate,330
51014C,2011-10,826.0,326.9196528582217,499.0803471417783,60.421349532902944,High,360
51014C,2011-11,76.0,366.2983308784235,290.2983308784235,381.97148799792564,High,403
51014L,2011-07,283.0,180.1829930751418,102.8170069248582,36.33109785330679,Moderate,199
51014L,2011-08,226.0,228.5876861686819,2.5876861686818984,1.1449938799477426,Low,252
51014L,2011-09,328.0,225.03343588642383,102.96656411357615,31.392245156578095,Moderate,248
51014L,2011-10,430.0,301.89138321114825,128.10861678885175,29.79270157880273,Moderate,333
51014L,2011-11,60.0,202.8755303150337,142.8755303150337,238.1258838583895,High,224
62018,2011-07,1253.0,138.82433652501564,1114.1756634749845,88.92064353351832,High,153
62018,2011-08,6.0,482.490834639468,476.490834639468,7941.5139106578,High,531
62018,2011-09,407.0,112.9015787711365,294.0984212288635,72.26005435598613,High,125
62018,2011-10,28.0,491.0232527987254,463.0232527987254,1653.654474281162,High,541
62018,2011-11,210.0,94.90678334596176,115.09321665403824,54.80629364478011,High,105
70006,2011-07,24.0,34.96065265442696,10.960652654426958,45.66938606011233,Moderate,39
70006,2011-08,8.0,42.39404553806855,34.394045538068546,429.9255692258568,High,47
70006,2011-09,97.0,32.818781055306346,64.18121894469365,66.16620509762232,High,37
70006,2011-10,68.0,84.96918299410102,16.96918299410102,24.95468087367797,Moderate,94
70006,2011-11,87.0,54.209838449830364,32.79016155016964,37.68984086226396,Moderate,60
70007,2011-07,12.0,45.227533329648736,33.227533329648736,276.8961110804062,High,50
70007,2011-08,16.0,45.453738691349606,29.453738691349606,184.08586682093505,High,50
70007,2011-09,141.0,36.73525022830151,104.26474977169848,73.94663104375778,High,41
70007,2011-10,118.0,133.69038565984354,15.690385659843542,13.296936999867409,Low,148
70007,2011-11,49.0,75.89998951989429,26.89998951989429,54.89793779570263,High,84
71038,2011-07,0.0,43.89901426915106,43.89901426915106,,Zero Demand,49
71038,2011-10,22.0,46.58066891160758,24.58066891160758,111.73031323457991,High,52
71050,2011-11,6.0,36.98359103089614,30.983591030896143,516.393183848269,High,41
71053,2011-07,138.0,142.30298497559693,4.302984975596928,3.1181050547803824,Low,157
71053,2011-08,204.0,187.49393168088716,16.50606831911287,8.091209960349447,Low,207
71053,2011-09,80.0,207.69612326923064,127.69612326923064,159.6201540865383,High,229
71053,2011-10,144.0,139.7598426293487,4.240157370651303,2.944553729618961,Low,154
71053,2011-11,17.0,103.66008931078518,86.66008931078518,509.7652312399128,High,115
71101E,2011-07,0.0,71.76062814254269,71.76062814254269,,Zero Demand,79
71101E,2011-10,30.0,60.44035318638146,30.440353186381454,101.46784395460485,High,67
71270,2011-07,32.0,24.672983338771957,7.327016661228047,22.896927066337646,Moderate,28
71270,2011-08,2.0,48.24058091518948,46.24058091518948,2312.0290457594742,High,54
71270,2011-09,47.0,33.87169754583188,13.12830245416812,27.932558413123658,Moderate,38
71270,2011-10,19.0,50.98946587395612,31.98946587395612,168.36560986292696,High,57
71270,2011-11,3.0,41.00970825527549,38.00970825527549,1266.9902751758498,High,46
71279,2011-07,0.0,48.24058091518948,48.24058091518948,,Zero Demand,54
71279,2011-10,18.0,36.293001458647225,18.293001458647225,101.62778588137347,High,40
71403,2011-07,1.0,19.32134866516658,18.32134866516658,1832.134866516658,High,22
71403,2011-08,19.0,21.294764818028927,2.294764818028927,12.0777095685733,Low,24
71403,2011-09,2.0,32.06381945887461,30.06381945887461,1503.1909729437307,High,36
71403,2011-10,17.0,29.190456011020103,12.190456011020103,71.70856477070649,High,33
71406C,2011-07,10.0,64.50829455587827,54.508294555878265,545.0829455587826,High,71
71406C,2011-08,30.0,53.75041448553835,23.75041448553835,79.16804828512784,High,60
71406C,2011-09,5.0,67.57999733941274,62.57999733941274,1251.5999467882548,High,75
71406C,2011-10,26.0,54.80333097606388,28.803330976063883,110.78204221563033,High,61
71459,2011-07,828.0,1305.626941541038,477.6269415410379,57.68441322959396,High,1437
71459,2011-08,1400.0,1046.3399826959007,353.66001730409926,25.261429807435658,Moderate,1151
71459,2011-09,473.0,1240.6014555670836,767.6014555670836,162.28360582813605,High,1365
71459,2011-10,892.0,933.1883838739342,41.188383873934185,4.617531824432083,Low,1027
71459,2011-11,104.0,518.0248219306183,414.0248219306183,398.10079031790224,High,570
71477,2011-07,449.0,473.3822856547996,24.382285654799546,5.430353152516602,Low,521
71477,2011-08,600.0,534.2571765818034,65.74282341819662,10.957137236366103,Low,588
71477,2011-09,880.0,628.1295165549377,251.8704834450623,28.621645846029807,Moderate,691
71477,2011-10,1042.0,655.5440844600743,386.45591553992574,37.087899763908425,Moderate,722
71477,2011-11,480.0,706.1162971517964,226.1162971517964,47.10756190662425,Moderate,777
71495B,2011-07,0.0,40.69664266722848,40.69664266722848,,Zero Demand,45
71496A,2011-07,2.0,63.215185779967925,61.215185779967925,3060.759288998396,High,70
71496A,2011-08,0.0,36.612622130732,36.612622130732,,Zero Demand,41
71510,2011-08,0.0,36.86889358311649,36.86889358311649,,Zero Demand,41
72122,2011-07,19.0,57.95774400525176,38.95774400525176,205.04075792237768,High,64
72122,2011-08,3.0,58.81543192963594,55.81543192963594,1860.5143976545314,High,65
72122,2011-09,21.0,44.33246337765304,23.33246337765304,111.10696846501446,High,49
72122,2011-10,61.0,50.38954464832025,10.610455351679748,17.39418910111434,Low,56
72122,2011-11,21.0,44.06978211898716,23.06978211898716,109.8561053285103,High,49
72127,2011-07,0.0,57.95774400525176,57.95774400525176,,Zero Demand,64
72127,2011-10,26.0,44.33246337765304,18.33246337765304,70.50947452943477,High,49
72128,2011-07,0.0,57.95774400525176,57.95774400525176,,Zero Demand,64
72128,2011-10,19.0,60.84724162376123,41.84724162376123,220.2486401250591,High,67
72128,2011-11,2.0,39.14574710725875,37.14574710725875,1857.2873553629374,High,44
72130,2011-09,2.0,43.27954688712752,41.27954688712752,2063.9773443563763,High,48
72130,2011-10,30.0,45.60461676900396,15.60461676900396,52.0153892300132,High,51
72131,2011-09,101.0,23.662915311205,77.337084688795,76.57137097900495,High,27
72131,2011-10,7.0,82.30939923660775,75.30939923660775,1075.8485605229678,High,91
72132,2011-08,1.0,23.662915311205,22.662915311205,2266.2915311205,High,27
72132,2011-09,0.0,23.662915311205,23.662915311205,,Zero Demand,27
72133,2011-10,6.0,27.254421866763074,21.254421866763074,354.2403644460512,High,30
72133,2011-11,8.0,23.03651110011118,15.03651110011118,187.95638875138977,High,26
72134,2011-09,38.0,36.86889358311649,1.1311064168835117,2.976595833903978,Low,41
72134,2011-10,0.0,61.7334619622918,61.7334619622918,,Zero Demand,68
72225C,2011-08,168.0,80.6184283036409,87.3815716963591,52.012840295451845,High,89
72225C,2011-09,48.0,136.3531757446948,88.3531757446948,184.06911613478084,High,150
72225C,2011-10,96.0,92.18251662109466,3.8174833789053366,3.9765451863597256,Low,102
72232,2011-07,146.0,217.6488419235269,71.6488419235269,49.07454926268966,Moderate,240
72232,2011-08,402.0,237.10898844268428,164.89101155731572,41.01766456649645,Moderate,261
72232,2011-09,146.0,194.89295274215127,48.89295274215132,33.488323795994056,Moderate,215
72232,2011-10,328.0,162.45361952063982,165.54638047936018,50.47145746321957,High,179
72232,2011-11,144.0,134.79425933415428,9.205740665845724,6.392875462392864,Low,149
72349B,2011-07,87.0,33.11673594940015,53.88326405059985,61.9347862650573,High,37
72349B,2011-08,21.0,96.02086281595648,75.02086281595648,357.242203885507,High,106
72349B,2011-09,84.0,55.07290172269253,28.927098277307472,34.43702175869937,Moderate,61
72349B,2011-10,95.0,78.23472388875811,16.76527611124189,17.647659064465145,Low,87
72349B,2011-11,56.0,73.70362208529791,17.70362208529791,31.61361086660341,Moderate,82
72349b,2011-08,7.0,23.220666541550717,16.220666541550713,231.72380773643874,High,26
72349b,2011-09,10.0,25.405839176811675,15.405839176811677,154.05839176811676,High,28
72349b,2011-10,22.0,25.80400801203695,3.804008012036949,17.290945509258858,Low,29
72349b,2011-11,18.0,39.981448480331935,21.98144848033193,122.1191582240663,High,44
72351A,2011-07,53.0,70.56312803690122,17.56312803690122,33.137977428115505,Moderate,78
72351A,2011-08,71.0,57.09494674162218,13.90505325837782,19.584582054053268,Low,63
72351A,2011-09,55.0,77.50901515762388,22.50901515762388,40.925482104770694,Moderate,86
72351A,2011-10,40.0,84.26977536085032,44.26977536085032,110.67443840212579,High,93
72351A,2011-11,20.0,46.06707879629519,26.067078796295185,130.33539398147593,High,51
72351B,2011-07,181.0,119.9471569749916,61.05284302500839,33.73085250000464,Moderate,132
72351B,2011-08,223.0,161.07825318370564,61.92174681629436,27.767599469190294,Moderate,178
72351B,2011-09,76.0,171.92787303671238,95.92787303671238,126.22088557462156,High,190
72351B,2011-10,74.0,132.8211952316353,58.8211952316353,79.48810166437202,High,147
72351B,2011-11,32.0,70.74858876606221,38.74858876606221,121.08933989394441,High,78
72586,2011-07,94.0,53.7800346390345,40.219965360965496,42.78719719251649,Moderate,60
72586,2011-08,413.0,100.47600486065838,312.52399513934165,75.67166952526432,High,111
72586,2011-09,137.0,306.9614509334374,169.9614509334374,124.05945323608569,High,338
72586,2011-10,3.0,180.6954375623544,177.6954375623544,5923.181252078481,High,199
72586,2011-11,1.0,70.39402073246501,69.39402073246501,6939.402073246501,High,78
72598,2011-07,11.0,63.88240581883596,52.88240581883596,480.74914380759964,High,71
72598,2011-08,54.0,45.76848787483336,8.231512125166638,15.24354097253081,Low,51
72598,2011-09,101.0,65.81280490123979,35.18719509876021,34.83880702847546,Moderate,73
72598,2011-10,245.0,101.59075937493768,143.4092406250623,58.53438392859685,High,112
72598,2011-11,48.0,96.36686160017445,48.366861600174445,100.76429500036343,High,107
72741,2011-07,219.0,440.89593812229214,221.8959381222921,101.32234617456261,High,485
72741,2011-08,620.0,254.7225042165261,365.2774957834739,58.91572512636676,High,281
72741,2011-09,636.0,436.0034532095876,199.9965467904124,31.44599792302082,Moderate,480
72741,2011-10,899.0,515.2487214999971,383.75127850000285,42.68646034482791,Moderate,567
72741,2011-11,102.0,405.72213188721486,303.72213188721486,297.76679596785766,High,447
72760B,2011-07,31.0,40.13563958486037,9.135639584860364,29.469805112452786,Moderate,45
72760B,2011-08,17.0,44.29718310437633,27.29718310437633,160.57166531986076,High,49
72760B,2011-09,32.0,55.31483882999223,23.314838829992222,72.8588713437257,High,61
72760B,2011-10,29.0,63.4202094214896,34.4202094214896,118.69037731548137,High,70
72760B,2011-11,13.0,34.230962394301024,21.230962394301024,163.3150953407771,High,38
72780,2011-07,12.0,40.65379420426992,28.653794204269914,238.78161836891593,High,45
72780,2011-08,24.0,37.43301151000661,13.433011510006608,55.9708812916942,High,42
72780,2011-09,18.0,59.85434218109221,41.85434218109221,232.52412322829005,High,66
72780,2011-10,13.0,51.68206617279216,38.68206617279216,297.5543551753243,High,57
72780,2011-11,6.0,30.50008089464775,24.50008089464775,408.33468157746245,High,34
72799C,2011-11,59.0,19.684707300268578,39.31529269973142,66.63608932157868,High,22
72799E,2011-07,17.0,30.07356861521602,13.073568615216018,76.90334479538834,High,34
72799E,2011-08,22.0,30.490546015955317,8.490546015955314,38.59339098161506,Moderate,34
72799E,2011-09,44.0,48.24058091518948,4.240580915189476,9.6376838981579,Low,54
72799E,2011-10,49.0,73.77385493292932,24.773854932929325,50.55888761822311,High,82
72799E,2011-11,208.0,46.651039620180605,161.3489603798194,77.57161556722086,High,52
72799F,2011-07,12.0,30.07356861521602,18.07356861521602,150.61307179346682,High,34
72799F,2011-08,24.0,24.83323917038098,0.8332391703809812,3.4718298765874214,Low,28
72799F,2011-09,14.0,48.24058091518948,34.24058091518948,244.57557796563916,High,54
72799F,2011-10,16.0,34.26709123002088,18.26709123002088,114.1693201876305,High,38
72800B,2011-07,1.0,23.662915311205,22.662915311205,2266.2915311205,High,27
72800B,2011-08,9.0,23.662915311205,14.662915311205,162.9212812356111,High,27
72800B,2011-09,3.0,23.662915311205,20.662915311205,688.7638437068333,High,27
72800B,2011-10,46.0,28.614382768611637,17.385617231388366,37.79482006823558,Moderate,32
72800B,2011-11,49.0,35.483144767202134,13.516855232797866,27.585418842444625,Moderate,40
72800C,2011-07,0.0,30.07356861521602,30.07356861521602,,Zero Demand,34
72800C,2011-10,29.0,23.78987073457604,5.210129265423959,17.965962984220546,Low,27
72800C,2011-11,49.0,32.5300426843658,16.469957315634197,33.61215778700857,Moderate,36
72800D,2011-07,4.0,23.662915311205,19.662915311205,491.57288278012504,High,27
72800D,2011-08,11.0,23.662915311205,12.662915311205,115.11741192004546,High,27
72800D,2011-09,3.0,24.22703323809511,21.22703323809511,707.5677746031704,High,27
72800D,2011-10,9.0,30.07356861521602,21.07356861521602,234.1507623912891,High,34
72800E,2011-07,15.0,43.85316316593845,28.853163165938447,192.35442110625632,High,49
72800E,2011-08,32.0,32.97296411568136,0.9729641156813572,3.0405128615042414,Low,37
72800E,2011-09,52.0,48.638749750414746,3.361250249585254,6.4639427876639495,Low,54
72800E,2011-10,75.0,75.19993777772957,0.1999377777295734,0.26658370363943124,Low,83
72800E,2011-11,107.0,65.86686985511633,41.13313014488367,38.44217770549876,Moderate,73
72801C,2011-09,2.0,46.8668635696465,44.8668635696465,2243.3431784823247,High,52
72801C,2011-10,0.0,43.27954688712752,43.27954688712752,,Zero Demand,48
72801D,2011-10,1.0,31.250795183370133,30.250795183370133,3025.0795183370133,High,35
72801D,2011-11,4.0,22.86935255952404,18.86935255952404,471.73381398810096,High,26
72801G,2011-09,2.0,31.250795183370133,29.250795183370133,1462.5397591685066,High,35
72801G,2011-10,7.0,36.86889358311649,29.86889358311649,426.698479758807,High,41
72801c,2011-07,1.0,24.672983338771957,23.672983338771957,2367.2983338771955,High,28
72801c,2011-08,2.0,23.662915311205,21.662915311205,1083.14576556025,High,27
72801c,2011-09,3.0,23.662915311205,20.662915311205,688.7638437068333,High,27
72801c,2011-10,4.0,23.662915311205,19.662915311205,491.57288278012504,High,27
72801c,2011-11,2.0,16.09900575574465,14.099005755744647,704.9502877872324,High,18
72801d,2011-07,2.0,23.662915311205,21.662915311205,1083.14576556025,High,27
72801d,2011-08,2.0,23.662915311205,21.662915311205,1083.14576556025,High,27
72801d,2011-09,8.0,23.662915311205,15.662915311205,195.7864413900625,High,27
72801d,2011-10,2.0,23.662915311205,21.662915311205,1083.14576556025,High,27
72801d,2011-11,7.0,18.513285743148625,11.513285743148623,164.4755106164089,High,21
72802A,2011-07,9.0,43.52507021133354,34.52507021133354,383.61189123703934,High,48
72802A,2011-08,13.0,25.7320019691776,12.7320019691776,97.93847668598154,High,29
72802A,2011-09,22.0,29.342457858133336,7.342457858133336,33.37480844606062,Moderate,33
72802A,2011-10,36.0,43.89901426915106,7.89901426915106,21.94170630319739,Moderate,49
72802A,2011-11,18.0,38.38987696833964,20.38987696833964,113.27709426855354,High,43
72802B,2011-07,27.0,48.196500980760455,21.19650098076045,78.50555918800167,High,54
72802B,2011-08,22.0,49.22441499033544,27.22441499033544,123.74734086516108,High,55
72802B,2011-09,557.0,49.22441499033544,507.77558500966455,91.16258258701339,High,55
72802B,2011-10,165.0,286.62619430485177,121.62619430485177,73.7128450332435,High,316
72802C,2011-07,38.0,57.12375508612865,19.123755086128646,50.32567127928591,High,63
72802C,2011-08,33.0,54.43699525829974,21.43699525829974,64.9605916918174,High,60
72802C,2011-09,803.0,52.81207400155421,750.1879259984457,93.42315392259599,High,59
72802C,2011-10,192.0,456.1447732652722,264.1447732652722,137.57540274232926,High,502
72803A,2011-07,19.0,23.220666541550717,4.220666541550713,22.21403442921428,Moderate,26
72803A,2011-08,4.0,32.46257723370501,28.46257723370501,711.5644308426253,High,36
72803A,2011-09,416.0,29.190456011020103,386.8095439889799,92.9830634588894,High,33
72803A,2011-10,6.0,176.72061253663338,170.72061253663338,2845.343542277223,High,195
72807A,2011-07,17.0,33.04843123756337,16.04843123756337,94.40253669154924,High,37
72807A,2011-08,19.0,33.44660007278864,14.44660007278864,76.03473722520336,High,37
72807A,2011-09,10.0,52.56962638990191,42.56962638990191,425.69626389901913,High,58
72807A,2011-10,86.0,27.18308729492839,58.81691270507161,68.3917589593856,High,30
72807B,2011-07,10.0,32.53071534602707,22.530715346027076,225.30715346027077,High,36
72807B,2011-08,21.0,26.78491845970312,5.784918459703118,27.547230760491036,Moderate,30
72807B,2011-09,16.0,39.62600445819977,23.626004458199773,147.66252786374858,High,44
72807B,2011-10,91.0,37.15040442107822,53.84959557892178,59.1753797570569,High,41
72807C,2011-07,24.0,70.5955495055695,46.59554950556949,194.14812293987288,High,78
72807C,2011-08,38.0,54.43699525829974,16.43699525829974,43.25525067973615,Moderate,60
72807C,2011-09,70.0,65.73550939847908,4.264490601520919,6.09212943074417,Low,73
72807C,2011-10,223.0,90.30944529795563,132.69055470204435,59.50249089777774,High,100
72811,2011-08,0.0,34.38247907205238,34.38247907205238,,Zero Demand,38
72812,2011-11,2.0,15.215893151548745,13.215893151548745,660.7946575774372,High,17
72816,2011-07,4.0,23.662915311205,19.662915311205,491.57288278012504,High,27
72816,2011-08,235.0,23.662915311205,211.337084688795,89.93067433565744,High,27
72816,2011-09,492.0,173.4276115179898,318.5723884820102,64.75048546382321,High,191
72817,2011-07,14.0,23.662915311205,9.662915311205,69.02082365146428,High,27
72817,2011-08,211.0,36.39490717365703,174.60509282634297,82.75122882765069,High,41
72817,2011-09,463.0,197.83313583121893,265.16686416878105,57.27146094358122,High,218
72817,2011-10,394.0,440.79618753377247,46.79618753377247,11.877204957810271,Low,485
72819,2011-07,0.0,28.614382768611637,28.614382768611637,,Zero Demand,32
72819,2011-10,9.0,43.56940226901292,34.56940226901292,384.10446965569906,High,48
72819,2011-11,64.0,22.509659059755663,41.49034094024434,64.82865771913178,High,25
75011,2011-07,73.0,41.90619333241492,31.09380666758508,42.594255709020665,Moderate,47
75011,2011-08,15.0,78.02510676098017,63.025106760980165,420.16737840653445,High,86
75011,2011-09,24.0,62.70282034209343,38.70282034209343,161.2617514253893,High,69
75011,2011-10,1.0,62.596293764288106,61.596293764288106,6159.62937642881,High,69
75049L,2011-07,1052.0,747.2218934530541,304.7781065469459,28.971302903702078,Moderate,822
75049L,2011-08,436.0,849.070015340013,413.070015340013,94.740829206425,High,934
75049L,2011-09,72.0,654.274346763017,582.274346763017,808.7143705041904,High,720
75049L,2011-10,875.0,252.42862358599007,622.5713764140099,71.15101444731542,High,278
75049L,2011-11,8.0,521.4102134096089,513.4102134096089,6417.627667620111,High,574
78034B,2011-08,0.0,23.662915311205,23.662915311205,,Zero Demand,27
78124,2011-07,0.0,65.70680462120333,65.70680462120333,,Zero Demand,73
78124,2011-10,30.0,61.28042502589245,31.28042502589245,104.26808341964148,High,68
79000,2011-07,708.0,241.4354365830724,466.5645634169276,65.89894963515927,High,266
79000,2011-08,12.0,575.3098915371141,563.3098915371141,4694.249096142618,High,633
79030D,2011-07,12.0,109.96625983601848,97.96625983601848,816.3854986334874,High,121
79030D,2011-08,12.0,96.50718664798508,84.50718664798507,704.2265553998756,High,107
79030D,2011-09,6.0,65.02185604568595,59.02185604568595,983.6976007614326,High,72
79030D,2011-10,12.0,64.54237161820201,52.54237161820201,437.8530968183501,High,71
79051A,2011-07,144.0,93.52458148708013,50.47541851291989,35.05237396730548,Moderate,103
79051A,2011-08,8.0,250.90714382134024,242.90714382134024,3036.339297766753,High,276
79051A,2011-09,58.0,94.08786930042974,36.08786930042975,62.22046431108578,High,104
79051A,2011-10,116.0,82.01267415325555,33.987325846744454,29.29941883340039,Moderate,91
79051A,2011-11,54.0,97.290097231603,43.290097231602985,80.16684672519071,High,108
79063C,2011-10,2.0,63.9617351837617,61.9617351837617,3098.0867591880847,High,71
79063C,2011-11,1.0,37.17281956244273,36.17281956244273,3617.2819562442733,High,41
79063D,2011-10,3.0,52.05811853597356,49.05811853597356,1635.2706178657854,High,58
79066K,2011-07,57.0,69.83327802386593,12.83327802386593,22.514522848887598,Moderate,77
79066K,2011-08,113.0,93.48697869771786,19.51302130228214,17.268160444497468,Low,103
79066K,2011-09,24.0,128.83969025881444,104.83969025881444,436.83204274506016,High,142
79066K,2011-10,223.0,69.38396438418148,153.61603561581853,68.8861146259276,High,77
79066K,2011-11,9.0,107.862296252905,98.862296252905,1098.469958365611,High,119
79066k,2011-07,6.0,23.662915311205,17.662915311205,294.38192185341666,High,27
79066k,2011-08,0.0,23.662915311205,23.662915311205,,Zero Demand,27
79144B,2011-07,19.0,64.63214224491466,45.63214224491466,240.16916971007717,High,72
79144B,2011-08,19.0,59.40772133111268,40.40772133111268,212.67221753217203,High,66
79144B,2011-09,41.0,56.82920504301733,15.829205043017332,38.607817178091054,Moderate,63
79144B,2011-10,14.0,70.83888687097202,56.83888687097202,405.99204907837156,High,78
79144B,2011-11,10.0,52.29781249928928,42.29781249928928,422.97812499289284,High,58
79144C,2011-07,7.0,65.68339916357228,58.68339916357228,838.3342737653184,High,73
79144C,2011-08,26.0,53.75041448553835,27.75041448553835,106.73236340591674,High,60
79144C,2011-09,38.0,56.59114827445753,18.59114827445753,48.92407440646719,Moderate,63
79144C,2011-10,5.0,68.51802868090768,63.51802868090768,1270.3605736181537,High,76
79144C,2011-11,6.0,42.82859011961936,36.82859011961936,613.8098353269894,High,48
79149B,2011-09,0.0,44.594548741437,44.594548741437,,Zero Demand,50
79160,2011-07,96.0,26.641313225499086,69.35868677450091,72.24863205677178,High,30
79160,2011-08,0.0,85.97076197846769,85.97076197846769,,Zero Demand,95
79160,2011-11,8.0,29.21626100321628,21.21626100321628,265.2032625402035,High,33
79163,2011-07,192.0,193.9465035266593,1.9465035266593131,1.0138039201350588,Low,214
79163,2011-08,20.0,205.2397791547848,185.2397791547848,926.1988957739239,High,226
79190A,2011-07,18.0,69.30319641110634,51.30319641110634,285.0177578394797,High,77
79190A,2011-08,57.0,56.82920504301733,0.1707949569826681,0.29964027540818966,Low,63
79190A,2011-09,19.0,75.89226337071659,56.89226337071659,299.4329651090347,High,84
79190A,2011-10,90.0,72.07298594106612,17.927014058933878,19.91890450992653,Low,80
79190A,2011-11,39.0,58.2956066988123,19.2956066988123,49.47591461233923,Moderate,65
79190B,2011-07,33.0,62.25449946028422,29.254499460284222,88.64999836449763,High,69
79190B,2011-08,41.0,68.94446439946971,27.94446439946971,68.15723024260905,High,76
79190B,2011-09,13.0,74.51565711435981,61.51565711435981,473.1973624181524,High,82
79190B,2011-10,84.0,66.13019498229461,17.86980501770539,21.273577402030224,Moderate,73
79190B,2011-11,45.0,72.44625696645114,27.446256966451145,60.99168214766921,High,80
79190D,2011-07,23.0,60.49025797513437,37.49025797513437,163.001121631019,High,67
79190D,2011-08,38.0,66.69377700088216,28.693777000882164,75.5099394760057,High,74
79190D,2011-09,3.0,67.97816617463802,64.97816617463802,2165.938872487934,High,75
79190D,2011-10,26.0,65.24397464376403,39.243974643764034,150.93836401447703,High,72
79190D,2011-11,15.0,47.901079479286494,32.901079479286494,219.34052986190994,High,53
79191B,2011-07,12.0,46.05437948071399,34.05437948071399,283.7864956726166,High,51
79191B,2011-08,12.0,43.27954688712752,31.279546887127523,260.6628907260627,High,48
79191B,2011-09,20.0,43.27954688712752,23.279546887127523,116.39773443563762,High,48
79191B,2011-10,23.0,55.18316353491566,32.18316353491566,139.92679797789415,High,61
79191B,2011-11,14.0,46.42012853331217,32.42012853331217,231.57234666651553,High,52
79191C,2011-07,185.0,80.01482733071018,104.98517266928982,56.74874198339991,High,89
79191C,2011-08,87.0,150.79487015817026,63.794870158170255,73.32743696341409,High,166
79191C,2011-09,48.0,104.82002534025612,56.82002534025612,118.37505279220026,High,116
79191C,2011-10,198.0,96.45029864820046,101.54970135179954,51.28772795545431,High,107
79191C,2011-11,36.0,91.85656300742468,55.85656300742467,155.15711946506852,High,102
79191D,2011-11,4.0,23.03651110011118,19.03651110011118,475.91277750277953,High,26
79302M,2011-07,5.0,38.897971499586,33.897971499586,677.95942999172,High,43
79302M,2011-08,69.0,30.07356861521602,38.92643138478398,56.41511794896229,High,34
79302M,2011-09,51.0,62.90948321818867,11.909483218188669,23.351927878801312,Moderate,70
79302M,2011-10,69.0,63.78228198368006,5.217718016319942,7.561910168579626,Low,71
79302M,2011-11,30.0,60.67248913137839,30.67248913137839,102.24163043792798,High,67
79321,2011-07,398.0,584.1306391060202,186.13063910602023,46.76649223769353,Moderate,643
79321,2011-08,675.0,441.679709402814,233.32029059718604,34.565968977360896,Moderate,486
79321,2011-09,828.0,591.3445818902,236.65541810980005,28.5815722354831,Moderate,651
79321,2011-10,2092.0,758.0521775316599,1333.94782246834,63.76423625565679,High,834
79321,2011-11,462.0,945.7019312490464,483.7019312490464,104.69738771624381,High,1041
79336,2011-08,6.0,61.7334619622918,55.7334619622918,928.8910327048633,High,68
79403,2011-07,12.0,46.05437948071399,34.05437948071399,283.7864956726166,High,51
79403,2011-08,0.0,43.27954688712752,43.27954688712752,,Zero Demand,48
79406,2011-07,9.0,74.84781853465259,65.84781853465259,731.6424281628065,High,83
79406,2011-08,0.0,46.12694965944646,46.12694965944646,,Zero Demand,51
81952V,2011-08,42.0,89.38528183343668,47.38528183343668,112.82209960342067,High,99
81952V,2011-09,8.0,132.02594272398343,124.02594272398343,1550.3242840497928,High,146
81952V,2011-10,10.0,66.13019498229461,56.13019498229461,561.3019498229461,High,73
82001S,2011-07,108.0,87.86232444824746,20.137675551752537,18.64599588125235,Low,97
82001S,2011-08,74.0,119.95610828184677,45.95610828184675,62.10284902952263,High,132
82001S,2011-09,128.0,102.68312457086552,25.316875429134484,19.778808929011316,Low,113
82001S,2011-10,276.0,147.02215307632864,128.97784692367136,46.73110395785194,Moderate,162
82001S,2011-11,14.0,117.15148902375851,103.15148902375851,736.7963501697036,High,129
82001s,2011-11,21.0,51.355770268914654,30.35577026891465,144.55128699483166,High,57
82011A,2011-09,1.0,22.77980270700908,21.77980270700908,2177.980270700908,High,26
82011A,2011-10,2.0,22.77980270700908,20.77980270700908,1038.990135350454,High,26
82011B,2011-08,2.0,22.77980270700908,20.77980270700908,1038.990135350454,High,26
82011B,2011-09,12.0,22.77980270700908,10.779802707009082,89.83168922507568,High,26
82011B,2011-10,12.0,24.3909904007267,12.3909904007267,103.25825333938916,High,27
82011C,2011-09,17.0,22.77980270700908,5.7798027070090825,33.9988394529946,Moderate,26
82011C,2011-10,12.0,30.048297246301026,18.048297246301026,150.40247705250854,High,34
82482,2011-07,825.0,869.2069800111402,44.20698001114022,5.358421819532148,Low,957
82482,2011-08,970.0,940.7936257559325,29.20637424406766,3.010966416914192,Low,1035
82482,2011-09,793.0,974.7553691899452,181.75536918994533,22.919970894066246,Moderate,1073
82482,2011-10,1095.0,1066.0113514111335,28.98864858886645,2.6473651679330095,Low,1173
82482,2011-11,149.0,549.3170166003194,400.31701660031945,268.66913865793254,High,605
82483,2011-07,220.0,137.84852176285537,82.15147823714463,37.34158101688392,Moderate,152
82483,2011-08,212.0,271.2027943874994,59.20279438749941,27.925846409197835,Moderate,299
82483,2011-09,191.0,251.7616386490156,60.76163864901562,31.812376256029122,Moderate,277
82483,2011-10,313.0,276.5368902489597,36.46310975104029,11.649555831003289,Low,305
82483,2011-11,112.0,189.60737687696235,77.60737687696235,69.29230078300209,High,209
82484,2011-07,265.0,399.6334417536066,134.63344175360658,50.805072359851536,High,440
82484,2011-08,518.0,348.33665971164004,169.66334028835996,32.75354059620849,Moderate,384
82484,2011-09,290.0,582.0597404458118,292.0597404458118,100.71025532614202,High,641
82484,2011-10,366.0,401.3542631814154,35.35426318141543,9.65963474902061,Low,442
82484,2011-11,390.0,284.036993297878,105.96300670212202,27.170001718492827,Moderate,313
82486,2011-07,208.0,155.05208333741712,52.94791666258288,25.455729164703307,Moderate,171
82486,2011-08,163.0,237.15283675358637,74.15283675358634,45.49253788563579,Moderate,261
82486,2011-09,171.0,218.2456629521735,47.24566295217349,27.62904266208976,Moderate,241
82486,2011-10,286.0,245.19169746664792,40.80830253335208,14.268637249423803,Low,270
82486,2011-11,91.0,137.50152870857488,46.50152870857488,51.100580998433934,High,152
82494L,2011-07,573.0,548.5763270879131,24.42367291208689,4.262421101585845,Low,604
82494L,2011-08,767.0,653.9345896636158,113.06541033638416,14.741252977364297,Low,720
82494L,2011-09,593.0,761.3792879117962,168.37928791179615,28.394483627621614,Moderate,838
82494L,2011-10,1058.0,781.1826333101465,276.81736668985354,26.16421235253814,Moderate,860
82494L,2011-11,212.0,520.0064368524343,308.00643685243426,145.28605511907276,High,573
82494l,2011-09,19.0,19.32134866516658,0.3213486651665782,1.691308764034622,Low,22
82494l,2011-10,41.0,28.732320840403144,12.267679159596856,29.92116868194355,Moderate,32
82494l,2011-11,18.0,41.883843893461375,23.88384389346137,132.68802163034096,High,47
82551,2011-07,191.0,231.87186972535923,40.87186972535923,21.398884672962946,Moderate,256
82551,2011-08,398.0,246.7322814739167,151.2677185260833,38.00696445378978,Moderate,272
82551,2011-09,81.0,309.71577231449425,228.71577231449425,282.36515100554846,High,341
82551,2011-10,486.0,179.3830443273002,306.61695567269976,63.08990857462958,High,198
82551,2011-11,39.0,190.24126891873587,151.24126891873587,387.7981254326561,High,210
82552,2011-07,263.0,253.89962036473847,9.100379635261532,3.4602203936355638,Low,280
82552,2011-08,323.0,253.2311853600614,69.7688146399386,21.600252210507307,Moderate,279
82552,2011-09,59.0,312.75360877258777,253.75360877258777,430.09086232641994,High,345
82552,2011-10,470.0,150.61595869597986,319.3840413040201,67.95405134128087,High,166
82552,2011-11,61.0,182.8793182770612,121.87931827706116,199.80216110993632,High,202
82567,2011-07,73.0,98.98446904581392,25.984469045813924,35.59516307645743,Moderate,109
82567,2011-08,63.0,109.21270050671843,46.212700506718434,73.35349286780703,High,121
82567,2011-09,47.0,103.28700897423552,56.28700897423552,119.75959356220322,High,114
82567,2011-10,89.0,98.69438588037248,9.69438588037248,10.892568404912899,Low,109
82567,2011-11,56.0,71.6921300682258,15.692130068225794,28.02166083611749,Moderate,79
82578,2011-07,236.0,185.2924244989057,50.70757550109434,21.486260805548447,Moderate,204
82578,2011-08,169.0,225.71210105221445,56.71210105221445,33.557456243913876,Moderate,249
82578,2011-09,157.0,214.85782394486927,57.85782394486933,36.85211716233716,Moderate,237
82578,2011-10,83.0,192.41204515568768,109.41204515568768,131.82174115143096,High,212
82578,2011-11,300.0,88.83617768388922,211.1638223161108,70.38794077203694,High,98
82580,2011-07,546.0,455.5063723206089,90.49362767939112,16.573924483404966,Low,502
82580,2011-08,734.0,554.4939292201365,179.5060707798635,24.45586795365988,Moderate,610
82580,2011-09,335.0,693.4551092686427,358.4551092686427,107.00152515481871,High,763
82580,2011-10,406.0,553.5614096150767,147.56140961507674,36.34517478203861,Moderate,609
82580,2011-11,198.0,260.04414676522714,62.04414676522714,31.335427659205628,Moderate,287
82581,2011-07,450.0,294.7897908821666,155.2102091178334,34.49115758174075,Moderate,325
82581,2011-08,281.0,378.5475283022701,97.54752830227012,34.71442288337015,Moderate,417
82581,2011-09,177.0,337.10948049508494,160.10948049508494,90.45733361304234,High,371
82581,2011-10,309.0,302.19633082989947,6.803669170100534,2.2018346828804316,Low,333
82581,2011-11,123.0,183.7284152645276,60.7284152645276,49.37269533701431,Moderate,203
82582,2011-07,419.0,280.7289384101556,138.2710615898444,33.000253362731364,Moderate,309
82582,2011-08,539.0,322.8397570738199,216.1602429261801,40.10394117368833,Moderate,356
82582,2011-09,426.0,481.20486806526816,55.20486806526816,12.958889217199099,Low,530
82582,2011-10,575.0,421.5873099818273,153.41269001817267,26.680467829247423,Moderate,464
82582,2011-11,207.0,244.2373549018681,37.23735490186806,17.989060339066697,Low,269
82583,2011-07,118.0,294.3791870657631,176.37918706576312,149.47388734386703,High,324
82583,2011-08,1334.0,217.84194777229996,1116.1580522277,83.67001890762369,High,240
82583,2011-09,1179.0,872.2872526600595,306.7127473399405,26.014652022047542,Moderate,960
82583,2011-10,936.0,1156.9365749746712,220.9365749746712,23.604334933191367,Moderate,1273
82583,2011-11,310.0,528.3357286098168,218.3357286098168,70.4308801967151,High,582
82600,2011-07,531.0,536.8020553536601,5.80205535366008,1.0926657916497324,Low,591
82600,2011-08,1030.0,508.618740246632,521.3812597533681,50.6195397818804,High,560
82600,2011-09,4.0,817.0489359860632,813.0489359860632,20326.22339965158,High,899
82600,2011-10,828.0,180.7939860798957,647.2060139201043,78.16497752658265,High,199
82600,2011-11,394.0,406.0868857605777,12.08688576057773,3.067737502684703,Low,447
82613B,2011-07,9.0,46.3815989683918,37.3815989683918,415.35109964879774,High,52
82613B,2011-08,19.0,31.126485105741544,12.126485105741544,63.82360581969234,High,35
82613B,2011-09,4.0,35.84018230858723,31.84018230858723,796.0045577146808,High,40
82613B,2011-10,9.0,31.126485105741544,22.126485105741544,245.84983450823938,High,35
82613B,2011-11,2.0,17.27411036343866,15.27411036343866,763.705518171933,High,20
82613C,2011-07,12.0,32.49095216579853,20.49095216579853,170.75793471498775,High,36
82613C,2011-08,15.0,27.061260268600503,12.061260268600506,80.40840179067004,High,30
82613C,2011-09,5.0,31.52187878993057,26.52187878993057,530.4375757986114,High,35
82613C,2011-10,18.0,31.05957968893889,13.05957968893889,72.55322049410495,High,35
82613C,2011-11,1.0,22.92663646049496,21.92663646049496,2192.663646049496,High,26
82613D,2011-07,17.0,38.09971728835849,21.09971728835849,124.1159840491676,High,42
82613D,2011-08,28.0,36.73525022830151,8.73525022830151,31.19732224393396,Moderate,41
82613D,2011-09,7.0,67.76177606752802,60.76177606752802,868.0253723932575,High,75
82613D,2011-10,20.0,34.26986638105715,14.269866381057149,71.34933190528574,High,38
82613D,2011-11,1.0,33.39704646221813,32.39704646221813,3239.7046462218127,High,37
82616B,2011-07,24.0,62.629174774678674,38.629174774678674,160.9548948944945,High,69
82616B,2011-08,42.0,67.36087429221072,25.360874292210724,60.38303402907316,High,75
82616B,2011-09,84.0,67.11965209065086,16.88034790934914,20.09565227303469,Moderate,74
82616B,2011-10,86.0,102.10131208227472,16.10131208227473,18.72245590962178,Low,113
82616B,2011-11,10.0,69.45543746876848,59.45543746876848,594.5543746876848,High,77
82616C,2011-07,15.0,64.05525761947891,49.05525761947891,327.03505079652604,High,71
82616C,2011-08,43.0,56.08995196675644,13.089951966756438,30.44174875989869,Moderate,62
82616C,2011-09,54.0,54.65082861581605,0.650828615816053,1.2052381774371352,Low,61
82616C,2011-10,88.0,81.28038704404783,6.719612955952172,7.635923813582014,Low,90
82616C,2011-11,17.0,69.45543746876848,52.45543746876848,308.5613968751087,High,77
84006,2011-07,37.0,67.95050322278972,30.95050322278972,83.65000871024249,High,75
84006,2011-08,43.0,68.98579554895622,25.98579554895622,60.4320826719912,High,76
84006,2011-09,37.0,73.77112199283728,36.77112199283728,99.38141079145211,High,82
84006,2011-10,340.0,67.99800856424723,272.0019914357528,80.0005857163979,High,75
84006,2011-11,76.0,183.64684511691507,107.64684511691507,141.64058568015142,High,203
84012,2011-07,75.0,30.490546015955317,44.50945398404468,59.34593864539291,High,34
84012,2011-08,154.0,71.48501720516552,82.51498279483448,53.58115765898342,High,79
84012,2011-09,140.0,122.83482872200152,17.165171277998482,12.260836627141773,Low,136
84012,2011-10,386.0,149.14571227740947,236.85428772259053,61.36121443590427,High,165
84012,2011-11,124.0,193.0291272531167,69.02912725311671,55.668651010577996,High,213
84029E,2011-07,27.0,24.27281612257321,2.7271838774267856,10.100681027506614,Low,27
84029E,2011-08,476.0,44.29718310437633,431.7028168956237,90.69386909571926,High,49
84029E,2011-09,595.0,394.7489615272959,200.25103847270407,33.65563671810152,Moderate,435
84029E,2011-10,1286.0,505.9170896244685,780.0829103755316,60.65963533246747,High,557
84029E,2011-11,401.0,697.765465956793,296.76546595679304,74.0063506126666,High,768
84029G,2011-07,101.0,53.77677252130528,47.22322747869472,46.75567077098487,Moderate,60
84029G,2011-08,327.0,101.15039048476784,225.84960951523215,69.06715887315967,High,112
84029G,2011-09,241.0,319.5745592918629,78.57455929186295,32.603551573387115,Moderate,352
84029G,2011-10,704.0,269.5362514438526,434.4637485561474,61.71360064718002,High,297
84029G,2011-11,280.0,340.3390621729333,60.339062172933325,21.549665061761903,Moderate,375
84030E,2011-07,45.0,50.27159701249437,5.271597012494368,11.714660027765262,Low,56
84030E,2011-08,262.0,77.94717918406879,184.05282081593123,70.24916825035544,High,86
84030E,2011-09,219.0,243.45169856097436,24.451698560974336,11.165159160262254,Low,268
84030E,2011-10,408.0,258.1922352931519,149.8077647068481,36.717589388933355,Moderate,285
84030E,2011-11,83.0,216.31026322284845,133.31026322284845,160.61477496728727,High,238
84030e,2011-09,8.0,18.880484830624948,10.880484830624948,136.00606038281185,High,21
84030e,2011-10,17.0,19.32134866516658,2.3213486651665782,13.654992148038694,Low,22
84030e,2011-11,9.0,18.64422924536461,9.644229245364606,107.1581027262734,High,21
84031A,2011-07,6.0,25.964263843645977,19.964263843645977,332.73773072743296,High,29
84031A,2011-08,35.0,30.029488680787008,4.970511319212992,14.20146091203712,Low,34
84031A,2011-09,36.0,62.6480965284468,26.6480965284468,74.02249035679667,High,69
84031A,2011-10,45.0,75.2683081786465,30.268308178646507,67.2629070636589,High,83
84031A,2011-11,108.0,53.437979714778685,54.56202028522132,50.5203891529827,High,59
84031B,2011-07,12.0,47.32485987458809,35.32485987458809,294.3738322882341,High,53
84031B,2011-08,38.0,33.380907053163206,4.619092946836794,12.155507754833668,Low,37
84031B,2011-09,32.0,63.4202094214896,31.4202094214896,98.188154442155,High,70
84031B,2011-10,42.0,71.93510031866747,29.935100318667462,71.27404837777968,High,80
84031B,2011-11,34.0,40.12834158420804,6.128341584208037,18.02453407120011,Low,45
84032A,2011-07,33.0,54.88554049283217,21.88554049283217,66.31981967524901,High,61
84032A,2011-08,91.0,69.18785891232828,21.81214108767172,23.969385810628264,Moderate,77
84032A,2011-09,91.0,112.202681507452,21.202681507452013,23.299650008189023,Moderate,124
84032A,2011-10,162.0,145.04118714507908,16.95881285492092,10.468402996864766,Low,160
84032A,2011-11,152.0,98.01612741144696,53.98387258855303,35.515705650363834,Moderate,108
84032B,2011-07,13.0,31.92004762515584,18.92004762515584,145.53882788581413,High,36
84032B,2011-08,51.0,31.07794338272717,19.92205661727283,39.06285611229966,Moderate,35
84032B,2011-09,74.0,73.77385493292932,0.226145067070675,0.30560144198739864,Low,82
84032B,2011-10,157.0,111.44939310617576,45.55060689382425,29.013125410079144,Moderate,123
84032B,2011-11,318.0,97.53664298396303,220.46335701603695,69.32809969057766,High,108
84050,2011-07,197.0,156.89038210697433,40.10961789302567,20.36021212843943,Moderate,173
84050,2011-08,52.0,180.18492269139557,128.18492269139554,246.5094667142222,High,199
84050,2011-09,297.0,118.07261858624658,178.92738141375344,60.24490956692035,High,130
84050,2011-10,46.0,250.8406030371619,204.8406030371619,445.3056587764389,High,276
84051,2011-07,2.0,57.95799612850213,55.95799612850213,2797.8998064251064,High,64
84051,2011-08,138.0,44.33246337765304,93.66753662234696,67.87502653793258,High,49
84051,2011-09,24.0,112.2718242138781,88.2718242138781,367.79926755782543,High,124
84051,2011-10,15.0,68.98579554895622,53.98579554895622,359.9053036597081,High,76
84051,2011-11,24.0,35.716267968730904,11.716267968730904,48.81778320304544,Moderate,40
84077,2011-07,2261.0,3894.056544894606,1633.0565448946058,72.22718022532534,High,4284
84077,2011-08,3515.0,4555.301267069504,1040.3012670695043,29.596053117197847,Moderate,5011
84077,2011-09,8084.0,3718.587405808992,4365.412594191008,54.00065059612825,High,4091
84077,2011-10,4559.0,6690.238254946959,2131.2382549469594,46.74793276918095,Moderate,7360
84077,2011-11,1367.0,3163.368202911127,1796.368202911127,131.40952471917532,High,3480
84078A,2011-07,33.0,70.04009096597974,37.04009096597974,112.24269989690832,High,78
84078A,2011-08,7.0,73.56002157541299,66.56002157541299,950.8574510773284,High,81
84078A,2011-09,21.0,29.928299735018733,8.928299735018733,42.515713023898726,Moderate,33
84078A,2011-10,27.0,56.1405845239786,29.140584523978603,107.92809082955037,High,62
84078A,2011-11,4.0,32.80487954950077,28.804879549500768,720.1219887375192,High,37
84086C,2011-10,65.0,32.818781055306346,32.181218944693654,49.50956760722101,Moderate,37
84192,2011-07,1.0,47.10729597123951,46.10729597123951,4610.729597123951,High,52
84192,2011-08,0.0,42.87327753104866,42.87327753104866,,Zero Demand,48
84192,2011-11,5.0,41.35052892865999,36.35052892865999,727.0105785731997,High,46
84199,2011-09,13.0,44.594548741437,31.594548741437,243.03499031874614,High,50
84199,2011-10,48.0,45.15866666832712,2.841333331672878,5.919444440985163,Low,50
84199,2011-11,5.0,35.02828863010708,30.02828863010708,600.5657726021417,High,39
84212,2011-07,612.0,1274.6093457631157,662.6093457631155,108.26950094168552,High,1403
84212,2011-08,1512.0,847.5365781104846,664.4634218895154,43.94599351121134,Moderate,933
84212,2011-09,534.0,846.0325680136608,312.0325680136608,58.43306517109753,High,931
84212,2011-10,565.0,1056.4526306094076,491.4526306094076,86.98276647954117,High,1163
84212,2011-11,48.0,464.6889757186591,416.6889757186591,868.1020327472064,High,512
84247E,2011-08,29.0,30.07356861521602,1.0735686152160184,3.701960742124202,Low,34
84247E,2011-09,56.0,45.42597554892214,10.57402445107786,18.88218651978189,Low,50
84247E,2011-10,19.0,78.10191510793655,59.10191510793655,311.06271109440286,High,86
84247E,2011-11,3.0,40.67484012652078,37.67484012652078,1255.8280042173592,High,45
84247N,2011-07,1.0,23.662915311205,22.662915311205,2266.2915311205,High,27
84247N,2011-08,3.0,23.662915311205,20.662915311205,688.7638437068333,High,27
84247N,2011-09,3.0,23.662915311205,20.662915311205,688.7638437068333,High,27
84247N,2011-10,4.0,23.662915311205,19.662915311205,491.57288278012504,High,27
84249A,2011-07,25.0,59.43580519621113,34.43580519621113,137.7432207848445,High,66
84249A,2011-08,1.0,61.7334619622918,60.7334619622918,6073.346196229179,High,68
84249A,2011-09,3.0,47.07767581774337,44.07767581774337,1469.2558605914455,High,52
84249A,2011-10,1.0,36.86889358311649,35.86889358311649,3586.8893583116487,High,41
84249A,2011-11,1.0,23.03651110011118,22.03651110011118,2203.651110011118,High,26
84251B,2011-07,48.0,77.55893318218641,29.558933182186408,61.58111079622168,High,86
84251B,2011-08,1.0,75.01815904961427,74.01815904961427,7401.815904961427,High,83
84251C,2011-07,2.0,39.64372617670296,37.64372617670296,1882.186308835148,High,44
84251G,2011-07,0.0,91.69796255952583,91.69796255952583,,Zero Demand,101
84251G,2011-10,1.0,67.57999733941274,66.57999733941274,6657.999733941274,High,75
84251G,2011-11,36.0,42.82859011961936,6.828590119619356,18.968305887831548,Low,48
84279P,2011-07,53.0,43.2806205652566,9.719379434743402,18.338451763666797,Low,48
84279P,2011-08,28.0,73.33160616327504,45.33160616327504,161.898593440268,High,81
84279P,2011-09,36.0,76.89322943539203,40.89322943539203,113.59230398720008,High,85
84279P,2011-10,48.0,45.723265949176586,2.276734050823414,4.743195939215447,Low,51
84279P,2011-11,6.0,46.651039620180605,40.651039620180605,677.5173270030101,High,52
84341B,2011-08,290.0,97.4217936475312,192.5782063524688,66.40627805257544,High,108
84341B,2011-09,107.0,192.77818179608445,85.77818179608443,80.16652504306956,High,213
84341B,2011-10,4.0,129.22628508390662,125.22628508390662,3130.6571270976656,High,143
84347,2011-07,116.0,93.31571085016196,22.68428914983804,19.555421680894863,Low,103
84347,2011-08,764.0,120.10609657121962,643.8939034287804,84.27930673151576,High,133
84347,2011-09,2003.0,538.6736636894533,1464.3263363105466,73.1066568302819,High,593
84347,2011-10,3064.0,1911.702944021953,1152.297055978047,37.60760626560206,Moderate,2103
84347,2011-11,891.0,1437.0705465265912,546.0705465265912,61.28737895921338,High,1581
84352,2011-08,3.0,18.880484830624948,15.880484830624948,529.3494943541649,High,21
84356,2011-07,21.0,50.98622261644805,29.986222616448053,142.79153626880026,High,57
84356,2011-08,12.0,50.51294144119326,38.51294144119326,320.94117867661055,High,56
84356,2011-09,4.0,27.391124391989,23.391124391989,584.778109799725,High,31
84356,2011-10,36.0,26.344054625161487,9.655945374838511,26.82207048566253,Moderate,29
84356,2011-11,20.0,33.71844619891272,13.718446198912725,68.59223099456362,High,38
84358,2011-07,5.0,18.880484830624948,13.880484830624948,277.60969661249896,High,21
84360,2011-10,5.0,18.880484830624948,13.880484830624948,277.60969661249896,High,21
84360,2011-11,2.0,13.371347529813546,11.371347529813546,568.5673764906772,High,15
84375,2011-07,168.0,150.44020702209627,17.559792977903726,10.452257724942694,Low,166
84375,2011-08,351.0,226.826384438551,124.173615561449,35.37709845055527,Moderate,250
84375,2011-09,357.0,296.4832571147396,60.51674288526044,16.95146859531105,Low,327
84375,2011-10,606.0,370.2642988308598,235.7357011691402,38.900280720980234,Moderate,408
84375,2011-11,153.0,241.2097044261761,88.2097044261761,57.65340158573602,High,266
84378,2011-07,172.0,471.89864734783833,299.89864734783833,174.3596786906037,High,520
84378,2011-08,246.0,288.260553009675,42.26055300967499,17.179086589298777,Low,318
84378,2011-09,635.0,311.310928059604,323.689071940396,50.97465699848755,High,343
84378,2011-10,1390.0,615.531214666094,774.468785333906,55.717178801000436,High,678
84378,2011-11,182.0,526.4701955420743,344.4701955420743,189.26933820993094,High,580
84380,2011-07,465.0,384.0441346016878,80.9558653983122,17.409863526518752,Low,423
84380,2011-08,289.0,474.8329919876426,185.83299198764257,64.30207335212546,High,523
84380,2011-09,734.0,369.418821170976,364.58117882902405,49.67046033092971,Moderate,407
84380,2011-10,503.0,616.2024355404822,113.20243554048216,22.5054543818056,Moderate,678
84380,2011-11,173.0,238.59228914544423,65.59228914544425,37.91461800314696,Moderate,263
84406B,2011-07,327.0,114.6500749778826,212.34992502211745,64.93881499147322,High,127
84406B,2011-08,68.0,237.05779582663965,169.05779582663965,248.61440562741123,High,261
84406B,2011-09,72.0,110.91706978557605,38.91706978557603,54.05148581330005,High,123
84406B,2011-10,79.0,116.49249422557205,37.49249422557203,47.458853450091176,Moderate,129
84406B,2011-11,33.0,71.52873447810379,38.528734478103786,116.75374084273875,High,79
84429A,2011-07,5.0,23.78987073457604,18.78987073457604,375.7974146915208,High,27
84429A,2011-08,0.0,23.662915311205,23.662915311205,,Zero Demand,27
84429A,2011-11,2.0,17.269329614920636,15.269329614920636,763.4664807460318,High,19
84459A,2011-07,6.0,32.49095216579853,26.49095216579853,441.51586942997545,High,36
84459A,2011-08,0.0,25.02738237126197,25.02738237126197,,Zero Demand,28
84507B,2011-07,6.0,24.672983338771957,18.672983338771957,311.2163889795326,High,28
84507B,2011-08,2.0,24.79393998447,22.79393998447,1139.6969992235,High,28
84507C,2011-07,2.0,30.07356861521602,28.07356861521602,1403.678430760801,High,34
84507C,2011-08,0.0,23.662915311205,23.662915311205,,Zero Demand,27
84508A,2011-07,253.0,167.15777149597173,85.84222850402827,33.929734586572444,Moderate,184
84508A,2011-08,241.0,144.8523470473236,96.1476529526764,39.89529168160846,Moderate,160
84508B,2011-07,0.0,23.662915311205,23.662915311205,,Zero Demand,27
84508B,2011-10,8.0,23.662915311205,15.662915311205,195.7864413900625,High,27
84508C,2011-07,1.0,23.662915311205,22.662915311205,2266.2915311205,High,27
84508C,2011-08,6.0,23.662915311205,17.662915311205,294.38192185341666,High,27
84508C,2011-09,7.0,19.32134866516658,12.321348665166578,176.01926664523683,High,22
84508C,2011-10,19.0,23.662915311205,4.662915311205001,24.5416595326579,Moderate,27
84509A,2011-07,33.0,86.73926274968703,53.73926274968703,162.84625075662734,High,96
84509A,2011-08,55.0,83.41180905315623,28.411809053156237,51.65783464210225,High,92
84509A,2011-09,80.0,87.05718141597556,7.057181415975563,8.821476769969454,Low,96
84509A,2011-10,78.0,100.3930254790412,22.393025479041214,28.709007024411815,Moderate,111
84509A,2011-11,7.0,64.58843424978623,57.58843424978623,822.6919178540891,High,72
84509B,2011-07,10.0,50.21410972340527,40.21410972340527,402.1410972340528,High,56
84509B,2011-08,12.0,30.07356861521602,18.07356861521602,150.61307179346682,High,34
84509B,2011-09,11.0,30.23752577784761,19.23752577784761,174.8865979804328,High,34
84509B,2011-10,26.0,29.63131984556173,3.631319845561734,13.966614790622053,Low,33
84509B,2011-11,9.0,40.23442259007483,31.23442259007483,347.0491398897203,High,45
84509C,2011-07,10.0,32.06381945887461,22.06381945887461,220.6381945887461,High,36
84509C,2011-08,2.0,30.07356861521602,28.07356861521602,1403.678430760801,High,34
84509C,2011-09,10.0,29.190456011020103,19.190456011020103,191.90456011020103,High,33
84509C,2011-10,10.0,23.220666541550717,13.220666541550711,132.20666541550713,High,26
84509C,2011-11,2.0,22.06741029010138,20.06741029010138,1003.3705145050691,High,25
84509E,2011-07,0.0,23.662915311205,23.662915311205,,Zero Demand,27
84509G,2011-08,12.0,24.715831801730516,12.715831801730513,105.96526501442094,High,28
84509G,2011-09,10.0,24.3909904007267,14.3909904007267,143.909904007267,High,27
84509G,2011-10,18.0,26.203071397623503,8.203071397623503,45.57261887568613,Moderate,29
84509G,2011-11,22.0,26.957446874672318,4.957446874672314,22.5338494303287,Moderate,30
84509a,2011-07,10.0,25.29113813463597,15.291138134635968,152.9113813463597,High,28
84509a,2011-08,6.0,19.32134866516658,13.321348665166578,222.0224777527763,High,22
84509a,2011-09,7.0,25.7320019691776,18.7320019691776,267.60002813110856,High,29
84509a,2011-10,10.0,19.32134866516658,9.321348665166578,93.21348665166578,High,22
84509a,2011-11,12.0,16.39555283484141,4.395552834841411,36.62960695701176,Moderate,19
84509c,2011-07,4.0,18.880484830624948,14.880484830624948,372.0121207656237,High,21
84509c,2011-08,1.0,18.880484830624948,17.880484830624948,1788.0484830624948,High,21
84509c,2011-09,4.0,18.880484830624948,14.880484830624948,372.0121207656237,High,21
84509c,2011-10,4.0,18.880484830624948,14.880484830624948,372.0121207656237,High,21
84509c,2011-11,4.0,13.371347529813546,9.371347529813546,234.28368824533865,High,15
84510A,2011-07,63.0,102.80200281460073,39.80200281460071,63.17778224539795,High,114
84510A,2011-08,128.0,108.18856069221604,19.81143930778397,15.477686959206228,Low,120
84510A,2011-09,89.0,154.39389346475443,65.39389346475443,73.4762847918589,High,170
84510A,2011-10,129.0,123.7224425271868,5.2775574728132,4.0911298238862015,Low,137
84510A,2011-11,61.0,96.84970866693084,35.84970866693085,58.77001420808337,High,107
84510C,2011-07,23.0,25.67534341280964,2.6753434128096387,11.631927881781037,Low,29
84510C,2011-08,3.0,48.24058091518948,45.24058091518948,1508.0193638396495,High,54
84510C,2011-09,7.0,32.236806257093,25.236806257093,360.52580367275715,High,36
84510C,2011-10,7.0,36.8667716226564,29.8667716226564,426.66816603794854,High,41
84510C,2011-11,3.0,18.284178391005614,15.284178391005618,509.47261303352064,High,21
84510E,2011-09,2.0,24.84014187935909,22.84014187935909,1142.0070939679545,High,28
84510E,2011-10,10.0,36.86889358311649,26.86889358311649,268.6889358311649,High,41
84510E,2011-11,5.0,23.03651110011118,18.03651110011118,360.7302220022236,High,26
84510c,2011-07,3.0,23.662915311205,20.662915311205,688.7638437068333,High,27
84510c,2011-08,1.0,23.662915311205,22.662915311205,2266.2915311205,High,27
84510c,2011-09,2.0,23.662915311205,21.662915311205,1083.14576556025,High,27
84510c,2011-10,8.0,23.662915311205,15.662915311205,195.7864413900625,High,27
84510c,2011-11,3.0,16.09900575574465,13.099005755744647,436.6335251914882,High,18
84519A,2011-07,8.0,47.63254374969525,39.63254374969525,495.40679687119064,High,53
84519A,2011-08,27.0,31.126485105741544,4.126485105741544,15.283278169413125,Low,35
84519A,2011-09,5.0,45.98343013316653,40.98343013316653,819.6686026633305,High,51
84519A,2011-10,103.0,32.818781055306346,70.18121894469365,68.13710577154724,High,37
84519A,2011-11,13.0,63.99384615442599,50.99384615442599,392.2603550340461,High,71
84519B,2011-07,22.0,48.23874968198113,26.238749681981133,119.26704400900515,High,54
84519B,2011-08,20.0,49.97563714032968,29.97563714032968,149.87818570164842,High,55
84519B,2011-09,41.0,45.19333939540666,4.19333939540666,10.227657061967465,Low,50
84519B,2011-10,84.0,81.24226978951712,2.757730210482876,3.283012155336757,Low,90
84519B,2011-11,14.0,67.83051621202296,53.83051621202296,384.50368722873543,High,75
84522,2011-07,1.0,24.838019918899004,23.838019918899004,2383.8019918899004,High,28
84522,2011-08,0.0,23.662915311205,23.662915311205,,Zero Demand,27
84527,2011-07,0.0,32.818781055306346,32.818781055306346,,Zero Demand,37
84535B,2011-07,209.0,103.66552814957086,105.33447185042914,50.399268827956526,High,115
84535B,2011-08,86.0,155.56720744178716,69.56720744178716,80.8921016764967,High,172
84535B,2011-09,295.0,127.29850349089264,167.70149650910736,56.847964918341475,High,141
84535B,2011-10,166.0,228.2745229034928,62.27452290349282,37.51477283342941,Moderate,252
84535B,2011-11,7.0,119.84936054005058,112.84936054005058,1612.1337220007226,High,132
84536A,2011-07,319.0,305.15562693959635,13.844373060403656,4.3399288590607075,Low,336
84536A,2011-08,119.0,309.30716293774094,190.3071629377409,159.92198566196717,High,341
84536A,2011-09,372.0,230.2104959661829,141.78950403381714,38.11545807360675,Moderate,254
84536A,2011-10,543.0,323.26010214528515,219.73989785471483,40.46775282775595,Moderate,356
84536A,2011-11,109.0,217.3343930974352,108.3343930974352,99.38935146553688,High,240
84536B,2011-07,79.0,390.2687227530124,311.2687227530124,394.0110414595094,High,430
84536B,2011-08,48.0,164.49169151178018,116.49169151178018,242.69102398287538,High,181
84536B,2011-09,453.0,264.4578790435538,188.54212095644615,41.62077725307862,Moderate,291
84536B,2011-10,159.0,380.90576875602096,221.90576875602096,139.56337657611382,High,419
84536B,2011-11,7.0,142.95020432943934,135.95020432943934,1942.145776134848,High,158
84549,2011-07,0.0,46.93161493535991,46.93161493535991,,Zero Demand,52
84558A,2011-07,56.0,56.75387210728672,0.7538721072867176,1.3462001915834243,Low,63
84558A,2011-08,7.0,78.70316871343987,71.70316871343987,1024.3309816205694,High,87
84558A,2011-09,45.0,47.23437491446998,2.2343749144699814,4.9652775877110695,Low,52
84558A,2011-10,49.0,50.59129703873085,1.5912970387308505,3.247544977001736,Low,56
84558A,2011-11,1.0,46.651039620180605,45.651039620180605,4565.103962018061,High,52
84559A,2011-07,27.0,72.09574517957792,45.09574517957792,167.02127844288117,High,80
84559A,2011-08,7.0,79.49243223532098,72.49243223532098,1035.6061747902997,High,88
84559A,2011-09,67.0,47.07767581774337,19.92232418225663,29.73481221232333,Moderate,52
84559A,2011-10,72.0,89.03487843191148,17.03487843191148,23.65955337765483,Moderate,98
84559A,2011-11,10.0,56.67495920988019,46.67495920988019,466.7495920988019,High,63
84559B,2011-07,38.0,40.65379420426992,2.6537942042699143,6.983668958605039,Low,45
84559B,2011-08,6.0,55.182911411665295,49.182911411665295,819.7151901944216,High,61
84559B,2011-09,13.0,55.60805611209916,42.60805611209916,327.7542777853782,High,62
84559B,2011-10,1.0,39.00628495292589,38.00628495292589,3800.628495292589,High,43
84559b,2011-07,1.0,23.662915311205,22.662915311205,2266.2915311205,High,27
84559b,2011-08,1.0,23.662915311205,22.662915311205,2266.2915311205,High,27
84568,2011-07,467.0,848.6879880961087,381.6879880961087,81.73190323257145,High,934
84568,2011-08,1550.0,948.3304739833592,601.6695260166409,38.81738877526716,Moderate,1044
84568,2011-09,53.0,1343.995203382536,1290.995203382536,2435.840006382143,High,1479
84568,2011-10,1076.0,1086.1842544367353,10.184254436735271,0.946492048023724,Low,1195
84568,2011-11,146.0,447.240581623698,301.240581623698,206.32916549568358,High,492
84569A,2011-07,32.0,69.83327802386593,37.83327802386593,118.22899382458102,High,77
84569A,2011-08,12.0,67.36087429221072,55.36087429221072,461.3406191017559,High,75
84569A,2011-09,12.0,46.506655181875146,34.506655181875146,287.5554598489595,High,52
84569A,2011-10,12.0,32.303711673895656,20.303711673895656,169.1975972824638,High,36
84569A,2011-11,2.0,29.92906025877951,27.92906025877951,1396.4530129389755,High,33
84569D,2011-07,49.0,90.05275666752358,41.05275666752358,83.78113605617058,High,100
84569D,2011-08,8.0,75.06398805052585,67.06398805052585,838.2998506315731,High,83
84569D,2011-09,4.0,47.71385934195392,43.71385934195392,1092.846483548848,High,53
84569D,2011-10,25.0,27.13011178913449,2.1301117891344887,8.520447156537955,Low,30
84569D,2011-11,1.0,36.40340942552747,35.40340942552747,3540.340942552747,High,41
84580,2011-07,25.0,54.70355226360327,29.70355226360327,118.81420905441308,High,61
84580,2011-08,20.0,67.31952729787373,47.31952729787373,236.59763648936863,High,75
84580,2011-09,56.0,47.32345126519974,8.676548734800257,15.49383702642903,Low,53
84580,2011-10,70.0,76.23358349348202,6.233583493482016,8.90511927640288,Low,84
84580,2011-11,17.0,60.996778544428416,43.996778544428416,258.8045796731083,High,68
84581,2011-07,2.0,30.029488680787008,28.029488680787008,1401.4744340393504,High,34
84581,2011-08,14.0,29.190456011020103,15.190456011020103,108.50325722157217,High,33
84581,2011-09,35.0,26.80636808607464,8.193631913925358,23.4103768969296,Moderate,30
84581,2011-10,30.0,67.31952729787373,37.31952729787373,124.39842432624575,High,75
84581,2011-11,6.0,42.59820605200875,36.59820605200875,609.9701008668125,High,47
84592,2011-07,0.0,23.220666541550717,23.220666541550717,,Zero Demand,26
84592,2011-10,13.0,19.32134866516658,6.321348665166578,48.62575896281983,Moderate,22
84595E,2011-07,1.0,54.65082861581605,53.65082861581605,5365.082861581605,High,61
84596B,2011-07,412.0,523.9495481751419,111.9495481751419,27.172220430859685,Moderate,577
84596B,2011-08,399.0,462.05647427542095,63.05647427542095,15.803627637950113,Low,509
84596B,2011-09,411.0,510.0910009235236,99.0910009235236,24.10973258479893,Moderate,562
84596B,2011-10,597.0,518.4001962092857,78.5998037907143,13.16579627985164,Low,571
84596B,2011-11,143.0,234.0913329043934,91.0913329043934,63.7002328002751,High,258
84596F,2011-07,205.0,377.157083400002,172.15708340000197,83.97906507317168,High,415
84596F,2011-08,224.0,322.08772097716815,98.08772097716816,43.7891611505215,Moderate,355
84596F,2011-09,336.0,339.10533534858394,3.1053353485839352,0.9242069489833141,Low,374
84596F,2011-10,461.0,420.2386924396476,40.76130756035241,8.841932225672974,Low,463
84596F,2011-11,142.0,206.447218461176,64.44721846117602,45.385365113504236,Moderate,228
84596G,2011-07,100.0,223.88763852230963,123.88763852230964,123.88763852230964,High,247
84596G,2011-08,147.0,177.3615774230658,30.3615774230658,20.654134301405307,Moderate,196
84596G,2011-09,138.0,194.70301276391984,56.70301276391984,41.08913968399988,Moderate,215
84596G,2011-10,140.0,194.84419083614472,54.84419083614472,39.174422025817655,Moderate,215
84596G,2011-11,32.0,108.48031381533562,76.48031381533562,239.00098067292382,High,120
84596L,2011-07,56.0,221.9007922250814,165.9007922250814,296.25141468764537,High,245
84596L,2011-08,60.0,140.5955597000779,80.5955597000779,134.32593283346316,High,155
84598,2011-07,99.0,82.14673970400311,16.85326029599689,17.02349524848171,Low,91
84598,2011-08,65.0,144.83363688828433,79.83363688828433,122.82097982812974,High,160
84598,2011-09,42.0,117.2151956890464,75.2151956890464,179.08379925963428,High,129
84598,2011-10,424.0,94.92371058793672,329.07628941206326,77.6123324085055,High,105
84598,2011-11,24.0,175.43164350410464,151.43164350410464,630.9651812671027,High,193
84600,2011-07,2.0,18.880484830624948,16.880484830624948,844.0242415312474,High,21
84600,2011-08,8.0,18.880484830624948,10.880484830624948,136.00606038281185,High,21
84600,2011-09,11.0,19.32134866516658,8.321348665166578,75.64862422878707,High,22
84600,2011-10,14.0,23.474851187154677,9.474851187154671,67.67750847967623,High,26
84600,2011-11,6.0,22.069343678306,16.069343678305998,267.8223946384333,High,25
84609,2011-09,24.0,21.333776766771223,2.666223233228777,11.109263471786573,Low,24
84609,2011-10,32.0,43.89901426915106,11.89901426915106,37.18441959109706,Moderate,49
84609,2011-11,4.0,39.8159598131399,35.8159598131399,895.3989953284974,High,44
84616,2011-09,6.0,18.880484830624948,12.880484830624948,214.67474717708245,High,21
84616,2011-10,1.0,19.32134866516658,18.32134866516658,1832.134866516658,High,22
84625A,2011-07,25.0,54.772555932334406,29.77255593233441,119.09022372933764,High,61
84625A,2011-08,76.0,68.414774913088,7.585225086912004,9.980559324884215,Low,76
84625A,2011-09,2.0,73.78875331267497,71.78875331267497,3589.4376656337486,High,82
84625A,2011-10,1.0,60.44035318638146,59.44035318638146,5944.035318638145,High,67
84625A,2011-11,24.0,24.568912018120635,0.5689120181206349,2.370466742169312,Low,28
84625C,2011-07,28.0,71.93173680246413,43.93173680246413,156.89906000880046,High,80
84625C,2011-08,73.0,68.414774913088,4.585225086912004,6.281130256043841,Low,76
84625C,2011-09,1.0,68.52049316676181,67.52049316676181,6752.049316676181,High,76
84637,2011-07,12.0,50.98622261644805,38.98622261644805,324.88518847040046,High,57
84637,2011-08,9.0,46.912319544327545,37.912319544327545,421.2479949369727,High,52
84638,2011-07,1.0,21.294764818028927,20.294764818028927,2029.4764818028927,High,24
84638,2011-08,0.0,18.880484830624948,18.880484830624948,,Zero Demand,21
84658,2011-10,2.0,25.7320019691776,23.7320019691776,1186.60009845888,High,29
84658,2011-11,6.0,19.78200083382456,13.782000833824558,229.70001389707596,High,22
84659A,2011-07,22.0,61.33986812788779,39.33986812788779,178.81758239948994,High,68
84659A,2011-08,10.0,75.2683081786465,65.2683081786465,652.6830817864651,High,83
84659A,2011-09,18.0,31.126485105741544,13.126485105741544,72.92491725411969,High,35
84659A,2011-10,13.0,37.38999788360179,24.389997883601787,187.61536833539836,High,42
84660A,2011-07,303.0,72.39235617649004,230.60764382351,76.1081332750858,High,80
84660A,2011-08,282.0,173.27315554046655,108.72684445953344,38.55561860267143,Moderate,191
84660A,2011-09,17.0,202.2810959165096,185.2810959165096,1089.8887995088799,High,223
84660B,2011-07,163.0,136.5286567951557,26.47134320484429,16.240087855732693,Low,151
84660B,2011-08,86.0,133.72307039203827,47.72307039203827,55.49194231632356,High,148
84660C,2011-08,43.0,145.12457226580804,102.12457226580804,237.499005269321,High,160
84660c,2011-07,3.0,18.880484830624948,15.880484830624948,529.3494943541649,High,21
84661A,2011-07,0.0,30.07356861521602,30.07356861521602,,Zero Demand,34
84661A,2011-10,2.0,23.662915311205,21.662915311205,1083.14576556025,High,27
84661A,2011-11,64.0,16.09900575574465,47.90099424425535,74.84530350664899,High,18
84661B,2011-07,0.0,25.19408269441306,25.19408269441306,,Zero Demand,28
84661B,2011-10,35.0,38.05247889203013,3.0524788920301305,8.72136826294323,Low,42
84661B,2011-11,17.0,48.183203470847616,31.183203470847616,183.43060865204478,High,54
84663A,2011-07,0.0,115.9812986581799,115.9812986581799,,Zero Demand,128
84665,2011-07,4.0,29.530130899793463,25.530130899793463,638.2532724948366,High,33
84665,2011-08,8.0,24.884868778557102,16.884868778557106,211.06085973196383,High,28
84665,2011-09,0.0,19.32134866516658,19.32134866516658,,Zero Demand,22
84673A,2011-07,5.0,72.09574517957792,67.09574517957792,1341.9149035915584,High,80
84673A,2011-08,1.0,54.80333097606388,53.80333097606388,5380.333097606388,High,61
84673A,2011-09,2.0,45.64746523196252,43.64746523196252,2182.373261598126,High,51
84673A,2011-10,4.0,44.594548741437,40.594548741437,1014.863718535925,High,50
84673B,2011-07,6.0,76.67271284365584,70.67271284365584,1177.8785473942642,High,85
84673B,2011-08,0.0,52.05811853597356,52.05811853597356,,Zero Demand,58
84673B,2011-11,1.0,34.81188966763152,33.81188966763152,3381.1889667631517,High,39
84674,2011-07,8.0,29.63131984556173,21.63131984556173,270.3914980695216,High,33
84674,2011-08,4.0,30.07356861521602,26.07356861521602,651.8392153804004,High,34
84674,2011-09,11.0,25.19408269441306,14.194082694413058,129.03711540375508,High,28
84674,2011-10,5.0,24.22703323809511,19.22703323809511,384.54066476190224,High,27
84674,2011-11,2.0,22.509659059755663,20.509659059755663,1025.4829529877832,High,25
84687,2011-07,15.0,25.7320019691776,10.7320019691776,71.54667979451735,High,29
84687,2011-08,0.0,21.333776766771223,21.333776766771223,,Zero Demand,24
84692,2011-07,455.0,660.1145861580865,205.11458615808647,45.08012882595307,Moderate,727
84692,2011-08,728.0,546.6545023927765,181.34549760722348,24.91009582516806,Moderate,602
84692,2011-09,612.0,748.0803974377145,136.0803974377145,22.235359058450083,Moderate,823
84692,2011-10,775.0,697.9962321007379,77.00376789926213,9.935970051517694,Low,768
84692,2011-11,219.0,430.69562652779774,211.6956265277977,96.66466964739622,High,474
84706F,2011-10,4.0,23.662915311205,19.662915311205,491.57288278012504,High,27
84707A,2011-07,0.0,18.880484830624948,18.880484830624948,,Zero Demand,21
84707A,2011-10,10.0,20.894622108085866,10.894622108085862,108.94622108085863,High,23
84707A,2011-11,32.0,16.39555283484141,15.60444716515859,48.763897391120594,Moderate,19
84707B,2011-10,0.0,18.880484830624948,18.880484830624948,,Zero Demand,21
84708B,2011-07,4.0,19.890552858191903,15.890552858191906,397.26382145479766,High,22
84708B,2011-08,4.0,18.880484830624948,14.880484830624948,372.0121207656237,High,21
84708B,2011-09,4.0,18.880484830624948,14.880484830624948,372.0121207656237,High,21
84708B,2011-10,14.0,18.880484830624948,4.880484830624948,34.860605933035345,Moderate,21
84708B,2011-11,5.0,18.84428969538902,13.84428969538902,276.8857939077804,High,21
84711A,2011-10,2.0,18.880484830624948,16.880484830624948,844.0242415312474,High,21
84711A,2011-11,1.0,13.371347529813546,12.371347529813546,1237.1347529813545,High,15
84711B,2011-07,0.0,19.32134866516658,19.32134866516658,,Zero Demand,22
84711B,2011-10,3.0,18.880484830624948,15.880484830624948,529.3494943541649,High,21
84711B,2011-11,1.0,13.371347529813546,12.371347529813546,1237.1347529813545,High,15
84712B,2011-07,1.0,18.880484830624948,17.880484830624948,1788.0484830624948,High,21
84712B,2011-08,2.0,18.880484830624948,16.880484830624948,844.0242415312474,High,21
84712B,2011-09,1.0,18.880484830624948,17.880484830624948,1788.0484830624948,High,21
84712B,2011-10,8.0,18.880484830624948,10.880484830624948,136.00606038281185,High,21
84725,2011-07,1.0,31.67957669914906,30.67957669914906,3067.957669914906,High,35
84725,2011-08,29.0,43.70832840290643,14.708328402906432,50.71837380312563,High,49
84744,2011-08,2.0,36.86889358311649,34.86889358311649,1743.4446791558244,High,41
84744,2011-09,2.0,36.86889358311649,34.86889358311649,1743.4446791558244,High,41
84744,2011-10,1.0,36.86889358311649,35.86889358311649,3586.8893583116487,High,41
84748,2011-07,0.0,60.89761935823351,60.89761935823351,,Zero Demand,67
84754,2011-07,48.0,23.662915311205,24.337084688795,50.70225976832291,High,27
84754,2011-08,82.0,55.50823157824705,26.49176842175295,32.30703466067433,Moderate,62
84755,2011-07,1640.0,1726.4158314495187,86.41583144951869,5.269258015214554,Low,1900
84755,2011-08,1264.0,1545.8152814912428,281.8152814912428,22.295512776205918,Moderate,1701
84755,2011-09,716.0,1820.721582609732,1104.7215826097315,154.2907238281748,High,2003
84755,2011-10,904.0,1053.630491851424,149.63049185142404,16.552045558785842,Low,1159
84755,2011-11,164.0,644.5876381195984,480.5876381195984,293.0412427558527,High,710
84792,2011-07,40.0,54.6659896534945,14.6659896534945,36.66497413373625,Moderate,61
84792,2011-08,46.0,73.29956737872443,27.299567378724436,59.34688560592269,High,81
84792,2011-09,85.0,77.94717918406879,7.052820815931213,8.29743625403672,Low,86
84792,2011-10,103.0,98.76810422229568,4.23189577770431,4.108636677382825,Low,109
84792,2011-11,21.0,81.03123789623012,60.03123789623013,285.86303760109587,High,90
84795B,2011-07,14.0,45.32509711395132,31.325097113951315,223.75069367108082,High,50
84795B,2011-08,0.0,30.978441074508005,30.978441074508005,,Zero Demand,35
84795b,2011-08,1.0,18.880484830624948,17.880484830624948,1788.0484830624948,High,21
84795b,2011-09,0.0,18.880484830624948,18.880484830624948,,Zero Demand,21
84796A,2011-07,9.0,46.314791847021134,37.314791847021134,414.60879830023487,High,51
84796A,2011-08,0.0,28.875383244493204,28.875383244493204,,Zero Demand,32
84796B,2011-07,27.0,80.34753560325468,53.34753560325469,197.5834651972396,High,89
84796B,2011-08,1.0,73.56002157541299,72.56002157541299,7256.002157541299,High,81
84796B,2011-09,0.0,29.089267065251835,29.089267065251835,,Zero Demand,32
84796a,2011-07,7.0,20.05558943831896,13.05558943831896,186.5084205474137,High,23
84804A,2011-09,0.0,32.818781055306346,32.818781055306346,,Zero Demand,37
84804B,2011-08,3.0,48.24058091518948,45.24058091518948,1508.0193638396495,High,54
84804B,2011-09,0.0,32.818781055306346,32.818781055306346,,Zero Demand,37
84806B,2011-07,3.0,76.07745373472778,73.07745373472778,2435.915124490926,High,84
84806B,2011-08,11.0,59.74960276909117,48.74960276909117,443.17820699173785,High,66
84806B,2011-09,54.0,38.27466201072578,15.725337989274225,29.120996276433747,Moderate,43
84806B,2011-10,3.0,65.17567062920325,62.17567062920325,2072.522354306775,High,72
84806B,2011-11,24.0,45.917220286085865,21.917220286085865,91.32175119202444,High,51
84813,2011-07,40.0,20.894622108085866,19.105377891914134,47.763444729785334,Moderate,23
84813,2011-08,4.0,43.89901426915106,39.89901426915106,997.4753567287765,High,49
84813,2011-09,2.0,40.12178647073416,38.12178647073416,1906.089323536708,High,45
84813,2011-10,16.0,19.93340132115047,3.9334013211504697,24.583758257190436,Moderate,22
84813,2011-11,29.0,20.63984206910548,8.360157930894523,28.828130796188013,Moderate,23
84816,2011-07,2.0,18.880484830624948,16.880484830624948,844.0242415312474,High,21
84817,2011-07,20.0,41.49967738374909,21.499677383749088,107.49838691874545,High,46
84817,2011-08,6.0,44.62231875953844,38.62231875953844,643.705312658974,High,50
84817,2011-09,14.0,31.126485105741544,17.126485105741544,122.33203646958246,High,35
84817,2011-10,19.0,25.67534341280964,6.675343412809639,35.133386383208624,Moderate,29
84817,2011-11,211.0,28.773171837615887,182.22682816238407,86.36342566937634,High,32
84818,2011-07,397.0,159.7450118055462,237.2549881944538,59.76196176182715,High,176
84818,2011-08,251.0,262.7150136539174,11.715013653917424,4.667336117098576,Low,289
84818,2011-09,11.0,242.36595376444237,231.36595376444237,2103.3268524040213,High,267
84819,2011-07,6.0,24.144269767066064,18.144269767066064,302.40449611776774,High,27
84819,2011-08,1.0,23.220666541550717,22.220666541550717,2222.066654155072,High,26
84819,2011-09,6.0,22.77980270700908,16.779802707009082,279.6633784501514,High,26
84819,2011-10,11.0,23.220666541550717,12.220666541550711,111.09696855955191,High,26
84819,2011-11,218.0,16.220874912980477,201.7791250870195,92.55923169129335,High,18
84820,2011-09,4.0,18.880484830624948,14.880484830624948,372.0121207656237,High,21
84820,2011-10,2.0,18.880484830624948,16.880484830624948,844.0242415312474,High,21
84820,2011-11,52.0,13.371347529813546,38.62865247018645,74.28587013497395,High,15
84821,2011-07,24.0,60.8002722562681,36.8002722562681,153.33446773445044,High,67
84821,2011-08,12.0,59.85434218109221,47.85434218109221,398.78618484243503,High,66
84821,2011-09,29.0,47.07767581774337,18.07767581774337,62.33681316463231,High,52
84821,2011-10,29.0,59.85434218109221,30.854342181092207,106.39428338307657,High,66
84821,2011-11,52.0,47.44804254288714,4.551957457112856,8.753764340601645,Low,53
84826,2011-07,72.0,44.97738237494272,27.02261762505728,37.531413368135105,Moderate,50
84826,2011-08,0.0,71.82124017542853,71.82124017542853,,Zero Demand,80
84826,2011-11,92.0,29.605012974933462,62.39498702506654,67.8206380707245,High,33
84828,2011-07,20.0,156.03764512342775,136.03764512342775,680.1882256171388,High,172
84828,2011-08,13.0,94.95502550141995,81.95502550141997,630.4232730878459,High,105
84828,2011-09,29.0,42.22045979397441,13.220459793974412,45.587792393015214,Moderate,47
84828,2011-10,42.0,53.97240594865449,11.97240594865449,28.505728449177358,Moderate,60
84828,2011-11,32.0,42.15730551723746,10.15730551723746,31.741579741367058,Moderate,47
84832,2011-07,150.0,124.48745032481496,25.51254967518504,17.008366450123358,Low,137
84832,2011-08,365.0,162.7938303997393,202.2061696002607,55.398950575413885,High,180
84832,2011-09,598.0,297.63848067246045,300.36151932753955,50.227678817314306,High,328
84832,2011-10,625.0,433.8208534239586,191.17914657604135,30.588663452166614,Moderate,478
84832,2011-11,169.0,241.8093451159452,72.80934511594518,43.08245273132851,Moderate,266
84836,2011-07,535.0,375.9131951292952,159.08680487070484,29.735851377701838,Moderate,414
84836,2011-08,527.0,423.0474543890927,103.9525456109073,19.725340723132316,Low,466
84836,2011-09,911.0,542.7764471149546,368.22355288504536,40.41970942755712,Moderate,598
84836,2011-10,781.0,790.1342196052165,9.134219605216458,1.1695543668651034,Low,870
84836,2011-11,69.0,384.6824045654761,315.68240456547613,457.51073125431327,High,424
84842,2011-08,0.0,22.77980270700908,22.77980270700908,,Zero Demand,26
84843,2011-07,9.0,18.880484830624948,9.880484830624948,109.78316478472163,High,21
84843,2011-08,44.0,20.894622108085866,23.105377891914134,52.51222248162303,High,23
84843,2011-09,25.0,49.016025214838095,24.01602521483809,96.06410085935237,High,54
84843,2011-10,28.0,52.41390516632894,24.413905166328934,87.19251845117476,High,58
84843,2011-11,4.0,40.21412864836517,36.21412864836517,905.3532162091292,High,45
84846A,2011-08,0.0,23.662915311205,23.662915311205,,Zero Demand,27
84847,2011-07,1.0,23.220666541550717,22.220666541550717,2222.066654155072,High,26
84849A,2011-07,31.0,48.638749750414746,17.638749750414746,56.899192743273375,High,54
84849A,2011-08,33.0,48.638749750414746,15.638749750414746,47.39015075883257,Moderate,54
84849A,2011-09,1.0,50.064832595215,49.064832595215,4906.4832595215,High,56
84849A,2011-10,9.0,33.87169754583188,24.87169754583188,276.3521949536875,High,38
84849D,2011-07,17.0,33.87169754583188,16.87169754583188,99.245279681364,High,38
84849D,2011-08,15.0,36.89309879911278,21.893098799112774,145.95399199408516,High,41
84849D,2011-09,13.0,32.57479528045609,19.574795280456087,150.57534831120068,High,36
84849D,2011-10,92.0,30.679774547501896,61.32022545249811,66.65241897010664,High,34
84849D,2011-11,2.0,60.29515016020256,58.29515016020256,2914.757508010128,High,67
84859A,2011-07,12.0,48.638749750414746,36.638749750414746,305.3229145867896,High,54
84859A,2011-08,9.0,34.47790347811775,25.477903478117756,283.0878164235306,High,38
84859A,2011-09,3.0,31.126485105741544,28.126485105741544,937.5495035247181,High,35
84859A,2011-10,43.0,29.667299259137152,13.332700740862848,31.006280792704295,Moderate,33
84859A,2011-11,2.0,35.483144767202134,33.483144767202134,1674.1572383601067,High,40
84859B,2011-07,12.0,23.662915311205,11.662915311205,97.19096092670833,High,27
84859B,2011-08,4.0,24.83323917038098,20.83323917038098,520.8309792595245,High,28
84859B,2011-09,1.0,30.07356861521602,29.07356861521602,2907.356861521602,High,34
84859B,2011-10,6.0,23.662915311205,17.662915311205,294.38192185341666,High,27
84859B,2011-11,1.0,16.09900575574465,15.099005755744647,1509.9005755744647,High,18
84859C,2011-08,3.0,48.24058091518948,45.24058091518948,1508.0193638396495,High,54
84859C,2011-09,13.0,32.818781055306346,19.818781055306346,152.45216196389498,High,37
84859C,2011-10,17.0,25.886155660906496,8.886155660906496,52.27150388768527,High,29
84859C,2011-11,1.0,29.17134067284116,28.17134067284116,2817.134067284116,High,33
84870B,2011-08,2.0,22.77980270700908,20.77980270700908,1038.990135350454,High,26
84870B,2011-09,0.0,22.77980270700908,22.77980270700908,,Zero Demand,26
84870C,2011-09,5.0,22.77980270700908,17.779802707009082,355.59605414018165,High,26
84874B,2011-07,10.0,37.72286689189199,27.72286689189199,277.2286689189199,High,42
84875B,2011-08,25.0,35.04892411398598,10.048924113985985,40.19569645594394,Moderate,39
84875B,2011-09,3.0,54.007806803971285,51.007806803971285,1700.260226799043,High,60
84875B,2011-10,45.0,47.07767581774337,2.077675817743369,4.617057372763043,Low,52
84875B,2011-11,1.0,46.24057872375583,45.24057872375583,4524.057872375583,High,51
84875D,2011-08,9.0,43.09031835558093,34.09031835558093,378.7813150620104,High,48
84876B,2011-07,0.0,49.62258382556071,49.62258382556071,,Zero Demand,55
84876B,2011-10,43.0,60.44035318638146,17.440353186381458,40.55896089856153,Moderate,67
84876D,2011-07,14.0,69.49631584901205,55.49631584901205,396.4022560643718,High,77
84876D,2011-08,2.0,47.84058084675586,45.84058084675586,2292.0290423377933,High,53
84877B,2011-07,26.0,50.40727952055568,24.40727952055568,93.87415200213722,High,56
84877B,2011-08,1.0,57.94305491892171,56.94305491892171,5694.305491892171,High,64
84877B,2011-09,0.0,47.07767581774337,47.07767581774337,,Zero Demand,52
84877D,2011-07,9.0,50.59129703873085,41.59129703873085,462.12552265256505,High,56
84877D,2011-08,2.0,47.23437491446998,45.23437491446998,2261.718745723499,High,52
84879,2011-07,6545.0,2160.631927719048,4384.368072280953,66.98805305242098,High,2377
84879,2011-08,3064.0,5378.722502451509,2314.722502451509,75.54577357870461,High,5917
84879,2011-09,2744.0,2693.7924210665324,50.20757893346763,1.8297222643391995,Low,2964
84879,2011-10,5219.0,3145.8918787715347,2073.1081212284653,39.72232460679182,Moderate,3461
84879,2011-11,1330.0,3850.6472890080895,2520.6472890080904,189.52235255699927,High,4236
84880,2011-07,18.0,33.04843123756337,15.04843123756337,83.60239576424094,High,37
84880,2011-08,31.0,33.44660007278864,2.446600072788641,7.892258299318197,Low,37
84880,2011-09,5.0,44.29718310437633,39.29718310437633,785.9436620875266,High,49
84880,2011-10,15.0,29.089267065251835,14.089267065251835,93.9284471016789,High,32
84880,2011-11,3.0,18.45082939940461,15.450829399404617,515.0276466468205,High,21
84882,2011-10,4.0,27.888171143024262,23.888171143024262,597.2042785756065,High,31
84884A,2011-07,30.0,30.243372501545625,0.2433725015456218,0.8112416718187392,Low,34
84884A,2011-08,11.0,43.52507021133354,32.52507021133354,295.68245646666855,High,48
84884A,2011-09,7.0,29.928299735018733,22.928299735018733,327.54713907169617,High,33
84884A,2011-10,10.0,25.7320019691776,15.7320019691776,157.320019691776,High,29
84884A,2011-11,13.0,17.44846932536693,4.448469325366929,34.21899481051484,Moderate,20
84884a,2011-09,1.0,18.880484830624948,17.880484830624948,1788.0484830624948,High,21
84884a,2011-10,3.0,18.880484830624948,15.880484830624948,529.3494943541649,High,21
84884a,2011-11,4.0,13.371347529813546,9.371347529813546,234.28368824533865,High,15
84907,2011-07,3.0,24.67098495779849,21.67098495779849,722.3661652599496,High,28
84907,2011-08,2.0,19.890552858191903,17.890552858191906,894.5276429095953,High,22
84912A,2011-07,26.0,61.33986812788779,35.33986812788779,135.92256972264533,High,68
84912A,2011-08,11.0,75.2683081786465,64.2683081786465,584.2573470786047,High,83
84912B,2011-07,25.0,62.83432137360497,37.83432137360497,151.3372854944199,High,70
84912B,2011-08,26.0,69.18785891232828,43.18785891232828,166.10714966280108,High,77
84912B,2011-09,20.0,69.18785891232828,49.18785891232828,245.9392945616414,High,77
84912B,2011-10,43.0,66.8887263519673,23.888726351967307,55.55517756271466,High,74
84912B,2011-11,6.0,39.14450750906207,33.14450750906207,552.4084584843679,High,44
84913A,2011-07,21.0,56.75387210728672,35.75387210728672,170.25653384422245,High,63
84913A,2011-08,0.0,66.8887263519673,66.8887263519673,,Zero Demand,74
84913B,2011-07,0.0,20.76826081472287,20.76826081472287,,Zero Demand,23
84913B,2011-10,10.0,23.18254080212684,13.18254080212684,131.8254080212684,High,26
84913B,2011-11,4.0,21.669776817922475,17.669776817922475,441.7444204480619,High,24
84915,2011-11,4.0,17.232539666773807,13.232539666773809,330.81349166934524,High,19
84919,2011-07,9.0,20.894622108085866,11.894622108085862,132.1624678676207,High,23
84919,2011-08,2.0,24.27281612257321,22.27281612257321,1113.6408061286606,High,27
84920,2011-07,4.0,52.433134766004336,48.433134766004336,1210.8283691501083,High,58
84920,2011-08,7.0,43.45499433071318,36.45499433071318,520.7856332959025,High,48
84920,2011-09,8.0,24.273583032076232,16.273583032076232,203.41978790095288,High,27
84920,2011-10,4.0,24.230734569117672,20.230734569117672,505.7683642279418,High,27
84920,2011-11,3.0,17.630173138952713,14.630173138952712,487.6724379650904,High,20
84923,2011-07,9.0,24.395771149244723,15.395771149244723,171.0641238804969,High,27
84923,2011-08,12.0,27.20821997187397,15.20821997187397,126.73516643228308,High,30
84923,2011-09,21.0,29.74062669335861,8.74062669335861,41.62203187313624,Moderate,33
84923,2011-10,25.0,44.3827252970149,19.3827252970149,77.5309011880596,High,49
84923,2011-11,11.0,34.649425171235954,23.649425171235954,214.9947742839632,High,39
84924A,2011-08,4.0,19.32134866516658,15.321348665166578,383.0337166291645,High,22
84924A,2011-09,3.0,34.29882444703528,31.29882444703528,1043.2941482345093,High,38
84924A,2011-10,18.0,18.880484830624948,0.8804848306249475,4.891582392360819,Low,21
84924A,2011-11,1.0,22.213115512024764,21.213115512024764,2121.3115512024765,High,25
84926A,2011-08,124.0,150.72551721664448,26.72551721664448,21.55283646503587,Moderate,166
84926A,2011-09,4.0,139.54493131474996,135.54493131474996,3388.623282868749,High,154
84926A,2011-10,96.0,91.10388181561636,4.896118184383639,5.100123108732958,Low,101
84926A,2011-11,24.0,78.59546979132736,54.59546979132736,227.48112413053065,High,87
84926D,2011-08,100.0,116.27477609125027,16.27477609125029,16.27477609125029,Low,128
84926D,2011-09,31.0,162.4607754615776,131.4607754615776,424.0670176179923,High,179
84926D,2011-10,59.0,70.82974703649712,11.829747036497125,20.05041870592733,Moderate,78
84926D,2011-11,29.0,56.3962318933575,27.396231893357506,94.46976514950865,High,63
84926E,2011-07,396.0,87.37071842837739,308.62928157162264,77.93668726556128,High,97
84926E,2011-08,124.0,233.91766326102385,109.91766326102385,88.64327682340632,High,258
84926E,2011-09,25.0,143.49938751907268,118.49938751907268,473.9975500762907,High,158
84926E,2011-10,86.0,122.62542670189704,36.62542670189703,42.587705467322124,Moderate,135
84926E,2011-11,28.0,78.22052396492256,50.22052396492256,179.35901416043774,High,87
84926F,2011-07,48.0,100.23539304817298,52.23539304817298,108.82373551702705,High,111
84926F,2011-08,31.0,86.63050716904222,55.63050716904222,179.45324893239425,High,96
84926F,2011-09,29.0,74.13990810666346,45.139908106663455,155.65485554021882,High,82
84926F,2011-10,62.0,60.58967460860216,1.4103253913978406,2.2747183732223237,Low,67
84926F,2011-11,4.0,52.78821916076157,48.78821916076157,1219.7054790190393,High,59
84927F,2011-07,78.0,23.662915311205,54.337084688795,69.66292908819872,High,27
84927F,2011-08,56.0,78.20909337911935,22.209093379119352,39.659095319855986,Moderate,87
84927F,2011-09,6.0,77.29806158026011,71.29806158026011,1188.3010263376684,High,86
84927F,2011-10,100.0,60.9198376138654,39.0801623861346,39.0801623861346,Moderate,68
84927F,2011-11,20.0,74.4168670356752,54.4168670356752,272.084335178376,High,82
84929,2011-08,144.0,376.5314963782619,232.53149637826192,161.48020581823747,High,415
84929,2011-09,144.0,353.36685823402325,209.36685823402323,145.39365155140501,High,389
84929,2011-10,126.0,274.55474794403943,148.55474794403943,117.9005936063805,High,303
84931A,2011-07,7.0,30.62681087021629,23.62681087021629,337.5258695745184,High,34
84931A,2011-08,10.0,30.07356861521602,20.07356861521602,200.73568615216018,High,34
84931A,2011-09,7.0,24.672983338771957,17.672983338771953,252.47119055388504,High,28
84931A,2011-10,26.0,30.07356861521602,4.073568615216018,15.667571596984686,Low,34
84931B,2011-07,8.0,24.22703323809511,16.22703323809511,202.83791547618887,High,27
84931B,2011-08,10.0,30.07356861521602,20.07356861521602,200.73568615216018,High,34
84931B,2011-09,19.0,26.077195298608974,7.077195298608974,37.24839630846829,Moderate,29
84931B,2011-10,66.0,36.33708139307624,29.66291860692376,44.943816071096606,Moderate,40
84931B,2011-11,1.0,48.88807777539087,47.88807777539087,4788.807777539087,High,54
84944,2011-07,5.0,160.8780525945625,155.8780525945625,3117.56105189125,High,177
84944,2011-08,0.0,129.31933996166808,129.31933996166808,,Zero Demand,143
84945,2011-07,540.0,490.54756591294034,49.45243408705966,9.157858164270307,Low,540
84945,2011-08,1152.0,517.8451257221227,634.1548742778773,55.04816616995463,High,570
84945,2011-09,931.0,671.1751852610126,259.82481473898736,27.908143366164058,Moderate,739
84945,2011-10,1801.0,788.3906192481244,1012.6093807518756,56.2248406858343,High,868
84945,2011-11,696.0,783.8651447546238,87.86514475462377,12.62430240727353,Low,863
84946,2011-07,1600.0,1386.794888929019,213.20511107098105,13.325319441936315,Low,1526
84946,2011-08,1387.0,1575.8856372841162,188.88563728411623,13.61828675444241,Low,1734
84946,2011-09,1701.0,1428.0396951697812,272.9603048302188,16.047049078790053,Low,1571
84946,2011-10,3389.0,2098.137676586355,1290.8623234136448,38.08977053448347,Moderate,2308
84946,2011-11,692.0,1343.1318129515648,651.1318129515648,94.0941926230585,High,1478
84947,2011-07,571.0,372.55630289840633,198.44369710159367,34.75371227698663,Moderate,410
84947,2011-08,1673.0,518.0739419172609,1154.926058082739,69.0332371836664,High,570
84947,2011-09,629.0,1277.0573527646047,648.0573527646047,103.02978581313272,High,1405
84947,2011-10,1237.0,876.6952759144727,360.30472408552725,29.127301866251194,Moderate,965
84947,2011-11,594.0,579.4460448210901,14.55395517890986,2.450160804530279,Low,638
84949,2011-07,197.0,185.65256492839995,11.347435071600046,5.760119325685302,Low,205
84949,2011-08,316.0,205.442097845728,110.557902154272,34.98667789692152,Moderate,226
84949,2011-09,660.0,308.37716629629483,351.6228337037052,53.276186924803824,High,340
84949,2011-10,771.0,497.5506411189978,273.4493588810022,35.46684291582389,Moderate,548
84949,2011-11,371.0,357.7782857275738,13.221714272426198,3.563804386098705,Low,394
84950,2011-07,114.0,119.4444498876976,5.444449887697587,4.775833234822445,Low,132
84950,2011-08,210.0,137.01272824069903,72.98727175930097,34.75584369490522,Moderate,151
84950,2011-09,198.0,167.65313525231716,30.346864747682844,15.32669936751659,Low,185
84950,2011-10,210.0,163.6956741653374,46.30432583466259,22.049678968886948,Moderate,181
84950,2011-11,84.0,119.58315417415982,35.583154174159816,42.360897826380736,Moderate,132
84951A,2011-07,40.0,71.74837756921326,31.74837756921326,79.37094392303315,High,79
84951A,2011-08,50.0,58.62760608070975,8.627606080709747,17.255212161419493,Low,65
84951A,2011-09,31.0,61.75919189170927,30.75919189170927,99.22319965067507,High,68
84951A,2011-10,57.0,57.37203428305349,0.3720342830534875,0.6526917246552413,Low,64
84951A,2011-11,3.0,48.80459099316529,45.80459099316529,1526.8196997721764,High,54
84951B,2011-07,15.0,69.21885007383992,54.21885007383992,361.4590004922661,High,77
84951B,2011-08,6.0,48.23874968198113,42.23874968198113,703.9791613663522,High,54
84951B,2011-09,1.0,31.605969533225487,30.605969533225487,3060.596953322549,High,35
84951B,2011-10,67.0,24.715831801730516,42.28416819826949,63.1106988033873,High,28
84951B,2011-11,28.0,39.24354877946677,11.24354877946677,40.155531355238466,Moderate,44
84952A,2011-09,6.0,19.32134866516658,13.321348665166578,222.0224777527763,High,22
84952A,2011-10,8.0,20.33141669273354,12.33141669273354,154.14270865916927,High,23
84952B,2011-10,1.0,22.77980270700908,21.77980270700908,2177.980270700908,High,26
84952B,2011-11,1.0,13.371347529813546,12.371347529813546,1237.1347529813545,High,15
84968A,2011-07,27.0,27.57848097911741,0.5784809791174119,2.1425221448793037,Low,31
84968A,2011-08,16.0,43.89901426915106,27.89901426915106,174.36883918219414,High,49
84968A,2011-09,29.0,36.19181251287896,7.191812512878954,24.79935349268605,Moderate,40
84968A,2011-10,8.0,43.89901426915106,35.89901426915106,448.7376783643883,High,49
84968A,2011-11,1.0,24.4191624342073,23.4191624342073,2341.91624342073,High,27
84968C,2011-07,9.0,25.7320019691776,16.7320019691776,185.91113299086223,High,29
84968C,2011-08,4.0,25.7320019691776,21.7320019691776,543.30004922944,High,29
84968C,2011-09,5.0,23.831952288031584,18.831952288031584,376.6390457606317,High,27
84968C,2011-10,7.0,18.880484830624948,11.880484830624948,169.7212118660707,High,21
84968D,2011-07,3.0,21.294764818028927,18.294764818028927,609.8254939342976,High,24
84968D,2011-08,5.0,18.880484830624948,13.880484830624948,277.60969661249896,High,21
84968D,2011-09,4.0,18.880484830624948,14.880484830624948,372.0121207656237,High,21
84968D,2011-10,1.0,18.880484830624948,17.880484830624948,1788.0484830624948,High,21
84968D,2011-11,3.0,13.371347529813546,10.371347529813546,345.7115843271182,High,15
84968E,2011-07,25.0,18.880484830624948,6.1195151693750525,24.47806067750021,Moderate,21
84968E,2011-08,30.0,38.05247889203013,8.05247889203013,26.8415963067671,Moderate,42
84968E,2011-09,0.0,45.32509711395132,45.32509711395132,,Zero Demand,50
84968F,2011-07,26.0,19.890552858191903,6.109447141808094,23.497873622338822,Moderate,22
84968F,2011-08,4.0,38.05247889203013,34.05247889203013,851.3119723007533,High,42
84968F,2011-09,3.0,28.03635057472629,25.03635057472629,834.5450191575429,High,31
84968F,2011-10,3.0,18.880484830624948,15.880484830624948,529.3494943541649,High,21
84969,2011-07,10.0,77.74108316512556,67.74108316512556,677.4108316512555,High,86
84969,2011-08,29.0,47.23437491446998,18.23437491446998,62.8771548774827,High,52
84969,2011-09,42.0,64.30942655367882,22.30942655367882,53.117682270663856,High,71
84969,2011-10,46.0,70.85837113169114,24.858371131691143,54.039937242806836,High,78
84969,2011-11,4.0,45.37260401485052,41.37260401485052,1034.315100371263,High,50
84970L,2011-07,417.0,398.6465959793173,18.35340402068266,4.401295928221261,Low,439
84970L,2011-08,356.0,464.0466980780616,108.04669807806158,30.35019608934314,Moderate,511
84970L,2011-09,486.0,485.07590863843177,0.9240913615682302,0.19014225546671404,Low,534
84970L,2011-10,357.0,536.4026074511909,179.40260745119087,50.25283121882097,High,591
84970L,2011-11,168.0,298.8283878225651,130.8283878225651,77.87404037057448,High,329
84970S,2011-07,319.0,826.4980259042703,507.4980259042703,159.09029025212234,High,910
84970S,2011-08,576.0,601.609407986467,25.609407986466977,4.446077775428295,Low,662
84970S,2011-09,473.0,706.7981800622164,233.7981800622164,49.42879071082799,Moderate,778
84970S,2011-10,441.0,676.2634042038065,235.26340420380652,53.347710703811,High,744
84970S,2011-11,341.0,391.7963081398023,50.79630813980225,14.896278046862829,Low,431
84970l,2011-08,11.0,50.59129703873085,39.59129703873085,359.92088217028044,High,56
84970l,2011-09,3.0,43.45499433071318,40.45499433071318,1348.4998110237725,High,48
84970l,2011-10,43.0,31.126485105741544,11.873514894258456,27.612825335484782,Moderate,35
84970l,2011-11,6.0,41.46631102126628,35.46631102126628,591.1051836877714,High,46
84970s,2011-08,34.0,42.39404553806855,8.394045538068546,24.68836922961337,Moderate,47
84970s,2011-09,25.0,50.064832595215,25.064832595214995,100.25933038085996,High,56
84970s,2011-10,32.0,55.74711302630796,23.74711302630796,74.20972820721238,High,62
84970s,2011-11,10.0,42.50092303975464,32.50092303975464,325.0092303975464,High,47
84971S,2011-07,69.0,155.47055870681052,86.47055870681052,125.31965029972541,High,172
84971S,2011-08,155.0,109.14034270007858,45.85965729992142,29.586875677368663,Moderate,121
84971S,2011-09,71.0,169.35129460672874,98.35129460672874,138.52295015032217,High,187
84971S,2011-10,93.0,111.89620268594427,18.89620268594429,20.31849751176805,Moderate,124
84971S,2011-11,87.0,72.14569430020221,14.854305699797791,17.073914597468725,Low,80
84974,2011-07,8.0,18.880484830624948,10.880484830624948,136.00606038281185,High,21
84974,2011-08,1.0,20.496453272860588,19.496453272860588,1949.6453272860588,High,23
84974,2011-09,5.0,21.294764818028927,16.294764818028927,325.8952963605785,High,24
84974,2011-10,1.0,18.880484830624948,17.880484830624948,1788.0484830624948,High,21
84976,2011-08,36.0,181.41635843231316,145.41635843231313,403.9343289786476,High,200
84976,2011-09,37.0,88.27726307357759,51.27726307357759,138.58719749615568,High,98
84976,2011-10,12.0,84.66097300331442,72.66097300331442,605.5081083609535,High,94
84976,2011-11,17.0,45.764773918098,28.764773918098,169.2045524594,High,51
84978,2011-07,956.0,988.6067651737732,32.60676517377317,3.410749495164558,Low,1088
84978,2011-08,766.0,1043.908000458377,277.90800045837705,36.28041781440954,Moderate,1149
84978,2011-09,472.0,1044.046787618096,572.046787618096,121.19635330891865,High,1149
84978,2011-10,1253.0,825.8300506482931,427.1699493517069,34.09177568648898,Moderate,909
84978,2011-11,208.0,577.5292752745136,369.5292752745136,177.65830542043923,High,636
84984A,2011-08,5.0,20.32739698018124,15.327396980181238,306.54793960362474,High,23
84984A,2011-09,0.0,20.32739698018124,20.32739698018124,,Zero Demand,23
84984B,2011-09,0.0,20.32739698018124,20.32739698018124,,Zero Demand,23
84984D,2011-08,0.0,20.32739698018124,20.32739698018124,,Zero Demand,23
84987,2011-07,137.0,160.96651840721475,23.96651840721475,17.49380905636113,Low,178
84987,2011-08,149.0,217.5461342581789,68.54613425817891,46.004116951797926,Moderate,240
84987,2011-09,325.0,213.49649921132848,111.50350078867152,34.30876947343739,Moderate,235
84987,2011-10,384.0,286.18933302179664,97.81066697820336,25.471527858907123,Moderate,315
84987,2011-11,6.0,210.8586194714192,204.8586194714192,3414.310324523653,High,232
84988,2011-07,301.0,294.815015824547,6.184984175452996,2.0548120184229224,Low,325
84988,2011-08,174.0,342.68585804178264,168.68585804178264,96.94589542631185,High,377
84988,2011-09,302.0,310.86220040009977,8.862200400099766,2.9345034437416446,Low,342
84988,2011-10,555.0,315.4213838091256,239.57861619087447,43.16731823259,Moderate,347
84988,2011-11,24.0,233.1683257650077,209.1683257650077,871.534690687532,High,257
84989A,2011-10,7.0,44.594548741437,37.594548741437,537.0649820205286,High,50
84989A,2011-11,1.0,30.76216625843171,29.76216625843171,2976.2166258431707,High,34
84989a,2011-07,10.0,23.662915311205,13.662915311205,136.62915311205,High,27
84991,2011-07,1418.0,1226.871108389623,191.12889161037697,13.478765275767064,Low,1350
84991,2011-08,2391.0,1464.6564535080795,926.3435464919204,38.742933772142216,Moderate,1612
84991,2011-09,1548.0,1737.396305705066,189.396305705066,12.234903469319509,Low,1912
84991,2011-10,1425.0,1737.7042808502329,312.70428085023286,21.944160059665464,Moderate,1912
84991,2011-11,136.0,917.3921691383148,781.3921691383148,574.5530655428786,High,1010
84992,2011-07,639.0,1254.1840359745984,615.1840359745984,96.27293207740195,High,1380
84992,2011-08,1501.0,983.9119485354086,517.0880514645914,34.44957038405006,Moderate,1083
84992,2011-09,874.0,1462.4472612860502,588.4472612860502,67.32806193204236,High,1609
84992,2011-10,918.0,1098.2601873136784,180.26018731367844,19.636185981882186,Low,1209
84992,2011-11,208.0,457.269891164222,249.269891164222,119.84129382895287,High,503
84993A,2011-07,28.0,48.42229782554899,20.422297825548988,72.93677794838925,High,54
84993A,2011-08,41.0,61.7334619622918,20.7334619622918,50.569419420223895,High,68
84993A,2011-09,28.0,72.26496971577227,44.26496971577227,158.08917755632953,High,80
84993A,2011-10,54.0,74.20030911200064,20.20030911200064,37.40797983703822,Moderate,82
84993A,2011-11,29.0,59.22653126937946,30.226531269379457,104.22941817027397,High,66
84993a,2011-07,3.0,39.64372617670296,36.64372617670296,1221.4575392234321,High,44
84993a,2011-08,2.0,36.86889358311649,34.86889358311649,1743.4446791558244,High,41
84993a,2011-09,1.0,36.86889358311649,35.86889358311649,3586.8893583116487,High,41
84993a,2011-10,4.0,36.86889358311649,32.86889358311649,821.7223395779122,High,41
84993a,2011-11,2.0,23.03651110011118,21.03651110011118,1051.825555005559,High,26
84997A,2011-07,90.0,219.9934155487175,129.9934155487175,144.4371283874639,High,242
84997A,2011-08,198.0,136.61913991722864,61.38086008277136,31.000434385238062,Moderate,151
84997A,2011-09,117.0,180.89365351471008,63.89365351471008,54.609960268982974,High,199
84997A,2011-10,266.0,138.83974415282452,127.16025584717548,47.80460746134416,Moderate,153
84997A,2011-11,158.0,102.88757839790888,55.11242160209113,34.88127949499439,Moderate,114
84997B,2011-07,230.0,309.1932868307632,79.19328683076321,34.43186383946227,Moderate,341
84997B,2011-08,365.0,269.1496622126477,95.85033778735232,26.26036651708283,Moderate,297
84997B,2011-09,272.0,278.9994221473386,6.999422147338578,2.5733169659333006,Low,307
84997B,2011-10,396.0,277.27059891117744,118.72940108882256,29.98217199212691,Moderate,305
84997B,2011-11,97.0,214.44853161725845,117.44853161725844,121.08096043016334,High,236
84997C,2011-07,178.0,418.828143542883,240.82814354288303,135.29670985555228,High,461
84997C,2011-08,229.0,207.55542016065056,21.444579839349416,9.364445344694069,Low,229
84997C,2011-09,280.0,247.94106256939816,32.058937430601816,11.44962051092922,Low,273
84997C,2011-10,614.0,290.1741453472021,323.8258546527979,52.74036720729607,High,320
84997C,2011-11,102.0,293.2382428564571,191.23824285645708,187.48847338868342,High,323
84997D,2011-07,250.0,481.3464026769603,231.34640267696028,92.53856107078411,High,530
84997D,2011-08,460.0,301.5192027541926,158.48079724580742,34.45234722734944,Moderate,332
84997D,2011-09,456.0,405.0407307612196,50.9592692387804,11.175278341837808,Low,446
84997D,2011-10,704.0,474.98565848907896,229.01434151092104,32.53044623734674,Moderate,523
84997D,2011-11,130.0,357.967165615573,227.96716561557295,175.35935816582534,High,394
84997a,2011-07,10.0,26.130170804402876,16.130170804402873,161.30170804402871,High,29
84997a,2011-08,20.0,25.7320019691776,5.732001969177599,28.660009845887995,Moderate,29
84997a,2011-09,9.0,39.62600445819977,30.626004458199773,340.28893842444194,High,44
84997a,2011-10,7.0,26.130170804402876,19.130170804402876,273.2881543486125,High,29
84997a,2011-11,5.0,18.7636788217618,13.7636788217618,275.273576435236,High,21
84997b,2011-09,42.0,40.63582036251637,1.3641796374836304,3.2480467559134056,Low,45
84997b,2011-10,63.0,53.194001382512205,9.805998617487797,15.565077170615552,Low,59
84997b,2011-11,10.0,47.26173722885749,37.26173722885749,372.6173722885749,High,52
84997c,2011-09,36.0,44.29718310437633,8.29718310437633,23.047730845489806,Moderate,49
84997c,2011-10,41.0,47.1819225171109,6.181922517110898,15.077859797831458,Low,52
84997c,2011-11,16.0,50.39873479063928,34.39873479063928,214.99209244149552,High,56
84997d,2011-07,11.0,29.530130899793463,18.530130899793463,168.45573545266782,High,33
84997d,2011-08,27.0,26.78491845970312,0.2150815402968824,0.7965982973958606,Low,30
84997d,2011-09,33.0,44.29718310437633,11.29718310437633,34.233888195079786,Moderate,49
84997d,2011-10,75.0,45.723265949176586,29.27673405082341,39.03564540109788,Moderate,51
84997d,2011-11,8.0,49.08776484606501,41.08776484606501,513.5970605758126,High,54
85014A,2011-07,70.0,174.58114746573565,104.58114746573564,149.4016392367652,High,193
85014A,2011-08,136.0,117.4508262208508,18.5491737791492,13.639098367021472,Low,130
85014A,2011-09,171.0,193.04776759205544,22.047767592055465,12.893431340383312,Low,213
85014A,2011-10,121.0,167.89102433623563,46.89102433623563,38.7529126745749,Moderate,185
85014A,2011-11,4.0,92.77938091023474,88.77938091023474,2219.4845227558685,High,103
85014B,2011-07,75.0,191.48338614469208,116.48338614469208,155.3111815262561,High,211
85014B,2011-08,180.0,127.00753356761008,52.99246643238993,29.440259129105517,Moderate,140
85014B,2011-09,413.0,242.37133838390488,170.62866161609512,41.31444591188744,Moderate,267
85014B,2011-10,156.0,319.7669011193542,163.7669011193542,104.9787827688168,High,352
85014B,2011-11,67.0,128.61992127214134,61.61992127214134,91.97003174946468,High,142
85014a,2011-09,3.0,18.880484830624948,15.880484830624948,529.3494943541649,High,21
85014a,2011-10,3.0,18.880484830624948,15.880484830624948,529.3494943541649,High,21
85014b,2011-07,1.0,18.880484830624948,17.880484830624948,1788.0484830624948,High,21
85014b,2011-08,3.0,18.880484830624948,15.880484830624948,529.3494943541649,High,21
85014b,2011-09,3.0,18.880484830624948,15.880484830624948,529.3494943541649,High,21
85014b,2011-10,2.0,18.880484830624948,16.880484830624948,844.0242415312474,High,21
85014b,2011-11,1.0,13.371347529813546,12.371347529813546,1237.1347529813545,High,15
85015,2011-07,170.0,167.60827153176984,2.391728468230156,1.4068990989589154,Low,185
85015,2011-08,387.0,161.40973334232194,225.5902666576781,58.29205856787547,High,178
85015,2011-09,318.0,282.0390894680872,35.960910531912816,11.308462431419125,Low,311
85015,2011-10,349.0,247.91234014506688,101.08765985493312,28.964945517172815,Moderate,273
85015,2011-11,28.0,193.18018879151617,165.18018879151617,589.9292456839863,High,213
85017B,2011-07,56.0,137.3518006112206,81.3518006112206,145.27107252003677,High,152
85017B,2011-08,154.0,119.3141954230406,34.6858045769594,22.52324972529831,Moderate,132
85017B,2011-09,123.0,168.80787729650763,45.80787729650763,37.24217666382734,Moderate,186
85017B,2011-10,9.0,162.49523595544514,153.49523595544514,1705.5026217271682,High,179
85019A,2011-07,25.0,49.66666375998973,24.666663759989724,98.6666550399589,High,55
85019A,2011-08,72.0,50.23768439585795,21.762315604142053,30.225438339086185,Moderate,56
85019A,2011-09,49.0,78.08379036978273,29.083790369782733,59.35467422404639,High,86
85019A,2011-10,52.0,74.99787441435754,22.99787441435754,44.22668156607219,Moderate,83
85019A,2011-11,26.0,59.68573106160667,33.68573106160667,129.56050408310256,High,66
85019B,2011-07,48.0,56.07691146061629,8.076911460616294,16.82689887628395,Low,62
85019B,2011-08,77.0,63.955133784323,13.044866215676995,16.94138469568441,Low,71
85019B,2011-09,169.0,91.05742103875968,77.94257896124033,46.11986920783451,Moderate,101
85019B,2011-10,54.0,121.93560404562449,67.93560404562449,125.80667415856385,High,135
85019B,2011-11,2.0,61.46343181069921,59.46343181069921,2973.1715905349606,High,68
85020,2011-07,12.0,23.662915311205,11.662915311205,97.19096092670833,High,27
85020,2011-08,0.0,27.24751915778496,27.24751915778496,,Zero Demand,30
85023B,2011-09,18.0,47.23437491446998,29.23437491446998,162.41319396927767,High,52
85023B,2011-10,7.0,32.02294693396481,25.02294693396481,357.4706704852116,High,36
85023B,2011-11,1.0,23.56257555028119,22.56257555028119,2256.257555028119,High,26
85024B,2011-07,156.0,23.662915311205,132.337084688795,84.83146454409936,High,27
85024B,2011-08,2.0,105.59192482251775,103.59192482251775,5179.596241125888,High,117
85024B,2011-09,0.0,48.22038598819285,48.22038598819285,,Zero Demand,54
85024C,2011-07,0.0,23.662915311205,23.662915311205,,Zero Demand,27
85024C,2011-10,2.0,23.662915311205,21.662915311205,1083.14576556025,High,27
85025B,2011-07,144.0,23.662915311205,120.337084688795,83.5674199227743,High,27
85025B,2011-08,5.0,100.91053315535449,95.91053315535449,1918.2106631070899,High,112
85025B,2011-09,74.0,58.572376200937065,15.427623799062935,20.848140269003967,Moderate,65
85025B,2011-10,71.0,70.36482649234785,0.635173507652155,0.8946105741579647,Low,78
85025B,2011-11,4.0,59.54186175892631,55.54186175892631,1388.5465439731577,High,66
85025C,2011-07,170.0,31.66565062364934,138.33434937635064,81.37314669197096,High,35
85026B,2011-11,2.0,32.19237684421253,30.19237684421253,1509.6188422106263,High,36
85032A,2011-07,71.0,137.11471584648586,66.11471584648586,93.11931809364206,High,151
85032A,2011-08,198.0,104.60242170777836,93.39757829222164,47.170494086980625,Moderate,116
85032A,2011-09,91.0,204.0987677859871,113.09876778598708,124.2843602043814,High,225
85032A,2011-10,105.0,134.5596306393547,29.559630639354708,28.152029180337816,Moderate,149
85032A,2011-11,18.0,85.87501713206375,67.87501713206375,377.0834285114653,High,95
85032B,2011-07,81.0,101.2170748815964,20.217074881596403,24.95935170567457,Moderate,112
85032B,2011-08,83.0,112.93931145409904,29.939311454099027,36.071459583251844,Moderate,125
85032B,2011-09,108.0,112.93931145409904,4.939311454099027,4.573436531573173,Low,125
85032B,2011-10,81.0,138.11867864511015,57.11867864511015,70.51688721618538,High,152
85032B,2011-11,57.0,74.02069475820448,17.020694758204485,29.860867996849972,Moderate,82
85032C,2011-07,64.0,86.88293730997582,22.882937309975816,35.75458954683721,Moderate,96
85032C,2011-08,162.0,98.1670127781764,63.83298722182359,39.40307853198987,Moderate,108
85032C,2011-09,85.0,154.58206344986507,69.58206344986507,81.86125111748832,High,171
85032C,2011-10,74.0,123.87327969781632,49.87327969781632,67.396323915968,High,137
85032C,2011-11,42.0,64.63095300914676,22.630953009146765,53.88322145034944,High,72
85032D,2011-07,86.0,111.1363485116468,25.136348511646787,29.228312222845098,Moderate,123
85032D,2011-08,289.0,114.72229418232703,174.27770581767294,60.30370443518095,High,127
85032D,2011-09,49.0,248.3872662069205,199.3872662069205,406.91278817738873,High,274
85034A,2011-07,4.0,22.77980270700908,18.77980270700908,469.49506767522695,High,26
85034A,2011-08,16.0,22.77980270700908,6.7798027070090825,42.373766918806766,Moderate,26
85034A,2011-09,329.0,31.22340185399505,297.77659814600497,90.50960429969756,High,35
85034A,2011-10,96.0,290.3777598941023,194.37775989410235,202.4768332230233,High,320
85034B,2011-07,0.0,27.888171143024262,27.888171143024262,,Zero Demand,31
85034B,2011-10,461.0,167.3123571743508,293.6876428256492,63.70664703376339,High,185
85034B,2011-11,75.0,213.5731530966449,138.57315309664486,184.7642041288598,High,235
85034C,2011-07,0.0,22.77980270700908,22.77980270700908,,Zero Demand,26
85034C,2011-10,571.0,234.293733276018,336.706266723982,58.967822543604555,High,258
85034C,2011-11,73.0,226.2094904770155,153.2094904770155,209.87601435207603,High,249
85035A,2011-07,8.0,21.66677713203657,13.666777132036572,170.83471415045716,High,24
85035A,2011-08,27.0,29.63131984556173,2.631319845561734,9.745629057636052,Low,33
85035A,2011-09,154.0,45.93935019873752,108.06064980126249,70.16925311770291,High,51
85035B,2011-07,1.0,24.395771149244723,23.395771149244723,2339.5771149244724,High,27
85035B,2011-08,7.0,19.890552858191903,12.890552858191906,184.15075511702724,High,22
85035B,2011-09,83.0,19.32134866516658,63.67865133483342,76.721266668474,High,22
85035C,2011-07,2.0,29.63131984556173,27.63131984556173,1381.5659922780865,High,33
85035C,2011-08,4.0,29.190456011020103,25.190456011020103,629.7614002755026,High,33
85035C,2011-09,315.0,22.77980270700908,292.2201972929909,92.76831660094949,High,26
85035C,2011-10,248.0,282.3051986791374,34.30519867913739,13.832741402877978,Low,311
85036A,2011-07,7.0,29.190456011020103,22.190456011020103,317.00651444314434,High,33
85036A,2011-08,14.0,19.32134866516658,5.321348665166578,38.00963332261841,Moderate,22
85036A,2011-09,77.0,23.917118237257466,53.08288176274254,68.93880748408122,High,27
85036B,2011-07,0.0,25.23309464315536,25.23309464315536,,Zero Demand,28
85036B,2011-10,49.0,132.45600930110427,83.45600930110427,170.31838632878421,High,146
85036C,2011-07,1.0,22.77980270700908,21.77980270700908,2177.980270700908,High,26
85036C,2011-08,2.0,22.77980270700908,20.77980270700908,1038.990135350454,High,26
85036C,2011-09,209.0,22.77980270700908,186.2201972929909,89.10057286745976,High,26
85036C,2011-10,403.0,189.37406478243815,213.62593521756185,53.008916927434704,High,209
85038,2011-07,51.0,30.07356861521602,20.92643138478398,41.03221840153722,Moderate,34
85038,2011-08,19.0,49.41619243103684,30.41619243103684,160.08522332124653,High,55
85038,2011-09,96.0,48.23874968198113,47.76125031801887,49.75130241460299,Moderate,54
85038,2011-10,350.0,105.49195713080626,244.50804286919373,69.85944081976963,High,117
85038,2011-11,131.0,169.75097746242596,38.750977462425965,29.580898826279363,Moderate,187
85039A,2011-07,18.0,78.31881172574911,60.31881172574912,335.1045095874951,High,87
85039A,2011-08,30.0,59.65640547603063,29.656405476030628,98.85468492010209,High,66
85039A,2011-09,143.0,67.76177606752802,75.23822393247198,52.61414261012026,High,75
85039A,2011-10,50.0,136.55962081261842,86.55962081261842,173.11924162523684,High,151
85039A,2011-11,25.0,56.42736803158118,31.42736803158118,125.70947212632473,High,63
85039B,2011-07,23.0,86.80405502929317,63.80405502929317,277.4089349099703,High,96
85039B,2011-08,32.0,58.3671518840212,26.3671518840212,82.39734963756625,High,65
85039B,2011-09,82.0,69.12624312758501,12.873756872414988,15.699703502945109,Low,77
85039B,2011-10,52.0,96.02086281595648,44.02086281595648,84.65550541530091,High,106
85039B,2011-11,28.0,49.64042793698309,21.640427936983087,77.28724263208245,High,55
85039C,2011-07,7.0,36.28059766344878,29.28059766344878,418.29425233498256,High,40
85039C,2011-08,10.0,24.715831801730516,14.715831801730513,147.15831801730513,High,28
85039C,2011-09,7.0,26.246256781691237,19.246256781691237,274.946525452732,High,29
85039C,2011-10,13.0,30.47173745044129,17.471737450441292,134.39798038800996,High,34
85039C,2011-11,2.0,19.85267108540687,17.85267108540687,892.6335542703436,High,22
85039a,2011-07,0.0,23.662915311205,23.662915311205,,Zero Demand,27
85039a,2011-10,4.0,23.662915311205,19.662915311205,491.57288278012504,High,27
85039a,2011-11,1.0,16.09900575574465,15.099005755744647,1509.9005755744647,High,18
85040A,2011-07,19.0,56.977592959614704,37.977592959614704,199.88206820849842,High,63
85040A,2011-08,55.0,56.78176153327294,1.7817615332729415,3.2395664241326205,Low,63
85040A,2011-09,74.0,75.1383219929863,1.138321992986306,1.538272963495008,Low,83
85040A,2011-10,125.0,96.63204147473718,28.36795852526282,22.694366820210256,Moderate,107
85040A,2011-11,22.0,73.6805061716466,51.6805061716466,234.91139168930272,High,82
85040a,2011-09,2.0,23.662915311205,21.662915311205,1083.14576556025,High,27
85040a,2011-10,7.0,23.662915311205,16.662915311205,238.0416473029286,High,27
85045,2011-09,1.0,29.4832627242826,28.4832627242826,2848.32627242826,High,33
85045,2011-10,4.0,18.880484830624948,14.880484830624948,372.0121207656237,High,21
85048,2011-07,14.0,34.55640485354758,20.556404853547583,146.8314632396256,High,39
85048,2011-08,327.0,27.180312143892134,299.81968785610786,91.68797793764767,High,30
85048,2011-09,178.0,324.0336956093078,146.0336956093078,82.04140202770101,High,357
85048,2011-10,650.0,201.8530862150548,448.1469137849453,68.94567904383774,High,223
85048,2011-11,55.0,346.3869856554031,291.3869856554031,529.7945193734602,High,382
85049A,2011-07,138.0,101.08129721710682,36.91870278289318,26.75268317600955,Moderate,112
85049A,2011-08,380.0,189.7924168811328,190.2075831188672,50.054627136544006,High,209
85049A,2011-09,842.0,322.7716157870237,519.2283842129764,61.666078885151585,High,356
85049A,2011-10,845.0,840.3808654681606,4.61913453183945,0.5466431398626568,Low,925
85049A,2011-11,143.0,351.9611952553749,208.9611952553749,146.12670996879362,High,388
85049C,2011-07,111.0,83.34898761582278,27.65101238417722,24.910821967727227,Moderate,92
85049C,2011-08,113.0,125.08030471716344,12.080304717163427,10.690535147932238,Low,138
85049C,2011-09,102.0,132.37201908411396,30.37201908411396,29.77648929815094,Moderate,146
85049C,2011-10,83.0,137.58284477730632,54.58284477730632,65.76246358711605,High,152
85049C,2011-11,19.0,70.91481404852365,51.91481404852365,273.23586341328235,High,79
85049D,2011-07,25.0,69.83817565752977,44.838175657529774,179.3527026301191,High,77
85049D,2011-08,1.0,61.61697807637445,60.61697807637445,6061.697807637445,High,68
85049E,2011-07,402.0,121.67031263851575,280.3296873614843,69.73375307499609,High,134
85049E,2011-08,419.0,280.4371225397552,138.5628774602448,33.06989915518969,Moderate,309
85049E,2011-09,617.0,344.06644232992403,272.933557670076,44.235584711519614,Moderate,379
85049E,2011-10,417.0,763.4146955763866,346.41469557638663,83.07306848354595,High,840
85049E,2011-11,64.0,153.52151420850598,89.52151420850598,139.8773659507906,High,169
85049F,2011-07,36.0,47.10729597123951,11.107295971239507,30.853599920109744,Moderate,52
85049F,2011-08,30.0,74.40498664866078,44.40498664866078,148.0166221622026,High,82
85049G,2011-07,120.0,123.24966977487452,3.249669774874519,2.708058145728766,Low,136
85049G,2011-08,120.0,134.27077665750312,14.27077665750312,11.8923138812526,Low,148
85049G,2011-09,235.0,146.16371375618832,88.83628624381168,37.80267499736667,Moderate,161
85049G,2011-10,83.0,223.0046600081862,140.0046600081862,168.68031326287493,High,246
85049G,2011-11,62.0,86.12410593768595,24.124105937685957,38.909848286590254,Moderate,95
85049H,2011-07,48.0,54.6155478562811,6.615547856281097,13.782391367252286,Low,61
85049H,2011-08,70.0,81.85140767991605,11.85140767991605,16.930582399880073,Low,91
85049H,2011-09,106.0,115.41462077347629,9.414620773476273,8.881717710826672,Low,127
85049H,2011-10,123.0,137.6391942176262,14.639194217626198,11.901783916769267,Low,152
85049H,2011-11,41.0,80.88037803294151,39.88037803294151,97.26921471449148,High,89
85049a,2011-08,4.0,23.662915311205,19.662915311205,491.57288278012504,High,27
85049a,2011-09,13.0,23.662915311205,10.662915311205,82.02242547080769,High,27
85049a,2011-10,41.0,27.263915575731257,13.736084424268745,33.50264493724084,Moderate,30
85049a,2011-11,36.0,38.83861497575486,2.838614975754858,7.88504159931905,Low,43
85049e,2011-09,14.0,23.662915311205,9.662915311205,69.02082365146428,High,27
85049e,2011-10,30.0,27.248616855728923,2.751383144271077,9.171277147570258,Low,30
85049e,2011-11,12.0,40.42369724998623,28.423697249986223,236.86414374988522,High,45
85049g,2011-07,10.0,30.07356861521602,20.07356861521602,200.73568615216018,High,34
85049g,2011-08,11.0,30.07356861521602,19.07356861521602,173.39607832014562,High,34
85049g,2011-09,17.0,30.47173745044129,13.471737450441292,79.24551441436054,High,34
85049g,2011-10,22.0,36.73525022830151,14.73525022830151,66.97841012864323,High,41
85049g,2011-11,12.0,41.07484019495439,29.07484019495439,242.29033495795326,High,46
85053,2011-07,95.0,111.0802664702445,16.080266470244496,16.92659628446789,Low,123
85053,2011-08,253.0,121.70798799842106,131.29201200157894,51.89407588995215,High,134
85053,2011-09,249.0,214.86618900230488,34.13381099769512,13.708357830399647,Low,237
85053,2011-10,256.0,221.87952616323216,34.12047383676784,13.328310092487438,Low,245
85053,2011-11,152.0,123.14059753455302,28.859402465446976,18.986448990425643,Low,136
85054,2011-07,33.0,64.19878843366195,31.198788433661942,94.54178313230892,High,71
85054,2011-08,12.0,75.2683081786465,63.26830817864651,527.2359014887209,High,83
85054,2011-09,46.0,34.47790347811775,11.522096521882249,25.048035917135326,Moderate,38
85054,2011-10,52.0,73.33160616327504,21.33160616327504,41.022319544759696,Moderate,81
85059,2011-07,21.0,40.67892094872529,19.67892094872529,93.70914737488233,High,45
85059,2011-08,12.0,42.0073933396022,30.0073933396022,250.06161116335167,High,47
85059,2011-09,16.0,29.23620537677057,13.23620537677057,82.72628360481606,High,33
85059,2011-10,28.0,37.34591794917277,9.345917949172772,33.37827838990276,Moderate,42
85059,2011-11,4.0,32.80487954950077,28.804879549500768,720.1219887375192,High,37
85061W,2011-07,148.0,92.65321442886352,55.34678557113648,37.39647673725438,Moderate,102
85061W,2011-08,462.0,125.89248311416858,336.1075168858314,72.75054478048298,High,139
85061W,2011-09,219.0,312.2687903570593,93.26879035705927,42.588488747515655,Moderate,344
85061W,2011-10,213.0,201.90819131969903,11.091808680300971,5.207421915634259,Low,223
85061W,2011-11,77.0,170.18449483021055,93.18449483021055,121.01882445481891,High,188
85062,2011-07,178.0,93.3108226352266,84.68917736477341,47.57818953077158,Moderate,103
85062,2011-08,30.0,159.09140688647742,129.09140688647742,430.3046896215914,High,176
85062,2011-09,76.0,73.72202686562854,2.2779731343714644,2.9973330715414006,Low,82
85062,2011-10,99.0,106.463912960329,7.463912960328997,7.53930602053434,Low,118
85062,2011-11,28.0,72.34776838938845,44.34776838938845,158.38488710495875,High,80
85066,2011-07,118.0,110.85475715802788,7.145242841972134,6.0552905440441815,Low,122
85066,2011-08,226.0,143.44825427219482,82.55174572780518,36.527321118497866,Moderate,158
85066,2011-09,90.0,237.07964602777943,147.07964602777943,163.42182891975492,High,261
85066,2011-10,271.0,138.396639043132,132.603360956868,48.931129504379335,Moderate,153
85066,2011-11,130.0,140.51712108484318,10.517121084843184,8.090093142187065,Low,155
85071A,2011-07,152.0,156.1386530416708,4.138653041670807,2.722798053730794,Low,172
85071A,2011-08,159.0,137.1685264670866,21.831473532913407,13.730486498687677,Low,151
85071A,2011-09,181.0,175.06073350713484,5.939266492865158,3.281362703240419,Low,193
85071A,2011-10,149.0,204.8905017642291,55.8905017642291,37.51040386861013,Moderate,226
85071A,2011-11,13.0,98.7949518007478,85.7949518007478,659.96116769806,High,109
85071B,2011-07,116.0,165.7114123760562,49.71141237605619,42.854665841427746,Moderate,183
85071B,2011-08,186.0,136.51486192651944,49.48513807348056,26.604912942731485,Moderate,151
85071B,2011-09,150.0,198.25188419947224,48.251884199472215,32.16792279964814,Moderate,219
85071B,2011-10,182.0,167.30718249879368,14.69281750120632,8.07297664901446,Low,185
85071B,2011-11,42.0,114.50637452856118,72.50637452856118,172.63422506800282,High,126
85071C,2011-07,45.0,63.564321466161246,18.56432146616125,41.25404770258056,Moderate,70
85071C,2011-08,210.0,65.21070558197927,144.78929441802077,68.94728305620038,High,72
85071C,2011-09,67.0,189.2847174610712,122.28471746107118,182.51450367324057,High,209
85071C,2011-10,98.0,105.71322071169013,7.713220711690113,7.870633379275625,Low,117
85071C,2011-11,8.0,79.70442474781963,71.70442474781963,896.3053093477454,High,88
85071D,2011-08,58.0,81.01659713886616,23.01659713886616,39.6837881704589,Moderate,90
85071D,2011-09,75.0,85.62184713066846,10.621847130668456,14.162462840891274,Low,95
85071D,2011-10,76.0,120.50389216764762,44.50389216764762,58.55775285216792,High,133
85071D,2011-11,3.0,56.41348850399894,53.41348850399894,1780.4496167999648,High,63
85078,2011-07,157.0,158.3793810605863,1.3793810605862973,0.8785866627938199,Low,175
85078,2011-08,389.0,170.21226780791812,218.78773219208188,56.243632954262694,High,188
85078,2011-09,518.0,306.9231017136094,211.0768982863906,40.74843596262367,Moderate,338
85078,2011-10,8.0,433.8208534239586,425.8208534239586,5322.760667799483,High,478
85086A,2011-07,17.0,97.46745201971284,80.46745201971285,473.3379530571344,High,108
85087,2011-07,23.0,64.4592426303505,41.4592426303505,180.25757665369784,High,71
85087,2011-08,37.0,75.2683081786465,38.26830817864651,103.42785994228785,High,83
85087,2011-09,9.0,67.76177606752802,58.76177606752802,652.9086229725335,High,75
85088,2011-07,14.0,31.126485105741544,17.126485105741544,122.33203646958246,High,35
85088,2011-08,1.0,30.62681087021629,29.62681087021629,2962.681087021629,High,34
85088,2011-09,75.0,30.07356861521602,44.92643138478398,59.90190851304531,High,34
85088,2011-10,48.0,66.64854985561156,18.648549855611563,38.851145532524086,Moderate,74
85093,2011-07,13.0,52.44095216947925,39.44095216947925,303.391939765225,High,58
85093,2011-08,11.0,43.81958419877188,32.81958419877188,298.3598563524716,High,49
85093,2011-09,32.0,48.61320308536728,16.613203085367275,51.91625964177273,High,54
85093,2011-10,22.0,67.09194583610744,45.09194583610744,204.96339016412475,High,74
85094,2011-07,38.0,52.20104487300996,14.201044873009955,37.37117071844725,Moderate,58
85094,2011-08,1.0,61.7334619622918,60.7334619622918,6073.346196229179,High,68
85094,2011-09,71.0,58.025439662681634,12.974560337318366,18.274028644110373,Low,64
85094,2011-10,104.0,80.72199994144304,23.278000058556955,22.382692363997073,Moderate,89
85094,2011-11,11.0,71.50581988951609,60.50581988951609,550.0529080865099,High,79
85095,2011-07,1.0,56.50006350385801,55.50006350385801,5550.006350385801,High,63
85095,2011-08,1.0,55.48374603447056,54.48374603447056,5448.374603447056,High,62
85095,2011-09,8.0,23.8327191975346,15.8327191975346,197.9089899691825,High,27
85095,2011-10,16.0,23.220666541550717,7.220666541550713,45.12916588469196,Moderate,26
85095,2011-11,2.0,25.340916447898927,23.340916447898927,1167.0458223949463,High,28
85096,2011-08,0.0,22.77980270700908,22.77980270700908,,Zero Demand,26
85096,2011-11,1.0,15.215893151548745,14.215893151548745,1421.5893151548744,High,17
85099B,2011-07,5402.0,2572.465025374805,2829.534974625195,52.37939605007765,High,2830
85099B,2011-08,4399.0,4881.791845934996,482.79184593499576,10.975036279495244,Low,5370
85099B,2011-09,5412.0,4985.829866288456,426.1701337115437,7.87454053421182,Low,5485
85099B,2011-10,5908.0,6861.03494601026,953.0349460102598,16.131261780810085,Low,7548
85099B,2011-11,1105.0,3892.775533434197,2787.7755334341964,252.28737859133,High,4283
85099C,2011-07,1057.0,973.7662219457349,83.23377805426514,7.874529617243628,Low,1072
85099C,2011-08,1581.0,1124.188051591564,456.8119484084359,28.89386137940771,Moderate,1237
85099C,2011-09,1117.0,1414.4374670624368,297.4374670624368,26.62824235115817,Moderate,1556
85099C,2011-10,1565.0,1290.4751968598737,274.5248031401263,17.54152096742021,Low,1420
85099C,2011-11,265.0,887.6863167807576,622.6863167807576,234.9759685965123,High,977
85099F,2011-07,2176.0,1266.0045654779651,909.9954345220348,41.81964313060821,Moderate,1393
85099F,2011-08,1430.0,1559.675455357817,129.67545535781733,9.068213661385826,Low,1716
85099F,2011-09,1834.0,1599.2963880613754,234.7036119386246,12.797361610612029,Low,1760
85099F,2011-10,898.0,1936.7561192828712,1038.7561192828712,115.67440081101014,High,2131
85099F,2011-11,304.0,734.7179504845175,430.7179504845175,141.68353634359127,High,809
85104,2011-11,14.0,16.268809642074253,2.2688096420742525,16.20578315767323,Low,18
85106,2011-07,505.0,23.662915311205,481.337084688795,95.31427419580099,High,27
85106,2011-08,0.0,230.5243121245048,230.5243121245048,,Zero Demand,254
85107,2011-07,53.0,23.662915311205,29.337084688795,55.35298997885849,High,27
85107,2011-08,6.0,50.59129703873085,44.59129703873085,743.1882839788475,High,56
85107,2011-09,22.0,47.23437491446998,25.23437491446998,114.70170415668173,High,52
85107,2011-10,88.0,42.39404553806855,45.605954461931454,51.82494825219484,High,47
85107,2011-11,48.0,54.96312685110663,6.9631268511066295,14.506514273138812,Low,61
85111,2011-07,78.0,105.99094919890685,27.990949198906836,35.885832306290816,Moderate,117
85111,2011-08,198.0,102.77136938570304,95.22863061429696,48.09526798701867,Moderate,114
85111,2011-09,626.0,169.01884001833167,456.9811599816683,73.000185300586,High,186
85111,2011-10,85.0,474.7785046913057,389.7785046913057,458.5629466956538,High,523
85111,2011-11,4.0,89.96018818137942,85.96018818137942,2149.0047045344854,High,99
85114A,2011-07,78.0,25.843307197947937,52.15669280205206,66.86755487442572,High,29
85114A,2011-08,140.0,71.88318604039078,68.11681395960922,48.654867114006585,Moderate,80
85114A,2011-09,12.0,109.12001385462064,97.12001385462064,809.3334487885054,High,121
85114A,2011-10,16.0,48.3200652742398,32.3200652742398,202.00040796399875,High,54
85114A,2011-11,8.0,31.45495871970562,23.45495871970562,293.18698399632024,High,35
85114B,2011-07,17.0,46.3815989683918,29.3815989683918,172.83293510818706,High,52
85114B,2011-08,94.0,37.38999788360179,56.61000211639821,60.22340650680661,High,42
85114B,2011-09,33.0,86.36893081369296,53.36893081369296,161.72403276876653,High,96
85114B,2011-10,31.0,57.77020311827876,26.77020311827876,86.3554939299315,High,64
85114B,2011-11,15.0,42.98040746723858,27.980407467238575,186.53604978159052,High,48
85114C,2011-07,17.0,44.06120026299905,27.06120026299905,159.18353095881795,High,49
85114C,2011-08,133.0,37.38999788360179,95.61000211639822,71.88721963638964,High,42
85114C,2011-09,23.0,103.91313065523232,80.91313065523232,351.79622024014054,High,115
85114C,2011-10,111.0,57.37203428305349,53.62796571694651,48.313482627879736,Moderate,64
85114C,2011-11,15.0,69.28407928785012,54.28407928785012,361.8938619190008,High,77
85114b,2011-07,1.0,30.07356861521602,29.07356861521602,2907.356861521602,High,34
85114b,2011-08,0.0,23.662915311205,23.662915311205,,Zero Demand,27
85114b,2011-11,5.0,16.09900575574465,11.099005755744647,221.98011511489293,High,18
85114c,2011-07,24.0,25.67534341280964,1.6753434128096387,6.980597553373495,Low,29
85114c,2011-08,8.0,48.24058091518948,40.24058091518948,503.00726143986856,High,54
85114c,2011-09,12.0,32.818781055306346,20.818781055306346,173.48984212755286,High,37
85114c,2011-10,26.0,27.24751915778496,1.2475191577849571,4.798150606865219,Low,30
85114c,2011-11,7.0,40.67667135972912,33.67667135972912,481.09530513898744,High,45
85116,2011-07,38.0,92.81640597287158,54.81640597287158,144.25369992860942,High,103
85116,2011-08,37.0,75.50437516672042,38.50437516672042,104.0658788289741,High,84
85116,2011-09,10.0,68.91224419768656,58.91224419768656,589.1224419768656,High,76
85123A,2011-07,2075.0,2766.103106847219,691.1031068472189,33.306173823962354,Moderate,3043
85123A,2011-08,2474.0,2971.439443538033,497.4394435380332,20.106687289330363,Moderate,3269
85123A,2011-09,1685.0,2120.8924855691675,435.8924855691676,25.868990241493627,Moderate,2333
85123A,2011-10,4908.0,2743.87106789407,2164.12893210593,44.09390652212571,Moderate,3019
85123A,2011-11,815.0,2770.5016599996184,1955.5016599996184,239.93885398768322,High,3048
85123a,2011-07,17.0,35.01254593041123,18.01254593041123,105.95615253183075,High,39
85123a,2011-08,25.0,33.04843123756337,8.04843123756337,32.19372495025348,Moderate,37
85123a,2011-09,13.0,44.29718310437633,31.29718310437633,240.74756234135637,High,49
85123a,2011-10,34.0,30.136336832079337,3.863663167920663,11.363715199766656,Low,34
85123a,2011-11,24.0,32.80487954950077,8.804879549500768,36.68699812291987,Moderate,37
85124B,2011-07,9.0,23.662915311205,14.662915311205,162.9212812356111,High,27
85124B,2011-08,3.0,24.672983338771957,21.672983338771957,722.4327779590652,High,28
85124B,2011-09,10.0,28.614382768611637,18.614382768611637,186.14382768611637,High,32
85124B,2011-10,7.0,23.662915311205,16.662915311205,238.0416473029286,High,27
85124C,2011-07,0.0,23.662915311205,23.662915311205,,Zero Demand,27
85125,2011-10,46.0,45.34592641870735,0.6540735812926499,1.4218990897666304,Low,50
85127,2011-07,4.0,20.496453272860588,16.496453272860588,412.4113318215147,High,23
85127,2011-08,23.0,25.29113813463597,2.2911381346359683,9.961470150591166,Low,28
85127,2011-09,8.0,38.05247889203013,30.05247889203013,375.65598615037663,High,42
85127,2011-10,25.0,25.7320019691776,0.732001969177599,2.928007876710396,Low,29
85127,2011-11,2.0,35.8797520765738,33.8797520765738,1693.98760382869,High,40
85129B,2011-07,1.0,38.46649960854886,37.46649960854886,3746.6499608548856,High,43
85129B,2011-08,1.0,23.662915311205,22.662915311205,2266.2915311205,High,27
85129B,2011-09,0.0,23.662915311205,23.662915311205,,Zero Demand,27
85129C,2011-10,1.0,42.39404553806855,41.39404553806855,4139.404553806855,High,47
85129C,2011-11,1.0,25.254871499845976,24.254871499845976,2425.4871499845976,High,28
85129D,2011-07,4.0,38.46649960854886,34.46649960854886,861.6624902137214,High,43
85129D,2011-08,4.0,24.672983338771957,20.672983338771957,516.8245834692989,High,28
85129D,2011-09,4.0,23.662915311205,19.662915311205,491.57288278012504,High,27
85129D,2011-10,12.0,23.662915311205,11.662915311205,97.19096092670833,High,27
85129D,2011-11,21.0,18.84260305783992,2.15739694216008,10.273318772190859,Low,21
85130B,2011-07,169.0,146.85861734673674,22.141382653263264,13.10140985400193,Low,162
85130B,2011-08,226.0,143.50376161820262,82.49623838179738,36.502760345928046,Moderate,158
85130B,2011-09,56.0,195.06689560918124,139.06689560918124,248.33374215925224,High,215
85130B,2011-10,37.0,112.88995179020787,75.88995179020789,205.10797781137268,High,125
85130B,2011-11,1.0,67.33275669342078,66.33275669342078,6633.275669342078,High,75
85130C,2011-08,190.0,103.90684267590342,86.09315732409658,45.31218806531399,Moderate,115
85130C,2011-09,8.0,179.1029484243899,171.1029484243899,2138.786855304874,High,198
85130C,2011-10,11.0,70.51806597388523,59.51806597388523,541.0733270353203,High,78
85130C,2011-11,8.0,37.32266070394903,29.322660703949037,366.53325879936295,High,42
85130D,2011-07,125.0,170.8738596017583,45.87385960175831,36.69908768140665,Moderate,188
85130D,2011-08,10.0,128.24127033694543,118.24127033694543,1182.4127033694542,High,142
85130D,2011-09,22.0,81.04296579935334,59.04296579935334,268.3771172697879,High,90
85130D,2011-10,3.0,68.63538895456837,65.63538895456837,2187.8462984856124,High,76
85130D,2011-11,8.0,34.127015110416686,26.12701511041669,326.5876888802086,High,38
85131A,2011-07,8.0,151.2670158132816,143.2670158132816,1790.83769766602,High,167
85131A,2011-08,0.0,72.08232880491532,72.08232880491532,,Zero Demand,80
85131B,2011-07,47.0,83.550727412331,36.550727412331,77.76750513261915,High,92
85131B,2011-08,66.0,91.58496036704057,25.58496036704055,38.76509146521296,Moderate,101
85131B,2011-09,34.0,101.82769454163544,67.82769454163545,199.49321924010428,High,113
85131B,2011-10,94.0,69.62292982099275,24.377070179007248,25.933053381922605,Moderate,77
85131B,2011-11,15.0,68.23636592148813,53.23636592148813,354.9091061432542,High,76
85131C,2011-07,20.0,39.64372617670296,19.643726176702955,98.21863088351478,High,44
85131C,2011-08,37.0,50.909901600714015,13.909901600714017,37.594328650578426,Moderate,57
85131C,2011-09,17.0,60.25251101631748,43.25251101631748,254.42653539010283,High,67
85131C,2011-10,6.0,58.81543192963594,52.81543192963594,880.2571988272657,High,65
85131D,2011-07,104.0,100.61582127609309,3.384178723906913,3.2540180037566473,Low,111
85131D,2011-08,72.0,126.225741546425,54.225741546425,75.31352992559027,High,139
85131D,2011-09,41.0,105.84511958981597,64.84511958981595,158.15882826784377,High,117
85131D,2011-10,31.0,97.46332341101358,66.46332341101358,214.3978174548825,High,108
85131D,2011-11,18.0,48.47825793499745,30.47825793499745,169.3236551944303,High,54
85132C,2011-07,365.0,291.5221923903585,73.4778076096415,20.13090619442233,Moderate,321
85132C,2011-08,4.0,295.9633824276581,291.9633824276581,7299.084560691452,High,326
85135B,2011-07,3.0,19.32134866516658,16.32134866516658,544.0449555055526,High,22
85135B,2011-08,3.0,18.880484830624948,15.880484830624948,529.3494943541649,High,21
85135B,2011-09,0.0,18.880484830624948,18.880484830624948,,Zero Demand,21
85135C,2011-07,2.0,18.880484830624948,16.880484830624948,844.0242415312474,High,21
85135C,2011-08,13.0,18.880484830624948,5.880484830624948,45.23449869711499,Moderate,21
85135C,2011-09,10.0,21.66677713203657,11.666777132036572,116.66777132036572,High,24
85135C,2011-10,3.0,25.7320019691776,22.7320019691776,757.7333989725867,High,29
85135C,2011-11,12.0,19.78200083382456,7.782000833824558,64.85000694853798,High,22
85136A,2011-08,1.0,18.880484830624948,17.880484830624948,1788.0484830624948,High,21
85136A,2011-09,8.0,18.880484830624948,10.880484830624948,136.00606038281185,High,21
85136A,2011-10,14.0,20.496453272860588,6.496453272860588,46.403237663289914,Moderate,23
85136A,2011-11,6.0,19.81219289628307,13.812192896283069,230.20321493805116,High,22
85136C,2011-08,0.0,18.880484830624948,18.880484830624948,,Zero Demand,21
85136C,2011-11,5.0,16.229949257960634,11.229949257960634,224.59898515921267,High,18
85150,2011-09,240.0,573.3295895121046,333.3295895121046,138.8873289633769,High,631
85150,2011-10,355.0,308.24426713718054,46.75573286281946,13.1706289754421,Low,340
85150,2011-11,112.0,200.8780610341475,88.87806103414749,79.35541163763169,High,221
85152,2011-07,234.0,593.253762340972,359.253762340972,153.52724886366326,High,653
85152,2011-08,838.0,366.4623022161367,471.5376977838633,56.26941501000755,High,404
85152,2011-09,1317.0,757.2145112405802,559.7854887594198,42.50459292022929,Moderate,833
85152,2011-10,574.0,1166.569662833325,592.5696628333251,103.23513289779183,High,1284
85152,2011-11,881.0,369.76200925761947,511.2379907423805,58.02928385271061,High,407
85159A,2011-07,25.0,57.37203428305349,32.37203428305349,129.48813713221395,High,64
85159A,2011-08,5.0,49.66666375998973,44.66666375998973,893.3332751997947,High,55
85159A,2011-09,12.0,33.87169754583188,21.87169754583188,182.26414621526567,High,38
85159A,2011-10,30.0,25.886155660906496,4.113844339093504,13.712814463645012,Low,29
85159A,2011-11,1.0,40.67667135972912,39.67667135972912,3967.667135972912,High,45
85159B,2011-07,30.0,64.74858020851175,34.748580208511754,115.82860069503917,High,72
85159B,2011-08,38.0,57.85151871053743,19.851518710537427,52.2408387119406,High,64
85159B,2011-09,54.0,49.66666375998973,4.333336240010276,8.024696740759769,Low,55
85159B,2011-10,50.0,61.75919189170927,11.759191891709271,23.518383783418543,Moderate,68
85160B,2011-07,6.0,64.50829455587827,58.508294555878265,975.1382425979712,High,71
85160B,2011-08,3.0,65.07727849176912,62.07727849176912,2069.242616392304,High,72
85160B,2011-09,0.0,45.64746523196252,45.64746523196252,,Zero Demand,51
85161,2011-08,3.0,18.880484830624948,15.880484830624948,529.3494943541649,High,21
85161,2011-09,1.0,18.880484830624948,17.880484830624948,1788.0484830624948,High,21
85161,2011-10,3.0,18.880484830624948,15.880484830624948,529.3494943541649,High,21
85163A,2011-09,8.0,18.880484830624948,10.880484830624948,136.00606038281185,High,21
85163A,2011-10,4.0,19.32134866516658,15.321348665166578,383.0337166291645,High,22
85163B,2011-07,1.0,18.880484830624948,17.880484830624948,1788.0484830624948,High,21
85163B,2011-08,0.0,18.880484830624948,18.880484830624948,,Zero Demand,21
85168B,2011-07,0.0,18.880484830624948,18.880484830624948,,Zero Demand,21
85168B,2011-10,6.0,19.32134866516658,13.321348665166578,222.0224777527763,High,22
85168B,2011-11,7.0,20.222864668366185,13.222864668366183,188.89806669094546,High,23
85169A,2011-07,27.0,59.1493592646658,32.1493592646658,119.07170098024369,High,66
85169A,2011-08,49.0,56.14528186153323,7.145281861533228,14.582207880680057,Low,62
85169A,2011-09,11.0,55.678742625391024,44.678742625391024,406.17038750355476,High,62
85169A,2011-10,36.0,57.95393867531735,21.953938675317342,60.983162986992625,High,64
85169A,2011-11,5.0,41.07484019495439,36.07484019495439,721.4968038990878,High,46
85169B,2011-07,6.0,41.049948346021736,35.049948346021736,584.1658057670289,High,46
85169B,2011-08,28.0,42.10232031897342,14.10232031897342,50.36542971061936,High,47
85169B,2011-09,8.0,43.96731898098783,35.96731898098783,449.5914872623478,High,49
85169B,2011-10,10.0,33.87169754583188,23.87169754583188,238.7169754583188,High,38
85169B,2011-11,2.0,19.68839035084263,17.68839035084263,884.4195175421315,High,22
85169C,2011-07,0.0,45.03950764157955,45.03950764157955,,Zero Demand,50
85169D,2011-07,2.0,38.46649960854886,36.46649960854886,1823.3249804274428,High,43
85169D,2011-08,24.0,23.662915311205,0.3370846887949987,1.4045195366458278,Low,27
85169D,2011-09,3.0,42.96506617393677,39.96506617393677,1332.168872464559,High,48
85169D,2011-10,26.0,44.84753275906373,18.84753275906373,72.49051061178358,High,50
85170B,2011-07,3.0,31.605969533225487,28.605969533225487,953.5323177741828,High,35
85170B,2011-08,5.0,24.715831801730516,19.715831801730516,394.3166360346103,High,28
85170B,2011-09,3.0,23.662915311205,20.662915311205,688.7638437068333,High,27
85170B,2011-10,6.0,23.662915311205,17.662915311205,294.38192185341666,High,27
85170C,2011-07,26.0,34.45362333931509,8.453623339315087,32.51393592044264,Moderate,38
85170C,2011-08,13.0,48.24058091518948,35.24058091518948,271.0813916553037,High,54
85170C,2011-09,9.0,34.47790347811775,25.477903478117756,283.0878164235306,High,38
85170C,2011-10,12.0,31.126485105741544,19.126485105741544,159.38737588117954,High,35
85170C,2011-11,2.0,23.27371356285279,21.27371356285279,1063.6856781426395,High,26
85170D,2011-07,13.0,37.37258322659672,24.37258322659672,187.48140943535938,High,42
85170D,2011-08,13.0,31.732691038027447,18.732691038027447,144.0976233694419,High,35
85170D,2011-09,12.0,31.07794338272717,19.07794338272717,158.98286152272644,High,35
85170D,2011-10,17.0,31.07794338272717,14.07794338272717,82.811431663101,High,35
85170D,2011-11,9.0,23.18817441877701,14.18817441877701,157.64638243085568,High,26
85172,2011-07,48.0,84.75772795728433,36.75772795728433,76.57859991100902,High,94
85172,2011-08,16.0,76.86211053715519,60.86211053715519,380.3881908572199,High,85
85172,2011-09,112.0,73.4374530011231,38.5625469988769,34.430845534711516,Moderate,81
85172,2011-10,432.0,110.1085575840981,321.8914424159019,74.51190796664396,High,122
85172,2011-11,48.0,148.65990387367486,100.65990387367486,209.70813307015595,High,164
85173,2011-07,8.0,28.78418665494124,20.78418665494124,259.8023331867655,High,32
85173,2011-08,29.0,24.273583032076232,4.726416967923768,16.297989544564718,Low,27
85173,2011-09,58.0,46.3815989683918,11.6184010316082,20.03172591656586,Moderate,52
85173,2011-10,17.0,58.97888879082327,41.97888879082327,246.93463994601922,High,65
85173,2011-11,44.0,34.69167387245663,9.308326127543369,21.15528665350766,Moderate,39
85174,2011-07,6.0,40.12178647073416,34.12178647073416,568.6964411789027,High,45
85174,2011-08,7.0,20.3742651556921,13.3742651556921,191.06093079560142,High,23
85174,2011-09,10.0,20.496453272860588,10.496453272860588,104.96453272860589,High,23
85174,2011-10,130.0,22.76209309808381,107.2379069019162,82.49069761685863,High,26
85174,2011-11,12.0,85.79175432829818,73.79175432829818,614.9312860691515,High,95
85175,2011-07,220.0,438.9480807028108,218.9480807028108,99.521854864914,High,483
85175,2011-08,256.0,382.23294136294345,126.23294136294344,49.30974271989978,Moderate,421
85175,2011-09,324.0,352.95689723616204,28.956897236162035,8.937313961778406,Low,389
85175,2011-10,560.0,408.1768174983487,151.82318250165127,27.111282589580583,Moderate,449
85176,2011-07,46.0,111.54978951981036,65.54978951981037,142.49954243437037,High,123
85176,2011-08,154.0,94.57434868384304,59.42565131615696,38.588085270231794,Moderate,105
85176,2011-09,120.0,154.79398755845983,34.79398755845983,28.99498963204986,Moderate,171
85176,2011-10,76.0,128.83969025881444,52.83969025881444,69.52590823528216,High,142
85176,2011-11,45.0,70.91363578692201,25.91363578692201,57.58585730427114,High,79
85177,2011-07,19.0,65.21719873899136,46.21719873899136,243.24841441574398,High,72
85177,2011-08,25.0,51.35423728328438,26.354237283284377,105.4169491331375,High,57
85177,2011-09,101.0,59.85434218109221,41.14565781890779,40.73827506822554,Moderate,66
85177,2011-10,33.0,96.41171244419782,63.41171244419782,192.15670437635703,High,107
85177,2011-11,8.0,48.25922770420207,40.25922770420207,503.24034630252584,High,54
85178,2011-07,76.0,146.6429593933549,70.64295939335489,92.95126235967747,High,162
85178,2011-08,199.0,112.64596695070952,86.35403304929049,43.393986456929895,Moderate,124
85178,2011-09,267.0,182.31158281671375,84.68841718328622,31.718508308346898,Moderate,201
85178,2011-10,384.0,189.57098661861784,194.42901338138216,50.63255556806827,High,209
85178,2011-11,45.0,190.9733655137599,145.9733655137599,324.3852566972442,High,211
85179A,2011-11,26.0,85.48438161519934,59.48438161519934,228.78608313538206,High,95
85179C,2011-11,21.0,42.6803898667648,21.6803898667648,103.23995174649905,High,47
85180A,2011-07,0.0,31.935668451110438,31.935668451110438,,Zero Demand,36
85180A,2011-10,3.0,26.73805028419226,23.73805028419226,791.2683428064086,High,30
85180A,2011-11,1.0,13.371347529813546,12.371347529813546,1237.1347529813545,High,15
85180B,2011-07,3.0,20.32739698018124,17.327396980181238,577.5798993393746,High,23
85180B,2011-08,0.0,20.32739698018124,20.32739698018124,,Zero Demand,23
85180B,2011-11,10.0,21.228912983380845,11.228912983380845,112.28912983380846,High,24
85183A,2011-07,36.0,100.13633684860916,64.13633684860915,178.15649124613654,High,111
85183A,2011-08,54.0,74.13990810666346,20.13990810666345,37.29612612345083,Moderate,82
85183A,2011-09,81.0,92.85789121871323,11.857891218713236,14.639371874954612,Low,103
85183A,2011-10,72.0,103.72623333902024,31.72623333902025,44.06421297086146,Moderate,115
85183A,2011-11,13.0,58.03942626993717,45.03942626993717,346.4571251533628,High,64
85183B,2011-07,57.0,116.99568450829246,59.995684508292456,105.25558685665344,High,129
85183B,2011-08,91.0,83.81664119802431,7.183358801975686,7.893800881291963,Low,93
85183B,2011-09,103.0,117.61393958432232,14.613939584322324,14.188290858565363,Low,130
85183B,2011-10,128.0,129.7580703717245,1.7580703717245,1.3734924779097657,Low,143
85183B,2011-11,12.0,87.01462503486341,75.01462503486341,625.1218752905285,High,96
85184C,2011-07,17.0,56.25430299346344,39.25430299346344,230.907664667432,High,62
85184C,2011-08,23.0,45.7863439551533,22.7863439551533,99.07106067457956,High,51
85184C,2011-09,21.0,48.638749750414746,27.638749750414743,131.613094049594,High,54
85184C,2011-10,32.0,59.80194726583856,27.801947265838564,86.8810852057455,High,66
85184C,2011-11,15.0,35.091673940890246,20.09167394089025,133.94449293926834,High,39
85185B,2011-07,58.0,55.74711302630796,2.2528869736920427,3.8842878856759357,Low,62
85185B,2011-08,8.0,58.97888879082327,50.97888879082327,637.2361098852908,High,65
85185B,2011-09,14.0,47.23437491446998,33.23437491446998,237.38839224621415,High,52
85185B,2011-10,28.0,29.142539890739137,1.1425398907391369,4.080499609782632,Low,33
85187,2011-07,0.0,48.22038598819285,48.22038598819285,,Zero Demand,54
85194S,2011-07,48.0,114.9273396501324,66.92733965013241,139.43195760444252,High,127
85194S,2011-08,60.0,114.7951824675444,54.79518246754439,91.32530411257399,High,127
85194S,2011-09,213.0,111.75433822132068,101.24566177867932,47.5331745439809,Moderate,123
85194S,2011-10,92.0,150.72551721664448,58.72551721664448,63.832083931135294,High,166
85194S,2011-11,65.0,107.87561193575851,42.87561193575851,65.96247990116694,High,119
85199L,2011-07,25.0,55.50981525690418,30.509815256904183,122.03926102761673,High,62
85199L,2011-08,182.0,62.11680933680417,119.88319066319583,65.86988497977792,High,69
85199L,2011-09,167.0,168.62804983519771,1.6280498351977144,0.9748801408369547,Low,186
85199L,2011-10,157.0,154.99472163325612,2.0052783667438803,1.27724736735279,Low,171
85199L,2011-11,60.0,101.47190443758312,41.47190443758312,69.11984072930521,High,112
85199S,2011-07,55.0,96.54782722707264,41.547827227072645,75.541504049223,High,107
85199S,2011-08,221.0,93.78622105884295,127.21377894115705,57.56279590097604,High,104
85199S,2011-09,381.0,217.69958791207117,163.30041208792886,42.861000548012825,Moderate,240
85199S,2011-10,917.0,315.4247502261424,601.5752497738576,65.60253541699647,High,347
85199S,2011-11,256.0,355.1664480026542,99.1664480026542,38.7368937510368,Moderate,391
85202,2011-07,7.0,71.01705536181207,64.01705536181207,914.529362311601,High,79
85202,2011-08,17.0,53.75041448553835,36.75041448553835,216.17890873846085,High,60
85202,2011-09,2.0,51.826041541468406,49.826041541468406,2491.30207707342,High,58
85202,2011-10,51.0,46.59493053336501,4.405069466634991,8.637391111049002,Low,52
85203,2011-07,9.0,73.43133534921598,64.43133534921598,715.9037261023999,High,81
85203,2011-08,46.0,52.36966910550502,6.369669105505018,13.847106751097865,Low,58
85203,2011-09,30.0,73.095177120325,43.095177120325005,143.65059040108335,High,81
85203,2011-10,52.0,76.34204516857532,24.342045168575325,46.81162532418332,Moderate,84
85203,2011-11,24.0,59.624700104604734,35.624700104604734,148.43625043585305,High,66
85204,2011-07,123.0,163.71199058450196,40.71199058450196,33.099179336993465,Moderate,181
85204,2011-08,299.0,328.380800263331,29.380800263331025,9.826354603120745,Low,362
85204,2011-09,500.0,205.19834298150155,294.8016570184985,58.9603314036997,High,226
85204,2011-10,254.0,330.4601599626816,76.46015996268159,30.102425182158104,Moderate,364
85204,2011-11,8.0,151.13964217524338,143.13964217524338,1789.2455271905424,High,167
85208,2011-07,0.0,55.32778926248647,55.32778926248647,,Zero Demand,61
85208,2011-10,2.0,33.957742493884844,31.957742493884844,1597.8871246942422,High,38
85211,2011-07,0.0,70.57213779043236,70.57213779043236,,Zero Demand,78
85212,2011-07,159.0,160.44751752652024,1.4475175265202438,0.9103883814592728,Low,177
85212,2011-08,181.0,205.2964420976112,24.29644209761122,13.42344867271338,Low,226
85212,2011-09,62.0,197.28876379309932,135.28876379309935,218.20768353725703,High,218
85212,2011-10,72.0,151.37069609640312,79.37069609640312,110.23707791167101,High,167
85212,2011-11,24.0,127.21803474295898,103.21803474295898,430.07514476232905,High,140
85214,2011-07,9.0,60.50081314215134,51.50081314215134,572.2312571350149,High,67
85215,2011-07,30.0,53.7800346390345,23.780034639034504,79.266782130115,High,60
85227,2011-07,94.0,134.92890268670908,40.92890268670908,43.54138583692455,Moderate,149
85227,2011-08,73.0,139.09683878301513,66.09683878301513,90.5436147712536,High,154
85227,2011-09,167.0,116.5708308161676,50.429169183832414,30.19710729570803,Moderate,129
85227,2011-10,229.0,178.91517733165637,50.084822668343634,21.871101601896783,Moderate,197
85227,2011-11,66.0,96.17274430792052,30.17274430792051,45.71627925442501,Moderate,106
85230A,2011-09,0.0,126.2938781127945,126.2938781127945,,Zero Demand,139
85230B,2011-09,168.0,159.67799521197466,8.322004788025339,4.953574278586511,Low,176
85230B,2011-10,312.0,152.7687412420878,159.2312587579122,51.035659858305195,High,169
85230B,2011-11,24.0,153.1831538676441,129.1831538676441,538.2631411151838,High,169
85230E,2011-07,72.0,116.55323978725986,44.553239787259855,61.879499704527575,High,129
85230E,2011-08,96.0,117.81373924767448,21.81373924767448,22.722645049660915,Moderate,130
85230F,2011-09,0.0,69.00608018421298,69.00608018421298,,Zero Demand,76
85230G,2011-09,24.0,124.30864753127896,100.30864753127896,417.9526980469957,High,137
85230G,2011-10,48.0,109.6861817941009,61.6861817941009,128.5128787377102,High,121
85230G,2011-11,24.0,61.07048275692039,37.07048275692039,154.46034482050163,High,68
85231B,2011-07,41.0,70.13570688579719,29.13570688579719,71.06269972145657,High,78
85231B,2011-08,138.0,63.99945205118209,74.00054794881791,53.623585470157906,High,71
85231B,2011-09,96.0,148.39866753103638,52.39866753103638,54.58194534482956,High,164
85231B,2011-10,123.0,119.85638272962,3.1436172703800054,2.5557863986829314,Low,132
85231B,2011-11,29.0,77.77449732326068,48.77449732326068,168.18792180434718,High,86
85231G,2011-07,40.0,71.76062814254269,31.76062814254269,79.40157035635671,High,79
85231G,2011-08,115.0,62.15807828860166,52.84192171139834,45.94949714034639,Moderate,69
85231G,2011-09,32.0,127.21476900206898,95.21476900206898,297.54615313146553,High,140
85232D,2011-10,49.0,39.22758349972414,9.77241650027586,19.943707143420124,Low,44
85232D,2011-11,5.0,40.39359547537533,35.39359547537533,707.8719095075065,High,45
90000D,2011-07,1.0,19.32134866516658,18.32134866516658,1832.134866516658,High,22
90000D,2011-08,0.0,18.880484830624948,18.880484830624948,,Zero Demand,21
90003B,2011-08,4.0,22.77980270700908,18.77980270700908,469.49506767522695,High,26
90003B,2011-09,0.0,22.77980270700908,22.77980270700908,,Zero Demand,26
90003C,2011-08,6.0,22.77980270700908,16.779802707009082,279.6633784501514,High,26
90003C,2011-09,2.0,23.220666541550717,21.220666541550717,1061.033327077536,High,26
90003C,2011-10,4.0,22.77980270700908,18.77980270700908,469.49506767522695,High,26
90003C,2011-11,4.0,15.215893151548745,11.215893151548745,280.3973287887186,High,17
90003D,2011-07,1.0,22.77980270700908,21.77980270700908,2177.980270700908,High,26
90003D,2011-08,6.0,22.77980270700908,16.779802707009082,279.6633784501514,High,26
90003D,2011-09,1.0,23.220666541550717,22.220666541550717,2222.066654155072,High,26
90003D,2011-10,7.0,22.77980270700908,15.779802707009082,225.4257529572726,High,26
90003E,2011-07,6.0,22.77980270700908,16.779802707009082,279.6633784501514,High,26
90003E,2011-08,4.0,23.220666541550717,19.220666541550717,480.51666353876794,High,26
90003E,2011-09,0.0,22.77980270700908,22.77980270700908,,Zero Demand,26
90010A,2011-07,3.0,18.880484830624948,15.880484830624948,529.3494943541649,High,21
90010A,2011-08,4.0,18.880484830624948,14.880484830624948,372.0121207656237,High,21
90010A,2011-09,0.0,18.880484830624948,18.880484830624948,,Zero Demand,21
90010E,2011-10,5.0,18.880484830624948,13.880484830624948,277.60969661249896,High,21
90010E,2011-11,1.0,13.371347529813546,12.371347529813546,1237.1347529813545,High,15
90013A,2011-07,7.0,22.77980270700908,15.779802707009082,225.4257529572726,High,26
90013A,2011-08,10.0,23.220666541550717,13.220666541550711,132.20666541550713,High,26
90013A,2011-09,0.0,24.230734569117672,24.230734569117672,,Zero Demand,27
90013B,2011-07,1.0,22.77980270700908,21.77980270700908,2177.980270700908,High,26
90013B,2011-08,2.0,22.77980270700908,20.77980270700908,1038.990135350454,High,26
90013B,2011-09,3.0,22.77980270700908,19.77980270700908,659.3267569003026,High,26
90013B,2011-10,10.0,22.77980270700908,12.779802707009082,127.79802707009082,High,26
90013C,2011-10,10.0,22.77980270700908,12.779802707009082,127.79802707009082,High,26
90013C,2011-11,4.0,17.23003042900965,13.230030429009648,330.7507607252412,High,19
90014A,2011-07,1.0,18.880484830624948,17.880484830624948,1788.0484830624948,High,21
90014A,2011-08,1.0,18.880484830624948,17.880484830624948,1788.0484830624948,High,21
90014A,2011-09,2.0,18.880484830624948,16.880484830624948,844.0242415312474,High,21
90014A,2011-10,7.0,18.880484830624948,11.880484830624948,169.7212118660707,High,21
90014A,2011-11,2.0,13.812211364355171,11.812211364355171,590.6105682177586,High,16
90014B,2011-08,0.0,18.880484830624948,18.880484830624948,,Zero Demand,21
90016A,2011-07,1.0,18.880484830624948,17.880484830624948,1788.0484830624948,High,21
90016A,2011-08,0.0,18.880484830624948,18.880484830624948,,Zero Demand,21
90016B,2011-08,3.0,18.880484830624948,15.880484830624948,529.3494943541649,High,21
90016B,2011-09,1.0,18.880484830624948,17.880484830624948,1788.0484830624948,High,21
90016B,2011-10,4.0,18.880484830624948,14.880484830624948,372.0121207656237,High,21
90016B,2011-11,2.0,13.371347529813546,11.371347529813546,568.5673764906772,High,15
90018A,2011-07,2.0,22.77980270700908,20.77980270700908,1038.990135350454,High,26
90018A,2011-08,5.0,22.77980270700908,17.779802707009082,355.59605414018165,High,26
90018A,2011-09,5.0,22.77980270700908,17.779802707009082,355.59605414018165,High,26
90018A,2011-10,10.0,22.77980270700908,12.779802707009082,127.79802707009082,High,26
90018A,2011-11,3.0,17.23003042900965,14.230030429009648,474.33434763365494,High,19
90018B,2011-08,1.0,22.77980270700908,21.77980270700908,2177.980270700908,High,26
90018B,2011-09,1.0,22.77980270700908,21.77980270700908,2177.980270700908,High,26
90018B,2011-10,5.0,22.77980270700908,17.779802707009082,355.59605414018165,High,26
90018B,2011-11,2.0,15.215893151548745,13.215893151548745,660.7946575774372,High,17
90018C,2011-09,0.0,22.77980270700908,22.77980270700908,,Zero Demand,26
90019A,2011-07,3.0,18.880484830624948,15.880484830624948,529.3494943541649,High,21
90019A,2011-08,4.0,18.880484830624948,14.880484830624948,372.0121207656237,High,21
90019A,2011-09,6.0,18.880484830624948,12.880484830624948,214.67474717708245,High,21
90019A,2011-10,7.0,19.32134866516658,12.321348665166578,176.01926664523683,High,22
90019A,2011-11,1.0,14.987315972049176,13.987315972049176,1398.7315972049175,High,17
90019B,2011-07,1.0,18.880484830624948,17.880484830624948,1788.0484830624948,High,21
90019B,2011-08,2.0,18.880484830624948,16.880484830624948,844.0242415312474,High,21
90019B,2011-09,1.0,18.880484830624948,17.880484830624948,1788.0484830624948,High,21
90019B,2011-10,5.0,18.880484830624948,13.880484830624948,277.60969661249896,High,21
90019B,2011-11,2.0,14.546452137507549,12.546452137507549,627.3226068753775,High,17
90019C,2011-09,1.0,18.880484830624948,17.880484830624948,1788.0484830624948,High,21
90019C,2011-10,1.0,18.880484830624948,17.880484830624948,1788.0484830624948,High,21
90019C,2011-11,3.0,13.371347529813546,10.371347529813546,345.7115843271182,High,15
90022,2011-08,5.0,22.77980270700908,17.779802707009082,355.59605414018165,High,26
90022,2011-09,1.0,22.77980270700908,21.77980270700908,2177.980270700908,High,26
90022,2011-10,1.0,22.77980270700908,21.77980270700908,2177.980270700908,High,26
90022,2011-11,4.0,15.215893151548745,11.215893151548745,280.3973287887186,High,17
90023,2011-09,0.0,22.77980270700908,22.77980270700908,,Zero Demand,26
90024B,2011-09,0.0,18.880484830624948,18.880484830624948,,Zero Demand,21
90025F,2011-08,0.0,22.77980270700908,22.77980270700908,,Zero Demand,26
90028,2011-09,0.0,18.880484830624948,18.880484830624948,,Zero Demand,21
90029,2011-07,1.0,18.880484830624948,17.880484830624948,1788.0484830624948,High,21
90030A,2011-08,54.0,36.86889358311649,17.13110641688351,31.724271142376875,Moderate,41
90030A,2011-09,0.0,61.029953696939565,61.029953696939565,,Zero Demand,68
90030B,2011-08,36.0,43.97513420150373,7.975134201503728,22.15315055973258,Moderate,49
90030B,2011-09,12.0,61.28042502589245,49.28042502589245,410.6702085491038,High,68
90030B,2011-10,18.0,56.66097260262466,38.66097260262466,214.78318112569258,High,63
90030B,2011-11,13.0,36.15738774022208,23.157387740222084,178.1337518478622,High,40
90030C,2011-08,53.0,36.86889358311649,16.13110641688351,30.436049843176438,Moderate,41
90030C,2011-09,0.0,64.97135312677928,64.97135312677928,,Zero Demand,72
90031,2011-08,30.0,36.86889358311649,6.868893583116488,22.896311943721628,Moderate,41
90031,2011-09,0.0,54.007806803971285,54.007806803971285,,Zero Demand,60
90036C,2011-11,1.0,13.371347529813546,12.371347529813546,1237.1347529813545,High,15
90036E,2011-08,0.0,18.880484830624948,18.880484830624948,,Zero Demand,21
90038A,2011-07,1.0,22.77980270700908,21.77980270700908,2177.980270700908,High,26
90038A,2011-08,6.0,22.77980270700908,16.779802707009082,279.6633784501514,High,26
90038A,2011-09,0.0,23.220666541550717,23.220666541550717,,Zero Demand,26
90039D,2011-07,2.0,22.77980270700908,20.77980270700908,1038.990135350454,High,26
90039D,2011-08,0.0,22.77980270700908,22.77980270700908,,Zero Demand,26
90054,2011-11,2.0,16.09900575574465,14.099005755744647,704.9502877872324,High,18
90057,2011-11,48.0,140.88229741506544,92.88229741506544,193.50478628138632,High,155
90058B,2011-11,36.0,110.37520831111736,74.37520831111735,206.59780086421486,High,122
90059A,2011-07,0.0,23.662915311205,23.662915311205,,Zero Demand,27
90059D,2011-07,1.0,23.662915311205,22.662915311205,2266.2915311205,High,27
90059D,2011-08,7.0,23.662915311205,16.662915311205,238.0416473029286,High,27
90059D,2011-09,0.0,23.662915311205,23.662915311205,,Zero Demand,27
90059E,2011-07,0.0,23.662915311205,23.662915311205,,Zero Demand,27
90059E,2011-10,6.0,23.662915311205,17.662915311205,294.38192185341666,High,27
90059E,2011-11,3.0,17.27411036343866,14.27411036343866,475.8036787812887,High,20
90059F,2011-07,0.0,23.662915311205,23.662915311205,,Zero Demand,27
90059F,2011-10,4.0,23.662915311205,19.662915311205,491.57288278012504,High,27
90059F,2011-11,2.0,16.09900575574465,14.099005755744647,704.9502877872324,High,18
90063A,2011-09,2.0,18.880484830624948,16.880484830624948,844.0242415312474,High,21
90063A,2011-10,2.0,18.880484830624948,16.880484830624948,844.0242415312474,High,21
90070,2011-08,1.0,18.880484830624948,17.880484830624948,1788.0484830624948,High,21
90070,2011-09,1.0,18.880484830624948,17.880484830624948,1788.0484830624948,High,21
90070,2011-10,4.0,18.880484830624948,14.880484830624948,372.0121207656237,High,21
90071,2011-07,1.0,39.64372617670296,38.64372617670296,3864.372617670296,High,44
90071,2011-08,1.0,36.86889358311649,35.86889358311649,3586.8893583116487,High,41
90071,2011-09,4.0,36.86889358311649,32.86889358311649,821.7223395779122,High,41
90071,2011-10,5.0,36.86889358311649,31.86889358311649,637.3778716623298,High,41
90071,2011-11,2.0,23.03651110011118,21.03651110011118,1051.825555005559,High,26
90072,2011-10,3.0,23.78987073457604,20.78987073457604,692.9956911525347,High,27
90072,2011-11,1.0,15.215893151548745,14.215893151548745,1421.5893151548744,High,17
90073,2011-07,0.0,25.29113813463597,25.29113813463597,,Zero Demand,28
90073,2011-10,2.0,18.880484830624948,16.880484830624948,844.0242415312474,High,21
90073,2011-11,2.0,13.371347529813546,11.371347529813546,568.5673764906772,High,15
90079,2011-07,0.0,18.880484830624948,18.880484830624948,,Zero Demand,21
90081A,2011-08,0.0,18.880484830624948,18.880484830624948,,Zero Demand,21
90081A,2011-11,2.0,13.371347529813546,11.371347529813546,568.5673764906772,High,15
90081C,2011-11,1.0,13.371347529813546,12.371347529813546,1237.1347529813545,High,15
90082A,2011-08,1.0,18.880484830624948,17.880484830624948,1788.0484830624948,High,21
90082A,2011-09,1.0,18.880484830624948,17.880484830624948,1788.0484830624948,High,21
90082A,2011-10,2.0,18.880484830624948,16.880484830624948,844.0242415312474,High,21
90082A,2011-11,4.0,13.371347529813546,9.371347529813546,234.28368824533865,High,15
90085,2011-07,1.0,23.662915311205,22.662915311205,2266.2915311205,High,27
90085,2011-08,0.0,23.662915311205,23.662915311205,,Zero Demand,27
90086,2011-09,8.0,23.662915311205,15.662915311205,195.7864413900625,High,27
90086,2011-10,7.0,25.23618875412428,18.23618875412428,260.5169822017754,High,28
90086,2011-11,61.0,19.68839035084263,41.31160964915737,67.72395024452028,High,22
90087,2011-07,1.0,23.662915311205,22.662915311205,2266.2915311205,High,27
90087,2011-08,3.0,23.662915311205,20.662915311205,688.7638437068333,High,27
90087,2011-09,15.0,23.662915311205,8.662915311205001,57.75276874136668,High,27
90087,2011-10,5.0,26.246364048677872,21.246364048677872,424.9272809735574,High,29
90087,2011-11,72.0,27.57918741867783,44.42081258132217,61.695573029614124,High,31
90089,2011-11,13.0,16.09900575574465,3.099005755744649,23.838505813420376,Moderate,18
90093,2011-07,1.0,24.84014187935909,23.84014187935909,2384.014187935909,High,28
90093,2011-08,1.0,35.69166701496239,34.69166701496239,3469.166701496239,High,40
90093,2011-09,0.0,23.662915311205,23.662915311205,,Zero Demand,27
90096,2011-07,2.0,23.662915311205,21.662915311205,1083.14576556025,High,27
90096,2011-08,1.0,23.662915311205,22.662915311205,2266.2915311205,High,27
90096,2011-09,0.0,23.662915311205,23.662915311205,,Zero Demand,27
90099,2011-11,1.0,18.84260305783992,17.84260305783992,1784.260305783992,High,21
90101,2011-07,1.0,25.67534341280964,24.67534341280964,2467.534341280964,High,29
90101,2011-08,6.0,30.07356861521602,24.07356861521602,401.2261435869337,High,34
90101,2011-09,3.0,23.662915311205,20.662915311205,688.7638437068333,High,27
90101,2011-10,5.0,23.662915311205,18.662915311205,373.2583062241,High,27
90101,2011-11,1.0,16.09900575574465,15.099005755744647,1509.9005755744647,High,18
90108,2011-08,12.0,24.84014187935909,12.840141879359091,107.00118232799242,High,28
90108,2011-09,1.0,37.43301151000661,36.43301151000661,3643.301151000661,High,42
90108,2011-10,2.0,42.10232031897342,40.10232031897342,2005.116015948671,High,47
90108,2011-11,1.0,16.09900575574465,15.099005755744647,1509.9005755744647,High,18
90114,2011-07,8.0,43.42428974037323,35.42428974037323,442.8036217546654,High,48
90114,2011-08,4.0,30.47173745044129,26.47173745044129,661.7934362610322,High,34
90114,2011-09,2.0,27.13011178913449,25.13011178913449,1256.5055894567245,High,30
90114,2011-10,54.0,23.662915311205,30.337084688795,56.179786460731485,High,27
90114,2011-11,5.0,35.483144767202134,30.48314476720213,609.6628953440426,High,40
90116,2011-07,3.0,25.23618875412428,22.23618875412428,741.2062918041428,High,28
90116,2011-08,2.0,28.614382768611637,26.614382768611637,1330.7191384305818,High,32
90116,2011-09,1.0,23.662915311205,22.662915311205,2266.2915311205,High,27
90116,2011-10,6.0,23.662915311205,17.662915311205,294.38192185341666,High,27
90116,2011-11,14.0,17.27411036343866,3.274110363438659,23.38650259599042,Moderate,20
90118,2011-07,3.0,23.662915311205,20.662915311205,688.7638437068333,High,27
90118,2011-08,6.0,23.662915311205,17.662915311205,294.38192185341666,High,27
90118,2011-09,0.0,23.662915311205,23.662915311205,,Zero Demand,27
90119,2011-07,2.0,23.662915311205,21.662915311205,1083.14576556025,High,27
90119,2011-08,9.0,23.662915311205,14.662915311205,162.9212812356111,High,27
90119,2011-09,12.0,24.838019918899004,12.838019918899004,106.98349932415836,High,28
90119,2011-10,26.0,29.78470662778762,3.784706627787621,14.556563953029311,Low,33
90119,2011-11,16.0,41.07484019495439,25.07484019495439,156.71775121846494,High,46
90120B,2011-07,4.0,22.77980270700908,18.77980270700908,469.49506767522695,High,26
90120B,2011-08,1.0,22.77980270700908,21.77980270700908,2177.980270700908,High,26
90120B,2011-09,2.0,22.77980270700908,20.77980270700908,1038.990135350454,High,26
90120B,2011-10,12.0,22.77980270700908,10.779802707009082,89.83168922507568,High,26
90120B,2011-11,2.0,16.82708084526635,14.827080845266352,741.3540422633175,High,19
90120C,2011-07,0.0,22.77980270700908,22.77980270700908,,Zero Demand,26
90120C,2011-10,11.0,22.77980270700908,11.779802707009082,107.08911551826439,High,26
90120C,2011-11,3.0,16.220874912980477,13.220874912980475,440.69583043268256,High,18
90122A,2011-07,0.0,20.05558943831896,20.05558943831896,,Zero Demand,23
90122C,2011-07,1.0,18.880484830624948,17.880484830624948,1788.0484830624948,High,21
90122C,2011-08,2.0,18.880484830624948,16.880484830624948,844.0242415312474,High,21
90122C,2011-09,5.0,18.880484830624948,13.880484830624948,277.60969661249896,High,21
90122C,2011-10,1.0,18.880484830624948,17.880484830624948,1788.0484830624948,High,21
90122C,2011-11,1.0,13.371347529813546,12.371347529813546,1237.1347529813545,High,15
90123A,2011-08,0.0,18.880484830624948,18.880484830624948,,Zero Demand,21
90124C,2011-09,3.0,18.880484830624948,15.880484830624948,529.3494943541649,High,21
90124C,2011-10,1.0,18.880484830624948,17.880484830624948,1788.0484830624948,High,21
90129A,2011-07,3.0,23.662915311205,20.662915311205,688.7638437068333,High,27
90129A,2011-08,5.0,23.662915311205,18.662915311205,373.2583062241,High,27
90129A,2011-09,1.0,23.662915311205,22.662915311205,2266.2915311205,High,27
90129B,2011-07,2.0,23.662915311205,21.662915311205,1083.14576556025,High,27
90129B,2011-08,4.0,23.662915311205,19.662915311205,491.57288278012504,High,27
90129B,2011-09,6.0,23.662915311205,17.662915311205,294.38192185341666,High,27
90129B,2011-10,9.0,23.662915311205,14.662915311205,162.9212812356111,High,27
90129B,2011-11,1.0,16.09900575574465,15.099005755744647,1509.9005755744647,High,18
90129C,2011-07,0.0,23.662915311205,23.662915311205,,Zero Demand,27
90129C,2011-10,1.0,23.662915311205,22.662915311205,2266.2915311205,High,27
90129C,2011-11,1.0,22.509659059755663,21.509659059755663,2150.9659059755663,High,25
90129E,2011-08,4.0,23.662915311205,19.662915311205,491.57288278012504,High,27
90129E,2011-09,7.0,23.662915311205,16.662915311205,238.0416473029286,High,27
90129E,2011-10,2.0,23.662915311205,21.662915311205,1083.14576556025,High,27
90129F,2011-07,2.0,23.662915311205,21.662915311205,1083.14576556025,High,27
90129F,2011-08,6.0,23.662915311205,17.662915311205,294.38192185341666,High,27
90129F,2011-09,2.0,23.662915311205,21.662915311205,1083.14576556025,High,27
90129F,2011-10,9.0,23.662915311205,14.662915311205,162.9212812356111,High,27
90129F,2011-11,1.0,16.09900575574465,15.099005755744647,1509.9005755744647,High,18
90130B,2011-07,2.0,23.662915311205,21.662915311205,1083.14576556025,High,27
90130B,2011-08,8.0,23.662915311205,15.662915311205,195.7864413900625,High,27
90130B,2011-09,1.0,23.662915311205,22.662915311205,2266.2915311205,High,27
90130B,2011-10,6.0,26.077195298608974,20.077195298608974,334.6199216434829,High,29
90130B,2011-11,4.0,17.672279198663933,13.672279198663931,341.8069799665983,High,20
90130C,2011-08,0.0,23.662915311205,23.662915311205,,Zero Demand,27
90130C,2011-11,1.0,16.09900575574465,15.099005755744647,1509.9005755744647,High,18
90134,2011-07,1.0,23.662915311205,22.662915311205,2266.2915311205,High,27
90134,2011-08,1.0,23.662915311205,22.662915311205,2266.2915311205,High,27
90134,2011-09,4.0,23.662915311205,19.662915311205,491.57288278012504,High,27
90134,2011-10,7.0,23.662915311205,16.662915311205,238.0416473029286,High,27
90134,2011-11,3.0,17.672279198663933,14.672279198663931,489.0759732887977,High,20
90141C,2011-07,0.0,18.880484830624948,18.880484830624948,,Zero Demand,21
90143,2011-08,3.0,18.880484830624948,15.880484830624948,529.3494943541649,High,21
90143,2011-09,1.0,18.880484830624948,17.880484830624948,1788.0484830624948,High,21
90143,2011-10,0.0,18.880484830624948,18.880484830624948,,Zero Demand,21
90144,2011-09,1.0,22.77980270700908,21.77980270700908,2177.980270700908,High,26
90144,2011-10,3.0,22.77980270700908,19.77980270700908,659.3267569003026,High,26
90145,2011-07,3.0,18.880484830624948,15.880484830624948,529.3494943541649,High,21
90145,2011-08,5.0,18.880484830624948,13.880484830624948,277.60969661249896,High,21
90145,2011-09,3.0,18.880484830624948,15.880484830624948,529.3494943541649,High,21
90145,2011-10,2.0,18.880484830624948,16.880484830624948,844.0242415312474,High,21
90145,2011-11,2.0,13.371347529813546,11.371347529813546,568.5673764906772,High,15
90154,2011-09,0.0,45.074625784998425,45.074625784998425,,Zero Demand,50
90158,2011-07,2.0,18.880484830624948,16.880484830624948,844.0242415312474,High,21
90158,2011-08,2.0,18.880484830624948,16.880484830624948,844.0242415312474,High,21
90158,2011-09,3.0,18.880484830624948,15.880484830624948,529.3494943541649,High,21
90158,2011-10,13.0,18.880484830624948,5.880484830624948,45.23449869711499,Moderate,21
90158,2011-11,3.0,16.55580866645044,13.55580866645044,451.86028888168136,High,19
90160A,2011-07,2.0,18.880484830624948,16.880484830624948,844.0242415312474,High,21
90160A,2011-08,9.0,18.880484830624948,9.880484830624948,109.78316478472163,High,21
90160A,2011-09,1.0,19.32134866516658,18.32134866516658,1832.134866516658,High,22
90160A,2011-10,0.0,23.831952288031584,23.831952288031584,,Zero Demand,27
90160B,2011-08,9.0,18.880484830624948,9.880484830624948,109.78316478472163,High,21
90160B,2011-09,0.0,19.32134866516658,19.32134866516658,,Zero Demand,22
90160C,2011-07,3.0,18.880484830624948,15.880484830624948,529.3494943541649,High,21
90160C,2011-08,8.0,18.880484830624948,10.880484830624948,136.00606038281185,High,21
90160C,2011-09,1.0,19.32134866516658,18.32134866516658,1832.134866516658,High,22
90160C,2011-10,13.0,21.294764818028927,8.294764818028927,63.80588321560713,High,24
90160C,2011-11,1.0,14.982535223531151,13.982535223531151,1398.2535223531152,High,17
90160D,2011-07,0.0,18.880484830624948,18.880484830624948,,Zero Demand,21
90160D,2011-10,10.0,23.831952288031584,13.831952288031584,138.31952288031584,High,27
90161A,2011-10,2.0,18.880484830624948,16.880484830624948,844.0242415312474,High,21
90161A,2011-11,3.0,13.371347529813546,10.371347529813546,345.7115843271182,High,15
90161B,2011-07,0.0,20.496453272860588,20.496453272860588,,Zero Demand,23
90161B,2011-10,14.0,25.7320019691776,11.7320019691776,83.8000140655543,High,29
90161B,2011-11,8.0,21.174275758591723,13.174275758591724,164.67844698239657,High,24
90161C,2011-07,2.0,21.45874003497597,19.45874003497597,972.9370017487986,High,24
90161C,2011-08,9.0,25.29113813463597,16.29113813463597,181.01264594039966,High,28
90161C,2011-09,11.0,19.32134866516658,8.321348665166578,75.64862422878707,High,22
90161C,2011-10,21.0,24.83693404946333,3.8369340494633306,18.271114521253956,Low,28
90161C,2011-11,7.0,28.13370090332421,21.13370090332421,301.91001290463157,High,31
90161D,2011-10,5.0,21.735628652570558,16.735628652570554,334.7125730514111,High,24
90161D,2011-11,12.0,19.78200083382456,7.782000833824558,64.85000694853798,High,22
90162B,2011-10,12.0,23.662915311205,11.662915311205,97.19096092670833,High,27
90164A,2011-08,0.0,18.880484830624948,18.880484830624948,,Zero Demand,21
90164A,2011-11,6.0,13.812211364355171,7.812211364355173,130.2035227392529,High,16
90164B,2011-11,1.0,27.435855148247324,26.435855148247324,2643.5855148247324,High,31
90165A,2011-07,0.0,23.662915311205,23.662915311205,,Zero Demand,27
90165B,2011-08,1.0,23.662915311205,22.662915311205,2266.2915311205,High,27
90165B,2011-09,1.0,23.662915311205,22.662915311205,2266.2915311205,High,27
90165B,2011-10,4.0,23.662915311205,19.662915311205,491.57288278012504,High,27
90165B,2011-11,3.0,16.09900575574465,13.099005755744647,436.6335251914882,High,18
90166,2011-08,4.0,22.77980270700908,18.77980270700908,469.49506767522695,High,26
90166,2011-09,5.0,22.77980270700908,17.779802707009082,355.59605414018165,High,26
90166,2011-10,2.0,22.77980270700908,20.77980270700908,1038.990135350454,High,26
90166,2011-11,1.0,15.215893151548745,14.215893151548745,1421.5893151548744,High,17
90168,2011-10,3.0,23.662915311205,20.662915311205,688.7638437068333,High,27
90168,2011-11,3.0,16.09900575574465,13.099005755744647,436.6335251914882,High,18
90169,2011-10,1.0,23.662915311205,22.662915311205,2266.2915311205,High,27
90169,2011-11,1.0,16.09900575574465,15.099005755744647,1509.9005755744647,High,18
90170,2011-07,1.0,29.012551603836908,28.012551603836908,2801.255160383691,High,32
90170,2011-08,13.0,28.614382768611637,15.614382768611634,120.11063668162795,High,32
90170,2011-09,0.0,24.83323917038098,24.83323917038098,,Zero Demand,28
90173,2011-07,0.0,22.77980270700908,22.77980270700908,,Zero Demand,26
90174,2011-07,0.0,24.672983338771957,24.672983338771957,,Zero Demand,28
90174,2011-10,8.0,28.614382768611637,20.614382768611637,257.67978460764544,High,32
90174,2011-11,4.0,17.672279198663933,13.672279198663931,341.8069799665983,High,20
90175A,2011-07,1.0,18.880484830624948,17.880484830624948,1788.0484830624948,High,21
90175A,2011-08,1.0,18.880484830624948,17.880484830624948,1788.0484830624948,High,21
90175A,2011-09,0.0,18.880484830624948,18.880484830624948,,Zero Demand,21
90175B,2011-10,2.0,18.880484830624948,16.880484830624948,844.0242415312474,High,21
90175D,2011-07,0.0,18.880484830624948,18.880484830624948,,Zero Demand,21
90177A,2011-07,1.0,23.662915311205,22.662915311205,2266.2915311205,High,27
90177A,2011-08,6.0,23.662915311205,17.662915311205,294.38192185341666,High,27
90177A,2011-09,1.0,23.662915311205,22.662915311205,2266.2915311205,High,27
90177A,2011-10,1.0,23.662915311205,22.662915311205,2266.2915311205,High,27
90177A,2011-11,1.0,16.09900575574465,15.099005755744647,1509.9005755744647,High,18
90177C,2011-07,1.0,23.662915311205,22.662915311205,2266.2915311205,High,27
90177C,2011-08,6.0,23.662915311205,17.662915311205,294.38192185341666,High,27
90177C,2011-09,0.0,23.662915311205,23.662915311205,,Zero Demand,27
90177D,2011-07,0.0,23.662915311205,23.662915311205,,Zero Demand,27
90177D,2011-10,3.0,24.672983338771957,21.672983338771957,722.4327779590652,High,28
90177D,2011-11,1.0,16.09900575574465,15.099005755744647,1509.9005755744647,High,18
90179C,2011-08,0.0,18.880484830624948,18.880484830624948,,Zero Demand,21
90181B,2011-07,0.0,18.880484830624948,18.880484830624948,,Zero Demand,21
90181B,2011-11,2.0,13.371347529813546,11.371347529813546,568.5673764906772,High,15
90182A,2011-08,0.0,23.662915311205,23.662915311205,,Zero Demand,27
90182A,2011-11,1.0,16.09900575574465,15.099005755744647,1509.9005755744647,High,18
90182C,2011-08,6.0,23.662915311205,17.662915311205,294.38192185341666,High,27
90182C,2011-09,1.0,23.662915311205,22.662915311205,2266.2915311205,High,27
90182C,2011-10,0.0,23.662915311205,23.662915311205,,Zero Demand,27
90183A,2011-07,3.0,23.662915311205,20.662915311205,688.7638437068333,High,27
90183A,2011-08,19.0,23.662915311205,4.662915311205001,24.5416595326579,Moderate,27
90183A,2011-09,1.0,30.490546015955317,29.490546015955317,2949.0546015955315,High,34
90183A,2011-10,3.0,30.07356861521602,27.07356861521602,902.4522871738674,High,34
90183A,2011-11,5.0,16.09900575574465,11.099005755744647,221.98011511489293,High,18
90183B,2011-07,1.0,23.662915311205,22.662915311205,2266.2915311205,High,27
90183B,2011-08,0.0,23.662915311205,23.662915311205,,Zero Demand,27
90183B,2011-11,2.0,16.09900575574465,14.099005755744647,704.9502877872324,High,18
90184B,2011-09,0.0,19.32134866516658,19.32134866516658,,Zero Demand,22
90184C,2011-10,4.0,18.880484830624948,14.880484830624948,372.0121207656237,High,21
90184C,2011-11,1.0,13.371347529813546,12.371347529813546,1237.1347529813545,High,15
90185A,2011-10,1.0,22.77980270700908,21.77980270700908,2177.980270700908,High,26
90185B,2011-09,1.0,23.220666541550717,22.220666541550717,2222.066654155072,High,26
90185B,2011-10,1.0,22.77980270700908,21.77980270700908,2177.980270700908,High,26
90185B,2011-11,1.0,15.215893151548745,14.215893151548745,1421.5893151548744,High,17
90186A,2011-08,0.0,23.662915311205,23.662915311205,,Zero Demand,27
90187B,2011-07,0.0,23.662915311205,23.662915311205,,Zero Demand,27
90188,2011-11,3.0,16.09900575574465,13.099005755744647,436.6335251914882,High,18
90190C,2011-09,0.0,23.662915311205,23.662915311205,,Zero Demand,27
90191,2011-10,6.0,20.491672524342565,14.491672524342563,241.52787540570938,High,23
90191,2011-11,2.0,20.222864668366185,18.222864668366185,911.1432334183093,High,23
90192,2011-07,2.0,18.880484830624948,16.880484830624948,844.0242415312474,High,21
90192,2011-08,6.0,18.880484830624948,12.880484830624948,214.67474717708245,High,21
90192,2011-09,5.0,19.32134866516658,14.321348665166578,286.4269733033316,High,22
90192,2011-10,6.0,18.880484830624948,12.880484830624948,214.67474717708245,High,21
90192,2011-11,3.0,13.812211364355171,10.812211364355171,360.4070454785057,High,16
90195A,2011-10,2.0,18.880484830624948,16.880484830624948,844.0242415312474,High,21
90195A,2011-11,6.0,16.09900575574465,10.099005755744647,168.31676259574414,High,18
90197B,2011-07,3.0,20.05558943831896,17.05558943831896,568.5196479439653,High,23
90197B,2011-08,1.0,18.880484830624948,17.880484830624948,1788.0484830624948,High,21
90197B,2011-09,2.0,18.880484830624948,16.880484830624948,844.0242415312474,High,21
90197B,2011-10,6.0,18.880484830624948,12.880484830624948,214.67474717708245,High,21
90197B,2011-11,2.0,13.812211364355171,11.812211364355171,590.6105682177586,High,16
90198A,2011-07,4.0,22.77980270700908,18.77980270700908,469.49506767522695,High,26
90198A,2011-08,1.0,22.77980270700908,21.77980270700908,2177.980270700908,High,26
90198A,2011-09,5.0,22.77980270700908,17.779802707009082,355.59605414018165,High,26
90198A,2011-10,19.0,22.77980270700908,3.7798027070090825,19.89369845794254,Low,26
90198A,2011-11,11.0,24.05766113375996,13.05766113375996,118.70601030690872,High,27
90198B,2011-07,3.0,22.77980270700908,19.77980270700908,659.3267569003026,High,26
90198B,2011-08,1.0,22.77980270700908,21.77980270700908,2177.980270700908,High,26
90198B,2011-09,1.0,22.77980270700908,21.77980270700908,2177.980270700908,High,26
90198B,2011-10,11.0,22.77980270700908,11.779802707009082,107.08911551826439,High,26
90198B,2011-11,2.0,16.220874912980477,14.220874912980475,711.0437456490238,High,18
90199B,2011-11,2.0,13.371347529813546,11.371347529813546,568.5673764906772,High,15
90199C,2011-09,0.0,18.880484830624948,18.880484830624948,,Zero Demand,21
90200A,2011-07,5.0,22.77980270700908,17.779802707009082,355.59605414018165,High,26
90200A,2011-08,2.0,22.77980270700908,20.77980270700908,1038.990135350454,High,26
90200A,2011-09,3.0,22.77980270700908,19.77980270700908,659.3267569003026,High,26
90200A,2011-10,7.0,22.77980270700908,15.779802707009082,225.4257529572726,High,26
90200A,2011-11,22.0,17.23003042900965,4.769969570990352,21.681679868137962,Moderate,19
90200B,2011-07,6.0,23.220666541550717,17.220666541550713,287.01110902584526,High,26
90200B,2011-08,6.0,28.172133998957356,22.172133998957356,369.53556664928925,High,31
90200B,2011-09,5.0,24.79393998447,19.79393998447,395.8787996894,High,28
90200B,2011-10,5.0,22.77980270700908,17.779802707009082,355.59605414018165,High,26
90200B,2011-11,11.0,16.390997759242744,5.390997759242744,49.0090705385704,Moderate,19
90200D,2011-07,6.0,29.63131984556173,23.63131984556173,393.8553307593622,High,33
90200D,2011-08,5.0,28.172133998957356,23.172133998957356,463.44267997914716,High,31
90200D,2011-09,34.0,23.95490731470309,10.045092685296908,29.54439025087326,Moderate,27
90200D,2011-10,14.0,43.52507021133354,29.525070211333546,210.89335865238246,High,48
90200D,2011-11,21.0,35.191400107270304,14.191400107270304,67.57809574890621,High,39
90200E,2011-07,6.0,22.77980270700908,16.779802707009082,279.6633784501514,High,26
90200E,2011-08,2.0,23.220666541550717,21.220666541550717,1061.033327077536,High,26
90200E,2011-09,26.0,22.77980270700908,3.220197292990917,12.38537420381122,Low,26
90200E,2011-10,8.0,41.95179676841426,33.95179676841426,424.39745960517826,High,47
90200E,2011-11,13.0,25.210791565416965,12.210791565416963,93.92916588782279,High,28
90201A,2011-07,0.0,28.614382768611637,28.614382768611637,,Zero Demand,32
90201A,2011-10,4.0,32.818781055306346,28.818781055306346,720.4695263826586,High,37
90201A,2011-11,2.0,16.09900575574465,14.099005755744647,704.9502877872324,High,18
90201B,2011-07,1.0,30.07356861521602,29.07356861521602,2907.356861521602,High,34
90201B,2011-08,24.0,28.614382768611637,4.614382768611634,19.22659486921514,Low,32
90201B,2011-09,8.0,42.39404553806855,34.394045538068546,429.9255692258568,High,47
90201B,2011-10,1.0,32.818781055306346,31.818781055306346,3181.8781055306345,High,37
90201B,2011-11,7.0,18.513285743148625,11.513285743148623,164.4755106164089,High,21
90201C,2011-07,0.0,30.07356861521602,30.07356861521602,,Zero Demand,34
90201C,2011-10,1.0,30.07356861521602,29.07356861521602,2907.356861521602,High,34
90201C,2011-11,2.0,17.109073783311608,15.109073783311608,755.4536891655804,High,19
90201D,2011-07,1.0,30.07356861521602,29.07356861521602,2907.356861521602,High,34
90201D,2011-08,27.0,24.672983338771957,2.327016661228047,8.618580226770545,Low,28
90201D,2011-09,1.0,42.39404553806855,41.39404553806855,4139.404553806855,High,47
90201D,2011-10,5.0,32.818781055306346,27.818781055306346,556.3756211061269,High,37
90201D,2011-11,1.0,17.27411036343866,16.27411036343866,1627.4110363438658,High,20
90202B,2011-10,2.0,23.662915311205,21.662915311205,1083.14576556025,High,27
90202B,2011-11,1.0,16.09900575574465,15.099005755744647,1509.9005755744647,High,18
90202C,2011-09,0.0,23.662915311205,23.662915311205,,Zero Demand,27
90202D,2011-09,0.0,23.662915311205,23.662915311205,,Zero Demand,27
90204,2011-07,0.0,23.662915311205,23.662915311205,,Zero Demand,27
90204,2011-10,7.0,23.662915311205,16.662915311205,238.0416473029286,High,27
90204,2011-11,2.0,17.672279198663933,15.672279198663931,783.6139599331966,High,20
90205A,2011-07,9.0,23.662915311205,14.662915311205,162.9212812356111,High,27
90205A,2011-08,4.0,23.662915311205,19.662915311205,491.57288278012504,High,27
90205A,2011-09,1.0,28.614382768611637,27.614382768611637,2761.4382768611636,High,32
90205A,2011-10,4.0,23.662915311205,19.662915311205,491.57288278012504,High,27
90205C,2011-07,1.0,23.662915311205,22.662915311205,2266.2915311205,High,27
90205C,2011-08,4.0,23.662915311205,19.662915311205,491.57288278012504,High,27
90205C,2011-09,1.0,23.662915311205,22.662915311205,2266.2915311205,High,27
90205C,2011-10,4.0,23.662915311205,19.662915311205,491.57288278012504,High,27
90206C,2011-07,7.0,18.880484830624948,11.880484830624948,169.7212118660707,High,21
90206C,2011-08,0.0,19.32134866516658,19.32134866516658,,Zero Demand,22
90206C,2011-11,6.0,15.385484807274446,9.385484807274446,156.42474678790742,High,17
90208,2011-07,0.0,23.662915311205,23.662915311205,,Zero Demand,27
90208,2011-10,12.0,23.662915311205,11.662915311205,97.19096092670833,High,27
90208,2011-11,8.0,14.969236316678264,6.9692363166782645,87.11545395847831,High,17
90209A,2011-09,0.0,42.40207784018768,42.40207784018768,,Zero Demand,47
90209B,2011-07,59.0,43.42428974037323,15.575710259626767,26.399508914621638,Moderate,48
90209B,2011-08,0.0,57.15463711079776,57.15463711079776,,Zero Demand,63
90209C,2011-07,141.0,43.45499433071318,97.54500566928682,69.18085508460058,High,48
90209C,2011-08,5.0,100.91053315535449,95.91053315535449,1918.2106631070899,High,112
90209C,2011-09,4.0,47.23437491446998,43.23437491446998,1080.8593728617495,High,52
90210B,2011-10,0.0,24.84014187935909,24.84014187935909,,Zero Demand,28
90214A,2011-07,3.0,52.10985516151358,49.10985516151358,1636.9951720504528,High,58
90214A,2011-08,6.0,43.27954688712752,37.27954688712752,621.3257814521254,High,48
90214A,2011-09,5.0,36.86889358311649,31.86889358311649,637.3778716623298,High,41
90214A,2011-10,16.0,36.86889358311649,20.86889358311649,130.43058489447805,High,41
90214A,2011-11,25.0,30.43304048026965,5.43304048026965,21.7321619210786,Moderate,34
90214B,2011-07,3.0,39.64372617670296,36.64372617670296,1221.4575392234321,High,44
90214B,2011-08,3.0,36.86889358311649,33.86889358311649,1128.9631194372164,High,41
90214B,2011-09,0.0,36.86889358311649,36.86889358311649,,Zero Demand,41
90214C,2011-07,1.0,57.95774400525176,56.95774400525176,5695.774400525176,High,64
90214C,2011-08,1.0,43.27954688712752,42.27954688712752,4227.954688712753,High,48
90214C,2011-09,1.0,36.86889358311649,35.86889358311649,3586.8893583116487,High,41
90214C,2011-10,6.0,36.86889358311649,30.86889358311649,514.4815597186082,High,41
90214C,2011-11,27.0,23.03651110011118,3.9634888998888194,14.679588518106737,Low,26
90214D,2011-07,1.0,39.64372617670296,38.64372617670296,3864.372617670296,High,44
90214D,2011-08,1.0,41.82036104052314,40.82036104052314,4082.036104052314,High,47
90214D,2011-09,2.0,36.86889358311649,34.86889358311649,1743.4446791558244,High,41
90214D,2011-10,6.0,36.86889358311649,30.86889358311649,514.4815597186082,High,41
90214D,2011-11,24.0,23.03651110011118,0.9634888998888194,4.014537082870081,Low,26
90214E,2011-07,1.0,40.65379420426992,39.65379420426992,3965.379420426992,High,45
90214E,2011-08,4.0,41.82036104052314,37.82036104052314,945.5090260130785,High,47
90214E,2011-09,2.0,36.86889358311649,34.86889358311649,1743.4446791558244,High,41
90214E,2011-10,6.0,36.86889358311649,30.86889358311649,514.4815597186082,High,41
90214E,2011-11,25.0,23.03651110011118,1.9634888998888196,7.853955599555279,Low,26
90214F,2011-10,0.0,36.86889358311649,36.86889358311649,,Zero Demand,41
90214G,2011-07,2.0,39.64372617670296,37.64372617670296,1882.186308835148,High,44
90214G,2011-08,2.0,36.86889358311649,34.86889358311649,1743.4446791558244,High,41
90214G,2011-09,1.0,36.86889358311649,35.86889358311649,3586.8893583116487,High,41
90214G,2011-10,6.0,36.86889358311649,30.86889358311649,514.4815597186082,High,41
90214G,2011-11,25.0,23.03651110011118,1.9634888998888196,7.853955599555279,Low,26
90214H,2011-07,2.0,39.64372617670296,37.64372617670296,1882.186308835148,High,44
90214H,2011-08,4.0,36.86889358311649,32.86889358311649,821.7223395779122,High,41
90214H,2011-09,1.0,36.86889358311649,35.86889358311649,3586.8893583116487,High,41
90214H,2011-10,8.0,36.86889358311649,28.86889358311649,360.8611697889561,High,41
90214H,2011-11,13.0,23.03651110011118,10.03651110011118,77.20393153931677,High,26
90214I,2011-07,1.0,40.20784410359308,39.20784410359308,3920.7844103593084,High,45
90214I,2011-08,2.0,43.27954688712752,41.27954688712752,2063.9773443563763,High,48
90214I,2011-09,1.0,36.86889358311649,35.86889358311649,3586.8893583116487,High,41
90214I,2011-10,0.0,36.86889358311649,36.86889358311649,,Zero Demand,41
90214J,2011-07,4.0,39.64372617670296,35.643726176702955,891.0931544175739,High,44
90214J,2011-08,6.0,36.86889358311649,30.86889358311649,514.4815597186082,High,41
90214J,2011-09,3.0,38.44216702603577,35.44216702603577,1181.4055675345257,High,43
90214J,2011-10,7.0,36.86889358311649,29.86889358311649,426.698479758807,High,41
90214J,2011-11,13.0,23.03651110011118,10.03651110011118,77.20393153931677,High,26
90214K,2011-07,1.0,39.64372617670296,38.64372617670296,3864.372617670296,High,44
90214K,2011-08,3.0,41.82036104052314,38.82036104052314,1294.0120346841047,High,47
90214K,2011-09,1.0,36.86889358311649,35.86889358311649,3586.8893583116487,High,41
90214K,2011-10,6.0,36.86889358311649,30.86889358311649,514.4815597186082,High,41
90214K,2011-11,26.0,23.03651110011118,2.96348889988882,11.398034230341615,Low,26
90214L,2011-07,4.0,41.049948346021736,37.049948346021736,926.2487086505434,High,46
90214L,2011-08,3.0,43.27954688712752,40.27954688712752,1342.6515629042508,High,48
90214L,2011-09,6.0,36.86889358311649,30.86889358311649,514.4815597186082,High,41
90214L,2011-10,0.0,38.0439981908105,38.0439981908105,,Zero Demand,42
90214M,2011-08,4.0,36.86889358311649,32.86889358311649,821.7223395779122,High,41
90214M,2011-09,2.0,36.86889358311649,34.86889358311649,1743.4446791558244,High,41
90214M,2011-10,6.0,36.86889358311649,30.86889358311649,514.4815597186082,High,41
90214M,2011-11,12.0,23.03651110011118,11.03651110011118,91.97092583425984,High,26
90214N,2011-07,1.0,39.64372617670296,38.64372617670296,3864.372617670296,High,44
90214N,2011-08,3.0,36.86889358311649,33.86889358311649,1128.9631194372164,High,41
90214N,2011-09,1.0,36.86889358311649,35.86889358311649,3586.8893583116487,High,41
90214N,2011-10,2.0,36.86889358311649,34.86889358311649,1743.4446791558244,High,41
90214N,2011-11,15.0,23.03651110011118,8.03651110011118,53.576740667407876,High,26
90214R,2011-08,4.0,36.86889358311649,32.86889358311649,821.7223395779122,High,41
90214R,2011-09,0.0,36.86889358311649,36.86889358311649,,Zero Demand,41
90214S,2011-07,0.0,39.64372617670296,39.64372617670296,,Zero Demand,44
90214S,2011-10,12.0,41.82036104052314,29.82036104052314,248.50300867102618,High,47
90214S,2011-11,25.0,23.6006290270013,1.3993709729986996,5.5974838919947985,Low,26
90214T,2011-09,0.0,36.86889358311649,36.86889358311649,,Zero Demand,41
90214V,2011-07,1.0,39.64372617670296,38.64372617670296,3864.372617670296,High,44
90214V,2011-08,0.0,36.86889358311649,36.86889358311649,,Zero Demand,41
90214V,2011-11,12.0,23.03651110011118,11.03651110011118,91.97092583425984,High,26
90214Z,2011-07,0.0,39.64372617670296,39.64372617670296,,Zero Demand,44
90214Z,2011-10,0.0,36.86889358311649,36.86889358311649,,Zero Demand,41
BANK CHARGES,2011-10,2.0,18.880484830624948,16.880484830624948,844.0242415312474,High,21
BANK CHARGES,2011-11,1.0,13.371347529813546,12.371347529813546,1237.1347529813545,High,15
C2,2011-07,8.0,32.8192103164746,24.819210316474603,310.24012895593256,High,37
C2,2011-08,18.0,26.130170804402876,8.130170804402873,45.16761558001596,Moderate,29
C2,2011-09,14.0,49.25955911735343,35.25955911735343,251.8539936953817,High,55
C2,2011-10,23.0,46.70150729623069,23.701507296230687,103.05003172274212,High,52
C2,2011-11,4.0,39.59181964409888,35.591819644098884,889.795491102472,High,44
DCGSSGIRL,2011-08,0.0,35.69166701496239,35.69166701496239,,Zero Demand,40
