StockCode,MonthYear,Next_Month_Quantity,Predicted_Quantity,Absolute_Error,Demand_Level,Relative_Error_Pct,Prediction_Risk
10080,2011-07,60.0,83.39326089722736,23.393260897227364,51-100,38.98876816204561,Moderate
10080,2011-08,60.0,79.97529020400461,19.975290204004608,51-100,33.29215034000768,Moderate
10080,2011-09,6.0,91.58763832343256,85.58763832343256,0-10,1426.460638723876,High
10080,2011-10,91.0,72.07298594106612,18.92701405893388,51-100,20.79891654827899,Moderate
10120,2011-08,10.0,61.7334619622918,51.7334619622918,0-10,517.334619622918,High
10120,2011-09,10.0,65.07727849176912,55.07727849176912,0-10,550.7727849176912,High
10120,2011-10,49.0,52.05811853597356,3.058118535973556,11-50,6.241058236680726,Low
10120,2011-11,6.0,58.198617259804514,52.198617259804514,0-10,869.9769543300752,High
10125,2011-07,85.0,138.17254714474706,53.17254714474706,51-100,62.55593781734948,High
10125,2011-08,210.0,98.13180797209128,111.86819202790872,101-500,53.27056763233748,High
10125,2011-09,51.0,151.97232245538655,100.97232245538656,51-100,197.98494599095403,High
10125,2011-10,62.0,93.403329749172,31.403329749171988,51-100,50.65053185350321,High
10125,2011-11,26.0,68.97581943487121,42.97581943487121,11-50,165.29161321104314,High
10133,2011-07,753.0,586.3286390193273,166.67136098067272,501-1000,22.13431088720753,Moderate
10133,2011-08,207.0,489.2211196367549,282.2211196367549,101-500,136.33870513852895,High
10135,2011-07,151.0,148.1468145165038,2.8531854834961905,101-500,1.8895268102623777,Low
10135,2011-08,70.0,129.13933699703674,59.139336997036736,51-100,84.48476713862391,High
10135,2011-09,69.0,123.32733033977772,54.32733033977772,51-100,78.73526136199669,High
10135,2011-10,181.0,108.34361823943384,72.65638176056615,101-500,40.14164738152826,Moderate
10135,2011-11,69.0,101.58175091409493,32.58175091409491,51-100,47.21992886100711,Moderate
11001,2011-07,499.0,200.68850939055744,298.31149060944256,101-500,59.78186184557968,High
11001,2011-08,96.0,275.32171413126014,179.32171413126014,51-100,186.79345222006265,High
11001,2011-09,116.0,157.0081210386891,41.0081210386891,101-500,35.35182848162853,Moderate
11001,2011-10,128.0,184.5639947067416,56.56399470674157,101-500,44.19062086464185,Moderate
11001,2011-11,22.0,107.32666821697278,85.32666821697278,11-50,387.84849189533077,High
15030,2011-07,2.0,94.37860107947888,92.37860107947888,0-10,4618.930053973944,High
15030,2011-08,3.0,72.07298594106612,69.07298594106612,0-10,2302.4328647022044,High
15030,2011-09,10.0,46.12694965944646,36.12694965944646,0-10,361.2694965944646,High
15030,2011-10,22.0,45.64746523196252,23.64746523196252,11-50,107.48847832710237,High
15030,2011-11,2.0,53.74761485640741,51.74761485640741,0-10,2587.3807428203704,High
15034,2011-07,205.0,336.1101128440364,131.1101128440364,101-500,63.95615260684701,High
15034,2011-08,394.0,386.6946576086124,7.305342391387569,101-500,1.8541478150729869,Low
15034,2011-09,1791.0,579.9589093330552,1211.041090666945,1001-5000,67.61815134935483,High
15034,2011-10,573.0,822.763751696969,249.76375169696905,501-1000,43.58878738166999,Moderate
15034,2011-11,2.0,477.21966029803474,475.21966029803474,0-10,23760.983014901736,High
15036,2011-07,1427.0,2408.9731805826805,981.9731805826804,1001-5000,68.81381784041209,High
15036,2011-08,487.0,2249.8176451316685,1762.8176451316683,101-500,361.97487579705717,High
15036,2011-09,1255.0,1352.4179580666696,97.4179580666696,1001-5000,7.762387096945784,Low
15036,2011-10,604.0,1741.076705088041,1137.076705088041,501-1000,188.2577326304704,High
15036,2011-11,69.0,612.4156198427937,543.4156198427937,51-100,787.5588693373822,High
15039,2011-07,152.0,244.3700839195565,92.37008391955652,101-500,60.769792052339824,High
15039,2011-08,61.0,241.80824319814417,180.80824319814417,51-100,296.40695606253144,High
15039,2011-09,134.0,115.68276082310663,18.317239176893352,101-500,13.669581475293546,Low
15039,2011-10,208.0,186.93567498949824,21.06432501050176,101-500,10.127079331972002,Low
15039,2011-11,47.0,141.7863701026982,94.7863701026982,11-50,201.67312787808126,High
15044A,2011-07,27.0,70.95080592323575,43.95080592323575,11-50,162.78076267865092,High
15044A,2011-08,32.0,57.77020311827876,25.77020311827876,11-50,80.53188474462112,High
15044A,2011-09,3.0,49.62258382556071,46.62258382556071,0-10,1554.0861275186903,High
15044A,2011-10,34.0,32.98858494163596,1.011415058364037,11-50,2.974750171658932,Low
15044A,2011-11,3.0,30.420243171463333,27.420243171463333,0-10,914.0081057154445,High
15044B,2011-07,0.0,60.9012255840152,60.9012255840152,0-10,,
15044C,2011-07,16.0,62.83432137360497,46.83432137360497,11-50,292.71450858503107,High
15044C,2011-08,31.0,46.21565959001035,15.215659590010349,11-50,49.082772871001126,Moderate
15044C,2011-09,6.0,48.196500980760455,42.196500980760455,0-10,703.2750163460075,High
15044C,2011-10,16.0,33.87169754583188,17.87169754583188,11-50,111.69810966144924,High
15044C,2011-11,2.0,25.552826393939785,23.552826393939785,0-10,1177.6413196969893,High
15044D,2011-07,25.0,94.55934874590444,69.55934874590443,11-50,278.2373949836177,High
15044D,2011-08,100.0,59.134670178335725,40.86532982166428,51-100,40.86532982166428,Moderate
15044D,2011-09,78.0,91.08079460174592,13.080794601745907,51-100,16.77024948941783,Low
15044D,2011-10,24.0,80.61647057302955,56.616470573029545,11-50,235.90196072095642,High
15044D,2011-11,2.0,53.19963101443958,51.19963101443958,0-10,2559.981550721979,High
15056BL,2011-07,221.0,373.5562711323658,152.5562711323658,101-500,69.02998693772207,High
15056BL,2011-08,261.0,228.5444890139304,32.45551098606964,101-500,12.435061680486452,Low
15056BL,2011-09,549.0,254.4097472468971,294.5902527531029,501-1000,53.65942673098414,High
15056BL,2011-10,169.0,434.3095267677047,265.30952676770465,101-500,156.9878856613637,High
15056BL,2011-11,72.0,167.63290328914405,95.63290328914404,51-100,132.82347679047783,High
15056N,2011-07,420.0,516.6157714790853,96.61577147908532,101-500,23.003755114067932,Moderate
15056N,2011-08,350.0,385.2865736657764,35.286573665776416,101-500,10.081878190221834,Low
15056N,2011-09,275.0,469.9135403920848,194.9135403920848,101-500,70.8776510516672,High
15056N,2011-10,162.0,361.8538090968458,199.8538090968458,101-500,123.36654882521346,High
15056N,2011-11,84.0,194.12994420176216,110.1299442017622,51-100,131.10707643066928,High
15056P,2011-07,79.0,115.35458080786562,36.35458080786562,51-100,46.018456718817234,Moderate
15056P,2011-08,48.0,96.80445786538908,48.80445786538907,11-50,101.67595388622723,High
15056P,2011-09,48.0,86.50041276328379,38.50041276328379,11-50,80.20919325684123,High
15056P,2011-10,87.0,81.8257846330605,5.174215366939507,51-100,5.947373984987939,Low
15056P,2011-11,19.0,61.39006176884028,42.39006176884028,11-50,223.1055882570541,High
15056bl,2011-07,10.0,25.29113813463597,15.291138134635968,0-10,152.9113813463597,High
15056bl,2011-08,8.0,19.32134866516658,11.321348665166578,0-10,141.51685831458224,High
15056bl,2011-09,5.0,25.7320019691776,20.7320019691776,0-10,414.64003938355194,High
15056bl,2011-10,7.0,21.294764818028927,14.294764818028929,0-10,204.21092597184182,High
15056bl,2011-11,5.0,14.987315972049176,9.987315972049176,0-10,199.7463194409835,High
15056n,2011-07,21.0,50.98622261644805,29.986222616448053,11-50,142.79153626880026,High
15056n,2011-08,10.0,39.2278356229745,29.227835622974503,0-10,292.27835622974504,High
15056n,2011-09,11.0,26.78491845970312,15.784918459703118,11-50,143.4992587245738,High
15056n,2011-10,7.0,27.18308729492839,20.18308729492839,0-10,288.32981849897703,High
15056p,2011-07,5.0,18.880484830624948,13.880484830624948,0-10,277.60969661249896,High
15056p,2011-08,1.0,18.880484830624948,17.880484830624948,0-10,1788.0484830624948,High
15056p,2011-09,1.0,18.880484830624948,17.880484830624948,0-10,1788.0484830624948,High
15056p,2011-10,1.0,18.880484830624948,17.880484830624948,0-10,1788.0484830624948,High
15056p,2011-11,1.0,13.371347529813546,12.371347529813546,0-10,1237.1347529813545,High
15058A,2011-07,24.0,51.59458133407383,27.59458133407383,11-50,114.97742222530762,High
15058A,2011-08,5.0,63.4202094214896,58.4202094214896,0-10,1168.4041884297922,High
15058A,2011-09,4.0,29.089267065251835,25.089267065251835,0-10,627.2316766312958,High
15058A,2011-10,2.0,18.880484830624948,16.880484830624948,0-10,844.0242415312474,High
15058B,2011-07,32.0,52.483798466263046,20.48379846626305,11-50,64.01187020707204,High
15058B,2011-08,7.0,63.4202094214896,56.4202094214896,0-10,806.0029917355658,High
15058B,2011-09,0.0,29.928299735018733,29.928299735018733,0-10,,
15058C,2011-07,11.0,62.015251902560685,51.015251902560685,11-50,463.7750172960062,High
15058C,2011-08,4.0,30.78570269744973,26.78570269744973,0-10,669.6425674362432,High
15058C,2011-09,1.0,26.344054625161487,25.344054625161487,0-10,2534.405462516149,High
15058C,2011-10,1.0,19.93340132115047,18.93340132115047,0-10,1893.340132115047,High
15058C,2011-11,1.0,13.371347529813546,12.371347529813546,0-10,1237.1347529813545,High
15060B,2011-07,95.0,56.99830148184939,38.00169851815061,51-100,40.001787913842755,Moderate
15060B,2011-08,77.0,109.49786778527964,32.49786778527964,51-100,42.20502309776577,Moderate
15060B,2011-09,22.0,100.13766572536812,78.13766572536811,11-50,355.1712078425823,High
15060B,2011-10,18.0,56.65468478136585,38.65468478136585,11-50,214.74824878536586,High
15060b,2011-10,1.0,18.880484830624948,17.880484830624948,0-10,1788.0484830624948,High
16008,2011-07,458.0,126.11086384220178,331.88913615779825,101-500,72.46487689034896,High
16008,2011-08,268.0,262.91922760263907,5.080772397360931,101-500,1.8958105960301983,Low
16008,2011-09,342.0,179.47118671560878,162.52881328439122,101-500,47.52304481999744,Moderate
16008,2011-10,941.0,298.23833969443945,642.7616603055606,501-1000,68.30623382630824,High
16008,2011-11,336.0,466.559735158282,130.55973515828202,101-500,38.85706403520298,Moderate
16011,2011-07,192.0,147.78347728914355,44.21652271085645,101-500,23.0294389119044,Moderate
16011,2011-08,48.0,154.21133653632393,106.21133653632393,11-50,221.2736177840082,High
16011,2011-09,119.0,130.4349300256745,11.434930025674504,101-500,9.609184895524793,Low
16011,2011-10,359.0,150.95838387496673,208.04161612503327,101-500,57.95031089833795,High
16011,2011-11,25.0,135.37048888032862,110.37048888032862,11-50,441.48195552131455,High
16012,2011-07,0.0,147.91909285342567,147.91909285342567,0-10,,
16014,2011-07,2065.0,408.3438781814503,1656.6561218185498,1001-5000,80.22547805416706,High
16014,2011-08,1061.0,986.2008172542828,74.79918274571708,1001-5000,7.049875847852693,Low
16014,2011-09,40.0,488.6655871776789,448.6655871776789,11-50,1121.663967944197,High
16014,2011-10,3606.0,415.2058775776085,3190.7941224223914,1001-5000,88.4856939107707,High
16014,2011-11,70.0,0.0,70.0,51-100,100.0,High
16016,2011-07,65.0,98.86748906899992,33.86748906899992,51-100,52.103829336922956,High
16016,2011-08,50.0,92.92283711786568,42.92283711786568,11-50,85.84567423573137,High
16016,2011-09,40.0,80.99415142463764,40.99415142463764,11-50,102.4853785615941,High
16016,2011-10,140.0,78.249529166617,61.750470833383005,101-500,44.10747916670215,Moderate
16016,2011-11,80.0,84.6969813072412,4.696981307241202,51-100,5.871226634051503,Low
16045,2011-07,1000.0,1090.742023990117,90.7420239901171,501-1000,9.07420239901171,Low
16045,2011-08,1400.0,826.8991947492934,573.1008052507066,1001-5000,40.9357718036219,Moderate
16045,2011-09,1700.0,1178.7963672662995,521.2036327337003,1001-5000,30.659037219629425,Moderate
16045,2011-10,1000.0,1804.111808272179,804.1118082721789,501-1000,80.41118082721789,High
16045,2011-11,200.0,534.2221856701266,334.2221856701266,101-500,167.1110928350633,High
16046,2011-07,31.0,39.64372617670296,8.643726176702955,11-50,27.882987666783727,Moderate
16046,2011-08,0.0,54.007806803971285,54.007806803971285,0-10,,
16048,2011-07,194.0,142.50058634158958,51.49941365841042,101-500,26.546089514644542,Moderate
16048,2011-08,145.0,184.07952240900076,39.07952240900073,101-500,26.95139476482809,Moderate
16048,2011-09,210.0,163.07388564881947,46.92611435118053,101-500,22.345768738657394,Moderate
16048,2011-10,126.0,183.9580476510579,57.95804765105791,101-500,45.99845051671262,Moderate
16048,2011-11,2.0,110.98596630533764,108.98596630533764,0-10,5449.298315266882,High
16054,2011-07,74.0,154.21700724242515,80.21700724242515,51-100,108.40136113841237,High
16054,2011-08,110.0,125.38190637905971,15.381906379059714,101-500,13.98355125369065,Low
16054,2011-09,254.0,137.3127959061744,116.6872040938256,101-500,45.9398441314274,Moderate
16054,2011-10,330.0,167.4187493048428,162.5812506951572,101-500,49.26704566519915,Moderate
16054,2011-11,36.0,154.17267929607124,118.17267929607124,11-50,328.25744248908677,High
16156L,2011-07,0.0,113.38750490191174,113.38750490191174,0-10,,
16156S,2011-07,200.0,422.1097729620441,222.10977296204413,101-500,111.05488648102207,High
16156S,2011-08,475.0,357.3147277528768,117.68527224712318,101-500,24.775846788868037,Moderate
16156S,2011-09,900.0,522.610906847692,377.389093152308,501-1000,41.93212146136756,Moderate
16156S,2011-10,475.0,562.334425278646,87.334425278646,101-500,18.38619479550442,Low
16156S,2011-11,100.0,328.06922855631217,228.06922855631217,51-100,228.06922855631217,High
16161G,2011-07,50.0,147.97398548199268,97.97398548199268,11-50,195.94797096398537,High
16161G,2011-08,175.0,158.43296967993695,16.567030320063026,101-500,9.466874468607443,Low
16161G,2011-09,50.0,165.49781547067735,115.49781547067737,11-50,230.99563094135473,High
16161G,2011-10,125.0,163.9849791319894,38.984979131989405,101-500,31.187983305591526,Moderate
16161P,2011-07,625.0,727.2890242131708,102.28902421317082,501-1000,16.36624387410733,Low
16161P,2011-08,475.0,768.0926193893424,293.0926193893424,101-500,61.70370934512472,High
16161P,2011-09,1000.0,721.5949384217727,278.40506157822733,501-1000,27.84050615782273,Moderate
16161P,2011-10,525.0,730.0532215152064,205.0532215152064,501-1000,39.05775647908693,Moderate
16161P,2011-11,150.0,369.3933843062047,219.39338430620472,101-500,146.2622562041365,High
16161U,2011-07,350.0,282.41113692998204,67.58886307001796,101-500,19.311103734290846,Low
16161U,2011-08,325.0,292.5432169885917,32.45678301140828,101-500,9.986702465048701,Low
16161U,2011-09,850.0,294.2830622375523,555.7169377624477,501-1000,65.37846326617033,High
16161U,2011-10,300.0,545.1663979943338,245.1663979943338,101-500,81.72213266477793,High
16161U,2011-11,50.0,272.9269476575624,222.9269476575624,11-50,445.8538953151249,High
16162L,2011-07,1.0,47.36938133502347,46.36938133502347,0-10,4636.938133502347,High
16162L,2011-08,10.0,44.594548741437,34.594548741437,0-10,345.94548741437,High
16168M,2011-07,0.0,93.74395864280652,93.74395864280652,0-10,,
16168M,2011-10,35.0,44.33246337765304,9.332463377653042,11-50,26.664181079008692,Moderate
16168M,2011-11,29.0,48.58813258367521,19.58813258367521,11-50,67.54528477129384,High
16169M,2011-09,25.0,102.29188495821909,77.29188495821909,11-50,309.16753983287634,High
16169M,2011-10,50.0,80.6184283036409,30.618428303640897,11-50,61.236856607281794,High
16169M,2011-11,25.0,59.7060156968634,34.7060156968634,11-50,138.8240627874536,High
16207B,2011-07,2.0,28.614382768611637,26.614382768611637,0-10,1330.7191384305818,High
16216,2011-07,0.0,450.6309273461679,450.6309273461679,0-10,,
16216,2011-10,394.0,301.340956967337,92.65904303266302,101-500,23.51752361235102,Moderate
16216,2011-11,110.0,372.8877833439863,262.88778334398626,101-500,238.98889394907843,High
16218,2011-07,320.0,174.08396719257004,145.91603280742996,101-500,45.59876025232186,Moderate
16218,2011-08,720.0,476.36986700198025,243.63013299801972,501-1000,33.83751847194718,Moderate
16218,2011-09,366.0,482.667315602382,116.66731560238202,101-500,31.876315738355743,Moderate
16218,2011-10,565.0,368.8682859746768,196.1317140253232,501-1000,34.713577703597025,Moderate
16218,2011-11,105.0,342.2341322567595,237.2341322567595,101-500,225.9372688159614,High
16219,2011-07,780.0,323.1127248858371,456.8872751141629,501-1000,58.57529168130293,High
16219,2011-08,517.0,604.218078936128,87.218078936128,501-1000,16.87003461046963,Low
16219,2011-09,492.0,441.34687751617815,50.653122483821846,101-500,10.295350098337773,Low
16219,2011-10,265.0,444.0818350415221,179.08183504152208,101-500,67.57805095906494,High
16219,2011-11,22.0,180.8444318475179,158.8444318475179,11-50,722.0201447614451,High
16225,2011-07,4.0,31.250795183370133,27.250795183370133,0-10,681.2698795842533,High
16225,2011-08,12.0,42.10232031897342,30.10232031897342,11-50,250.85266932477847,High
16225,2011-09,114.0,25.404259806249208,88.5957401937508,101-500,77.71556157346562,High
16225,2011-10,112.0,123.20885834759558,11.20885834759558,101-500,10.007909238924626,Low
16225,2011-11,105.0,80.0064282413158,24.9935717586842,101-500,23.803401674937337,Moderate
16235,2011-07,189.0,348.34106690918713,159.34106690918713,101-500,84.30744280909373,High
16235,2011-08,93.0,229.8081380144536,136.8081380144536,51-100,147.10552474672429,High
16235,2011-09,198.0,250.2787917849372,52.2787917849372,101-500,26.403430194412724,Moderate
16235,2011-10,228.0,224.73410383119125,3.265896168808752,101-500,1.432410600354716,Low
16235,2011-11,56.0,130.65811199342875,74.65811199342875,51-100,133.31805713112277,High
16236,2011-07,63.0,177.05961986181535,114.05961986181536,51-100,181.04701565367517,High
16236,2011-08,95.0,120.61580634925096,25.61580634925096,51-100,26.964006683422063,Moderate
16236,2011-09,141.0,233.1105524179163,92.1105524179163,101-500,65.326632920508,High
16236,2011-10,260.0,168.72473194059808,91.27526805940192,101-500,35.1058723305392,Moderate
16236,2011-11,46.0,101.45961050578018,55.45961050578018,11-50,120.5643706647395,High
16237,2011-07,266.0,324.28114744091204,58.28114744091204,101-500,21.91020580485415,Moderate
16237,2011-08,333.0,271.584024968818,61.41597503118203,101-500,18.44323574509971,Low
16237,2011-09,293.0,334.45043256879234,41.45043256879234,101-500,14.146905313581001,Low
16237,2011-10,927.0,302.8367473525023,624.1632526474978,501-1000,67.33152671494042,High
16237,2011-11,223.0,367.4520370961623,144.45203709616231,101-500,64.77669824940014,High
16238,2011-07,146.0,148.5562271254622,2.556227125462214,101-500,1.7508404968919276,Low
16238,2011-08,89.0,148.08276770372834,59.08276770372834,51-100,66.38513225138016,High
16238,2011-09,99.0,142.3491142241958,43.3491142241958,51-100,43.78698406484424,Moderate
16238,2011-10,176.0,152.54720315512623,23.45279684487377,101-500,13.325452752769188,Low
16238,2011-11,61.0,101.53792625764078,40.53792625764078,51-100,66.45561681580455,High
16254,2011-07,3.0,44.877152912559886,41.877152912559886,0-10,1395.9050970853295,High
16254,2011-08,1.0,23.662915311205,22.662915311205,0-10,2266.2915311205,High
16254,2011-09,15.0,23.662915311205,8.662915311205001,11-50,57.75276874136668,High
16254,2011-10,7.0,26.246364048677872,19.246364048677872,0-10,274.9480578382553,High
16258A,2011-07,2.0,76.36690879840049,74.36690879840049,0-10,3718.3454399200245,High
16258A,2011-08,8.0,56.66097260262466,48.66097260262466,0-10,608.2621575328083,High
16258A,2011-09,81.0,45.64746523196252,35.35253476803748,51-100,43.64510465189812,Moderate
16258A,2011-10,37.0,91.52290216711503,54.52290216711505,11-50,147.3591950462569,High
16258A,2011-11,161.0,53.03356438822202,107.96643561177798,101-500,67.05989789551427,High
16259,2011-07,324.0,614.1851559617639,290.18515596176394,101-500,89.56331974128517,High
16259,2011-08,456.0,563.015350012778,107.01535001277796,101-500,23.468278511574113,Moderate
16259,2011-09,24.0,591.6294886441801,567.6294886441801,11-50,2365.1228693507505,High
16259,2011-10,20.0,260.2643870288756,240.2643870288756,11-50,1201.3219351443781,High
17003,2011-07,1454.0,1864.2121259130404,410.2121259130404,1001-5000,28.212663405298517,Moderate
17003,2011-08,2159.0,1610.4575150474536,548.5424849525464,1001-5000,25.407248029298117,Moderate
17003,2011-09,2400.0,1868.9374347403168,531.0625652596834,1001-5000,22.127606885820143,Moderate
17003,2011-10,1071.0,1639.0125027391482,568.0125027391482,1001-5000,53.035714541470426,High
17003,2011-11,297.0,960.0110133358824,663.0110133358825,101-500,223.23603142622304,High
17012A,2011-07,12.0,50.064832595215,38.064832595215,11-50,317.20693829345834,High
17012A,2011-08,58.0,31.732691038027447,26.267308961972557,51-100,45.28846372753889,Moderate
17012A,2011-09,94.0,57.72565774666598,36.27434225333402,51-100,38.58972580141916,Moderate
17012A,2011-10,10.0,102.04254435541672,92.04254435541672,0-10,920.4254435541673,High
17012A,2011-11,5.0,46.60797070337616,41.60797070337616,0-10,832.1594140675232,High
17012B,2011-07,37.0,64.63968494611105,27.639684946111046,11-50,74.70185120570552,High
17012B,2011-08,41.0,56.14528186153323,15.145281861533228,11-50,36.939711857398116,Moderate
17012B,2011-09,136.0,70.19679621939055,65.80320378060945,101-500,48.38470866221283,Moderate
17012B,2011-10,5.0,148.39866753103638,143.39866753103638,0-10,2867.9733506207276,High
17012C,2011-07,6.0,39.48046266839182,33.48046266839182,0-10,558.0077111398637,High
17012C,2011-08,11.0,31.126485105741544,20.126485105741544,11-50,182.96804641583222,High
17012C,2011-09,71.0,26.45717629677473,44.54282370322527,51-100,62.73637141299333,High
17012C,2011-10,94.0,94.86971473441102,0.8697147344110192,51-100,0.9252284408627863,Low
17012C,2011-11,20.0,69.38180275074971,49.38180275074971,11-50,246.90901375374858,High
17012D,2011-07,58.0,32.06381945887461,25.93618054112539,51-100,44.71755265711273,Moderate
17012D,2011-08,43.0,76.6758322631363,33.6758322631363,11-50,78.31588898403791,High
17012D,2011-09,86.0,64.35330261954827,21.646697380451727,51-100,25.170578349362472,Moderate
17012D,2011-10,165.0,93.26003283247756,71.73996716752244,101-500,43.47876798031663,Moderate
17012D,2011-11,50.0,104.6195611555774,54.61956115557739,11-50,109.23912231115477,High
17012F,2011-07,27.0,60.58048271623482,33.58048271623482,11-50,124.37215820827711,High
17012F,2011-08,34.0,57.37203428305349,23.372034283053488,11-50,68.74127730309849,High
17012F,2011-09,48.0,50.23768439585795,2.237684395857947,11-50,4.661842491370724,Low
17012F,2011-10,162.0,91.58496036704057,70.41503963295945,101-500,43.46607384750583,Moderate
17012F,2011-11,49.0,95.2370387646383,46.2370387646383,11-50,94.36130360130265,High
17021,2011-07,37.0,154.924436144079,117.924436144079,11-50,318.71469228129456,High
17021,2011-08,180.0,109.19909605587308,70.80090394412692,101-500,39.33383552451495,Moderate
17021,2011-09,144.0,165.8303668208977,21.83036682089769,101-500,15.159976958956731,Low
17021,2011-10,108.0,143.50345656592802,35.50345656592802,101-500,32.8735708943778,Moderate
17021,2011-11,36.0,108.50526453392342,72.50526453392342,11-50,201.40351259423173,High
17038,2011-07,36.0,101.92776013948698,65.92776013948698,11-50,183.13266705413048,High
17038,2011-08,200.0,119.68314073694997,80.31685926305003,101-500,40.15842963152502,Moderate
17038,2011-09,205.0,148.16393800640444,56.83606199359557,101-500,27.724908289558815,Moderate
17038,2011-10,204.0,158.79064767412424,45.20935232587576,101-500,22.16144721856655,Moderate
17038,2011-11,3.0,117.04649380657762,114.04649380657762,0-10,3801.5497935525873,High
17084A,2011-07,0.0,71.78091277779944,71.78091277779944,0-10,,
17084N,2011-07,103.0,116.19840143429104,13.198401434291045,101-500,12.813981975039848,Low
17084N,2011-08,147.0,120.52402035439034,26.47597964560965,101-500,18.01087050721745,Low
17084N,2011-09,181.0,148.54296214902956,32.45703785097044,101-500,17.932065111033392,Low
17084N,2011-10,162.0,155.8796297743517,6.120370225648287,101-500,3.778006312128572,Low
17084N,2011-11,30.0,92.65887654186729,62.658876541867286,11-50,208.8629218062243,High
17084P,2011-07,58.0,83.39326089722736,25.393260897227364,51-100,43.78148430556442,Moderate
17084P,2011-08,53.0,76.92017738029158,23.920177380291577,51-100,45.13241015149354,Moderate
17084P,2011-09,28.0,86.63050716904222,58.63050716904222,11-50,209.39466846086506,High
17084P,2011-10,38.0,80.6184283036409,42.6184283036409,11-50,112.15375869379183,High
17084P,2011-11,27.0,55.17369770120767,28.173697701207665,11-50,104.34702852299137,High
17084R,2011-07,0.0,190.7611335952947,190.7611335952947,0-10,,
17084R,2011-10,216.0,176.50539382770287,39.494606172297125,101-500,18.284539894582004,Low
17084R,2011-11,72.0,229.3086420425683,157.3086420425683,51-100,218.48422505912262,High
17090A,2011-07,0.0,39.64372617670296,39.64372617670296,0-10,,
17091J,2011-07,183.0,160.98703249759657,22.012967502403427,101-500,12.028943990384386,Low
17091J,2011-08,71.0,176.45707648861747,105.45707648861747,51-100,148.5310936459401,High
17091J,2011-09,207.0,136.2512935286878,70.7487064713122,101-500,34.17811906826677,Moderate
17091J,2011-10,182.0,169.98062349314068,12.019376506859317,101-500,6.604053025746877,Low
17091J,2011-11,216.0,107.71738093375684,108.28261906624316,101-500,50.13084216029776,High
17107D,2011-09,25.0,31.66565062364934,6.665650623649341,11-50,26.662602494597365,Moderate
17107D,2011-10,15.0,48.638749750414746,33.638749750414746,11-50,224.25833166943164,High
17107D,2011-11,5.0,27.101350509785792,22.101350509785792,0-10,442.0270101957159,High
17129F,2011-07,95.0,117.01709322807513,22.01709322807513,51-100,23.175887608500137,Moderate
17129F,2011-08,15.0,102.52202878290066,87.52202878290066,11-50,583.4801918860044,High
17129F,2011-09,37.0,65.69716175098718,28.697161750987178,11-50,77.55989662428966,High
17129F,2011-10,1.0,50.65555303859862,49.65555303859862,0-10,4965.555303859862,High
17129F,2011-11,1.0,43.01583061152223,42.01583061152223,0-10,4201.583061152223,High
17136A,2011-07,6.0,155.1957234081221,149.1957234081221,0-10,2486.5953901353682,High
17136A,2011-08,86.0,225.74949174465573,139.74949174465573,51-100,162.49940900541364,High
17136A,2011-09,9.0,99.905810946409,90.905810946409,0-10,1010.0645660712111,High
17136A,2011-10,96.0,219.4719434891455,123.4719434891455,51-100,128.61660780119323,High
18094C,2011-07,6.0,67.57333391972278,61.57333391972279,0-10,1026.2222319953798,High
18094C,2011-08,22.0,47.23437491446998,25.23437491446998,11-50,114.70170415668173,High
18094C,2011-09,3.0,42.39404553806855,39.39404553806855,0-10,1313.134851268952,High
18097C,2011-07,49.0,53.01421048064778,4.014210480647783,11-50,8.192266287036293,Low
18097C,2011-08,3.0,52.18487145093082,49.18487145093082,0-10,1639.4957150310272,High
18097C,2011-09,15.0,48.59884197452697,33.59884197452697,11-50,223.9922798301798,High
18097C,2011-10,26.0,27.65047819373786,1.650478193737861,11-50,6.347993052837928,Low
18097C,2011-11,2.0,41.99705848535709,39.99705848535709,0-10,1999.8529242678544,High
18098C,2011-07,4.0,26.008343778074988,22.008343778074988,0-10,550.2085944518747,High
20615,2011-07,47.0,63.91779817424871,16.91779817424871,11-50,35.99531526435896,Moderate
20615,2011-08,3.0,73.73610336119901,70.73610336119901,0-10,2357.8701120399674,High
20615,2011-09,27.0,47.23437491446998,20.23437491446998,11-50,74.94212931285178,High
20615,2011-10,75.0,43.96731898098783,31.032681019012173,51-100,41.376908025349564,Moderate
20615,2011-11,2.0,51.37455923745448,49.37455923745448,0-10,2468.727961872724,High
20616,2011-07,9.0,63.02734360990394,54.02734360990394,0-10,600.3038178878215,High
20616,2011-08,1.0,55.97022218533437,54.97022218533437,0-10,5497.022218533437,High
20616,2011-09,8.0,49.02196193354831,41.02196193354831,0-10,512.7745241693539,High
20616,2011-10,25.0,37.26494045788167,12.264940457881671,11-50,49.059761831526686,Moderate
20616,2011-11,1.0,38.41952057770617,37.41952057770617,0-10,3741.952057770617,High
20617,2011-07,7.0,31.250795183370133,24.250795183370133,0-10,346.4399311910019,High
20617,2011-08,2.0,40.64313447236904,38.64313447236904,0-10,1932.1567236184521,High
20617,2011-09,4.0,24.672983338771957,20.672983338771957,0-10,516.8245834692989,High
20617,2011-10,12.0,23.662915311205,11.662915311205,11-50,97.19096092670833,High
20617,2011-11,1.0,18.84260305783992,17.84260305783992,0-10,1784.260305783992,High
20618,2011-07,12.0,34.26986638105715,22.26986638105715,11-50,185.5822198421429,High
20618,2011-08,2.0,32.1308598732527,30.130859873252703,0-10,1506.5429936626351,High
20618,2011-09,4.0,31.126485105741544,27.126485105741544,0-10,678.1621276435386,High
20618,2011-10,10.0,23.662915311205,13.662915311205,0-10,136.62915311205,High
20618,2011-11,1.0,17.27411036343866,16.27411036343866,0-10,1627.4110363438658,High
20619,2011-07,8.0,56.75387210728672,48.75387210728672,0-10,609.423401341084,High
20619,2011-08,3.0,31.52465394096682,28.52465394096682,0-10,950.8217980322273,High
20619,2011-09,5.0,27.13011178913449,22.13011178913449,0-10,442.6022357826898,High
20619,2011-10,8.0,22.77980270700908,14.779802707009082,0-10,184.74753383761353,High
20619,2011-11,4.0,17.23003042900965,13.230030429009648,0-10,330.7507607252412,High
20622,2011-07,10.0,30.07356861521602,20.07356861521602,0-10,200.73568615216018,High
20622,2011-08,3.0,26.077195298608974,23.077195298608974,0-10,769.2398432869658,High
20622,2011-09,1.0,30.07356861521602,29.07356861521602,0-10,2907.356861521602,High
20622,2011-10,17.0,23.662915311205,6.662915311205001,11-50,39.19361947767648,Moderate
20622,2011-11,2.0,24.101741068188964,22.101741068188964,0-10,1105.0870534094481,High
20652,2011-07,28.0,34.47809944627858,6.478099446278577,11-50,23.136069450994917,Moderate
20652,2011-08,9.0,48.8116015510577,39.8116015510577,0-10,442.3511283450855,High
20652,2011-09,10.0,45.90044924958927,35.90044924958927,0-10,359.0044924958927,High
20652,2011-10,47.0,30.065468094362423,16.934531905637574,11-50,36.03091894816505,Moderate
20652,2011-11,2.0,39.14450750906207,37.14450750906207,0-10,1857.2253754531037,High
20653,2011-07,0.0,46.05437948071399,46.05437948071399,0-10,,
20653,2011-11,1.0,18.111433857349297,17.111433857349297,0-10,1711.1433857349298,High
20654,2011-07,14.0,45.3636290634237,31.3636290634237,11-50,224.02592188159787,High
20654,2011-08,2.0,42.65556257397368,40.65556257397368,0-10,2032.7781286986842,High
20654,2011-09,3.0,32.236806257093,29.236806257093,0-10,974.5602085697667,High
20654,2011-10,23.0,35.69166701496239,12.691667014962391,11-50,55.181160934619086,High
20654,2011-11,3.0,36.0052405903022,33.0052405903022,0-10,1100.1746863434066,High
20655,2011-07,16.0,47.22241867098909,31.222418670989093,11-50,195.14011669368182,High
20655,2011-08,10.0,37.78816671882706,27.788166718827057,0-10,277.88166718827057,High
20655,2011-09,3.0,31.52465394096682,28.52465394096682,0-10,950.8217980322273,High
20655,2011-10,10.0,30.07356861521602,20.07356861521602,0-10,200.73568615216018,High
20655,2011-11,1.0,17.672279198663933,16.672279198663933,0-10,1667.2279198663932,High
20657,2011-07,2.0,30.47173745044129,28.47173745044129,0-10,1423.5868725220644,High
20657,2011-08,5.0,30.07356861521602,25.07356861521602,0-10,501.47137230432037,High
20657,2011-09,2.0,23.662915311205,21.662915311205,0-10,1083.14576556025,High
20657,2011-10,9.0,23.662915311205,14.662915311205,0-10,162.9212812356111,High
20658,2011-07,41.0,48.23874968198113,7.238749681981133,11-50,17.655487029222275,Low
20658,2011-08,8.0,52.38569078527936,44.38569078527936,0-10,554.821134815992,High
20659,2011-07,9.0,50.4024983833783,41.4024983833783,0-10,460.0277598153145,High
20659,2011-08,15.0,42.10232031897342,27.10232031897342,11-50,180.6821354598228,High
20659,2011-09,5.0,30.62681087021629,25.62681087021629,0-10,512.5362174043258,High
20659,2011-10,21.0,30.07356861521602,9.073568615216018,11-50,43.207469596266755,Moderate
20659,2011-11,14.0,25.749064525286784,11.749064525286784,11-50,83.92188946633416,High
20661,2011-07,7.0,39.35411257644965,32.354112576449644,0-10,462.2016082349949,High
20661,2011-08,2.0,30.07356861521602,28.07356861521602,0-10,1403.678430760801,High
20661,2011-09,6.0,24.672983338771957,18.672983338771957,0-10,311.2163889795326,High
20661,2011-10,5.0,19.32134866516658,14.321348665166578,0-10,286.4269733033316,High
20661,2011-11,1.0,16.390997759242744,15.390997759242744,0-10,1539.0997759242744,High
20662,2011-07,0.0,23.662915311205,23.662915311205,0-10,,
20663,2011-07,0.0,23.662915311205,23.662915311205,0-10,,
20664,2011-07,4.0,32.06381945887461,28.06381945887461,0-10,701.5954864718653,High
20665,2011-07,36.0,70.47132149575181,34.47132149575181,11-50,95.7536708215328,High
20665,2011-08,31.0,76.89322943539203,45.89322943539203,11-50,148.0426755980388,High
20665,2011-09,21.0,55.74711302630796,34.74711302630796,11-50,165.46244298241882,High
20665,2011-10,5.0,47.76570003485403,42.76570003485403,0-10,855.3140006970805,High
20665,2011-11,6.0,22.281829473906367,16.281829473906367,0-10,271.36382456510614,High
20667,2011-07,5.0,28.614382768611637,23.614382768611637,0-10,472.2876553722328,High
20668,2011-07,1166.0,232.5499354361486,933.4500645638514,1001-5000,80.05575167786031,High
20668,2011-08,320.0,552.6536179340354,232.65361793403545,101-500,72.70425560438608,High
20668,2011-09,2365.0,602.7212621485133,1762.2787378514868,1001-5000,74.51495720302269,High
20668,2011-10,4329.0,1448.436560887181,2880.5634391128187,1001-5000,66.5410819845881,High
20668,2011-11,1474.0,2495.777831745381,1021.7778317453808,1001-5000,69.32006999629449,High
20669,2011-07,34.0,62.512142369259344,28.512142369259344,11-50,83.85924226252747,High
20669,2011-08,34.0,85.00186086577101,51.00186086577101,11-50,150.00547313462062,High
20669,2011-09,18.0,56.14528186153323,38.14528186153323,11-50,211.91823256407346,High
20669,2011-10,28.0,47.47123138766661,19.471231387666613,11-50,69.54011209880933,High
20669,2011-11,7.0,35.091673940890246,28.09167394089025,0-10,401.30962772700354,High
20670,2011-08,1.0,23.662915311205,22.662915311205,0-10,2266.2915311205,High
20670,2011-09,1.0,23.662915311205,22.662915311205,0-10,2266.2915311205,High
20670,2011-10,2.0,18.880484830624948,16.880484830624948,0-10,844.0242415312474,High
20674,2011-07,93.0,128.6024140719909,35.60241407199089,51-100,38.28216566880741,Moderate
20674,2011-08,124.0,114.9314289928558,9.068571007144186,101-500,7.31336371543886,Low
20674,2011-09,156.0,137.69984746589526,18.30015253410474,101-500,11.7308670090415,Low
20674,2011-10,107.0,149.38560858192116,42.38560858192116,101-500,39.6127183008609,Moderate
20674,2011-11,38.0,87.13293769235575,49.13293769235575,11-50,129.2972044535678,High
20675,2011-07,209.0,251.90767844097533,42.90767844097533,101-500,20.52998968467719,Moderate
20675,2011-08,258.0,268.5188443429758,10.518844342975797,101-500,4.077071450765812,Low
20675,2011-09,198.0,249.42911403004976,51.42911403004976,101-500,25.97430001517665,Moderate
20675,2011-10,173.0,238.41621333283769,65.41621333283766,101-500,37.812840076784774,Moderate
20675,2011-11,39.0,134.12777317647024,95.12777317647024,11-50,243.91736711915448,High
20676,2011-07,479.0,415.7258194920229,63.27418050797706,101-500,13.209641024629864,Low
20676,2011-08,216.0,443.0978661215448,227.0978661215448,101-500,105.13790098219667,High
20676,2011-09,218.0,324.5157954343554,106.51579543435544,101-500,48.860456621263964,Moderate
20676,2011-10,454.0,319.8651815672532,134.13481843274678,101-500,29.545114192234973,Moderate
20676,2011-11,102.0,237.73802060004232,135.73802060004232,101-500,133.07649078435523,High
20677,2011-07,394.0,308.3020100951349,85.6979899048651,101-500,21.750758859102817,Moderate
20677,2011-08,243.0,321.39314530640945,78.39314530640945,101-500,32.26055362403681,Moderate
20677,2011-09,178.0,300.5868133306723,122.58681333067231,101-500,68.8689962531867,High
20677,2011-10,209.0,254.76040707886048,45.76040707886048,101-500,21.894931616679656,Moderate
20677,2011-11,144.0,162.66349132551412,18.66349132551412,101-500,12.960757864940362,Low
20679,2011-07,213.0,164.38250419678766,48.617495803212336,101-500,22.82511540056917,Moderate
20679,2011-08,142.0,193.29351525644776,51.29351525644776,101-500,36.12219384256885,Moderate
20679,2011-09,263.0,186.06401853609427,76.93598146390573,101-500,29.25322489121891,Moderate
20679,2011-10,162.0,222.14162001241328,60.141620012413256,101-500,37.12445679778596,Moderate
20679,2011-11,47.0,115.03761277003956,68.03761277003957,11-50,144.76087823412675,High
20682,2011-07,118.0,71.83578855580878,46.16421144419122,101-500,39.12221308829764,Moderate
20682,2011-08,181.0,120.10609657121962,60.893903428780376,101-500,33.64304056838695,Moderate
20682,2011-09,136.0,192.742734961522,56.74273496152202,101-500,41.72259923641325,Moderate
20682,2011-10,124.0,162.9158609669809,38.91586096698089,101-500,31.383758844339425,Moderate
20682,2011-11,94.0,88.57272775644995,5.42727224355005,51-100,5.773693876117074,Low
20685,2011-07,164.0,510.1893800864247,346.18938008642465,101-500,211.09108541855161,High
20685,2011-08,188.0,329.08410543829035,141.08410543829035,101-500,75.04473693526083,High
20685,2011-09,196.0,326.4681587827033,130.4681587827033,101-500,66.5653871340323,High
20685,2011-10,339.0,353.5054634342028,14.505463434202795,101-500,4.278897768201414,Low
20685,2011-11,86.0,294.4262621546533,208.42626215465327,51-100,242.35611878448054,High
20686,2011-07,48.0,30.07356861521602,17.92643138478398,11-50,37.346732051633296,Moderate
20686,2011-08,31.0,69.67024342141514,38.67024342141514,11-50,124.74272071424237,High
20686,2011-09,27.0,58.62760608070975,31.627606080709747,11-50,117.13928178040646,High
20686,2011-10,62.0,50.92223555764599,11.07776444235401,51-100,17.86736200379679,Low
20686,2011-11,2.0,42.017474798215005,40.017474798215005,0-10,2000.8737399107504,High
20694,2011-07,0.0,23.220666541550717,23.220666541550717,0-10,,
20696,2011-07,0.0,23.220666541550717,23.220666541550717,0-10,,
20696,2011-10,3.0,20.491672524342565,17.491672524342565,0-10,583.0557508114189,High
20699,2011-07,0.0,23.662915311205,23.662915311205,0-10,,
20700,2011-07,12.0,30.029488680787008,18.029488680787008,11-50,150.2457390065584,High
20700,2011-08,19.0,28.37854383104996,9.37854383104996,11-50,49.360757005526104,Moderate
20702,2011-07,3.0,30.243372501545625,27.243372501545625,0-10,908.1124167181874,High
20702,2011-08,0.0,22.77980270700908,22.77980270700908,0-10,,
20704,2011-07,5.0,19.32134866516658,14.321348665166578,0-10,286.4269733033316,High
20704,2011-08,5.0,18.880484830624948,13.880484830624948,0-10,277.60969661249896,High
20704,2011-09,12.0,18.880484830624948,6.880484830624948,11-50,57.33737358854124,High
20704,2011-10,3.0,22.06494596726185,19.06494596726185,0-10,635.4981989087282,High
20704,2011-11,36.0,19.78200083382456,16.217999166175442,11-50,45.04999768382068,Moderate
20705,2011-07,1.0,18.880484830624948,17.880484830624948,0-10,1788.0484830624948,High
20705,2011-08,2.0,18.880484830624948,16.880484830624948,0-10,844.0242415312474,High
20705,2011-09,6.0,18.880484830624948,12.880484830624948,0-10,214.67474717708245,High
20705,2011-10,1.0,19.32134866516658,18.32134866516658,0-10,1832.134866516658,High
20705,2011-11,13.0,13.371347529813546,0.371347529813546,11-50,2.8565194601042,Low
20707,2011-07,25.0,100.13633684860916,75.13633684860915,11-50,300.5453473944366,High
20707,2011-08,4.0,71.22791587172239,67.22791587172239,0-10,1680.6978967930597,High
20707,2011-09,17.0,47.74440073713019,30.744400737130192,11-50,180.84941610076584,High
20707,2011-10,16.0,33.11673594940015,17.11673594940015,11-50,106.97959968375095,High
20707,2011-11,1.0,28.773171837615887,27.773171837615887,0-10,2777.3171837615887,High
20711,2011-07,248.0,351.63192883107394,103.63192883107394,101-500,41.787068077045944,Moderate
20711,2011-08,431.0,306.09131488839824,124.90868511160176,101-500,28.98113343656653,Moderate
20711,2011-09,264.0,456.7117910715788,192.71179107157883,101-500,72.99689055741622,High
20711,2011-10,391.0,291.8061991495819,99.19380085041809,101-500,25.36925852951869,Moderate
20711,2011-11,1.0,222.2550243770639,221.2550243770639,0-10,22125.50243770639,High
20712,2011-07,1004.0,837.4247556906504,166.5752443093496,1001-5000,16.59115979176789,Low
20712,2011-08,1196.0,886.6636286501083,309.3363713498917,1001-5000,25.86424509614479,Moderate
20712,2011-09,1199.0,1072.5288376747264,126.47116232527355,1001-5000,10.548053571749254,Low
20712,2011-10,772.0,1339.1433697429495,567.1433697429495,501-1000,73.4641670651489,High
20712,2011-11,156.0,537.0907353983619,381.09073539836186,101-500,244.28893294766786,High
20713,2011-07,1718.0,746.4761667689062,971.5238332310938,1001-5000,56.5496992567575,High
20713,2011-08,1905.0,1403.1879620253462,501.8120379746538,1001-5000,26.34183926376135,Moderate
20713,2011-09,995.0,1482.414070433337,487.414070433337,501-1000,48.98633873701879,Moderate
20713,2011-10,689.0,1036.099527640317,347.0995276403171,501-1000,50.3772899332826,High
20713,2011-11,512.0,590.5327804532699,78.53278045326988,501-1000,15.338433682279273,Low
20717,2011-07,186.0,263.9909109446182,77.99091094461818,101-500,41.93059728205279,Moderate
20717,2011-08,71.0,242.47838372275996,171.47838372275993,51-100,241.51885031374638,High
20717,2011-09,125.0,148.3020730206176,23.3020730206176,101-500,18.641658416494078,Low
20717,2011-10,234.0,175.70839227662802,58.29160772337198,101-500,24.910943471526487,Moderate
20717,2011-11,18.0,113.63477524172642,95.63477524172642,11-50,531.30430689848,High
20718,2011-07,421.0,313.7297817635395,107.2702182364605,101-500,25.4798618138861,Moderate
20718,2011-08,242.0,412.54540441646753,170.54540441646753,101-500,70.47330761011055,High
20718,2011-09,298.0,375.49235221088605,77.49235221088605,101-500,26.004145037210087,Moderate
20718,2011-10,505.0,404.4930298300754,100.5069701699246,501-1000,19.90237033067814,Low
20718,2011-11,323.0,232.11154886234863,90.88845113765136,101-500,28.138839361501965,Moderate
20719,2011-07,1303.0,985.2117463749516,317.7882536250484,1001-5000,24.388968044900107,Moderate
20719,2011-08,1057.0,1259.587514771939,202.5875147719387,1001-5000,19.16627386678701,Low
20719,2011-09,986.0,1231.3222201355518,245.3222201355518,501-1000,24.88054970948801,Moderate
20719,2011-10,1018.0,1146.907306092863,128.9073060928631,1001-5000,12.662800205585768,Low
20719,2011-11,519.0,790.3426189869729,271.34261898697287,501-1000,52.281814833713455,High
20723,2011-07,1138.0,917.320112461352,220.67988753864813,1001-5000,19.39190575910792,Low
20723,2011-08,1132.0,1031.343650499879,100.656349500121,1001-5000,8.891903666088426,Low
20723,2011-09,675.0,1149.346652725285,474.3466527252849,501-1000,70.27357818152369,High
20723,2011-10,935.0,991.992871025572,56.99287102557196,501-1000,6.0954942273339,Low
20723,2011-11,357.0,537.757195168947,180.75719516894696,101-500,50.63226755432688,High
20724,2011-07,1862.0,1265.512495946381,596.487504053619,1001-5000,32.03477465379264,Moderate
20724,2011-08,1838.0,1543.8319126566068,294.16808734339315,1001-5000,16.0047925649289,Low
20724,2011-09,1615.0,1717.8279843399896,102.8279843399896,1001-5000,6.3670578538693245,Low
20724,2011-10,2209.0,1964.239091920243,244.76090807975697,1001-5000,11.080167862370166,Low
20724,2011-11,847.0,1167.3435187810826,320.3435187810826,501-1000,37.820958533775986,Moderate
20725,2011-07,2152.0,1741.4702923856514,410.5297076143486,1001-5000,19.076659275759692,Low
20725,2011-08,1710.0,1796.3878618144668,86.38786181446676,1001-5000,5.0519217435360675,Low
20725,2011-09,1355.0,1834.7143817954584,479.71438179545817,1001-5000,35.4032754092589,Moderate
20725,2011-10,1992.0,1645.4609739134496,346.5390260865504,1001-5000,17.396537454144095,Low
20725,2011-11,397.0,827.9511137857538,430.9511137857538,101-500,108.55191783016468,High
20726,2011-07,1149.0,984.0944379889052,164.90556201109484,1001-5000,14.35209416980808,Low
20726,2011-08,876.0,1087.400568868848,211.40056886884804,501-1000,24.132485030690415,Moderate
20726,2011-09,511.0,1014.7324641677118,503.7324641677118,501-1000,98.57778163751698,High
20726,2011-10,697.0,955.6337336441244,258.6337336441244,501-1000,37.10670497046261,Moderate
20726,2011-11,196.0,461.2028675593815,265.2028675593815,101-500,135.30758548948037,High
20727,2011-07,1517.0,1047.8838963901435,469.1161036098565,1001-5000,30.923935636773663,Moderate
20727,2011-08,1361.0,1489.5129315182833,128.51293151828327,1001-5000,9.44253721662625,Low
20727,2011-09,1017.0,1425.378901750028,408.378901750028,1001-5000,40.155250909540605,Moderate
20727,2011-10,1207.0,1321.015344990302,114.01534499030186,1001-5000,9.446176055534536,Low
20727,2011-11,313.0,767.6450802458545,454.6450802458545,101-500,145.25401924787684,High
20728,2011-07,1538.0,1269.0337644197282,268.9662355802718,1001-5000,17.48805172823614,Low
20728,2011-08,1030.0,1501.6431618674592,471.6431618674592,1001-5000,45.790598239559145,Moderate
20728,2011-09,849.0,1227.1435570771637,378.14355707716345,501-1000,44.5398771586765,Moderate
20728,2011-10,935.0,1140.410857855113,205.4108578551129,501-1000,21.96907570642919,Moderate
20728,2011-11,120.0,791.1157204723355,671.1157204723355,101-500,559.263100393613,High
20733,2011-07,124.0,86.88293730997582,37.11706269002418,101-500,29.933115072600142,Moderate
20733,2011-08,46.0,135.84824219709424,89.84824219709424,11-50,195.32226564585704,High
20733,2011-09,43.0,93.20988162378607,50.20988162378608,11-50,116.76716656694437,High
20733,2011-10,63.0,96.7390729247478,33.73907292474779,51-100,53.554084007536176,High
20733,2011-11,26.0,55.83158090386674,29.831580903866744,11-50,114.7368496302567,High
20735,2011-07,0.0,56.37108802909405,56.37108802909405,0-10,,
20735,2011-10,6.0,38.0439981908105,32.0439981908105,0-10,534.0666365135082,High
20735,2011-11,6.0,25.45079108751518,19.45079108751518,0-10,324.17985145858637,High
20748,2011-09,4.0,18.880484830624948,14.880484830624948,0-10,372.0121207656237,High
20748,2011-10,14.0,18.880484830624948,4.880484830624948,11-50,34.860605933035345,Moderate
20749,2011-07,127.0,103.74251071424106,23.257489285758936,101-500,18.312983689573965,Low
20749,2011-08,153.0,154.71665135013794,1.716651350137937,101-500,1.1219943464953837,Low
20749,2011-09,127.0,196.33692574401348,69.33692574401348,101-500,54.59600452284526,High
20749,2011-10,281.0,156.14504643970398,124.85495356029602,101-500,44.43236781505197,Moderate
20749,2011-11,149.0,136.6186358725633,12.381364127436711,101-500,8.309640353984369,Low
20750,2011-07,163.0,90.49123571580022,72.50876428419978,101-500,44.483904468834226,Moderate
20750,2011-08,143.0,160.40725951868572,17.40725951868572,101-500,12.172908754325679,Low
20750,2011-09,121.0,154.31382860035674,33.31382860035674,101-500,27.532089752360946,Moderate
20750,2011-10,212.0,160.52773322334954,51.47226677665046,101-500,24.279371121061537,Moderate
20750,2011-11,48.0,114.99092141902749,66.99092141902749,11-50,139.56441962297393,High
20751,2011-07,84.0,79.36957583623888,4.63042416376112,51-100,5.512409718763238,Low
20751,2011-08,44.0,112.0219845899924,68.0219845899924,11-50,154.59541952271002,High
20751,2011-09,76.0,69.29907456647621,6.700925433523793,51-100,8.817007149373412,Low
20751,2011-10,50.0,98.99222889610652,48.992228896106525,11-50,97.98445779221305,High
20751,2011-11,1.0,56.42736803158118,55.42736803158118,0-10,5542.736803158118,High
20752,2011-07,30.0,64.4592426303505,34.4592426303505,11-50,114.86414210116833,High
20752,2011-08,33.0,50.064832595215,17.064832595214995,11-50,51.71161392489392,High
20752,2011-09,17.0,69.18785891232828,52.18785891232828,11-50,306.98740536663695,High
20752,2011-10,25.0,41.390782121348366,16.390782121348366,11-50,65.56312848539346,High
20754,2011-07,127.0,94.5303127473955,32.4696872526045,101-500,25.566682876066537,Moderate
20754,2011-08,109.0,169.6225362653661,60.62253626536611,101-500,55.6170057480423,High
20754,2011-09,47.0,124.91008055474708,77.91008055474707,11-50,165.76612883988736,High
20754,2011-10,43.0,95.47497101468588,52.47497101468589,11-50,122.03481631322299,High
20755,2011-09,31.0,60.25251101631748,29.25251101631748,11-50,94.36293876231446,High
20755,2011-10,87.0,62.51881290343231,24.48118709656769,51-100,28.139295513296197,Moderate
20755,2011-11,12.0,57.42824761115646,45.42824761115646,11-50,378.5687300929705,High
20756,2011-07,0.0,39.64372617670296,39.64372617670296,0-10,,
20756,2011-10,13.0,44.66359179850021,31.663591798500214,11-50,243.56609075769393,High
20757,2011-07,1.0,39.64372617670296,38.64372617670296,0-10,3864.372617670296,High
20757,2011-08,3.0,35.69166701496239,32.69166701496239,0-10,1089.7222338320796,High
20757,2011-09,10.0,24.84014187935909,14.840141879359091,0-10,148.40141879359092,High
20757,2011-10,60.0,36.86889358311649,23.13110641688351,51-100,38.551844028139186,Moderate
20758,2011-07,3.0,46.05437948071399,43.05437948071399,0-10,1435.1459826904663,High
20758,2011-08,11.0,41.82036104052314,30.82036104052314,11-50,280.18510036839217,High
20758,2011-09,12.0,37.43301151000661,25.433011510006608,11-50,211.94176258338842,High
20758,2011-10,37.0,43.27954688712752,6.279546887127523,11-50,16.9717483435879,Low
20758,2011-11,7.0,45.15054806272428,38.15054806272428,0-10,545.0078294674897,High
20759,2011-10,26.0,36.86889358311649,10.868893583116488,11-50,41.803436858140344,Moderate
20759,2011-11,1.0,42.75876579145223,41.75876579145223,0-10,4175.876579145222,High
20760,2011-10,18.0,42.38447896741325,24.384478967413244,11-50,135.46932759674024,High
20761,2011-07,2.0,34.03585067662429,32.03585067662429,0-10,1601.7925338312145,High
20761,2011-08,16.0,29.190456011020103,13.190456011020103,11-50,82.44035006887565,High
20761,2011-09,12.0,31.621570689220324,19.621570689220324,11-50,163.51308907683602,High
20761,2011-10,14.0,30.63569461307288,16.635694613072882,11-50,118.82639009337773,High
20761,2011-11,3.0,23.913889300041195,20.913889300041195,0-10,697.1296433347064,High
20762,2011-07,9.0,29.63131984556173,20.63131984556173,0-10,229.2368871729081,High
20762,2011-08,7.0,25.63494652895469,18.63494652895469,0-10,266.21352184220984,High
20762,2011-09,7.0,28.172133998957356,21.172133998957356,0-10,302.45905712796224,High
20762,2011-10,8.0,25.80400801203695,17.80400801203695,0-10,222.55010015046187,High
20762,2011-11,1.0,18.240098456576607,17.240098456576607,0-10,1724.0098456576607,High
20763,2011-07,5.0,23.220666541550717,18.220666541550717,0-10,364.4133308310143,High
20763,2011-08,5.0,22.77980270700908,17.779802707009082,0-10,355.59605414018165,High
20763,2011-09,2.0,22.77980270700908,20.77980270700908,0-10,1038.990135350454,High
20763,2011-10,24.0,22.77980270700908,1.2201972929909175,11-50,5.084155387462156,Low
20763,2011-11,1.0,35.961160655873186,34.961160655873186,0-10,3496.1160655873186,High
20764,2011-07,15.0,26.73805028419226,11.738050284192258,11-50,78.25366856128171,High
20764,2011-08,11.0,26.408199250849368,15.408199250849368,11-50,140.07453864408518,High
20764,2011-09,11.0,29.63131984556173,18.63131984556173,11-50,169.37563495965207,High
20764,2011-10,26.0,27.577082953959163,1.577082953959163,11-50,6.065703669073704,Low
20764,2011-11,7.0,32.80487954950077,25.804879549500768,0-10,368.64113642143957,High
20765,2011-07,13.0,27.374169063538808,14.374169063538808,11-50,110.57053125799084,High
20765,2011-08,5.0,27.785120051019764,22.785120051019764,0-10,455.70240102039526,High
20765,2011-09,10.0,26.73805028419226,16.73805028419226,0-10,167.38050284192258,High
20765,2011-10,12.0,25.65134294690099,13.65134294690099,11-50,113.76119122417492,High
20765,2011-11,1.0,17.088618803548403,16.088618803548403,0-10,1608.8618803548404,High
20766,2011-07,15.0,25.63494652895469,10.634946528954686,11-50,70.89964352636457,High
20766,2011-08,5.0,28.822479238253344,23.822479238253344,0-10,476.4495847650669,High
20766,2011-09,15.0,29.190456011020103,14.190456011020103,11-50,94.60304007346735,High
20766,2011-10,14.0,26.80636808607464,12.806368086074642,11-50,91.47405775767601,High
20766,2011-11,2.0,23.913889300041195,21.913889300041195,0-10,1095.6944650020598,High
20767,2011-07,56.0,55.32778926248647,0.6722107375135309,51-100,1.200376316988448,Low
20767,2011-08,14.0,64.66116922191624,50.66116922191624,11-50,361.86549444225886,High
20767,2011-09,18.0,47.84058084675586,29.840580846755863,11-50,165.78100470419923,High
20767,2011-10,23.0,37.78816671882706,14.788166718827055,11-50,64.29637703837851,High
20767,2011-11,9.0,35.091673940890246,26.09167394089025,0-10,289.9074882321139,High
20768,2011-07,12.0,59.074730297351074,47.074730297351074,11-50,392.2894191445923,High
20768,2011-08,7.0,44.06120026299905,37.06120026299905,0-10,529.4457180428436,High
20768,2011-09,10.0,31.126485105741544,21.126485105741544,0-10,211.26485105741546,High
20768,2011-10,42.0,26.90100443699148,15.098995563008522,11-50,35.94998943573457,Moderate
20768,2011-11,8.0,45.12767376312621,37.12767376312621,0-10,464.09592203907766,High
20769,2011-07,0.0,30.47173745044129,30.47173745044129,0-10,,
20769,2011-10,14.0,30.07356861521602,16.07356861521602,11-50,114.81120439440014,High
20769,2011-11,7.0,19.684707300268578,12.684707300268578,0-10,181.2101042895511,High
20770,2011-07,13.0,55.32778926248647,42.32778926248647,11-50,325.5983789422036,High
20770,2011-08,1.0,34.47790347811775,33.47790347811775,0-10,3347.790347811775,High
20770,2011-09,3.0,31.126485105741544,28.126485105741544,0-10,937.5495035247181,High
20770,2011-10,2.0,23.662915311205,21.662915311205,0-10,1083.14576556025,High
20771,2011-07,0.0,54.88554049283217,54.88554049283217,0-10,,
20771,2011-10,22.0,30.07356861521602,8.073568615216018,11-50,36.69803916007281,Moderate
20771,2011-11,2.0,32.5300426843658,30.530042684365803,0-10,1526.5021342182902,High
20772,2011-07,16.0,53.07063848046352,37.07063848046352,11-50,231.691490502897,High
20772,2011-08,13.0,39.08229383316655,26.082293833166556,11-50,200.6330294858966,High
20772,2011-09,21.0,31.732691038027447,10.732691038027449,11-50,51.10805256203547,High
20772,2011-10,105.0,45.02048759476371,59.97951240523629,101-500,57.123345147844084,High
20772,2011-11,4.0,67.65520889628593,63.65520889628593,0-10,1591.3802224071483,High
20773,2011-07,3.0,23.662915311205,20.662915311205,0-10,688.7638437068333,High
20773,2011-08,2.0,23.662915311205,21.662915311205,0-10,1083.14576556025,High
20774,2011-07,4.0,23.662915311205,19.662915311205,0-10,491.57288278012504,High
20774,2011-08,42.0,24.672983338771957,17.327016661228047,11-50,41.2548015743525,Moderate
20774,2011-09,2.0,70.1124921910694,68.1124921910694,0-10,3405.6246095534702,High
20775,2011-09,31.0,25.23618875412428,5.763811245875722,11-50,18.59293950282491,Low
20775,2011-10,48.0,67.46796175331706,19.467961753317056,11-50,40.558253652743865,Moderate
20775,2011-11,3.0,47.35753044846043,44.35753044846043,0-10,1478.5843482820144,High
20777,2011-08,17.0,23.662915311205,6.662915311205001,11-50,39.19361947767648,Moderate
20777,2011-09,34.0,54.20237936889515,20.20237936889515,11-50,59.41876284969162,High
20777,2011-10,56.0,67.76177606752802,11.761776067528018,51-100,21.003171549157177,Moderate
20777,2011-11,14.0,56.33995704498567,42.33995704498567,11-50,302.4282646070405,High
20780,2011-11,2.0,15.385484807274446,13.385484807274446,0-10,669.2742403637224,High
20781,2011-10,10.0,18.880484830624948,8.880484830624948,0-10,88.80484830624947,High
20781,2011-11,3.0,15.385484807274446,12.385484807274446,0-10,412.8494935758149,High
20794,2011-07,0.0,26.077195298608974,26.077195298608974,0-10,,
20794,2011-10,5.0,19.32134866516658,14.321348665166578,0-10,286.4269733033316,High
20794,2011-11,6.0,17.109073783311608,11.109073783311608,0-10,185.15122972186015,High
20795,2011-09,0.0,24.83323917038098,24.83323917038098,0-10,,
20796,2011-09,1.0,32.818781055306346,31.818781055306346,0-10,3181.8781055306345,High
20796,2011-10,4.0,30.07356861521602,26.07356861521602,0-10,651.8392153804004,High
20802,2011-07,82.0,50.064832595215,31.935167404785005,51-100,38.94532610339635,Moderate
20802,2011-08,36.0,82.58011692993617,46.58011692993617,11-50,129.3892136942671,High
20802,2011-09,10.0,57.37203428305349,47.37203428305349,0-10,473.72034283053483,High
20802,2011-10,30.0,43.93447875819712,13.934478758197116,11-50,46.44826252732372,Moderate
20819,2011-07,0.0,19.32134866516658,19.32134866516658,0-10,,
20819,2011-10,25.0,18.880484830624948,6.1195151693750525,11-50,24.47806067750021,Moderate
20821,2011-08,0.0,18.880484830624948,18.880484830624948,0-10,,
20828,2011-07,53.0,80.78884898214409,27.78884898214409,51-100,52.431790532347335,High
20828,2011-08,79.0,88.42210088358951,9.422100883589508,51-100,11.926709979227224,Low
20828,2011-09,69.0,101.29656254414598,32.296562544145985,51-100,46.80661238282027,Moderate
20828,2011-10,124.0,96.63204147473718,27.36795852526282,101-500,22.07093429456679,Moderate
20828,2011-11,35.0,87.35686663176674,52.356866631766735,11-50,149.59104751933353,High
20829,2011-07,399.0,77.79287870972878,321.20712129027123,101-500,80.50303791736121,High
20829,2011-08,61.0,206.03750596789288,145.03750596789288,51-100,237.76640322605388,High
20829,2011-09,96.0,106.4848151249531,10.4848151249531,51-100,10.921682421826146,Low
20829,2011-10,153.0,130.99260903957003,22.007390960429973,101-500,14.383915660411747,Low
20829,2011-11,20.0,102.97514473847184,82.97514473847184,11-50,414.87572369235914,High
20830,2011-07,0.0,30.07356861521602,30.07356861521602,0-10,,
20831,2011-07,61.0,22.77980270700908,38.22019729299092,51-100,62.65606113605069,High
20831,2011-08,17.0,55.373282584956826,38.373282584956826,11-50,225.72519167621664,High
20831,2011-09,0.0,47.84058084675586,47.84058084675586,0-10,,
20832,2011-07,72.0,197.29270393634332,125.29270393634334,51-100,174.0176443560324,High
20832,2011-08,193.0,107.24956000029316,85.75043999970683,101-500,44.43027979259421,Moderate
20832,2011-09,70.0,199.51111556812072,129.51111556812072,51-100,185.01587938302958,High
20832,2011-10,103.0,121.0735223543758,18.07352235437581,101-500,17.547109081918265,Low
20832,2011-11,72.0,86.31609917733624,14.31609917733624,51-100,19.883471079633665,Low
20836,2011-09,30.0,48.93685373270184,18.93685373270184,11-50,63.12284577567281,High
20836,2011-10,42.0,59.85434218109221,17.854342181092207,11-50,42.51033852641002,Moderate
20837,2011-07,0.0,47.10729597123951,47.10729597123951,0-10,,
20838,2011-07,60.0,57.77020311827876,2.229796881721242,51-100,3.7163281362020704,Low
20838,2011-08,73.0,62.68633784266319,10.313662157336807,51-100,14.128304325118915,Low
20838,2011-09,46.0,104.00116810227505,58.001168102275045,11-50,126.08949587451097,High
20838,2011-10,34.0,63.78228198368006,29.782281983680058,11-50,87.5949470108237,High
20838,2011-11,1.0,49.060856733556825,48.060856733556825,0-10,4806.085673355683,High
20839,2011-07,24.0,70.95080592323575,46.95080592323575,11-50,195.62835801348228,High
20839,2011-08,133.0,56.62476628901717,76.37523371098283,101-500,57.42498775261866,High
20839,2011-09,62.0,134.72575096294227,72.72575096294227,51-100,117.29959832732624,High
20839,2011-10,92.0,90.22686551477032,1.7731344852296758,51-100,1.927320092640952,Low
20839,2011-11,33.0,64.29736776573459,31.29736776573459,11-50,94.8405083810139,High
20840,2011-07,15.0,93.96961195509192,78.96961195509192,11-50,526.4640797006127,High
20840,2011-08,39.0,61.97973649972253,22.979736499722527,11-50,58.92240128133981,High
20840,2011-09,33.0,50.00321681047173,17.003216810471727,11-50,51.5248994256719,High
20840,2011-10,30.0,57.5097489215902,27.5097489215902,11-50,91.69916307196733,High
20840,2011-11,41.0,43.46722126458635,2.4672212645863496,11-50,6.017612840454511,Low
20846,2011-07,40.0,49.60504797524646,9.605047975246457,11-50,24.012619938116142,Moderate
20846,2011-08,28.0,61.16285234239647,33.16285234239647,11-50,118.43875836570167,High
20846,2011-09,37.0,57.682600722233154,20.682600722233158,11-50,55.898920870900426,High
20846,2011-10,90.0,62.07387145008121,27.926128549918797,51-100,31.029031722131993,Moderate
20846,2011-11,44.0,61.043576117424855,17.043576117424855,11-50,38.73540026687467,Moderate
20847,2011-07,7.0,34.29882444703528,27.29882444703528,0-10,389.9832063862183,High
20847,2011-08,5.0,19.32134866516658,14.321348665166578,0-10,286.4269733033316,High
20847,2011-09,1.0,23.78987073457604,22.78987073457604,0-10,2278.9870734576043,High
20847,2011-10,1.0,22.77980270700908,21.77980270700908,0-10,2177.980270700908,High
20848,2011-09,1.0,23.662915311205,22.662915311205,0-10,2266.2915311205,High
20848,2011-10,3.0,23.662915311205,20.662915311205,0-10,688.7638437068333,High
20856,2011-07,10.0,55.32778926248647,45.32778926248647,0-10,453.2778926248647,High
20866,2011-07,6.0,30.07356861521602,24.07356861521602,0-10,401.2261435869337,High
20866,2011-08,117.0,23.662915311205,93.337084688795,101-500,79.77528605879914,High
20866,2011-09,69.0,91.6908756010275,22.6908756010275,51-100,32.88532695801087,Moderate
20866,2011-10,45.0,85.73554474759274,40.73554474759274,11-50,90.52343277242831,High
20866,2011-11,11.0,53.36991102806988,42.36991102806988,11-50,385.1810093460898,High
20867,2011-10,24.0,36.86889358311649,12.868893583116488,11-50,53.620389929652035,High
20867,2011-11,3.0,42.75876579145223,39.75876579145223,0-10,1325.2921930484076,High
20868,2011-07,7.0,71.53044144884656,64.53044144884656,0-10,921.8634492692365,High
20868,2011-08,21.0,72.07298594106612,51.07298594106612,11-50,243.20469495745775,High
20868,2011-09,27.0,51.39961267588722,24.39961267588722,11-50,90.36893583661933,High
20868,2011-10,279.0,66.88924692212245,212.11075307787755,101-500,76.02535952612098,High
20868,2011-11,7.0,113.6023339565436,106.6023339565436,0-10,1522.89048509348,High
20869,2011-07,8.0,48.77560350434225,40.77560350434225,0-10,509.6950438042781,High
20869,2011-08,20.0,43.27954688712752,23.279546887127523,11-50,116.39773443563762,High
20869,2011-09,26.0,59.47656330351923,33.47656330351923,11-50,128.75601270584318,High
20869,2011-10,80.0,67.97816617463802,12.02183382536198,51-100,15.027292281702476,Low
20869,2011-11,6.0,71.56003662792058,65.56003662792058,0-10,1092.6672771320098,High
20886,2011-07,24.0,67.92006353039527,43.92006353039527,11-50,183.00026470998029,High
20886,2011-08,19.0,55.74711302630796,36.74711302630796,11-50,193.4058580331998,High
20886,2011-09,16.0,40.1352103236921,24.1352103236921,11-50,150.84506452307562,High
20886,2011-10,5.0,37.78816671882706,32.78816671882706,0-10,655.7633343765411,High
20893,2011-07,0.0,23.220666541550717,23.220666541550717,0-10,,
20893,2011-10,8.0,43.56915014576256,35.56915014576256,0-10,444.61437682203206,High
20893,2011-11,59.0,22.509659059755663,36.49034094024434,51-100,61.848035491939555,High
20894,2011-10,13.0,27.73127016441572,14.73127016441572,11-50,113.31746280319786,High
20894,2011-11,1.0,17.269329614920636,16.269329614920636,0-10,1626.9329614920637,High
20897,2011-07,53.0,31.92004762515584,21.07995237484416,51-100,39.77349504687578,Moderate
20898,2011-07,0.0,30.07356861521602,30.07356861521602,0-10,,
20902,2011-07,5.0,50.98622261644805,45.98622261644805,0-10,919.724452328961,High
20903,2011-07,16.0,50.98622261644805,34.98622261644805,11-50,218.66389135280033,High
20903,2011-08,0.0,58.1612402158508,58.1612402158508,0-10,,
20914,2011-07,566.0,728.8028007141573,162.80280071415734,501-1000,28.763745709215076,Moderate
20914,2011-08,521.0,625.2572156290522,104.2572156290522,501-1000,20.01098188657432,Moderate
20914,2011-09,388.0,678.6257714593793,290.6257714593793,101-500,74.90354934520084,High
20914,2011-10,762.0,711.7164496131584,50.283550386841625,501-1000,6.598891126882103,Low
20914,2011-11,147.0,382.6071773174752,235.6071773174752,101-500,160.2769913724321,High
20931,2011-07,0.0,35.32000772054642,35.32000772054642,0-10,,
20931,2011-10,110.0,29.190456011020103,80.8095439889799,101-500,73.46322180816355,High
20931,2011-11,19.0,71.03016812426793,52.03016812426793,11-50,273.84299012772595,High
20932,2011-07,0.0,30.07356861521602,30.07356861521602,0-10,,
20932,2011-10,77.0,47.51044627620286,29.489553723797137,51-100,38.29812171921706,Moderate
20932,2011-11,39.0,49.98348551346895,10.983485513468947,11-50,28.162783367869093,Moderate
20933,2011-11,1.0,16.09900575574465,15.099005755744647,0-10,1509.9005755744647,High
20934,2011-07,8.0,18.880484830624948,10.880484830624948,0-10,136.00606038281185,High
20934,2011-08,8.0,19.32134866516658,11.321348665166578,0-10,141.51685831458224,High
20934,2011-09,13.0,21.735628652570558,8.735628652570554,11-50,67.19714348131195,High
20934,2011-10,2.0,22.90595251174654,20.90595251174654,0-10,1045.297625587327,High
20936,2011-08,32.0,22.77980270700908,9.220197292990918,11-50,28.813116540596617,Moderate
20936,2011-09,0.0,43.96731898098783,43.96731898098783,0-10,,
20956,2011-07,65.0,30.07356861521602,34.92643138478398,51-100,53.732971361206125,High
20956,2011-08,185.0,57.517576663744336,127.48242333625566,101-500,68.90941801959765,High
20956,2011-09,122.0,162.67088801636504,40.67088801636504,101-500,33.336793456036915,Moderate
20956,2011-10,237.0,130.99863666440416,106.00136333559584,101-500,44.72631364371132,Moderate
20956,2011-11,30.0,107.97735977169808,77.97735977169808,11-50,259.9245325723269,High
20961,2011-07,72.0,51.62789303777998,20.372106962220023,51-100,28.294593003083367,Moderate
20961,2011-08,52.0,86.13612104681619,34.136121046816186,51-100,65.64638662849266,High
20961,2011-09,108.0,82.90530830079335,25.09469169920665,101-500,23.235825647413563,Moderate
20961,2011-10,252.0,131.91675837835234,120.08324162164766,101-500,47.65208000859034,Moderate
20961,2011-11,90.0,94.59582964345972,4.595829643459709,51-100,5.1064773816218985,Low
20963,2011-07,89.0,50.08270116952205,38.91729883047795,51-100,43.727302056716795,Moderate
20963,2011-08,88.0,96.50034724344042,8.500347243440416,51-100,9.659485503909563,Low
20963,2011-09,90.0,103.72623333902024,13.726233339020254,51-100,15.251370376689172,Low
20963,2011-10,275.0,118.15084385854242,156.84915614145757,101-500,57.03605677871184,High
20963,2011-11,63.0,142.08549058303242,79.08549058303242,51-100,125.5325247349721,High
20966,2011-07,5.0,23.662915311205,18.662915311205,0-10,373.2583062241,High
20969,2011-07,365.0,102.39382508723776,262.60617491276224,101-500,71.94689723637322,High
20969,2011-08,151.0,242.45604402424928,91.45604402424928,101-500,60.566916572350515,High
20969,2011-09,689.0,178.84159326238685,510.1584067376132,501-1000,74.0433101215694,High
20969,2011-10,212.0,604.0934946613904,392.0934946613904,101-500,184.94976163273134,High
20969,2011-11,55.0,144.43989855087287,89.43989855087287,51-100,162.6179973652234,High
20970,2011-07,62.0,78.54433038634228,16.54433038634228,51-100,26.684403848939166,Moderate
20970,2011-08,146.0,88.86239845471336,57.13760154528664,101-500,39.13534352416893,Moderate
20970,2011-09,213.0,140.41211858981458,72.58788141018542,101-500,34.07881756346733,Moderate
20970,2011-10,236.0,230.57115876023892,5.428841239761056,101-500,2.300356457525871,Low
20970,2011-11,42.0,124.54902850769224,82.54902850769224,11-50,196.5453059706958,High
20971,2011-07,1173.0,279.1747171884338,893.8252828115662,1001-5000,76.19993885861605,High
20971,2011-08,608.0,618.6510020008642,10.651002000864196,501-1000,1.7518095396158218,Low
20971,2011-09,4872.0,634.7631645737862,4237.2368354262135,1001-5000,86.97119941351012,High
20971,2011-10,1389.0,7758.953156335407,6369.953156335407,1001-5000,458.59993926100844,High
20971,2011-11,380.0,1156.0141551911297,776.0141551911295,101-500,204.21425136608667,High
20972,2011-07,1087.0,465.9251370925615,621.0748629074385,1001-5000,57.136601923407405,High
20972,2011-08,863.0,749.9039105004605,113.09608949953952,501-1000,13.104992989517905,Low
20972,2011-09,672.0,871.7723481875477,199.7723481875477,501-1000,29.72802800409936,Moderate
20972,2011-10,1004.0,820.6495587234065,183.35044127659356,1001-5000,18.261996143087007,Low
20972,2011-11,208.0,492.56142271899,284.56142271899,101-500,136.80837630720671,High
20973,2011-07,0.0,95.87638094640164,95.87638094640164,0-10,,
20973,2011-10,1649.0,543.6368715619033,1105.3631284380967,1001-5000,67.03233040861714,High
20973,2011-11,284.0,949.3573850783772,665.3573850783772,101-500,234.2807693937948,High
20974,2011-07,1093.0,471.73479241191967,621.2652075880803,1001-5000,56.84036665947671,High
20974,2011-08,353.0,623.8371208950207,270.8371208950207,101-500,76.72439685411351,High
20974,2011-09,897.0,605.200141755724,291.79985824427604,501-1000,32.53064194473534,Moderate
20974,2011-10,610.0,813.7980621930126,203.79806219301256,501-1000,33.40951839229714,Moderate
20974,2011-11,12.0,483.3706802729874,471.3706802729874,11-50,3928.089002274895,High
20975,2011-10,895.0,1041.6843346158755,146.68433461587574,501-1000,16.389311130265448,Low
20975,2011-11,300.0,402.54705321497806,102.54705321497806,101-500,34.182351071659355,Moderate
20977,2011-07,431.0,153.23457141216505,277.76542858783495,101-500,64.4467351711914,High
20977,2011-08,217.0,282.8904593699967,65.89045936999668,101-500,30.36426699078188,Moderate
20977,2011-09,88.0,242.9096392949191,154.9096392949191,51-100,176.03368101695352,High
20977,2011-10,62.0,158.17911416515082,96.17911416515082,51-100,155.12760349217874,High
20978,2011-07,120.0,142.86903592737414,22.869035927374146,101-500,19.057529939478453,Low
20978,2011-08,135.0,126.01666739739224,8.98333260260776,101-500,6.654320446376119,Low
20978,2011-09,354.0,148.85602292600473,205.14397707399527,101-500,57.950276009603186,High
20978,2011-10,309.0,285.558827780609,23.441172219390975,101-500,7.586139876825558,Low
20978,2011-11,73.0,184.956442064206,111.956442064206,51-100,153.36498912904932,High
20979,2011-07,378.0,257.0491869523762,120.9508130476238,101-500,31.997569589318463,Moderate
20979,2011-08,555.0,303.0686710229039,251.9313289770961,501-1000,45.39303224812542,Moderate
20979,2011-09,365.0,440.2839444660457,75.28394446604568,101-500,20.62573820987553,Moderate
20979,2011-10,485.0,376.4190911029447,108.58090889705528,101-500,22.38781626743408,Moderate
20979,2011-11,40.0,273.5704443456502,233.57044434565017,11-50,583.9261108641255,High
20981,2011-07,169.0,197.7761669856692,28.776166985669164,101-500,17.027317742999507,Low
20981,2011-08,282.0,188.64255941822688,93.35744058177312,101-500,33.10547538360749,Moderate
20981,2011-09,133.0,260.92651145882445,127.92651145882444,101-500,96.18534696152213,High
20981,2011-10,393.0,193.493922456634,199.506077543366,101-500,50.76490522731959,High
20981,2011-11,51.0,186.97690703611931,135.97690703611934,51-100,266.62138634533204,High
20982,2011-07,166.0,100.61582127609309,65.38417872390691,101-500,39.38805947223308,Moderate
20982,2011-08,249.0,165.123482659582,83.87651734041799,101-500,33.68534832948514,Moderate
20982,2011-09,265.0,219.5218754713829,45.47812452861706,101-500,17.161556425893227,Low
20982,2011-10,671.0,237.69354028065916,433.30645971934086,501-1000,64.57622350511787,High
20982,2011-11,103.0,255.3568124099772,152.35681240997718,101-500,147.9192353494924,High
20983,2011-07,235.0,169.70904101257955,65.29095898742045,101-500,27.78338680315764,Moderate
20983,2011-08,371.0,221.47610688237975,149.52389311762022,101-500,40.302936150301946,Moderate
20983,2011-09,239.0,317.1299682276638,78.12996822766382,101-500,32.69036327517315,Moderate
20983,2011-10,586.0,257.3450672802064,328.65493271979363,501-1000,56.08445950849721,High
20983,2011-11,60.0,220.0988724276825,160.09887242768252,51-100,266.83145404613754,High
20984,2011-07,568.0,477.5576504055126,90.44234959448738,501-1000,15.922948872268904,Low
20984,2011-08,1046.0,423.1672409473322,622.8327590526678,1001-5000,59.5442408272149,High
20984,2011-09,194.0,755.9267598824275,561.9267598824275,101-500,289.6529690115606,High
20985,2011-07,121.0,124.53198102494125,3.531981024941232,101-500,2.918992582596059,Low
20985,2011-08,50.0,119.05589166887157,69.05589166887155,11-50,138.1117833377431,High
20985,2011-09,133.0,85.45497490791743,47.54502509208257,101-500,35.74813916697938,Moderate
20985,2011-10,76.0,143.2528768703618,67.2528768703618,51-100,88.49062746100238,High
20985,2011-11,31.0,69.95264271706841,38.952642717068414,11-50,125.65368618409165,High
20986,2011-07,12.0,110.88536816958964,98.88536816958964,11-50,824.0447347465804,High
20986,2011-08,12.0,59.86933255051324,47.86933255051324,11-50,398.91110458761034,High
20986,2011-09,225.0,37.284972430959925,187.71502756904007,101-500,83.42890114179559,High
20986,2011-10,169.0,161.77825292703952,7.221747072960483,101-500,4.2732231200949595,Low
20986,2011-11,17.0,113.74138145837664,96.74138145837664,11-50,569.0669497551567,High
20992,2011-07,589.0,296.0345464553273,292.9654535446727,501-1000,49.73946579705819,Moderate
20992,2011-08,557.0,409.1644076241213,147.83559237587872,501-1000,26.541398990283433,Moderate
20992,2011-09,439.0,466.22474685210216,27.22474685210216,101-500,6.2015368683604,Low
20992,2011-10,1160.0,474.07733259233663,685.9226674076633,1001-5000,59.131264431695115,High
20992,2011-11,206.0,522.698778082257,316.69877808225704,101-500,153.737270913717,High
20996,2011-07,381.0,279.291275142304,101.70872485769598,101-500,26.695203374723352,Moderate
20996,2011-08,402.0,287.1328027807657,114.8671972192343,101-500,28.57392965652594,Moderate
20996,2011-09,527.0,336.75155184761707,190.2484481523829,501-1000,36.100274791723514,Moderate
20996,2011-10,449.0,445.7083309445264,3.291669055473619,101-500,0.7331111482123873,Low
20996,2011-11,186.0,248.3439408586841,62.343940858684135,101-500,33.518247773486095,Moderate
20997,2011-07,16.0,29.169164962392475,13.169164962392475,11-50,82.30728101495298,High
20997,2011-08,5.0,36.293001458647225,31.293001458647225,0-10,625.8600291729446,High
20997,2011-09,2.0,29.190456011020103,27.190456011020103,0-10,1359.5228005510053,High
20997,2011-10,7.0,22.77980270700908,15.779802707009082,0-10,225.4257529572726,High
20997,2011-11,5.0,17.23003042900965,12.230030429009648,0-10,244.60060858019295,High
20998,2011-07,21.0,37.592653190732506,16.592653190732506,11-50,79.01263424158336,High
20998,2011-08,0.0,45.02048759476371,45.02048759476371,0-10,,
21000,2011-07,10.0,23.662915311205,13.662915311205,0-10,136.62915311205,High
21000,2011-08,6.0,23.662915311205,17.662915311205,0-10,294.38192185341666,High
21000,2011-09,3.0,29.63131984556173,26.63131984556173,0-10,887.7106615187242,High
21000,2011-10,15.0,22.77980270700908,7.779802707009082,11-50,51.865351380060545,High
21000,2011-11,2.0,13.701541046204454,11.701541046204454,0-10,585.0770523102227,High
21001,2011-07,5.0,20.32739698018124,15.327396980181238,0-10,306.54793960362474,High
21001,2011-08,6.0,18.880484830624948,12.880484830624948,0-10,214.67474717708245,High
21001,2011-09,2.0,19.32134866516658,17.32134866516658,0-10,866.067433258329,High
21001,2011-10,15.0,18.880484830624948,3.880484830624948,11-50,25.869898870832987,Moderate
21001,2011-11,1.0,13.259292276550168,12.259292276550168,0-10,1225.9292276550168,High
21003,2011-07,9.0,23.30890209548984,14.308902095489838,0-10,158.98780106099818,High
21003,2011-08,16.0,20.894622108085866,4.894622108085862,11-50,30.591388175536636,Moderate
21003,2011-09,0.0,31.498615662548826,31.498615662548826,0-10,,
21012,2011-07,93.0,66.30319411789142,26.696805882108578,51-100,28.70624288398772,Moderate
21012,2011-08,68.0,102.58079650975868,34.58079650975867,51-100,50.85411251435099,High
21012,2011-09,87.0,96.63204147473718,9.63204147473718,51-100,11.071312039927793,Low
21012,2011-10,158.0,104.2057177665042,53.79428223349581,101-500,34.047014071832784,Moderate
21012,2011-11,140.0,95.78307585290936,44.21692414709065,101-500,31.583517247921893,Moderate
21014,2011-09,602.0,231.78788124822543,370.21211875177454,501-1000,61.497029692985805,High
21014,2011-10,307.0,423.1292217109918,116.12922171099184,101-500,37.82710804918301,Moderate
21015,2011-07,16.0,39.64372617670296,23.643726176702955,11-50,147.77328860439349,High
21015,2011-08,211.0,43.09031835558093,167.90968164441907,101-500,79.57804817271045,High
21015,2011-09,434.0,177.6932203878941,256.3067796121059,101-500,59.056861661775564,High
21015,2011-10,624.0,315.4247502261424,308.5752497738576,501-1000,49.45116182273359,Moderate
21015,2011-11,142.0,260.15261382722286,118.15261382722286,101-500,83.20606607550906,High
21025,2011-07,4.0,49.85250841132984,45.85250841132984,0-10,1146.3127102832461,High
21025,2011-08,1.0,36.74458350548791,35.74458350548791,0-10,3574.458350548791,High
21025,2011-09,3.0,23.662915311205,20.662915311205,0-10,688.7638437068333,High
21025,2011-10,18.0,23.662915311205,5.662915311205001,11-50,31.460640617805563,Moderate
21025,2011-11,4.0,18.51674364935011,14.516743649350111,0-10,362.9185912337528,High
21026,2011-07,15.0,31.250795183370133,16.250795183370133,11-50,108.33863455580088,High
21026,2011-08,0.0,37.70409511656704,37.70409511656704,0-10,,
21026,2011-11,7.0,42.046484839269056,35.046484839269056,0-10,500.6640691324151,High
21027,2011-07,3.0,46.05437948071399,43.05437948071399,0-10,1435.1459826904663,High
21027,2011-08,9.0,36.86889358311649,27.86889358311649,0-10,309.65437314573876,High
21027,2011-09,5.0,36.86889358311649,31.86889358311649,0-10,637.3778716623298,High
21027,2011-10,8.0,41.82036104052314,33.82036104052314,0-10,422.75451300653924,High
21028,2011-07,1.0,48.67528184317574,47.67528184317574,0-10,4767.5281843175735,High
21028,2011-08,7.0,25.893058369884606,18.893058369884606,0-10,269.9008338554944,High
21028,2011-09,10.0,35.69166701496239,25.69166701496239,0-10,256.9166701496239,High
21028,2011-10,18.0,26.246256781691237,8.246256781691233,11-50,45.81253767606241,Moderate
21028,2011-11,3.0,23.18817441877701,20.18817441877701,0-10,672.939147292567,High
21030,2011-07,10.0,47.10729597123951,37.10729597123951,0-10,371.0729597123951,High
21030,2011-08,1.0,37.92181007364201,36.92181007364201,0-10,3692.181007364201,High
21030,2011-09,4.0,42.10232031897342,38.10232031897342,0-10,952.5580079743355,High
21030,2011-10,17.0,24.84014187935909,7.840141879359091,11-50,46.118481643288774,Moderate
21031,2011-10,10.0,23.662915311205,13.662915311205,0-10,136.62915311205,High
21032,2011-07,0.0,24.84014187935909,24.84014187935909,0-10,,
21032,2011-10,18.0,23.662915311205,5.662915311205001,11-50,31.460640617805563,Moderate
21033,2011-07,218.0,338.89420846865147,120.89420846865148,101-500,55.45605893057407,High
21033,2011-08,1.0,240.12322126620333,239.12322126620333,0-10,23912.322126620333,High
21034,2011-07,84.0,157.83561721740472,73.83561721740472,51-100,87.89954430643418,High
21034,2011-08,165.0,135.0784753516519,29.92152464834811,101-500,18.13425736263522,Low
21034,2011-09,218.0,253.4190600690993,35.41906006909926,101-500,16.247275261054707,Low
21034,2011-10,349.0,369.59130275640007,20.59130275640007,101-500,5.900086749684833,Low
21034,2011-11,80.0,298.9981017143364,218.9981017143364,51-100,273.74762714292046,High
21035,2011-07,107.0,263.1842414058876,156.18424140588758,101-500,145.96658075316594,High
21035,2011-08,116.0,202.4883989274783,86.4883989274783,101-500,74.55896459265371,High
21035,2011-09,151.0,166.00390657089957,15.003906570899574,101-500,9.93636196748316,Low
21035,2011-10,325.0,172.70477351724637,152.29522648275363,101-500,46.860069687001115,Moderate
21035,2011-11,122.0,194.2957605485589,72.29576054855892,101-500,59.25882012176961,High
21039,2011-07,43.0,31.605969533225487,11.394030466774511,11-50,26.49774527156863,Moderate
21039,2011-08,22.0,50.98946587395612,28.98946587395612,11-50,131.77029942707327,High
21039,2011-09,54.0,56.14528186153323,2.145281861533228,51-100,3.972744188024496,Low
21039,2011-10,39.0,73.77385493292932,34.773854932929325,11-50,89.16373059725467,High
21039,2011-11,1.0,44.22312730875428,43.22312730875428,0-10,4322.312730875428,High
21041,2011-07,70.0,94.5982186368506,24.598218636850604,51-100,35.140312338358,Moderate
21041,2011-08,48.0,101.26385142496032,53.26385142496031,11-50,110.96635713533398,High
21041,2011-09,14.0,85.08889302361047,71.08889302361047,11-50,507.77780731150335,High
21041,2011-10,14.0,50.94010413195305,36.94010413195305,11-50,263.8578866568075,High
21042,2011-07,14.0,30.534505667304607,16.534505667304607,11-50,118.10361190931862,High
21042,2011-08,12.0,28.631397469642938,16.631397469642938,11-50,138.59497891369114,High
21042,2011-09,6.0,27.391124391989,21.391124391989,0-10,356.5187398664833,High
21042,2011-10,21.0,25.7320019691776,4.732001969177599,11-50,22.53334271036952,Moderate
21042,2011-11,4.0,23.462270133897288,19.462270133897288,0-10,486.5567533474322,High
21051,2011-07,0.0,26.077195298608974,26.077195298608974,0-10,,
21055,2011-07,8.0,21.904690135652817,13.904690135652816,0-10,173.8086266956602,High
21055,2011-08,1.0,21.904690135652817,20.904690135652817,0-10,2090.469013565282,High
21055,2011-09,18.0,21.294764818028927,3.294764818028927,11-50,18.304248989049597,Low
21055,2011-10,42.0,46.84527912994946,4.845279129949461,11-50,11.536378880832048,Low
21055,2011-11,2.0,43.64465321227071,41.64465321227071,0-10,2082.2326606135357,High
21056,2011-07,1.0,22.788545143096076,21.788545143096076,0-10,2178.8545143096076,High
21056,2011-08,1.0,22.34768130855444,21.34768130855444,0-10,2134.768130855444,High
21056,2011-09,1.0,18.880484830624948,17.880484830624948,0-10,1788.0484830624948,High
21056,2011-10,28.0,18.880484830624948,9.119515169375052,11-50,32.56969703348233,Moderate
21056,2011-11,8.0,28.13344878007385,20.13344878007385,0-10,251.66810975092312,High
21058,2011-07,112.0,115.80965893697308,3.8096589369730793,101-500,3.4014811937259637,Low
21058,2011-08,138.0,113.8429895709104,24.15701042908961,101-500,17.50508002107943,Low
21058,2011-09,62.0,153.82034040763273,91.82034040763271,51-100,148.0973232381173,High
21058,2011-10,35.0,104.68559239594062,69.68559239594062,11-50,199.10169255983033,High
21058,2011-11,5.0,57.27533888220951,52.27533888220951,0-10,1045.5067776441902,High
21059,2011-07,45.0,91.6776779242691,46.67767792426911,11-50,103.72817316504248,High
21059,2011-08,60.0,75.47735884184148,15.47735884184148,51-100,25.795598069735803,Moderate
21059,2011-09,52.0,79.44670301152283,27.44670301152283,51-100,52.78212117600544,High
21059,2011-10,43.0,75.3960432495828,32.3960432495828,11-50,75.33963546414604,High
21059,2011-11,7.0,59.604415469348005,52.604415469348005,0-10,751.4916495621144,High
21060,2011-07,40.0,81.92580615558548,41.92580615558548,11-50,104.81451538896368,High
21060,2011-08,29.0,68.98579554895622,39.98579554895622,11-50,137.8820536170904,High
21060,2011-09,33.0,67.75904312743599,34.75904312743599,11-50,105.33043371950299,High
21060,2011-10,34.0,61.28042502589245,27.28042502589245,11-50,80.23654419380132,High
21060,2011-11,19.0,47.44804254288714,28.448042542887144,11-50,149.726539699406,High
21061,2011-07,29.0,83.550727412331,54.550727412331,11-50,188.10595659424482,High
21061,2011-08,74.0,68.98579554895622,5.014204451043781,51-100,6.775951960869975,Low
21061,2011-09,3.0,78.481959205008,75.481959205008,0-10,2516.0653068336,High
21061,2011-10,47.0,60.44035318638146,13.440353186381458,11-50,28.596496141237143,Moderate
21061,2011-11,14.0,47.291083787108,33.291083787108,11-50,237.7934556222,High
21062,2011-07,36.0,94.92284797821148,58.92284797821148,11-50,163.67457771725412,High
21062,2011-08,64.0,68.98579554895622,4.985795548956219,51-100,7.790305545244092,Low
21062,2011-09,18.0,79.20773757471156,61.20773757471156,11-50,340.04298652617535,High
21062,2011-10,43.0,60.44035318638146,17.440353186381458,11-50,40.55896089856153,Moderate
21062,2011-11,12.0,50.47296210148401,38.47296210148401,11-50,320.6080175123667,High
21063,2011-07,48.0,85.45274574300831,37.45274574300831,11-50,78.0265536312673,High
21063,2011-08,21.0,75.3960432495828,54.3960432495828,11-50,259.02877737896574,High
21063,2011-09,35.0,66.6866629885953,31.6866629885953,11-50,90.533322824558,High
21063,2011-10,33.0,59.85434218109221,26.854342181092207,11-50,81.3767944881582,High
21063,2011-11,16.0,52.65708017384281,36.65708017384281,11-50,229.10675108651753,High
21064,2011-07,3.0,22.907050209690503,19.907050209690503,0-10,663.5683403230167,High
21064,2011-08,56.0,25.29113813463597,30.70886186536403,51-100,54.8372533310072,High
21064,2011-09,20.0,68.67290287523794,48.67290287523794,11-50,243.36451437618967,High
21064,2011-10,67.0,52.13786269793878,14.86213730206122,51-100,22.182294480688387,Moderate
21064,2011-11,101.0,49.64174982399267,51.35825017600733,101-500,50.84975264951221,High
21065,2011-07,2.0,24.00707958997658,22.00707958997658,0-10,1100.353979498829,High
21065,2011-08,7.0,26.344054625161487,19.344054625161487,0-10,276.34363750230693,High
21065,2011-09,11.0,20.496453272860588,9.496453272860588,11-50,86.3313933896417,High
21065,2011-10,43.0,22.070639227317653,20.929360772682347,11-50,48.67293202949383,Moderate
21065,2011-11,23.0,45.091565361827,22.091565361827,11-50,96.05028418185653,High
21066,2011-07,16.0,37.3230924667991,21.323092466799103,11-50,133.2693279174944,High
21066,2011-08,25.0,36.90810202894446,11.908102028944462,11-50,47.63240811577785,Moderate
21066,2011-09,34.0,59.28332154522398,25.283321545223977,11-50,74.36271042712934,High
21066,2011-10,487.0,49.66666375998973,437.3333362400103,101-500,89.8015064147865,High
21066,2011-11,1.0,204.26757714098952,203.26757714098952,0-10,20326.757714098952,High
21067,2011-07,0.0,54.65082861581605,54.65082861581605,0-10,,
21068,2011-07,38.0,38.75446494365877,0.7544649436587676,11-50,1.9854340622599147,Low
21068,2011-08,76.0,77.4953287546525,1.4953287546525047,51-100,1.967537835069085,Low
21068,2011-09,66.0,98.5127444686226,32.512744468622586,51-100,49.261734043367554,Moderate
21068,2011-10,650.0,93.09410085404062,556.9058991459594,501-1000,85.67783063783992,High
21068,2011-11,12.0,259.6076601504837,247.6076601504837,11-50,2063.3971679206975,High
21069,2011-07,684.0,57.58241727891577,626.4175827210843,501-1000,91.581517941679,High
21070,2011-07,16.0,39.51941609907438,23.519416099074377,11-50,146.99635061921487,High
21070,2011-08,25.0,30.490546015955317,5.490546015955314,11-50,21.962184063821255,Moderate
21070,2011-09,270.0,48.638749750414746,221.36125024958525,101-500,81.98564824058712,High
21070,2011-10,553.0,207.5413470900868,345.4586529099132,501-1000,62.46991915188303,High
21070,2011-11,5.0,192.2194027723384,187.2194027723384,0-10,3744.3880554467682,High
21071,2011-07,32.0,36.24053937340001,4.240539373400011,11-50,13.251685541875036,Low
21071,2011-08,114.0,48.638749750414746,65.36125024958525,101-500,57.33443004349583,High
21071,2011-09,137.0,114.47526466000076,22.524735339999253,101-500,16.441412656933764,Low
21078,2011-07,363.0,296.3142159504818,66.68578404951819,101-500,18.370739407580768,Low
21078,2011-08,129.0,331.1702828931976,202.1702828931976,101-500,156.72114952961053,High
21078,2011-09,24.0,284.64470302598403,260.64470302598403,11-50,1086.0195959416,High
21080,2011-07,1017.0,944.6432554951282,72.35674450487181,1001-5000,7.11472414010539,Low
21080,2011-08,1018.0,1122.4873784257877,104.48737842578748,1001-5000,10.263986092906432,Low
21080,2011-09,792.0,1119.2808218075747,327.28082180757474,501-1000,41.32333608681499,Moderate
21080,2011-10,882.0,1104.388742249586,222.3887422495859,501-1000,25.214143112197952,Moderate
21080,2011-11,234.0,422.53111973147423,188.53111973147423,101-500,80.5688545861001,High
21084,2011-07,89.0,290.1110261412507,201.1110261412507,51-100,225.96744510252887,High
21084,2011-08,269.0,181.90255371842576,87.09744628157424,101-500,32.37823281842908,Moderate
21084,2011-09,83.0,321.31221064622207,238.31221064622207,51-100,287.12314535689404,High
21084,2011-10,92.0,211.6732780094842,119.6732780094842,51-100,130.0796500103089,High
21084,2011-11,68.0,115.14875445112868,47.14875445112868,51-100,69.336403604601,High
21086,2011-07,471.0,625.758164553682,154.75816455368204,101-500,32.85735977785181,Moderate
21086,2011-08,777.0,582.5576332507175,194.4423667492825,501-1000,25.024757625390286,Moderate
21086,2011-09,321.0,706.1642418851527,385.1642418851527,101-500,119.9888604003591,High
21086,2011-10,541.0,511.2326588149937,29.767341185006277,501-1000,5.502281180222972,Low
21086,2011-11,39.0,307.53892619528034,268.53892619528034,11-50,688.5613492186676,High
21088,2011-07,193.0,205.27792622133995,12.277926221339952,101-500,6.361619803803084,Low
21088,2011-08,135.0,209.3076353639458,74.30763536394579,101-500,55.042692862182065,High
21088,2011-09,4.0,194.6141997508152,190.6141997508152,0-10,4765.35499377038,High
21088,2011-10,58.0,121.063136483458,63.06313648345801,51-100,108.72954566113451,High
21088,2011-11,25.0,61.51384035035884,36.51384035035884,11-50,146.05536140143536,High
21089,2011-07,23.0,89.88482419011262,66.88482419011262,11-50,290.8035834352723,High
21090,2011-07,108.0,287.8557198028009,179.85571980280088,101-500,166.53307389148227,High
21090,2011-08,164.0,231.95064347893657,67.95064347893657,101-500,41.43331919447352,Moderate
21090,2011-09,97.0,258.35692714170483,161.35692714170483,51-100,166.34734756876784,High
21090,2011-10,86.0,206.6138963152157,120.6138963152157,51-100,140.24871664559967,High
21090,2011-11,26.0,107.2197620561031,81.2197620561031,11-50,312.3837002157811,High
21094,2011-07,666.0,878.1054049162813,212.1054049162813,501-1000,31.84765839583803,Moderate
21094,2011-08,891.0,878.5847104407528,12.415289559247183,501-1000,1.3934107249435672,Low
21094,2011-09,486.0,963.3577341832672,477.3577341832673,101-500,98.22175600478752,High
21094,2011-10,346.0,789.2301972326452,443.2301972326452,101-500,128.10121307301884,High
21094,2011-11,62.0,371.32977538131854,309.32977538131854,51-100,498.9189925505138,High
21096,2011-07,102.0,209.7518784047809,107.75187840478092,101-500,105.63909647527541,High
21096,2011-08,47.0,156.16981515005057,109.16981515005055,11-50,232.2762024469161,High
21096,2011-09,4.0,114.97545390307629,110.97545390307629,0-10,2774.386347576907,High
21096,2011-10,26.0,88.4249945767487,62.4249945767487,11-50,240.09613298749503,High
21096,2011-11,2.0,53.23473567752625,51.23473567752625,0-10,2561.7367838763125,High
21098,2011-07,164.0,41.710420322215256,122.28957967778474,101-500,74.56681687669801,High
21098,2011-08,1663.0,125.83256011617766,1537.1674398838222,1001-5000,92.43339987274938,High
21098,2011-09,607.0,1762.3442874080397,1155.3442874080397,501-1000,190.33678540494887,High
21098,2011-10,333.0,399.840435717907,66.84043571790698,101-500,20.072202918290387,Moderate
21098,2011-11,189.0,224.109341024886,35.10934102488599,101-500,18.57637091263809,Low
21106,2011-07,1.0,26.612804102328777,25.612804102328777,0-10,2561.280410232878,High
21106,2011-08,9.0,27.73127016441572,18.73127016441572,0-10,208.12522404906355,High
21106,2011-09,28.0,19.32134866516658,8.678651334833422,11-50,30.99518333869079,Moderate
21106,2011-10,89.0,46.903264225820905,42.096735774179095,51-100,47.29970311705517,Moderate
21106,2011-11,1.0,59.85290139054828,58.85290139054828,0-10,5885.290139054829,High
21107,2011-07,3.0,48.638749750414746,45.638749750414746,0-10,1521.2916583471583,High
21107,2011-08,31.0,32.98858494163596,1.9885849416359636,11-50,6.41479013430956,Low
21107,2011-09,73.0,39.62575233494941,33.37424766505059,51-100,45.71814748637067,Moderate
21107,2011-10,163.0,69.29658053693413,93.70341946306588,101-500,57.48676040678888,High
21107,2011-11,241.0,88.51665133082733,152.48334866917267,101-500,63.27109903285173,High
21108,2011-07,50.0,131.35692072600898,81.35692072600898,11-50,162.71384145201796,High
21108,2011-08,81.0,101.22784222160594,20.22784222160594,51-100,24.972644718032026,Moderate
21108,2011-09,709.0,185.1985822653874,523.8014177346126,501-1000,73.87890236031208,High
21108,2011-10,2354.0,551.3665639650602,1802.63343603494,1001-5000,76.57746117395666,High
21108,2011-11,208.0,1280.1494676481425,1072.1494676481425,101-500,515.4564748308378,High
21109,2011-07,2.0,20.24495189068193,18.24495189068193,0-10,912.2475945340964,High
21109,2011-08,7.0,18.880484830624948,11.880484830624948,0-10,169.7212118660707,High
21109,2011-09,15.0,20.894622108085866,5.894622108085862,11-50,39.297480720572416,Moderate
21109,2011-10,63.0,22.343844794338175,40.65615520566182,51-100,64.5335796915267,High
21109,2011-11,243.0,38.74684633167956,204.25315366832044,101-500,84.05479574828001,High
21110,2011-07,0.0,29.16560848627136,29.16560848627136,0-10,,
21110,2011-10,55.0,61.72613019716247,6.726130197162469,51-100,12.22932763120449,Low
21111,2011-07,0.0,26.770306236868656,26.770306236868656,0-10,,
21111,2011-10,66.0,47.9766031152054,18.0233968847946,51-100,27.308177098173637,Moderate
21111,2011-11,200.0,58.0195311432549,141.9804688567451,101-500,70.99023442837255,High
21112,2011-07,0.0,28.99657150944475,28.99657150944475,0-10,,
21112,2011-10,66.0,211.31114481238708,145.31114481238708,51-100,220.16840123088954,High
21112,2011-11,1.0,67.07479878526694,66.07479878526694,0-10,6607.479878526694,High
21114,2011-07,115.0,73.68863803181063,41.311361968189374,101-500,35.922923450599455,Moderate
21114,2011-08,101.0,118.78937985393216,17.78937985393216,101-500,17.613247380130854,Low
21114,2011-09,100.0,107.71259619091666,7.712596190916656,51-100,7.712596190916657,Low
21114,2011-10,98.0,103.44236464373876,5.442364643738756,51-100,5.553433309937506,Low
21114,2011-11,10.0,74.54300196761338,64.54300196761338,0-10,645.4300196761337,High
21115,2011-07,20.0,41.1261612382453,21.126161238245302,11-50,105.63080619122651,High
21115,2011-08,13.0,41.53632391115629,28.536323911156288,11-50,219.51018393197143,High
21115,2011-09,159.0,27.78929322721427,131.21070677278573,101-500,82.52245708980234,High
21115,2011-10,42.0,139.0186801619111,97.01868016191112,11-50,230.9968575283598,High
21115,2011-11,159.0,53.78446536619413,105.21553463380587,101-500,66.17329222251942,High
21116,2011-07,64.0,59.50111351362596,4.49888648637404,51-100,7.0295101349594376,Low
21116,2011-08,50.0,76.81546128561115,26.81546128561115,11-50,53.63092257122229,High
21116,2011-09,80.0,79.57210044081431,0.4278995591856898,51-100,0.5348744489821122,Low
21116,2011-10,196.0,114.33815157107944,81.66184842892056,101-500,41.66420838210233,Moderate
21116,2011-11,2.0,111.1563194262148,109.1563194262148,0-10,5457.81597131074,High
21117,2011-07,0.0,46.05437948071399,46.05437948071399,0-10,,
21117,2011-10,41.0,43.27954688712752,2.2795468871275237,11-50,5.559870456408595,Low
21121,2011-07,440.0,473.1747244085005,33.17472440850048,101-500,7.539710092841019,Low
21121,2011-08,552.0,515.4571428785846,36.54285712141541,501-1000,6.620082811850618,Low
21121,2011-09,730.0,640.9740867576866,89.02591324231344,501-1000,12.195330581138828,Low
21121,2011-10,415.0,605.1812826117952,190.18128261179515,101-500,45.826815087179554,Moderate
21121,2011-11,109.0,386.802996653665,277.802996653665,101-500,254.8651345446468,High
21122,2011-07,705.0,408.45931863839365,296.54068136160635,501-1000,42.062507994554096,Moderate
21122,2011-08,289.0,521.7592800684358,232.75928006843583,101-500,80.53954327627537,High
21122,2011-09,420.0,375.4898264849247,44.51017351507534,101-500,10.597660360732224,Low
21122,2011-10,303.0,456.2588213557388,153.2588213557388,101-500,50.58046909430324,High
21122,2011-11,108.0,268.2288937288257,160.2288937288257,101-500,148.36008678594973,High
21123,2011-07,177.0,80.74661081661324,96.25338918338676,101-500,54.3804458663202,High
21123,2011-08,34.0,182.31158281671375,148.31158281671378,11-50,436.210537696217,High
21123,2011-09,185.0,102.54783634143016,82.45216365856984,101-500,44.56873711274046,Moderate
21123,2011-10,102.0,190.96683991371305,88.96683991371305,101-500,87.2223920722677,High
21123,2011-11,47.0,82.95214397810413,35.95214397810413,11-50,76.49392335766836,High
21124,2011-07,646.0,299.0294416218661,346.9705583781339,501-1000,53.71061275203311,High
21124,2011-08,231.0,433.40614161551866,202.40614161551864,101-500,87.62170632706435,High
21124,2011-09,288.0,316.84939777568616,28.84939777568616,101-500,10.017152005446583,Low
21124,2011-10,239.0,330.72469042137794,91.72469042137794,101-500,38.378531557061905,Moderate
21124,2011-11,35.0,172.884300161766,137.884300161766,11-50,393.9551433193314,High
21125,2011-07,29.0,71.76062814254269,42.760628142542686,11-50,147.45044187083684,High
21125,2011-08,85.0,61.75990945337639,23.240090546623613,51-100,27.341282996027775,Moderate
21125,2011-09,123.0,104.75445650355132,18.24554349644869,101-500,14.833775200364787,Low
21125,2011-10,54.0,135.84824219709424,81.84824219709424,51-100,151.57081888350785,High
21125,2011-11,12.0,54.15601275991481,42.15601275991481,11-50,351.3001063326234,High
21126,2011-07,44.0,71.76062814254269,27.76062814254269,11-50,63.09233668759702,High
21126,2011-08,47.0,67.92963816333031,20.92963816333031,11-50,44.53114502836236,Moderate
21126,2011-09,41.0,91.58496036704057,50.58496036704055,11-50,123.37795211473306,High
21126,2011-10,54.0,90.94474379324936,36.94474379324937,51-100,68.41619220972106,High
21126,2011-11,24.0,54.942406689389465,30.942406689389465,11-50,128.92669453912276,High
21128,2011-07,5.0,18.880484830624948,13.880484830624948,0-10,277.60969661249896,High
21128,2011-08,1.0,18.880484830624948,17.880484830624948,0-10,1788.0484830624948,High
21128,2011-09,5.0,18.880484830624948,13.880484830624948,0-10,277.60969661249896,High
21128,2011-10,4.0,20.05558943831896,16.05558943831896,0-10,401.38973595797404,High
21128,2011-11,8.0,13.371347529813546,5.371347529813546,0-10,67.14184412266933,High
21129,2011-07,3.0,21.294764818028927,18.294764818028927,0-10,609.8254939342976,High
21129,2011-08,2.0,18.880484830624948,16.880484830624948,0-10,844.0242415312474,High
21129,2011-09,4.0,18.880484830624948,14.880484830624948,0-10,372.0121207656237,High
21129,2011-10,13.0,18.880484830624948,5.880484830624948,11-50,45.23449869711499,Moderate
21131,2011-09,10.0,18.880484830624948,8.880484830624948,0-10,88.80484830624947,High
21131,2011-10,2.0,19.32134866516658,17.32134866516658,0-10,866.067433258329,High
21131,2011-11,30.0,19.78200083382456,10.217999166175442,11-50,34.05999722058481,Moderate
21132,2011-07,0.0,22.77980270700908,22.77980270700908,0-10,,
21132,2011-10,5.0,19.32134866516658,14.321348665166578,0-10,286.4269733033316,High
21132,2011-11,2.0,16.225961179115693,14.225961179115693,0-10,711.2980589557847,High
21135,2011-07,204.0,141.83978460507197,62.16021539492803,101-500,30.470693821043156,Moderate
21135,2011-08,80.0,192.95368621094127,112.95368621094129,51-100,141.1921077636766,High
21135,2011-09,123.0,136.40976284528742,13.409762845287418,101-500,10.902246215680828,Low
21135,2011-10,1322.0,148.3419508601227,1173.6580491398772,1001-5000,88.77897497275924,High
21135,2011-11,42.0,770.3163773380838,728.3163773380838,11-50,1734.0866127097236,High
21136,2011-07,191.0,337.73148555093377,146.73148555093377,101-500,76.8227673041538,High
21136,2011-08,516.0,300.77853246745457,215.22146753254543,501-1000,41.709586731113454,Moderate
21136,2011-09,576.0,461.93114340583867,114.06885659416132,501-1000,19.80362093648634,Low
21136,2011-10,561.0,475.5772829415176,85.42271705848236,501-1000,15.226865785825733,Low
21136,2011-11,81.0,267.81500100785286,186.81500100785289,51-100,230.63580371339862,High
21137,2011-07,367.0,703.9227675305813,336.92276753058127,101-500,91.80456880942269,High
21137,2011-08,719.0,577.3970607820061,141.60293921799394,501-1000,19.694428263976903,Low
21137,2011-09,632.0,676.2890640117706,44.28906401177062,501-1000,7.00776329300168,Low
21137,2011-10,2228.0,658.9913798452051,1569.008620154795,1001-5000,70.42228995308774,High
21137,2011-11,1574.0,1216.5478292826144,357.4521707173856,1001-5000,22.70979483592031,Moderate
21147,2011-08,15.0,23.662915311205,8.662915311205001,11-50,57.75276874136668,High
21147,2011-09,72.0,25.67534341280964,46.32465658719036,51-100,64.33980081554218,High
21147,2011-10,70.0,100.0812471388544,30.08124713885441,51-100,42.97321019836345,Moderate
21147,2011-11,7.0,54.209838449830364,47.209838449830364,0-10,674.4262635690052,High
21154,2011-07,265.0,303.64005187479654,38.64005187479654,101-500,14.58115165086662,Low
21154,2011-08,221.0,304.0380773115541,83.0380773115541,101-500,37.57379063871226,Moderate
21154,2011-09,413.0,317.5145119360664,95.4854880639336,101-500,23.119972896836224,Moderate
21154,2011-10,429.0,322.0522078996646,106.9477921003354,101-500,24.929555268143453,Moderate
21154,2011-11,126.0,207.23157901891497,81.23157901891497,101-500,64.46950715786902,High
21155,2011-07,236.0,263.9909109446182,27.99091094461818,101-500,11.860555485007703,Low
21155,2011-08,212.0,286.0900534816229,74.09005348162287,101-500,34.948138434727774,Moderate
21155,2011-09,218.0,295.6527556814403,77.65275568144028,101-500,35.62053012910105,Moderate
21155,2011-10,244.0,311.2561060984788,67.25610609847882,101-500,27.563977909212632,Moderate
21155,2011-11,51.0,167.32668545000894,116.32668545000894,51-100,228.09154009805673,High
21156,2011-07,141.0,131.52988250081924,9.47011749918076,101-500,6.716395389489901,Low
21156,2011-08,298.0,150.84286922323295,147.15713077676705,101-500,49.381587508982236,Moderate
21156,2011-09,337.0,242.6687173353529,94.33128266464708,101-500,27.991478535503582,Moderate
21156,2011-10,569.0,296.3950582388131,272.6049417611869,501-1000,47.90948009862688,Moderate
21156,2011-11,129.0,244.73535967469445,115.73535967469444,101-500,89.71733308115847,High
21158,2011-07,290.0,153.27238981982018,136.72761018017982,101-500,47.14745178626891,Moderate
21158,2011-08,215.0,235.09129099169752,20.09129099169752,101-500,9.344786507766289,Low
21158,2011-09,355.0,236.3917837316785,118.60821626832148,101-500,33.41076514600605,Moderate
21158,2011-10,221.0,301.89138321114825,80.89138321114825,101-500,36.60243584214853,Moderate
21158,2011-11,37.0,131.24080407279249,94.24080407279249,11-50,254.70487587241212,High
21159,2011-07,232.0,135.07308444080562,96.92691555919438,101-500,41.77884291344586,Moderate
21159,2011-08,136.0,186.88089486640547,50.88089486640547,101-500,37.41242269588638,Moderate
21159,2011-09,280.0,183.35836898777512,96.64163101222488,101-500,34.51486821865174,Moderate
21159,2011-10,161.0,235.62123472348043,74.62123472348043,101-500,46.348592995950575,Moderate
21159,2011-11,32.0,111.61622411319172,79.61622411319172,11-50,248.80070035372412,High
21162,2011-07,305.0,156.9651907027021,148.0348092972979,101-500,48.53600304829439,Moderate
21162,2011-08,163.0,266.0092803138065,103.00928031380651,101-500,63.19587749313283,High
21162,2011-09,371.0,190.4331014064925,180.56689859350743,101-500,48.67032307102626,Moderate
21162,2011-10,229.0,298.41959620500626,69.41959620500626,101-500,30.314234150657754,Moderate
21162,2011-11,64.0,116.39558712708586,52.39558712708586,51-100,81.86810488607166,High
21163,2011-07,291.0,195.1232105270689,95.87678947293112,101-500,32.94735033434059,Moderate
21163,2011-08,225.0,235.09129099169752,10.09129099169752,101-500,4.485018218532231,Low
21163,2011-09,250.0,225.03343588642383,24.96656411357617,101-500,9.986625645430468,Low
21164,2011-07,143.0,130.33402198293908,12.665978017060922,101-500,8.857327284657988,Low
21164,2011-08,68.0,187.49393168088716,119.49393168088712,51-100,175.72637011895165,High
21164,2011-09,73.0,109.55825129396126,36.55825129396126,51-100,50.07979629309762,High
21164,2011-10,88.0,107.83723712857277,19.837237128572752,51-100,22.542314918832673,Moderate
21164,2011-11,65.0,77.97285128960897,12.972851289608968,51-100,19.958232753244566,Low
21165,2011-07,408.0,343.2498498084378,64.75015019156223,101-500,15.870134850873093,Low
21165,2011-08,662.0,322.8397570738199,339.1602429261801,501-1000,51.23266509458914,High
21165,2011-09,191.0,495.97146988328143,304.97146988328143,101-500,159.6709266404615,High
21165,2011-10,415.0,325.8794887815944,89.12051121840562,101-500,21.474821980338703,Moderate
21165,2011-11,130.0,247.95628837027712,117.95628837027712,101-500,90.73560643867471,High
21166,2011-07,1.0,653.3753569111972,652.3753569111972,0-10,65237.535691119716,High
21166,2011-08,2073.0,185.45763939959565,1887.5423606004044,1001-5000,91.05365945973972,High
21166,2011-09,908.0,1216.0762253061955,308.07622530619574,501-1000,33.92909970332552,Moderate
21166,2011-10,1340.0,1151.9070719648091,188.09292803519065,1001-5000,14.03678567426796,Low
21166,2011-11,868.0,643.8664629241824,224.1335370758176,501-1000,25.82183606864258,Moderate
21167,2011-07,87.0,130.74066721990613,43.74066721990613,51-100,50.27662898839785,High
21167,2011-08,132.0,106.75810583458043,25.241894165419566,101-500,19.122647095014823,Low
21167,2011-09,182.0,143.18806775169915,38.81193224830085,101-500,21.3252374990664,Moderate
21167,2011-10,211.0,169.01884001833167,41.98115998166833,101-500,19.896284351501578,Low
21167,2011-11,241.0,111.18059470348892,129.8194052965111,101-500,53.86697315207929,High
21169,2011-07,79.0,300.4404814028913,221.4404814028913,51-100,280.3044068391029,High
21169,2011-08,757.0,158.91799256303165,598.0820074369683,501-1000,79.00687020303411,High
21169,2011-09,306.0,523.3740917450907,217.3740917450907,101-500,71.03728488401657,High
21169,2011-10,529.0,464.7479218861275,64.25207811387253,501-1000,12.14595049411579,Low
21169,2011-11,254.0,260.1722247905479,6.172224790547887,101-500,2.430009760058223,Low
21171,2011-07,4.0,73.78088564826007,69.78088564826007,0-10,1744.5221412065016,High
21172,2011-07,566.0,279.38977501149554,286.61022498850446,501-1000,50.63784893789831,High
21172,2011-08,227.0,476.7953565181553,249.7953565181553,101-500,110.0420072767204,High
21172,2011-09,257.0,364.244739434596,107.24473943459594,101-500,41.72947059711905,Moderate
21172,2011-10,439.0,330.03152433135784,108.96847566864216,101-500,24.821976234314842,Moderate
21172,2011-11,90.0,225.76963474298927,135.76963474298927,51-100,150.8551497144325,High
21174,2011-07,265.0,291.154303481624,26.154303481624027,101-500,9.869548483631709,Low
21174,2011-08,684.0,294.40614692874004,389.59385307126,501-1000,56.95816565369298,High
21174,2011-09,458.0,613.4008571383229,155.40085713832286,101-500,33.93031815247224,Moderate
21174,2011-10,570.0,451.8089531926491,118.19104680735092,501-1000,20.735271369710688,Moderate
21174,2011-11,321.0,244.84112894848332,76.15887105151666,101-500,23.725505000472477,Moderate
21175,2011-07,463.0,1024.716927005369,561.7169270053689,101-500,121.32115054111641,High
21175,2011-08,1013.0,700.5696390918761,312.430360908124,1001-5000,30.842088934661792,Moderate
21175,2011-09,950.0,957.0347079857876,7.034707985787691,501-1000,0.7404955774513359,Low
21175,2011-10,1533.0,1070.3495567308155,462.6504432691843,1001-5000,30.17941573836819,Moderate
21175,2011-11,278.0,625.2799537112234,347.27995371122336,101-500,124.92084665871343,High
21179,2011-07,512.0,519.8538276088735,7.85382760887353,501-1000,1.5339507048581114,Low
21179,2011-08,250.0,413.8524172924996,163.85241729249958,101-500,65.54096691699984,High
21181,2011-08,2534.0,102.37834228380773,2431.621657716192,1001-5000,95.95981285383553,High
21181,2011-09,2002.0,1880.9004707436889,121.09952925631136,1001-5000,6.048927535280288,Low
21181,2011-10,989.0,1975.426090106061,986.4260901060612,501-1000,99.73974621901529,High
21181,2011-11,711.0,544.6552783550704,166.34472164492956,501-1000,23.395882087894453,Moderate
21187,2011-07,2.0,48.638749750414746,46.638749750414746,0-10,2331.9374875207372,High
21188,2011-07,36.0,56.08423429434115,20.08423429434115,11-50,55.7895397065032,High
21189,2011-07,5.0,43.56940226901292,38.56940226901292,0-10,771.3880453802584,High
21189,2011-08,5.0,31.126485105741544,26.126485105741544,0-10,522.5297021148309,High
21189,2011-09,6.0,23.662915311205,17.662915311205,0-10,294.38192185341666,High
21189,2011-10,105.0,23.662915311205,81.337084688795,101-500,77.46389017980476,High
21189,2011-11,69.0,63.99384615442599,5.006153845574012,51-100,7.255295428368133,Low
21191,2011-07,3.0,37.38999788360179,34.38999788360179,0-10,1146.3332627867262,High
21191,2011-08,20.0,31.126485105741544,11.126485105741544,11-50,55.63242552870772,High
21191,2011-09,28.0,37.280618122237705,9.280618122237705,11-50,33.14506472227752,Moderate
21191,2011-10,124.0,48.638749750414746,75.36125024958525,101-500,60.775201814181656,High
21191,2011-11,44.0,76.19397529288212,32.193975292882115,11-50,73.16812566564117,High
21192,2011-07,308.0,48.638749750414746,259.3612502495853,101-500,84.20819813298223,High
21192,2011-08,17.0,156.6411272257025,139.6411272257025,11-50,821.4183954453088,High
21192,2011-09,344.0,60.71542765748769,283.2845723425123,101-500,82.3501663786373,High
21192,2011-10,57.0,227.96270255940377,170.96270255940377,51-100,299.93456589369083,High
21194,2011-07,66.0,57.37203428305349,8.627965716946512,51-100,13.072675328706836,Low
21194,2011-08,39.0,86.23385952548387,47.233859525483865,11-50,121.11246032175349,High
21194,2011-09,52.0,69.57568767360637,17.575687673606367,51-100,33.79939937231994,Moderate
21194,2011-10,53.0,83.32165996476589,30.321659964765885,51-100,57.21067917880356,High
21194,2011-11,35.0,71.2370482240327,36.23704822403271,11-50,103.53442349723632,High
21196,2011-09,1.0,43.008283772473554,42.008283772473554,0-10,4200.828377247355,High
21196,2011-10,0.0,31.126485105741544,31.126485105741544,0-10,,
21197,2011-07,72.0,48.7995919208043,23.200408079195697,51-100,32.22278899888291,Moderate
21197,2011-08,0.0,71.82124017542853,71.82124017542853,0-10,,
21197,2011-11,12.0,41.78217079235396,29.78217079235396,11-50,248.18475660294968,High
21198,2011-07,48.0,106.18741994473748,58.18741994473747,11-50,121.2237915515364,High
21198,2011-08,50.0,74.42685377848932,24.42685377848932,11-50,48.85370755697864,Moderate
21198,2011-09,1.0,63.86359757593873,62.86359757593873,0-10,6286.359757593873,High
21198,2011-10,62.0,47.23437491446998,14.76562508553002,51-100,23.815524331500033,Moderate
21198,2011-11,12.0,41.78217079235396,29.78217079235396,11-50,248.18475660294968,High
21199,2011-07,36.0,96.36524458189731,60.36524458189732,11-50,167.6812349497148,High
21199,2011-08,1.0,68.414774913088,67.414774913088,0-10,6741.4774913087995,High
21199,2011-09,0.0,48.60910688842042,48.60910688842042,0-10,,
21200,2011-07,7.0,37.70154845313322,30.70154845313322,0-10,438.59354933047456,High
21200,2011-08,170.0,30.07356861521602,139.926431384784,101-500,82.30966552046117,High
21200,2011-09,162.0,116.54772065637604,45.45227934362397,101-500,28.056962557792573,Moderate
21200,2011-10,290.0,116.03890097436488,173.96109902563512,101-500,59.98658587090866,High
21200,2011-11,6.0,102.6161950157984,96.6161950157984,0-10,1610.2699169299733,High
21201,2011-07,68.0,72.31527298329272,4.315272983292715,51-100,6.345989681312816,Low
21201,2011-08,164.0,76.3635783283623,87.6364216716377,101-500,53.43684248270591,High
21201,2011-09,154.0,121.53743521039922,32.462564789600776,101-500,21.07958752571479,Moderate
21201,2011-10,294.0,117.67728222062668,176.3227177793733,101-500,59.97371353039909,High
21201,2011-11,19.0,97.46542109179724,78.46542109179723,11-50,412.9759004831433,High
21202,2011-07,0.0,30.679774547501896,30.679774547501896,0-10,,
21204,2011-07,37.0,83.41442169703018,46.41442169703018,11-50,125.44438296494643,High
21204,2011-08,53.0,57.37203428305349,4.372034283053488,51-100,8.249121288780167,Low
21204,2011-09,30.0,64.00131221447546,34.00131221447546,11-50,113.33770738158486,High
21204,2011-10,14.0,57.37203428305349,43.37203428305349,11-50,309.8002448789535,High
21204,2011-11,15.0,27.756098165086076,12.756098165086073,11-50,85.04065443390715,High
21205,2011-07,22.0,48.24058091518948,26.24058091518948,11-50,119.27536779631582,High
21205,2011-08,24.0,49.66666375998973,25.666663759989724,11-50,106.94443233329052,High
21205,2011-09,3.0,48.24058091518948,45.24058091518948,0-10,1508.0193638396495,High
21205,2011-10,16.0,33.87169754583188,17.87169754583188,11-50,111.69810966144924,High
21205,2011-11,1.0,23.537304181366224,22.537304181366224,0-10,2253.7304181366226,High
21206,2011-07,71.0,83.04098420964435,12.04098420964435,51-100,16.95913268963993,Low
21206,2011-08,45.0,77.98849958510782,32.98849958510782,11-50,73.30777685579515,High
21206,2011-09,64.0,68.90090573125094,4.900905731250944,51-100,7.6576652050796,Low
21206,2011-10,17.0,69.95840236839544,52.95840236839544,11-50,311.5200139317379,High
21207,2011-07,88.0,102.39382508723776,14.393825087237758,51-100,16.356619417315635,Low
21207,2011-08,179.0,100.75910736334818,78.24089263665182,101-500,43.70999588639767,Moderate
21207,2011-09,184.0,173.57798912911895,10.422010870881053,101-500,5.664136342870138,Low
21207,2011-10,64.0,197.1062075439107,133.1062075439107,51-100,207.97844928736046,High
21207,2011-11,14.0,63.80089246747158,49.80089246747158,11-50,355.72066048193983,High
21208,2011-07,72.0,141.02600131388795,69.02600131388795,51-100,95.86944626928882,High
21208,2011-08,72.0,116.4526895220814,44.45268952208141,51-100,61.7398465584464,High
21208,2011-09,75.0,104.33854210052066,29.33854210052065,51-100,39.11805613402753,Moderate
21208,2011-10,125.0,102.77136938570304,22.22863061429697,101-500,17.782904491437577,Low
21208,2011-11,38.0,98.13846940844552,60.13846940844553,11-50,158.25913002222507,High
21209,2011-07,77.0,127.01326686120116,50.01326686120117,51-100,64.95229462493658,High
21209,2011-08,146.0,116.58505276395556,29.41494723604445,101-500,20.14722413427702,Moderate
21209,2011-09,72.0,139.40422321994075,67.40422321994075,51-100,93.61697669436215,High
21209,2011-10,108.0,112.4674251151891,4.467425115189101,101-500,4.136504736286205,Low
21209,2011-11,41.0,104.51258754483923,63.51258754483924,11-50,154.908750109364,High
21210,2011-07,397.0,409.9895758237288,12.989575823728783,101-500,3.2719334568586356,Low
21210,2011-08,592.0,436.1699788112909,155.8300211887091,501-1000,26.322638714308972,Moderate
21210,2011-09,426.0,546.6456741519305,120.6456741519305,101-500,28.320580786838146,Moderate
21210,2011-10,865.0,353.4320706504883,511.5679293495117,501-1000,59.1408010808684,High
21210,2011-11,59.0,422.1475616412472,363.1475616412472,51-100,615.5043417648258,High
21211,2011-07,124.0,82.97970677646278,41.02029322353722,101-500,33.08088163188486,Moderate
21211,2011-08,27.0,116.32704704475567,89.32704704475569,11-50,330.8409149805766,High
21211,2011-09,237.0,69.7256258278912,167.27437417210882,101-500,70.57990471396997,High
21211,2011-10,44.0,145.1673200533249,101.16732005332489,11-50,229.9257273939202,High
21212,2011-07,3013.0,2761.0942744136464,251.9057255863536,1001-5000,8.36062813097755,Low
21212,2011-08,3425.0,3342.6975283272086,82.3024716727914,1001-5000,2.402991873658143,Low
21212,2011-09,2075.0,2923.049179445852,848.0491794458517,1001-5000,40.869839973294056,Moderate
21212,2011-10,2621.0,2619.8360322024387,1.1639677975613267,1001-5000,0.04440930170016508,Low
21212,2011-11,459.0,1726.20470164066,1267.20470164066,101-500,276.0794556951329,High
21213,2011-07,1422.0,1294.6595233662729,127.34047663372712,1001-5000,8.955026486197406,Low
21213,2011-08,2525.0,1376.2771889086284,1148.7228110913716,1001-5000,45.493972716489964,Moderate
21213,2011-09,1404.0,1933.5431465159452,529.5431465159454,1001-5000,37.71674832734654,Moderate
21213,2011-10,686.0,1721.4834665242925,1035.4834665242925,501-1000,150.94511173823506,High
21213,2011-11,142.0,612.423471734176,470.423471734176,101-500,331.2841350240676,High
21215,2011-07,130.0,94.99545071625867,35.00454928374131,101-500,26.926576372108702,Moderate
21215,2011-08,86.0,143.9631228474746,57.96312284747461,51-100,67.39898005520303,High
21215,2011-09,129.0,126.0944821716429,2.9055178283571053,101-500,2.2523394018272134,Low
21215,2011-10,32.0,124.19971645640064,92.19971645640064,11-50,288.124113926252,High
21215,2011-11,2.0,65.29479994632091,63.29479994632091,0-10,3164.7399973160454,High
21216,2011-07,190.0,177.68775297690783,12.31224702309217,101-500,6.480130012153773,Low
21216,2011-08,199.0,219.5023580899204,20.50235808992042,101-500,10.3026925074977,Low
21216,2011-09,75.0,228.6379884570421,153.6379884570421,51-100,204.85065127605614,High
21216,2011-10,168.0,149.44825721206055,18.55174278793945,101-500,11.04270404044015,Low
21216,2011-11,43.0,114.34914939427394,71.34914939427394,11-50,165.92825440528821,High
21217,2011-07,77.0,71.0299849618234,5.970015038176598,51-100,7.753266283346232,Low
21217,2011-08,57.0,100.95678338812826,43.95678338812826,51-100,77.1171638388215,High
21217,2011-09,42.0,101.93599644585566,59.93599644585567,11-50,142.7047534425135,High
21217,2011-10,119.0,81.8257846330605,37.17421536693951,101-500,31.238836442806306,Moderate
21217,2011-11,42.0,81.32487114342068,39.32487114342068,11-50,93.63064557957304,High
21218,2011-07,239.0,159.87071690657197,79.12928309342803,101-500,33.10848664996989,Moderate
21218,2011-08,121.0,210.87517564837117,89.87517564837114,101-500,74.27700466807532,High
21218,2011-09,79.0,177.64612248266732,98.64612248266732,51-100,124.86850947173079,High
21218,2011-10,274.0,133.92090083442886,140.07909916557114,101-500,51.12375881955151,High
21218,2011-11,42.0,136.37222807004068,94.37222807004068,11-50,224.69578111914447,High
21219,2011-07,13.0,50.23768439585795,37.23768439585795,11-50,286.4437261219842,High
21219,2011-08,33.0,46.506655181875146,13.506655181875146,11-50,40.92925812689438,Moderate
21219,2011-09,33.0,48.8116015510577,15.8116015510577,11-50,47.91394409411424,Moderate
21219,2011-10,60.0,61.107573225249496,1.107573225249496,51-100,1.8459553754158267,Low
21219,2011-11,5.0,42.45972356786929,37.45972356786929,0-10,749.1944713573857,High
21220,2011-07,32.0,48.8116015510577,16.8116015510577,11-50,52.53625484705531,High
21220,2011-08,23.0,61.346538662060766,38.346538662060766,11-50,166.72408113939463,High
21220,2011-09,16.0,59.40021644711422,43.40021644711422,11-50,271.25135279446386,High
21220,2011-10,48.0,38.77417779254992,9.22582220745008,11-50,19.220462932187665,Low
21220,2011-11,12.0,39.14450750906207,27.144507509062077,11-50,226.20422924218397,High
21221,2011-07,26.0,46.05437948071399,20.05437948071399,11-50,77.13222877197688,High
21221,2011-08,20.0,60.25251101631748,40.25251101631748,11-50,201.26255508158738,High
21221,2011-09,2.0,58.2905420482412,56.2905420482412,0-10,2814.52710241206,High
21221,2011-10,11.0,43.15523680949894,32.15523680949894,11-50,292.3203346318085,High
21221,2011-11,2.0,17.71604017316028,15.71604017316028,0-10,785.8020086580141,High
21222,2011-07,16.0,43.56915014576256,27.56915014576256,11-50,172.307188411016,High
21222,2011-08,22.0,51.42579472040771,29.42579472040771,11-50,133.7536123654896,High
21222,2011-09,18.0,59.85434218109221,41.85434218109221,11-50,232.52412322829005,High
21222,2011-10,28.0,49.81691842258444,21.81691842258444,11-50,77.91756579494444,High
21222,2011-11,7.0,35.091673940890246,28.09167394089025,0-10,401.30962772700354,High
21224,2011-07,31.0,100.13633684860916,69.13633684860915,11-50,223.02044144712627,High
21224,2011-08,71.0,71.22791587172239,0.2279158717223879,51-100,0.32100827003153226,Low
21224,2011-09,120.0,98.1397490667522,21.86025093324781,101-500,18.216875777706505,Low
21224,2011-10,101.0,128.83969025881444,27.839690258814443,101-500,27.56404976120242,Moderate
21224,2011-11,21.0,74.11655385199474,53.11655385199474,11-50,252.93597072378446,High
21226,2011-07,0.0,76.51498089568747,76.51498089568747,0-10,,
21231,2011-07,378.0,287.0934502092985,90.90654979070148,101-500,24.049351796481872,Moderate
21231,2011-08,492.0,341.85714240146723,150.14285759853277,101-500,30.51684097531154,Moderate
21231,2011-09,577.0,456.3597068094929,120.64029319050712,501-1000,20.908196393502102,Moderate
21231,2011-10,741.0,506.5957003174197,234.4042996825804,501-1000,31.63350872909317,Moderate
21231,2011-11,156.0,324.1831621007668,168.18316210076682,101-500,107.80971929536334,High
21232,2011-07,548.0,820.3220817339485,272.3220817339485,501-1000,49.69381053539206,Moderate
21232,2011-08,971.0,848.7583292006026,122.2416707993974,501-1000,12.589255489124346,Low
21232,2011-09,1060.0,892.169473807853,167.83052619214698,1001-5000,15.83306850869311,Low
21232,2011-10,1503.0,978.2303078721532,524.7696921278468,1001-5000,34.91481650883878,Moderate
21232,2011-11,570.0,612.3807033798329,42.38070337983288,501-1000,7.435211119268927,Low
21238,2011-07,361.0,397.6356300185496,36.63563001854959,101-500,10.148373966357227,Low
21238,2011-08,145.0,373.1165363980886,228.1165363980886,101-500,157.3217492400611,High
21238,2011-09,140.0,301.1152030362167,161.1152030362167,101-500,115.08228788301193,High
21238,2011-10,296.0,261.49397975038164,34.50602024961836,101-500,11.657439273519717,Low
21238,2011-11,62.0,167.1822546216894,105.1822546216894,51-100,169.64879777691837,High
21239,2011-07,335.0,277.08631976571456,57.91368023428544,101-500,17.287665741577744,Low
21239,2011-08,106.0,278.17341895861955,172.17341895861955,101-500,162.42775373454674,High
21239,2011-09,187.0,213.53864190456915,26.538641904569147,101-500,14.19178711474286,Low
21239,2011-10,122.0,210.35717646735625,88.35717646735623,101-500,72.42391513717723,High
21239,2011-11,39.0,113.3164903963728,74.31649039637281,11-50,190.55510358044313,High
21240,2011-07,255.0,290.4246722354246,35.42467223542462,101-500,13.892028327617501,Low
21240,2011-08,117.0,303.14699142730825,186.14699142730825,101-500,159.09999267291303,High
21240,2011-09,98.0,245.7061577785428,147.70615777854275,51-100,150.72056916177831,High
21240,2011-10,192.0,160.92606278939093,31.073937210609078,101-500,16.184342297192227,Low
21240,2011-11,35.0,119.876807937404,84.87680793740401,11-50,242.50516553544003,High
21242,2011-07,247.0,295.85113453075843,48.85113453075843,101-500,19.777787259416368,Low
21242,2011-08,145.0,281.62781260692384,136.62781260692384,101-500,94.22607765994748,High
21242,2011-09,319.0,242.1063739831056,76.89362601689444,101-500,24.10458495827412,Moderate
21242,2011-10,193.0,264.1742802416815,71.17428024168152,101-500,36.87786541019767,Moderate
21242,2011-11,138.0,146.10721808840137,8.107218088401368,101-500,5.874795716232875,Low
21243,2011-07,212.0,146.3250549464905,65.6749450535095,101-500,30.97874766674977,Moderate
21243,2011-08,83.0,195.5865023725809,112.5865023725809,51-100,135.64638840069986,High
21243,2011-09,192.0,135.55241472619426,56.44758527380574,101-500,29.399783996773827,Moderate
21243,2011-10,185.0,173.49683577135144,11.503164228648558,101-500,6.217926610080301,Low
21243,2011-11,35.0,107.15937649305708,72.15937649305707,11-50,206.16964712302018,High
21244,2011-07,267.0,223.75357570192156,43.24642429807847,101-500,16.197162658456357,Low
21244,2011-08,32.0,230.3440929290668,198.3440929290668,11-50,619.8252904033337,High
21244,2011-09,10.0,111.33960913001224,101.33960913001224,0-10,1013.3960913001223,High
21244,2011-10,4.0,57.66705921991697,53.66705921991697,0-10,1341.6764804979243,High
21244,2011-11,2.0,28.89623174852096,26.89623174852096,0-10,1344.811587426048,High
21245,2011-07,55.0,109.30564259986552,54.30564259986551,51-100,98.73753199975546,High
21245,2011-08,27.0,69.29907456647621,42.29907456647621,11-50,156.66323913509706,High
21245,2011-09,64.0,63.89061390081768,0.1093860991823234,51-100,0.17091577997238033,Low
21245,2011-10,43.0,63.39846867459328,20.39846867459328,11-50,47.43829924324018,Moderate
21245,2011-11,113.0,49.64042793698309,63.35957206301691,101-500,56.070417754882214,High
21246,2011-07,63.0,56.31162333763243,6.688376662367567,51-100,10.616470892646932,Low
21246,2011-08,1.0,80.7147791619953,79.7147791619953,0-10,7971.477916199529,High
21248,2011-07,50.0,30.490546015955317,19.509453984044686,11-50,39.01890796808937,Moderate
21248,2011-08,6.0,55.50823157824705,49.50823157824705,0-10,825.1371929707842,High
21248,2011-09,12.0,48.411601482624086,36.411601482624086,11-50,303.43001235520074,High
21248,2011-10,37.0,38.79743039029289,1.797430390292888,11-50,4.857919973764562,Low
21248,2011-11,14.0,35.091673940890246,21.09167394089025,11-50,150.6548138635018,High
21249,2011-07,170.0,57.77020311827876,112.22979688172124,101-500,66.01752757748308,High
21249,2011-08,34.0,149.21326004644524,115.21326004644524,11-50,338.86252954836834,High
21249,2011-09,45.0,64.32217156986084,19.32217156986084,11-50,42.9381590441352,Moderate
21249,2011-10,71.0,96.45422375881132,25.45422375881131,51-100,35.85101937860748,Moderate
21249,2011-11,9.0,53.94938425314181,44.94938425314181,0-10,499.4376028126868,High
21251,2011-07,24.0,47.34551299547519,23.34551299547519,11-50,97.27297081447995,High
21251,2011-08,16.0,49.66666375998973,33.666663759989724,11-50,210.41664849993577,High
21251,2011-09,7.0,40.1352103236921,33.1352103236921,0-10,473.3601474813157,High
21251,2011-10,20.0,31.126485105741544,11.126485105741544,11-50,55.63242552870772,High
21253,2011-07,4.0,28.570302834182627,24.570302834182627,0-10,614.2575708545656,High
21253,2011-08,25.0,23.831952288031584,1.1680477119684165,11-50,4.672190847873666,Low
21253,2011-09,14.0,39.62575233494941,25.62575233494941,11-50,183.0410881067815,High
21253,2011-10,15.0,29.925524583982465,14.925524583982464,11-50,99.50349722654975,High
21253,2011-11,3.0,23.913889300041195,20.913889300041195,0-10,697.1296433347064,High
21257,2011-07,22.0,95.03537524236992,73.03537524236991,11-50,331.97897837440865,High
21257,2011-08,41.0,55.29439822073073,14.294398220730727,11-50,34.86438590422129,Moderate
21257,2011-09,56.0,72.7309957187667,16.730995718766707,51-100,29.876778069226262,Moderate
21257,2011-10,120.0,94.79428260631398,25.20571739368601,101-500,21.004764494738343,Moderate
21257,2011-11,41.0,82.94979240016619,41.94979240016619,11-50,102.31656682967363,High
21258,2011-10,86.0,74.36160206740144,11.638397932598563,51-100,13.533020851858794,Low
21258,2011-11,44.0,70.28680137634085,26.286801376340847,11-50,59.742730400774654,High
21259,2011-07,32.0,70.38976838803222,38.38976838803222,11-50,119.9680262126007,High
21259,2011-08,100.0,70.17994846452957,29.820051535470427,51-100,29.820051535470427,Moderate
21259,2011-09,79.0,115.09551657680603,36.09551657680605,51-100,45.69052731241272,Moderate
21259,2011-10,109.0,110.74958395742728,1.749583957427291,101-500,1.605122896722285,Low
21259,2011-11,47.0,87.2430843310804,40.2430843310804,11-50,85.62358368314979,High
21260,2011-07,26.0,129.2045748617119,103.2045748617119,11-50,396.94067254504574,High
21260,2011-08,146.0,68.93269430932865,77.06730569067135,101-500,52.78582581552832,High
21260,2011-09,94.0,145.56699387739033,51.56699387739033,51-100,54.85850412488333,High
21260,2011-10,56.0,116.55387544071382,60.553875440713824,51-100,108.13192042984612,High
21260,2011-11,13.0,59.77016382338287,46.77016382338287,11-50,359.77049094909904,High
21261,2011-09,31.0,76.45558772918889,45.45558772918889,11-50,146.63092815867384,High
21261,2011-10,17.0,55.31779739145093,38.31779739145093,11-50,225.3988081850055,High
21261,2011-11,1.0,33.44895403094095,32.44895403094095,0-10,3244.8954030940954,High
21262,2011-07,20.0,47.23437491446998,27.23437491446998,11-50,136.1718745723499,High
21262,2011-08,44.0,38.77578338241751,5.224216617582492,11-50,11.873219585414754,Low
21262,2011-09,47.0,73.33160616327504,26.33160616327504,11-50,56.024693964414986,High
21262,2011-10,83.0,81.28038704404783,1.7196129559521722,51-100,2.071822838496593,Low
21262,2011-11,11.0,62.66849737417038,51.66849737417038,11-50,469.71361249245797,High
21263,2011-09,40.0,50.064832595215,10.064832595214996,11-50,25.16208148803749,Moderate
21263,2011-10,47.0,57.60393842946755,10.603938429467547,11-50,22.561571126526697,Moderate
21263,2011-11,11.0,46.651039620180605,35.651039620180605,11-50,324.10036018346005,High
21264,2011-07,12.0,34.26709123002088,22.26709123002088,11-50,185.55909358350735,High
21264,2011-08,74.0,30.679774547501896,43.32022545249811,51-100,58.540845206078515,High
21264,2011-09,18.0,67.01309472970289,49.013094729702885,11-50,272.2949707205716,High
21264,2011-10,119.0,48.23874968198113,70.76125031801887,101-500,59.46323556136039,High
21264,2011-11,15.0,70.74864203615932,55.748642036159325,11-50,371.6576135743955,High
21265,2011-08,26.0,36.33708139307624,10.33708139307624,11-50,39.75800535798554,Moderate
21265,2011-09,38.0,48.24058091518948,10.240580915189476,11-50,26.948897145235463,Moderate
21265,2011-10,16.0,49.66666375998973,33.666663759989724,11-50,210.41664849993577,High
21265,2011-11,18.0,38.65175003454999,20.65175003454999,11-50,114.73194463638885,High
21269,2011-07,4.0,18.880484830624948,14.880484830624948,0-10,372.0121207656237,High
21269,2011-08,0.0,18.880484830624948,18.880484830624948,0-10,,
21270,2011-07,6.0,18.880484830624948,12.880484830624948,0-10,214.67474717708245,High
21270,2011-08,0.0,20.496453272860588,20.496453272860588,0-10,,
21270,2011-11,1.0,13.371347529813546,12.371347529813546,0-10,1237.1347529813545,High
21272,2011-07,6.0,58.05374656041558,52.05374656041558,0-10,867.5624426735931,High
21277,2011-09,2.0,18.880484830624948,16.880484830624948,0-10,844.0242415312474,High
21277,2011-10,4.0,18.880484830624948,14.880484830624948,0-10,372.0121207656237,High
21279,2011-08,14.0,26.805270388130676,12.805270388130673,11-50,91.46621705807624,High
21279,2011-09,0.0,31.52187878993057,31.52187878993057,0-10,,
21280,2011-07,18.0,23.662915311205,5.662915311205001,11-50,31.460640617805563,Moderate
21280,2011-08,0.0,30.490546015955317,30.490546015955317,0-10,,
21284,2011-07,2.0,34.472523608330675,32.472523608330675,0-10,1623.6261804165338,High
21284,2011-08,14.0,31.126485105741544,17.126485105741544,11-50,122.33203646958246,High
21284,2011-09,24.0,25.67534341280964,1.6753434128096387,11-50,6.980597553373495,Low
21284,2011-10,5.0,48.24058091518948,43.24058091518948,0-10,864.8116183037896,High
21284,2011-11,172.0,25.254871499845976,146.745128500154,101-500,85.31693517450815,High
21285,2011-07,0.0,30.07356861521602,30.07356861521602,0-10,,
21285,2011-10,34.0,41.95179676841426,7.951796768414262,11-50,23.387637554159593,Moderate
21285,2011-11,229.0,43.95957960768895,185.04042039231103,101-500,80.80367702721006,High
21286,2011-11,158.0,39.670465359009626,118.32953464099036,101-500,74.89211053227238,High
21287,2011-07,96.0,129.17811805241897,33.17811805241897,51-100,34.56053963793642,Moderate
21287,2011-08,264.0,123.86220723127204,140.13779276872796,101-500,53.0824972608818,High
21287,2011-09,114.0,170.21410982274477,56.214109822744746,101-500,49.31062265153048,Moderate
21287,2011-10,564.0,138.62103222017657,425.3789677798234,501-1000,75.42180279784102,High
21287,2011-11,15.0,190.9717437337992,175.9717437337992,11-50,1173.144958225328,High
21288,2011-07,20.0,31.126485105741544,11.126485105741544,11-50,55.63242552870772,High
21288,2011-08,55.0,45.02048759476371,9.979512405236292,51-100,18.14456800952053,Low
21288,2011-09,85.0,73.77385493292932,11.226145067070677,51-100,13.207229490671384,Low
21288,2011-10,22.0,103.72623333902024,81.72623333902025,11-50,371.4828788137284,High
21288,2011-11,10.0,44.22312730875428,34.22312730875428,0-10,342.2312730875428,High
21289,2011-07,52.0,68.64125364008002,16.641253640080024,51-100,32.00241084630774,Moderate
21289,2011-08,106.0,75.3960432495828,30.6039567504172,101-500,28.871657311714337,Moderate
21289,2011-09,32.0,108.41190317222171,76.41190317222173,11-50,238.7871974131929,High
21289,2011-10,22.0,68.98579554895622,46.98579554895622,11-50,213.57179794980098,High
21289,2011-11,1.0,49.07691293445134,48.07691293445134,0-10,4807.691293445134,High
21291,2011-07,33.0,152.63645896323752,119.63645896323752,11-50,362.5347241310228,High
21291,2011-08,98.0,89.23943434524614,8.760565654753862,51-100,8.939352708932512,Low
21291,2011-09,16.0,111.94917526001932,95.94917526001932,11-50,599.6823453751207,High
21291,2011-10,99.0,69.70408680404223,29.29591319595777,51-100,29.591831511068456,Moderate
21292,2011-08,97.0,68.98579554895622,28.01420445104378,51-100,28.88062314540596,Moderate
21292,2011-09,0.0,96.41171244419782,96.41171244419782,0-10,,
21293,2011-07,20.0,23.220666541550717,3.220666541550713,11-50,16.103332707753566,Low
21293,2011-08,16.0,37.72286689189199,21.72286689189199,11-50,135.76791807432494,High
21293,2011-09,11.0,36.33708139307624,25.33708139307624,11-50,230.33710357342034,High
21293,2011-10,37.0,30.07356861521602,6.926431384783982,11-50,18.72008482374049,Low
21293,2011-11,1.0,40.67667135972912,39.67667135972912,0-10,3967.667135972912,High
21294,2011-07,16.0,195.91939216051105,179.91939216051102,11-50,1124.4962010031938,High
21294,2011-08,32.0,201.70947645733523,169.70947645733523,11-50,530.3421139291726,High
21294,2011-09,44.0,97.31674552906192,53.31674552906192,11-50,121.17442165695891,High
21306,2011-07,105.0,78.29779294875287,26.70220705124713,101-500,25.430673382140125,Moderate
21306,2011-08,101.0,110.67437032793369,9.674370327933689,101-500,9.578584483102661,Low
21306,2011-09,79.0,102.1238599476754,23.1238599476754,51-100,29.270708794525824,Moderate
21306,2011-10,108.0,106.95794601262102,1.0420539873789778,101-500,0.9648648031286832,Low
21306,2011-11,3.0,95.03543844018984,92.03543844018984,0-10,3067.847948006328,High
21311,2011-07,179.0,134.13444308680144,44.86555691319856,101-500,25.0645569347478,Moderate
21311,2011-08,32.0,172.3050479591446,140.3050479591446,11-50,438.45327487232686,High
21311,2011-09,7.0,135.3542049423948,128.3542049423948,0-10,1833.6314991770685,High
21311,2011-10,45.0,73.83422685061416,28.83422685061416,11-50,64.07605966803148,High
21311,2011-11,2.0,55.90172157800156,53.90172157800156,0-10,2695.086078900078,High
21313,2011-07,249.0,224.23019025777847,24.76980974222153,101-500,9.94771475591226,Low
21313,2011-08,266.0,200.7462033353813,65.2537966646187,101-500,24.53150250549575,Moderate
21313,2011-09,293.0,243.7770077293904,49.22299227060961,101-500,16.799656065054474,Low
21313,2011-10,293.0,250.2252272650508,42.77477273494924,101-500,14.598898544351277,Low
21313,2011-11,62.0,138.48072470704153,76.48072470704153,51-100,123.35600759200247,High
21314,2011-07,228.0,272.9493940206093,44.9493940206093,101-500,19.714646500267236,Low
21314,2011-08,490.0,280.78627340233663,209.21372659766337,101-500,42.69667889748232,Moderate
21314,2011-09,314.0,479.6179404479228,165.61794044792276,101-500,52.74456702163145,High
21314,2011-10,403.0,347.45043481585014,55.549565184149856,101-500,13.784011211947856,Low
21314,2011-11,226.0,213.1219799672662,12.878020032733788,101-500,5.698238952537075,Low
21317,2011-08,29.0,19.890552858191903,9.109447141808094,11-50,31.41188669588998,Moderate
21317,2011-09,7.0,39.22758349972414,32.22758349972414,0-10,460.39404999605915,High
21317,2011-10,25.0,28.477214409267923,3.4772144092679227,11-50,13.908857637071693,Low
21317,2011-11,12.0,35.12668306170495,23.126683061704952,11-50,192.72235884754127,High
21326,2011-07,473.0,751.4960171053757,278.4960171053757,101-500,58.87865055081939,High
21326,2011-08,1627.0,708.4337370363104,918.5662629636896,1001-5000,56.45766828295572,High
21326,2011-09,679.0,1080.4887026250872,401.4887026250872,501-1000,59.12941128499075,High
21326,2011-10,1141.0,956.859404545202,184.140595454798,1001-5000,16.138527209009464,Low
21326,2011-11,600.0,563.7095535601856,36.290446439814446,501-1000,6.0484077399690745,Low
21327,2011-07,25.0,136.12506976346526,111.12506976346526,11-50,444.50027905386105,High
21327,2011-08,44.0,70.65689523585417,26.656895235854165,11-50,60.58385280875947,High
21327,2011-09,86.0,81.71851739549379,4.281482604506209,51-100,4.978468144774661,Low
21327,2011-10,176.0,116.04643817431295,59.953561825687046,101-500,34.06452376459491,Moderate
21327,2011-11,29.0,113.10903946055836,84.10903946055835,11-50,290.0311705536495,High
21328,2011-07,25.0,212.0214632748499,187.0214632748499,11-50,748.0858530993996,High
21328,2011-08,137.0,95.1881832677366,41.81181673226341,101-500,30.519574257126575,Moderate
21328,2011-09,106.0,165.02573837316297,59.025738373162966,101-500,55.684658842606574,High
21328,2011-10,222.0,174.69678414827396,47.30321585172604,101-500,21.307754888164883,Moderate
21328,2011-11,22.0,114.96636227462535,92.96636227462535,11-50,422.5743739755698,High
21329,2011-07,23.0,136.12506976346526,113.12506976346526,11-50,491.84812940637073,High
21329,2011-08,106.0,87.9912491825735,18.008750817426503,101-500,16.98938756360991,Low
21329,2011-09,85.0,130.96055459735678,45.960554597356776,51-100,54.071240702772684,High
21329,2011-10,221.0,119.9080520305158,101.0919479694842,101-500,45.74296288211955,Moderate
21329,2011-11,32.0,114.96636227462535,82.96636227462537,11-50,259.2698821082043,High
21331,2011-10,1.0,18.880484830624948,17.880484830624948,0-10,1788.0484830624948,High
21340,2011-07,56.0,86.74767774872507,30.747677748725067,51-100,54.906567408437624,High
21340,2011-08,59.0,88.88008748600666,29.88008748600666,51-100,50.64421607797739,High
21340,2011-09,64.0,102.82521357804488,38.82521357804488,51-100,60.66439621569513,High
21340,2011-10,86.0,100.8387837468295,14.838783746829506,51-100,17.254399705615704,Low
21340,2011-11,15.0,68.17700186343838,53.17700186343838,11-50,354.51334575625583,High
21344,2011-11,3.0,13.371347529813546,10.371347529813546,0-10,345.7115843271182,High
21351,2011-08,7.0,25.29113813463597,18.29113813463597,0-10,261.30197335194237,High
21351,2011-09,9.0,19.32134866516658,10.321348665166578,0-10,114.6816518351842,High
21351,2011-10,22.0,21.506521300427544,0.4934786995724565,11-50,2.2430849980566205,Low
21351,2011-11,7.0,31.90981162978648,24.90981162978648,0-10,355.8544518540926,High
21352,2011-07,8.0,18.880484830624948,10.880484830624948,0-10,136.00606038281185,High
21352,2011-08,121.0,20.496453272860588,100.5035467271394,101-500,83.06078241912347,High
21352,2011-09,131.0,116.24246010807548,14.757539891924525,101-500,11.265297627423301,Low
21352,2011-10,22.0,138.09876431265454,116.09876431265454,11-50,527.7216559666115,High
21354,2011-07,0.0,26.76872686630619,26.76872686630619,0-10,,
21354,2011-10,96.0,62.3302125275775,33.6697874724225,51-100,35.072695283773434,Moderate
21354,2011-11,24.0,71.49160226365218,47.49160226365218,11-50,197.88167609855077,High
21355,2011-07,18.0,44.97738237494272,26.97738237494272,11-50,149.87434652745958,High
21355,2011-08,5.0,43.09031835558093,38.09031835558093,0-10,761.8063671116187,High
21355,2011-09,7.0,43.27954688712752,36.27954688712752,0-10,518.2792412446789,High
21355,2011-10,16.0,36.86889358311649,20.86889358311649,11-50,130.43058489447805,High
21355,2011-11,3.0,31.841277343061872,28.841277343061872,0-10,961.3759114353958,High
21356,2011-07,39.0,29.78470662778762,9.21529337221238,11-50,23.62895736464713,Moderate
21356,2011-08,102.0,49.20977038628297,52.79022961371703,101-500,51.7551270722716,High
21356,2011-09,75.0,129.6449141440757,54.6449141440757,51-100,72.85988552543427,High
21356,2011-10,157.0,108.87125941296294,48.12874058703706,101-500,30.655248781552263,Moderate
21356,2011-11,67.0,96.86590915620246,29.865909156202463,51-100,44.57598381522755,Moderate
21358,2011-07,42.0,31.126485105741544,10.873514894258456,11-50,25.889321176805847,Moderate
21358,2011-08,29.0,51.56048650982434,22.560486509824337,11-50,77.79478106835978,High
21358,2011-09,42.0,85.57288150163923,43.57288150163923,11-50,103.74495595628387,High
21358,2011-10,59.0,85.5045111007223,26.504511100722297,51-100,44.92290017071576,Moderate
21358,2011-11,9.0,52.589158346305695,43.589158346305695,0-10,484.32398162561884,High
21363,2011-07,4.0,32.53034832904621,28.530348329046213,0-10,713.2587082261554,High
21363,2011-08,6.0,25.29113813463597,19.29113813463597,0-10,321.5189689105995,High
21364,2011-07,0.0,18.880484830624948,18.880484830624948,0-10,,
21365,2011-07,80.0,86.7755522027487,6.775552202748699,51-100,8.469440253435874,Low
21365,2011-08,48.0,94.64598865241182,46.645988652411816,11-50,97.17914302585795,High
21365,2011-09,11.0,63.78228198368006,52.78228198368006,11-50,479.8389271243642,High
21365,2011-10,20.0,68.6134948657601,48.6134948657601,11-50,243.06747432880053,High
21365,2011-11,52.0,40.96126527120504,11.038734728794957,51-100,21.228336016913378,Moderate
21366,2011-07,0.0,50.98622261644805,50.98622261644805,0-10,,
21366,2011-10,4.0,18.880484830624948,14.880484830624948,0-10,372.0121207656237,High
21366,2011-11,3.0,13.371347529813546,10.371347529813546,0-10,345.7115843271182,High
21367,2011-07,4.0,63.48423698361069,59.48423698361069,0-10,1487.1059245902673,High
21367,2011-08,13.0,41.888358933775926,28.88835893377593,11-50,222.21814564443022,High
21367,2011-09,15.0,45.32536282032207,30.32536282032207,11-50,202.1690854688138,High
21367,2011-10,12.0,44.1877647657245,32.1877647657245,11-50,268.23137304770415,High
21367,2011-11,13.0,23.514033827266815,10.514033827266818,11-50,80.87718328666783,High
21368,2011-07,4.0,70.89469243926888,66.89469243926888,0-10,1672.367310981722,High
21368,2011-08,19.0,53.91711063753331,34.91711063753331,11-50,183.77426651333323,High
21368,2011-09,8.0,50.98266966589642,42.98266966589642,0-10,537.2833708237052,High
21368,2011-10,10.0,51.570067032668256,41.570067032668256,0-10,415.70067032668254,High
21368,2011-11,12.0,25.448669127055087,13.448669127055089,11-50,112.07224272545908,High
21369,2011-07,12.0,48.7995919208043,36.7995919208043,11-50,306.66326600670254,High
21369,2011-08,26.0,43.27954688712752,17.279546887127523,11-50,66.45979571972124,High
21369,2011-09,1.0,59.85434218109221,58.85434218109221,0-10,5885.434218109221,High
21369,2011-10,2.0,47.07767581774337,45.07767581774337,0-10,2253.8837908871683,High
21369,2011-11,12.0,23.03651110011118,11.03651110011118,11-50,91.97092583425984,High
21371,2011-07,77.0,87.17372103797396,10.173721037973962,51-100,13.212624724641508,Low
21371,2011-08,14.0,89.43249978201415,75.43249978201415,11-50,538.8035698715297,High
21371,2011-09,10.0,57.41444667742879,47.41444667742879,0-10,474.14446677428793,High
21371,2011-10,4.0,51.65138262492693,47.65138262492693,0-10,1191.2845656231732,High
21371,2011-11,38.0,29.32285432649364,8.677145673506363,11-50,22.834593877648324,Moderate
21372,2011-07,5.0,46.45254831593926,41.45254831593926,0-10,829.0509663187852,High
21372,2011-08,15.0,49.42823128962718,34.42823128962718,11-50,229.52154193084783,High
21372,2011-09,8.0,45.11455057222521,37.11455057222521,0-10,463.93188215281515,High
21372,2011-10,11.0,50.11898170691747,39.11898170691747,11-50,355.62710642652246,High
21373,2011-07,51.0,82.08488849059547,31.084888490595475,51-100,60.950761746265634,High
21373,2011-08,46.0,84.48020403664617,38.48020403664617,11-50,83.65261747096994,High
21373,2011-09,61.0,84.87837287187143,23.878372871871434,51-100,39.14487356044498,Moderate
21373,2011-10,112.0,85.56768796701756,26.43231203298244,101-500,23.600278600877182,Moderate
21373,2011-11,73.0,78.78193103022527,5.781931030225266,51-100,7.920453466062008,Low
21374,2011-07,5.0,66.85711111452999,61.85711111452999,0-10,1237.1422222905999,High
21374,2011-08,54.0,60.44035318638146,6.440353186381458,51-100,11.926579974780477,Low
21374,2011-09,4.0,62.60322713985884,58.60322713985884,0-10,1465.080678496471,High
21374,2011-10,27.0,59.26312661822735,32.26312661822735,11-50,119.4930615489902,High
21374,2011-11,36.0,36.974430061395694,0.9744300613956938,11-50,2.706750170543594,Low
21375,2011-07,3.0,19.890552858191903,16.890552858191906,0-10,563.0184286063969,High
21375,2011-08,4.0,18.880484830624948,14.880484830624948,0-10,372.0121207656237,High
21375,2011-09,1.0,18.880484830624948,17.880484830624948,0-10,1788.0484830624948,High
21375,2011-10,1.0,18.880484830624948,17.880484830624948,0-10,1788.0484830624948,High
21375,2011-11,3.0,13.371347529813546,10.371347529813546,0-10,345.7115843271182,High
21376,2011-10,2.0,18.880484830624948,16.880484830624948,0-10,844.0242415312474,High
21376,2011-11,2.0,13.371347529813546,11.371347529813546,0-10,568.5673764906772,High
21377,2011-07,8.0,26.077195298608974,18.077195298608974,0-10,225.96494123261218,High
21377,2011-08,3.0,24.672983338771957,21.672983338771957,0-10,722.4327779590652,High
21377,2011-09,12.0,26.077195298608974,14.077195298608974,11-50,117.30996082174146,High
21377,2011-10,12.0,26.008343778074988,14.008343778074988,11-50,116.7361981506249,High
21377,2011-11,25.0,23.115864992041544,1.884135007958456,11-50,7.536540031833824,Low
21378,2011-07,1.0,30.07356861521602,29.07356861521602,0-10,2907.356861521602,High
21378,2011-08,0.0,23.662915311205,23.662915311205,0-10,,
21378,2011-11,35.0,22.509659059755663,12.490340940244334,11-50,35.686688400698095,Moderate
21379,2011-07,2.0,31.732691038027447,29.732691038027447,0-10,1486.6345519013723,High
21379,2011-08,1.0,31.126485105741544,30.126485105741544,0-10,3012.6485105741544,High
21379,2011-09,38.0,23.662915311205,14.337084688795,11-50,37.729170233671056,Moderate
21379,2011-10,8.0,43.96731898098783,35.96731898098783,0-10,449.5914872623478,High
21379,2011-11,27.0,34.838168284727324,7.838168284727324,11-50,29.030252906397497,Moderate
21380,2011-07,435.0,171.03535081711146,263.96464918288854,101-500,60.681528547790464,High
21380,2011-08,91.0,283.3985364222058,192.39853642220575,51-100,211.426963101325,High
21380,2011-09,246.0,156.78266113826268,89.21733886173732,101-500,36.267210919405414,Moderate
21380,2011-10,95.0,216.06826046095415,121.06826046095418,51-100,127.44027416942545,High
21380,2011-11,6.0,122.52612393907036,116.52612393907036,0-10,1942.1020656511726,High
21381,2011-07,81.0,162.28031543187905,81.28031543187905,51-100,100.34606843441858,High
21381,2011-08,166.0,110.25680086263252,55.74319913736748,101-500,33.58024044419728,Moderate
21381,2011-09,71.0,170.00022331007293,99.00022331007293,51-100,139.43693423953934,High
21381,2011-10,86.0,107.04659715325415,21.04659715325417,51-100,24.472787387504845,Moderate
21381,2011-11,10.0,77.84278063034527,67.84278063034527,0-10,678.4278063034527,High
21382,2011-07,108.0,200.2090249630735,92.20902496307347,101-500,85.37872681766062,High
21382,2011-08,241.0,149.63021084174727,91.36978915825271,101-500,37.912775584337226,Moderate
21382,2011-09,86.0,167.33433528315453,81.33433528315453,51-100,94.57480846878433,High
21382,2011-10,62.0,124.99950954196584,62.99950954196585,51-100,101.61211216446104,High
21382,2011-11,3.0,63.96410243906793,60.96410243906793,0-10,2032.136747968931,High
21383,2011-07,2.0,87.44259873838163,85.44259873838163,0-10,4272.129936919082,High
21383,2011-08,6.0,71.60284437743138,65.60284437743138,0-10,1093.3807396238562,High
21383,2011-09,4.0,39.286277133699,35.286277133699,0-10,882.1569283424751,High
21383,2011-10,54.0,37.92181007364201,16.078189926357993,51-100,29.774425789551838,Moderate
21383,2011-11,18.0,39.5192451626499,21.519245162649906,11-50,119.55136201472169,High
21385,2011-07,125.0,298.94742611396106,173.94742611396106,101-500,139.15794089116883,High
21385,2011-08,245.0,265.32223491126547,20.32223491126547,101-500,8.29478975970019,Low
21385,2011-09,249.0,289.2843266316579,40.28432663165791,101-500,16.178444430384705,Low
21385,2011-10,121.0,267.5656773500671,146.56567735006712,101-500,121.12865896699762,High
21385,2011-11,45.0,161.15368900049916,116.15368900049916,11-50,258.11930888999814,High
21386,2011-07,24.0,102.40238158525467,78.40238158525469,11-50,326.6765899385612,High
21386,2011-08,24.0,87.1370079214051,63.1370079214051,11-50,263.0708663391879,High
21386,2011-09,110.0,69.48556461169692,40.514435388303085,101-500,36.831304898457354,Moderate
21386,2011-10,76.0,110.50672641932336,34.50672641932336,51-100,45.40358739384652,Moderate
21386,2011-11,76.0,80.07186863700169,4.071868637001685,51-100,5.357721890791691,Low
21389,2011-07,33.0,109.440300120168,76.440300120168,11-50,231.6372730914182,High
21389,2011-08,31.0,80.14828674000614,49.14828674000614,11-50,158.54286045163272,High
21389,2011-09,6.0,71.76819378183943,65.76819378183943,0-10,1096.1365630306573,High
21389,2011-10,22.0,48.44214287780035,26.44214287780035,11-50,120.19155853545614,High
21389,2011-11,14.0,40.17542432096598,26.17542432096598,11-50,186.96731657832842,High
21390,2011-07,192.0,285.52840449631583,93.52840449631584,101-500,48.7127106751645,Moderate
21390,2011-08,632.0,272.0097570163932,359.99024298360683,501-1000,56.960481484747916,High
21390,2011-09,439.0,436.0454894648832,2.9545105351168104,101-500,0.673009233511802,Low
21390,2011-10,179.0,276.7505723037605,97.75057230376052,101-500,54.60925827025728,High
21390,2011-11,45.0,170.23928605998785,125.23928605998783,11-50,278.3095245777508,High
21391,2011-07,201.0,200.2090249630735,0.7909750369265112,101-500,0.3935199188689111,Low
21391,2011-08,33.0,433.0360492723624,400.0360492723624,11-50,1212.230452340492,High
21391,2011-09,9.0,124.12529037641308,115.12529037641308,0-10,1279.1698930712564,High
21391,2011-10,1.0,76.91719565026632,75.91719565026632,0-10,7591.719565026632,High
21394,2011-07,587.0,422.3616593442009,164.63834065579908,501-1000,28.047417488211085,Moderate
21394,2011-08,449.0,508.6308852276947,59.63088522769471,101-500,13.280820763406394,Low
21394,2011-09,21.0,531.7986569930689,510.7986569930689,11-50,2432.374557109852,High
21394,2011-10,28.0,260.052763866324,232.052763866324,11-50,828.7598709511573,High
21395,2011-07,471.0,450.5190399182133,20.48096008178669,101-500,4.348399168107578,Low
21395,2011-08,0.0,423.6405575422846,423.6405575422846,0-10,,
21400,2011-07,115.0,130.74066721990613,15.740667219906127,101-500,13.687536712961851,Low
21400,2011-08,111.0,122.89745007610712,11.897450076107134,101-500,10.718423491988409,Low
21400,2011-09,109.0,144.34788469917828,35.34788469917828,101-500,32.42925201759475,Moderate
21400,2011-10,90.0,152.14536854183063,62.14536854183064,51-100,69.05040949092293,High
21400,2011-11,8.0,104.48970831527448,96.48970831527448,0-10,1206.1213539409312,High
21401,2011-07,101.0,148.18164612436885,47.181646124368825,101-500,46.71450111323646,Moderate
21401,2011-08,133.0,128.59080452140893,4.409195478591073,101-500,3.3151845703692278,Low
21401,2011-09,91.0,155.05385854061518,64.05385854061518,51-100,70.38885553913757,High
21401,2011-10,70.0,218.73557075515492,148.73557075515495,51-100,212.4793867930785,High
21401,2011-11,36.0,97.39551645099137,61.395516450991366,11-50,170.54310125275381,High
21402,2011-07,128.0,163.35211321362698,35.35211321362698,101-500,27.61883844814608,Moderate
21402,2011-08,152.0,156.84005380551008,4.840053805510081,101-500,3.1842459246776844,Low
21402,2011-09,70.0,155.5972989808451,85.5972989808451,51-100,122.28185568692156,High
21402,2011-10,213.0,123.3797403751631,89.6202596248369,101-500,42.07523926048681,Moderate
21402,2011-11,5.0,104.67186062431696,99.67186062431696,0-10,1993.4372124863394,High
21403,2011-07,175.0,273.9056752939345,98.90567529393452,101-500,56.51752873939115,High
21403,2011-08,213.0,176.34612989583587,36.65387010416413,101-500,17.20838972026485,Low
21403,2011-09,67.0,188.0684067160538,121.0684067160538,51-100,180.69911450157284,High
21403,2011-10,271.0,151.4082808475515,119.59171915244848,101-500,44.12978566511014,Moderate
21403,2011-11,6.0,197.946857476744,191.946857476744,0-10,3199.1142912790665,High
21407,2011-07,21.0,39.08272309433482,18.082723094334817,11-50,86.10820521111818,High
21407,2011-08,50.0,59.80194726583856,9.801947265838564,11-50,19.603894531677128,Low
21407,2011-09,18.0,69.4322882868909,51.432288286890895,11-50,285.73493492717165,High
21407,2011-10,4.0,67.3617759990944,63.361775999094405,0-10,1584.0443999773602,High
21408,2011-07,19.0,27.663771048505637,8.663771048505634,11-50,45.59879499213492,Moderate
21408,2011-08,15.0,32.393683582263094,17.393683582263094,11-50,115.95789054842062,High
21408,2011-09,23.0,27.57848097911741,4.578480979117412,11-50,19.906439039640922,Low
21408,2011-10,27.0,63.4202094214896,36.4202094214896,11-50,134.88966452403557,High
21408,2011-11,106.0,32.80487954950077,73.19512045049923,101-500,69.05200042499928,High
21411,2011-07,33.0,50.98622261644805,17.986222616448053,11-50,54.503704898327435,High
21411,2011-08,47.0,71.93510031866747,24.935100318667462,11-50,53.053404933335024,High
21411,2011-09,52.0,70.85837113169114,18.858371131691143,51-100,36.266098330175275,Moderate
21411,2011-10,71.0,93.51722653285252,22.517226532852533,51-100,31.71440356739793,Moderate
21411,2011-11,301.0,59.71834293909833,241.2816570609017,101-500,80.1600189571102,High
21415,2011-07,26.0,43.12690137610827,17.126901376108272,11-50,65.87269760041643,High
21415,2011-08,37.0,48.24058091518948,11.240580915189476,11-50,30.379948419431013,Moderate
21415,2011-09,27.0,49.66666375998973,22.666663759989724,11-50,83.95060651848047,High
21415,2011-10,15.0,55.74711302630796,40.74711302630796,11-50,271.64742017538634,High
21415,2011-11,37.0,27.756098165086076,9.243901834913927,11-50,24.983518472740347,Moderate
21417,2011-07,15.0,48.638749750414746,33.638749750414746,11-50,224.25833166943164,High
21417,2011-08,39.0,32.57479528045609,6.425204719543913,11-50,16.474883896266444,Low
21417,2011-09,10.0,48.24058091518948,38.24058091518948,0-10,382.40580915189486,High
21417,2011-10,22.0,43.45499433071318,21.454994330713177,11-50,97.52270150324172,High
21417,2011-11,143.0,40.6325914253001,102.36740857469992,101-500,71.58560040188806,High
21418,2011-09,7.0,23.78987073457604,16.78987073457604,0-10,239.85529620822916,High
21418,2011-10,0.0,19.32134866516658,19.32134866516658,0-10,,
21420,2011-07,4.0,18.880484830624948,14.880484830624948,0-10,372.0121207656237,High
21420,2011-08,2.0,23.662915311205,21.662915311205,0-10,1083.14576556025,High
21420,2011-09,1.0,23.662915311205,22.662915311205,0-10,2266.2915311205,High
21420,2011-10,4.0,18.880484830624948,14.880484830624948,0-10,372.0121207656237,High
21420,2011-11,28.0,13.371347529813546,14.628652470186454,11-50,52.245187393523054,High
21422,2011-07,17.0,73.95423881415793,56.95423881415793,11-50,335.024934200929,High
21422,2011-08,338.0,69.13306616817401,268.866933831826,101-500,79.54643012775917,High
21422,2011-09,459.0,167.2176826035858,291.7823173964142,101-500,63.56913233037347,High
21422,2011-10,24.0,270.673008796589,246.673008796589,11-50,1027.8042033191207,High
21424,2011-07,26.0,44.50737298677684,18.507372986776844,11-50,71.18220379529555,High
21424,2011-08,28.0,45.18640023656555,17.186400236565547,11-50,61.380000844876946,High
21424,2011-09,41.0,45.723265949176586,4.723265949176586,11-50,11.520160851650209,Low
21425,2011-09,6.0,19.32134866516658,13.321348665166578,0-10,222.0224777527763,High
21425,2011-10,16.0,25.63494652895469,9.634946528954686,11-50,60.218415805966785,High
21425,2011-11,6.0,22.213115512024764,16.213115512024764,0-10,270.2185918670794,High
21426,2011-07,2.0,47.84058084675586,45.84058084675586,0-10,2292.0290423377933,High
21426,2011-08,13.0,30.243372501545625,17.243372501545622,11-50,132.64132693496634,High
21426,2011-09,30.0,27.061260268600503,2.938739731399494,11-50,9.79579910466498,Low
21426,2011-10,36.0,47.798332145535184,11.798332145535184,11-50,32.773144848708846,Moderate
21426,2011-11,1.0,41.84978009478648,40.84978009478648,0-10,4084.9780094786483,High
21427,2011-08,12.0,19.32134866516658,7.321348665166578,11-50,61.01123887638815,High
21427,2011-09,18.0,24.83323917038098,6.833239170380981,11-50,37.9624398354499,Moderate
21427,2011-10,19.0,36.33708139307624,17.33708139307624,11-50,91.24779680566442,High
21427,2011-11,6.0,29.17134067284116,23.17134067284116,0-10,386.18901121401933,High
21428,2011-07,50.0,77.85237122383388,27.852371223833885,11-50,55.70474244766777,High
21428,2011-08,88.0,71.01900345026603,16.980996549733973,51-100,19.29658698833406,Low
21428,2011-09,116.0,100.3930254790412,15.606974520958786,101-500,13.454288380136886,Low
21428,2011-10,170.0,116.77288871124058,53.22711128875942,101-500,31.310065463976127,Moderate
21428,2011-11,20.0,107.78101820614478,87.78101820614478,11-50,438.90509103072384,High
21429,2011-07,191.0,180.5178205330612,10.482179466938817,101-500,5.488052076931318,Low
21429,2011-08,220.0,172.78734915380036,47.21265084619964,101-500,21.460295839181654,Moderate
21429,2011-09,188.0,223.40901511817623,35.40901511817626,101-500,18.83458250966822,Low
21429,2011-10,318.0,219.62502767388995,98.37497232611004,101-500,30.93552588871385,Moderate
21429,2011-11,103.0,202.02077240851224,99.02077240851222,101-500,96.13667224127398,High
21430,2011-07,636.0,189.9967201894569,446.0032798105431,501-1000,70.12630185700364,High
21430,2011-08,239.0,421.7472524322853,182.74725243228528,101-500,76.46328553652104,High
21430,2011-09,187.0,291.16192790966505,104.16192790966504,101-500,55.7015657270936,High
21430,2011-10,183.0,268.5671387266687,85.5671387266687,101-500,46.75799930419055,Moderate
21430,2011-11,40.0,167.502620642547,127.502620642547,11-50,318.7565516063675,High
21439,2011-07,41.0,114.03301635961522,73.03301635961522,11-50,178.12930819418347,High
21439,2011-08,4.0,80.21440037617445,76.21440037617445,0-10,1905.3600094043613,High
21439,2011-09,29.0,53.1982123758579,24.1982123758579,11-50,83.44211164088931,High
21439,2011-10,186.0,49.30097517922759,136.69902482077242,101-500,73.49409936600668,High
21439,2011-11,20.0,90.19985469904034,70.19985469904034,11-50,350.9992734952017,High
21441,2011-09,16.0,37.92181007364201,21.921810073642007,11-50,137.01131296026256,High
21441,2011-10,19.0,48.04178581298757,29.04178581298757,11-50,152.85150427888195,High
21441,2011-11,140.0,35.10447124969654,104.89552875030348,101-500,74.92537767878821,High
21442,2011-07,1.0,62.629174774678674,61.629174774678674,0-10,6162.917477467868,High
21442,2011-08,30.0,45.90044924958927,15.900449249589272,11-50,53.00149749863091,High
21442,2011-09,15.0,42.96506617393677,27.96506617393677,11-50,186.4337744929118,High
21442,2011-10,17.0,47.91978006017203,30.91978006017203,11-50,181.88105917748254,High
21442,2011-11,140.0,35.10447124969654,104.89552875030348,101-500,74.92537767878821,High
21446,2011-07,12.0,53.30286793730733,41.30286793730733,11-50,344.1905661442278,High
21446,2011-08,92.0,31.732691038027447,60.26730896197255,51-100,65.50794452388321,High
21446,2011-09,15.0,96.02086281595648,81.02086281595648,11-50,540.1390854397098,High
21446,2011-10,52.0,58.95831344282848,6.958313442828484,51-100,13.38137200543939,Low
21446,2011-11,12.0,39.62399193654601,27.62399193654601,11-50,230.1999328045501,High
21447,2011-07,108.0,107.38897933142655,0.6110206685734454,101-500,0.5657598783087457,Low
21447,2011-08,41.0,134.63481102221553,93.63481102221552,11-50,228.37758785906223,High
21448,2011-07,14.0,35.132847101578854,21.132847101578854,11-50,150.94890786842038,High
21448,2011-08,6.0,32.57479528045609,26.574795280456087,0-10,442.91325467426816,High
21448,2011-09,5.0,30.07356861521602,25.07356861521602,0-10,501.47137230432037,High
21452,2011-07,78.0,64.19878843366195,13.801211566338054,51-100,17.693860982484686,Low
21452,2011-08,34.0,98.5127444686226,64.51274446862259,11-50,189.74336608418406,High
21452,2011-09,57.0,57.37203428305349,0.3720342830534875,51-100,0.6526917246552413,Low
21452,2011-10,76.0,84.66184880173874,8.661848801738742,51-100,11.397169475972028,Low
21452,2011-11,26.0,65.86686985511633,39.866869855116335,11-50,153.3341148273705,High
21454,2011-07,8.0,73.86083794462702,65.86083794462702,0-10,823.2604743078377,High
21454,2011-08,7.0,45.69693043771002,38.69693043771002,0-10,552.8132919672861,High
21454,2011-09,4.0,41.700557121102975,37.700557121102975,0-10,942.5139280275744,High
21454,2011-10,4.0,37.87896161068345,33.87896161068345,0-10,846.9740402670861,High
21454,2011-11,7.0,23.03651110011118,16.03651110011118,0-10,229.093015715874,High
21455,2011-07,14.0,75.16693422210565,61.16693422210565,11-50,436.9066730150403,High
21455,2011-08,1.0,66.32287505551075,65.32287505551075,0-10,6532.287505551075,High
21455,2011-09,10.0,45.69693043771002,35.69693043771002,0-10,356.96930437710023,High
21455,2011-10,3.0,37.92181007364201,34.92181007364201,0-10,1164.060335788067,High
21455,2011-11,6.0,29.447164404122223,23.447164404122223,0-10,390.78607340203706,High
21458,2011-08,0.0,23.662915311205,23.662915311205,0-10,,
21462,2011-07,3.0,25.32133019709449,22.32133019709449,0-10,744.0443399031496,High
21462,2011-08,19.0,25.29113813463597,6.291138134635968,11-50,33.11125334018931,Moderate
21462,2011-09,3.0,27.722252812836174,24.722252812836174,0-10,824.0750937612057,High
21462,2011-10,5.0,25.29113813463597,20.29113813463597,0-10,405.8227626927193,High
21462,2011-11,91.0,14.546452137507549,76.45354786249246,51-100,84.01488776098071,High
21463,2011-07,26.0,44.29718310437633,18.29718310437633,11-50,70.3737811706782,High
21463,2011-08,118.0,64.84629226628985,53.15370773371015,101-500,45.04551502856792,Moderate
21463,2011-09,65.0,110.13369801396232,45.13369801396232,51-100,69.43645848301895,High
21463,2011-10,104.0,85.52919059473432,18.470809405265683,101-500,17.760393658909308,Low
21463,2011-11,23.0,80.83314839304228,57.83314839304228,11-50,251.44847127409687,High
21464,2011-07,8.0,35.397933538932946,27.397933538932943,0-10,342.4741692366618,High
21464,2011-08,20.0,30.029488680787008,10.029488680787008,11-50,50.14744340393504,High
21464,2011-09,31.0,41.268171552560965,10.268171552560965,11-50,33.12313404051924,Moderate
21464,2011-10,39.0,67.31952729787373,28.319527297873734,11-50,72.61417255865061,High
21464,2011-11,3.0,36.07550801603621,33.07550801603621,0-10,1102.5169338678736,High
21465,2011-07,20.0,60.89761935823351,40.89761935823351,11-50,204.48809679116758,High
21465,2011-08,18.0,53.44798046594701,35.44798046594701,11-50,196.93322481081674,High
21465,2011-09,20.0,37.34591794917277,17.345917949172772,11-50,86.72958974586386,High
21465,2011-10,12.0,44.57823882510942,32.57823882510942,11-50,271.4853235425785,High
21465,2011-11,6.0,22.35305651962349,16.353056519623486,0-10,272.5509419937248,High
21466,2011-07,16.0,74.44593923418955,58.44593923418955,11-50,365.2871202136847,High
21466,2011-08,10.0,46.21565959001035,36.21565959001035,0-10,362.15659590010347,High
21466,2011-09,7.0,31.08240517131253,24.08240517131253,0-10,344.034359590179,High
21466,2011-10,28.0,30.684236336087256,2.684236336087256,11-50,9.586558343168772,Low
21466,2011-11,9.0,30.988062429376008,21.988062429376008,0-10,244.31180477084453,High
21467,2011-07,51.0,68.84640023900629,17.846400239006286,51-100,34.99294164511036,Moderate
21467,2011-08,7.0,64.63968494611105,57.639684946111046,0-10,823.4240706587292,High
21467,2011-09,6.0,47.23437491446998,41.23437491446998,0-10,687.2395819078331,High
21467,2011-10,3.0,22.83124533281534,19.83124533281534,0-10,661.0415110938446,High
21467,2011-11,2.0,16.268809642074253,14.268809642074253,0-10,713.4404821037126,High
21468,2011-07,0.0,60.89761935823351,60.89761935823351,0-10,,
21468,2011-10,3.0,19.93340132115047,16.93340132115047,0-10,564.4467107050157,High
21469,2011-07,9.0,98.98446904581392,89.98446904581392,0-10,999.8274338423769,High
21469,2011-08,10.0,47.23437491446998,37.23437491446998,0-10,372.3437491446998,High
21469,2011-09,7.0,26.68601917373385,19.68601917373385,0-10,281.228845339055,High
21469,2011-10,3.0,28.23183060925941,25.23183060925941,0-10,841.061020308647,High
21469,2011-11,7.0,16.225961179115693,9.225961179115693,0-10,131.79944541593846,High
21470,2011-07,15.0,88.74861648496451,73.74861648496451,11-50,491.6574432330967,High
21470,2011-08,27.0,47.84058084675586,20.840580846755863,11-50,77.18733646946616,High
21470,2011-09,12.0,67.31952729787373,55.31952729787373,11-50,460.99606081561444,High
21470,2011-10,24.0,53.556849860802,29.556849860802004,11-50,123.15354108667502,High
21470,2011-11,9.0,32.80487954950077,23.804879549500768,0-10,264.4986616611197,High
21471,2011-07,93.0,95.1550820014502,2.155082001450211,51-100,2.317292474677646,Low
21471,2011-08,21.0,118.15084385854242,97.15084385854242,11-50,462.6230659930592,High
21471,2011-09,35.0,76.43804836257199,41.43804836257199,11-50,118.39442389306282,High
21471,2011-10,26.0,69.60572755506895,43.60572755506895,11-50,167.7143367502652,High
21471,2011-11,13.0,43.96267311206572,30.962673112065723,11-50,238.17440855435171,High
21473,2011-07,3.0,18.880484830624948,15.880484830624948,0-10,529.3494943541649,High
21473,2011-08,2.0,18.880484830624948,16.880484830624948,0-10,844.0242415312474,High
21473,2011-09,2.0,18.880484830624948,16.880484830624948,0-10,844.0242415312474,High
21473,2011-10,1.0,18.880484830624948,17.880484830624948,0-10,1788.0484830624948,High
21476,2011-07,2.0,19.890552858191903,17.890552858191906,0-10,894.5276429095953,High
21476,2011-08,0.0,18.880484830624948,18.880484830624948,0-10,,
21479,2011-07,423.0,54.88554049283217,368.1144595071679,101-500,87.02469491895222,High
21479,2011-08,238.0,219.68181367765183,18.31818632234817,101-500,7.696716942163095,Low
21479,2011-09,381.0,259.7953308059396,121.2046691940604,101-500,31.81224913229932,Moderate
21479,2011-10,911.0,500.96412739133575,410.03587260866425,501-1000,45.00942619194998,Moderate
21479,2011-11,322.0,477.06077750383326,155.06077750383326,101-500,48.15552096392338,Moderate
21481,2011-07,448.0,72.31527298329272,375.68472701670726,101-500,83.85819799480073,High
21481,2011-08,355.0,272.8939910961694,82.10600890383063,101-500,23.128453212346656,Moderate
21481,2011-09,372.0,333.74399761004605,38.25600238995395,101-500,10.283871610202674,Low
21481,2011-10,537.0,421.8894584036078,115.11054159639218,501-1000,21.435855045883088,Moderate
21481,2011-11,189.0,274.85502148098124,85.85502148098124,101-500,45.42593729152446,Moderate
21484,2011-07,38.0,27.57848097911741,10.421519020882588,11-50,27.42505005495418,Moderate
21484,2011-08,211.0,63.4202094214896,147.5797905785104,101-500,69.9430287101945,High
21484,2011-09,228.0,190.2903292346942,37.70967076530579,101-500,16.539329283028852,Low
21484,2011-10,450.0,267.7397705192671,182.2602294807329,101-500,40.50227321794064,Moderate
21484,2011-11,111.0,231.4111456001597,120.4111456001597,101-500,108.47850954969343,High
21485,2011-07,88.0,112.30775033670136,24.307750336701343,51-100,27.622443564433347,Moderate
21485,2011-08,919.0,114.33815157107944,804.6618484289206,501-1000,87.55841658638963,High
21485,2011-09,281.0,683.275864189001,402.275864189001,101-500,143.15867052989358,High
21485,2011-10,770.0,444.7208332757104,325.2791667242896,501-1000,42.24404762653112,Moderate
21485,2011-11,168.0,374.2929139954079,206.2929139954079,101-500,122.7934011877428,High
21494,2011-07,103.0,94.39954501368724,8.60045498631277,101-500,8.349956297391039,Low
21494,2011-08,138.0,117.49214785883017,20.507852141169835,101-500,14.86076242113756,Low
21494,2011-09,545.0,154.35724468185285,390.6427553181471,501-1000,71.67756978314627,High
21494,2011-10,388.0,517.0031654929506,129.00316549295064,101-500,33.24823852911099,Moderate
21494,2011-11,112.0,208.7743518298508,96.77435182985076,101-500,86.40567127665247,High
21495,2011-07,250.0,476.7587878828408,226.75878788284075,101-500,90.70351515313631,High
21495,2011-08,550.0,347.9478212508243,202.0521787491757,501-1000,36.73675977257741,Moderate
21495,2011-09,700.0,497.835696223942,202.16430377605803,501-1000,28.880614825151145,Moderate
21495,2011-10,1075.0,558.4082683408544,516.5917316591456,1001-5000,48.055044805501915,Moderate
21495,2011-11,150.0,442.6481991996018,292.6481991996018,101-500,195.09879946640118,High
21497,2011-07,1550.0,502.91529965804136,1047.0847003419583,1001-5000,67.55385163496506,High
21497,2011-08,625.0,964.3089902841758,339.3089902841758,501-1000,54.28943844546813,High
21497,2011-09,1575.0,786.9458052348261,788.0541947651739,1001-5000,50.03518696921739,High
21497,2011-10,925.0,1103.4527753052278,178.45277530522776,501-1000,19.292191924889487,Low
21497,2011-11,425.0,528.9775024061593,103.97750240615926,101-500,24.46529468380218,Moderate
21498,2011-07,625.0,880.4849954755733,255.48499547557333,501-1000,40.87759927609173,Moderate
21498,2011-08,1100.0,865.0749739123576,234.92502608764244,1001-5000,21.35682055342204,Moderate
21498,2011-09,875.0,982.4467571433652,107.44675714336528,501-1000,12.279629387813175,Low
21498,2011-10,1200.0,924.2229155645632,275.7770844354368,1001-5000,22.981423702953066,Moderate
21498,2011-11,375.0,564.5119921398268,189.5119921398268,101-500,50.53653123728714,High
21499,2011-07,525.0,554.3321779490092,29.33217794900918,501-1000,5.587081514096987,Low
21499,2011-08,800.0,642.7917134942755,157.20828650572446,501-1000,19.651035813215557,Low
21499,2011-09,425.0,653.8764554070907,228.8764554070907,101-500,53.85328362519781,High
21499,2011-10,825.0,599.3256752972196,225.6743247027804,501-1000,27.35446360033702,Moderate
21499,2011-11,100.0,455.6688648398885,355.6688648398885,51-100,355.6688648398885,High
21500,2011-07,650.0,485.6035904263156,164.39640957368442,501-1000,25.291755319028375,Moderate
21500,2011-08,725.0,563.6718677417509,161.32813225824907,501-1000,22.252156173551597,Moderate
21500,2011-09,450.0,625.7868297434527,175.7868297434527,101-500,39.06373994298949,Moderate
21500,2011-10,650.0,539.7810788317463,110.2189211682537,501-1000,16.95675710280826,Low
21500,2011-11,125.0,312.23360808870024,187.23360808870024,101-500,149.78688647096018,High
21503,2011-07,25.0,184.43924093271065,159.43924093271065,11-50,637.7569637308426,High
21503,2011-08,50.0,90.74974889349365,40.749748893493646,11-50,81.49949778698729,High
21503,2011-09,25.0,94.04905492416452,69.04905492416451,11-50,276.19621969665803,High
21503,2011-10,50.0,81.98289536369786,31.982895363697864,11-50,63.965790727395735,High
21504,2011-07,144.0,150.60755757586955,6.607557575869549,101-500,4.588581649909409,Low
21504,2011-08,228.0,151.28717553257712,76.71282446742288,101-500,33.645975643606526,Moderate
21504,2011-09,323.0,191.0681361464819,131.9318638535181,101-500,40.84577828282294,Moderate
21504,2011-10,126.0,249.51895968413987,123.51895968413989,101-500,98.030920384238,High
21504,2011-11,72.0,110.50643330328862,38.50643330328862,51-100,53.481157365678634,High
21506,2011-07,215.0,314.430728262048,99.43072826204798,101-500,46.24685035444092,Moderate
21506,2011-08,360.0,306.6884478411099,53.311552158890095,101-500,14.80876448858058,Low
21506,2011-09,820.0,378.2593309049396,441.7406690950604,501-1000,53.87081330427566,High
21506,2011-10,430.0,554.8169497357497,124.81694973574974,101-500,29.027197612965054,Moderate
21506,2011-11,367.0,248.972006624776,118.027993375224,101-500,32.16021617853515,Moderate
21507,2011-07,162.0,259.1035804309784,97.1035804309784,101-500,59.940481747517524,High
21507,2011-08,201.0,222.14984744368832,21.14984744368832,101-500,10.522312161038965,Low
21507,2011-09,307.0,224.1360322948821,82.86396770511789,101-500,26.99152042511983,Moderate
21507,2011-10,470.0,324.3687711936106,145.6312288063894,101-500,30.985367831146682,Moderate
21507,2011-11,116.0,263.27885540260144,147.27885540260144,101-500,126.964530519484,High
21508,2011-07,277.0,213.7435123590292,63.25648764097079,101-500,22.836277126704253,Moderate
21508,2011-08,111.0,224.24686679769596,113.24686679769592,101-500,102.02420432224856,High
21508,2011-09,185.0,196.7967729289745,11.796772928974464,101-500,6.376634015661872,Low
21508,2011-10,203.0,220.9709147448513,17.970914744851314,101-500,8.85266736199572,Low
21508,2011-11,64.0,136.6850687674125,72.6850687674125,51-100,113.57041994908204,High
21509,2011-07,300.0,314.61757202166064,14.617572021660637,101-500,4.872524007220212,Low
21509,2011-08,369.0,330.6411764145344,38.35882358546559,101-500,10.395345145112627,Low
21509,2011-09,295.0,358.16132565646086,63.16132565646086,101-500,21.410618866596902,Moderate
21509,2011-10,300.0,309.1783292920146,9.17832929201461,101-500,3.059443097338203,Low
21509,2011-11,91.0,210.24724769053688,119.24724769053688,51-100,131.04093152806252,High
21519,2011-07,399.0,263.46887858305564,135.53112141694436,101-500,33.9676996032442,Moderate
21519,2011-08,290.0,310.2495863004541,20.249586300454094,101-500,6.982615965673826,Low
21519,2011-09,192.0,298.47144920042507,106.47144920042508,101-500,55.45387979188806,High
21519,2011-10,365.0,262.9594451313058,102.0405548686942,101-500,27.956316402381976,Moderate
21519,2011-11,37.0,196.78318512939128,159.78318512939126,11-50,431.8464462956521,High
21520,2011-07,38.0,68.90502757588108,30.90502757588108,11-50,81.32901993652915,High
21520,2011-08,36.0,67.57999733941274,31.579997339412746,11-50,87.72221483170208,High
21520,2011-09,25.0,76.83009667188063,51.83009667188063,11-50,207.32038668752253,High
21520,2011-10,14.0,76.83009667188063,62.83009667188063,11-50,448.7864047991474,High
21520,2011-11,1.0,40.92683239695667,39.92683239695667,0-10,3992.683239695667,High
21523,2011-07,143.0,459.7948490122631,316.79484901226306,101-500,221.534859449135,High
21523,2011-08,465.0,259.2211575859706,205.77884241402936,101-500,44.25351449764072,Moderate
21523,2011-09,138.0,445.218244411106,307.218244411106,101-500,222.6219162399319,High
21523,2011-10,226.0,322.43267733744085,96.43267733744084,101-500,42.6693262555048,Moderate
21523,2011-11,52.0,177.9397434316548,125.9397434316548,51-100,242.19181429164385,High
21524,2011-07,156.0,117.63131616359313,38.36868383640689,101-500,24.595310151542876,Moderate
21524,2011-08,356.0,166.8171954567238,189.1828045432762,101-500,53.141237231257364,High
21524,2011-09,96.0,320.4637764240521,224.46377642405213,51-100,233.8164337750543,High
21524,2011-10,150.0,159.43440095987862,9.434400959878616,101-500,6.289600639919077,Low
21524,2011-11,39.0,103.15432737232932,64.15432737232932,11-50,164.49827531366492,High
21528,2011-07,17.0,52.4123054612483,35.4123054612483,11-50,208.30767918381352,High
21528,2011-08,11.0,43.2806205652566,32.2806205652566,11-50,293.46018695687815,High
21528,2011-09,22.0,27.18308729492839,5.183087294928392,11-50,23.559487704219965,Moderate
21528,2011-10,10.0,43.89901426915106,33.89901426915106,0-10,338.9901426915106,High
21528,2011-11,1.0,21.673949994116978,20.673949994116978,0-10,2067.394999411698,High
21530,2011-07,26.0,139.60420555254785,113.60420555254784,11-50,436.93925212518405,High
21530,2011-08,107.0,74.64077294878716,32.35922705121284,101-500,30.24226827216153,Moderate
21530,2011-09,66.0,108.8941899719392,42.89418997193921,51-100,64.99119692718062,High
21530,2011-10,81.0,109.60695428014355,28.60695428014357,51-100,35.317227506350086,Moderate
21530,2011-11,4.0,70.91481404852365,66.91481404852365,0-10,1672.8703512130912,High
21531,2011-07,106.0,131.6329180910175,25.6329180910175,101-500,24.181998199073114,Moderate
21531,2011-08,63.0,128.0773468152261,65.0773468152261,51-100,103.29737589718428,High
21531,2011-09,278.0,107.98952537559532,170.01047462440465,101-500,61.154846987195924,High
21531,2011-10,106.0,210.88567211889875,104.88567211889873,101-500,98.94874728197993,High
21531,2011-11,10.0,87.77239484820555,77.77239484820555,0-10,777.7239484820554,High
21533,2011-07,122.0,181.77494421401212,59.77494421401215,101-500,48.995855913124714,Moderate
21533,2011-08,62.0,154.25373678649098,92.25373678649098,51-100,148.7963496556306,High
21533,2011-09,71.0,108.07812823456464,37.07812823456463,51-100,52.22271582333047,High
21533,2011-10,75.0,104.913761973299,29.91376197329899,51-100,39.885015964398654,Moderate
21533,2011-11,29.0,70.63951734591457,41.63951734591457,11-50,143.5845425721192,High
21534,2011-07,32.0,65.51319237902725,33.513192379027245,11-50,104.72872618446014,High
21534,2011-08,16.0,52.81207400155421,36.81207400155421,11-50,230.07546250971382,High
21534,2011-09,37.0,36.19181251287896,0.8081874871210459,11-50,2.1842905057325566,Low
21534,2011-10,24.0,63.4202094214896,39.4202094214896,11-50,164.25087258954,High
21534,2011-11,9.0,41.31977044667867,32.31977044667867,0-10,359.10856051865187,High
21535,2011-07,210.0,205.99418573983047,4.0058142601695295,101-500,1.9075306000807282,Low
21535,2011-08,119.0,229.7609562358384,110.7609562358384,101-500,93.07643381162892,High
21535,2011-09,394.0,185.7014482728467,208.2985517271533,101-500,52.867652722627746,High
21535,2011-10,132.0,300.7211814468516,168.72118144685157,101-500,127.81907685367544,High
21535,2011-11,28.0,130.01637803153622,102.01637803153622,11-50,364.3442072554865,High
21537,2011-07,6.0,47.84058084675586,41.84058084675586,0-10,697.3430141125978,High
21537,2011-08,4.0,31.1637207635712,27.1637207635712,0-10,679.09301908928,High
21537,2011-09,12.0,23.8327191975346,11.8327191975346,11-50,98.60599331278833,High
21537,2011-10,50.0,24.3909904007267,25.6090095992733,11-50,51.21801919854661,High
21537,2011-11,12.0,44.03428204850377,32.03428204850377,11-50,266.9523504041981,High
21539,2011-07,128.0,104.62446248967125,23.37553751032877,101-500,18.26213867994435,Low
21539,2011-08,131.0,135.65477358486478,4.654773584864785,101-500,3.553262278522736,Low
21539,2011-09,88.0,142.1999203476657,54.19992034766571,51-100,61.59081857689285,High
21539,2011-10,1.0,112.00795383758204,111.00795383758204,0-10,11100.795383758204,High
21544,2011-07,320.0,156.40785491804263,163.59214508195737,101-500,51.12254533811168,High
21544,2011-08,218.0,249.59422431137176,31.59422431137176,101-500,14.492763445583376,Low
21544,2011-09,176.0,198.2558124218341,22.255812421834094,101-500,12.64534796695119,Low
21544,2011-10,213.0,203.78991666914536,9.210083330854616,101-500,4.323982784438787,Low
21544,2011-11,115.0,127.25367200237478,12.253672002374785,101-500,10.65536695858677,Low
21555,2011-07,2.0,30.47173745044129,28.47173745044129,0-10,1423.5868725220644,High
21555,2011-08,6.0,24.672983338771957,18.672983338771957,0-10,311.2163889795326,High
21555,2011-09,15.0,24.838019918899004,9.838019918899004,11-50,65.5867994593267,High
21555,2011-10,17.0,25.67534341280964,8.675343412809639,11-50,51.0314318400567,High
21555,2011-11,4.0,23.18817441877701,19.18817441877701,0-10,479.70436046942524,High
21556,2011-07,28.0,67.99788406827282,39.997884068272825,11-50,142.84958595811725,High
21556,2011-08,1.0,53.97240594865449,52.97240594865449,0-10,5297.240594865449,High
21556,2011-09,0.0,39.20535374407164,39.20535374407164,0-10,,
21557,2011-07,48.0,50.98622261644805,2.986222616448053,11-50,6.221297117600111,Low
21557,2011-08,4.0,62.15736072693454,58.15736072693454,0-10,1453.9340181733635,High
21557,2011-09,20.0,43.90116705449096,23.90116705449096,11-50,119.5058352724548,High
21557,2011-10,35.0,36.00749017929837,1.0074901792983724,11-50,2.878543369423921,Low
21557,2011-11,11.0,32.80487954950077,21.804879549500768,11-50,198.22617772273426,High
21558,2011-07,180.0,150.38706875634324,29.61293124365676,101-500,16.4516284686982,Low
21558,2011-08,168.0,209.1683148576064,41.16831485760636,101-500,24.504949320003785,Moderate
21558,2011-09,225.0,185.49541224671205,39.50458775328795,101-500,17.557594557016866,Low
21558,2011-10,216.0,259.2038408624085,43.203840862408526,101-500,20.001778177040986,Moderate
21558,2011-11,15.0,135.931013427583,120.931013427583,11-50,806.2067561838866,High
21559,2011-07,295.0,310.1222536286502,15.122253628650183,101-500,5.126187670728875,Low
21559,2011-08,274.0,324.4466289309942,50.44662893099422,101-500,18.411178441968694,Low
21559,2011-09,436.0,391.1735921608384,44.82640783916156,101-500,10.28128620164256,Low
21559,2011-10,257.0,344.214358545106,87.214358545106,101-500,33.93554807202568,Moderate
21559,2011-11,42.0,187.8608198702384,145.86081987023837,11-50,347.2876663577104,High
21561,2011-07,250.0,76.10121824888435,173.89878175111565,101-500,69.55951270044626,High
21561,2011-08,36.0,178.13225147007918,142.13225147007918,11-50,394.81180963910884,High
21561,2011-09,223.0,99.56610037711684,123.43389962288316,101-500,55.35152449456644,High
21561,2011-10,39.0,182.44931376668163,143.44931376668163,11-50,367.8187532479016,High
21561,2011-11,15.0,65.74439937843671,50.74439937843671,11-50,338.2959958562447,High
21562,2011-07,12.0,63.215185779967925,51.215185779967925,11-50,426.7932148330661,High
21562,2011-08,84.0,49.48657593536026,34.513424064639736,51-100,41.087409600761596,Moderate
21562,2011-09,13.0,86.54244929412278,73.54244929412278,11-50,565.711148416329,High
21562,2011-10,25.0,60.44035318638146,35.44035318638146,11-50,141.76141274552583,High
21563,2011-07,11.0,87.09298361306332,76.09298361306332,11-50,691.7543964823939,High
21563,2011-08,60.0,48.59884197452697,11.40115802547303,51-100,19.00193004245505,Low
21563,2011-09,12.0,79.76818074467899,67.76818074467899,11-50,564.7348395389915,High
21563,2011-10,127.0,49.20504790681285,77.79495209318716,101-500,61.25586778991116,High
21563,2011-11,613.0,79.88561636685128,533.1143836331487,501-1000,86.9680886840373,High
21564,2011-07,11.0,44.45936909822432,33.45936909822432,11-50,304.1760827111302,High
21564,2011-08,25.0,31.126485105741544,6.126485105741544,11-50,24.505940422966177,Moderate
21564,2011-09,7.0,48.196500980760455,41.196500980760455,0-10,588.5214425822923,High
21564,2011-10,23.0,33.87169754583188,10.87169754583188,11-50,47.26825019926905,Moderate
21564,2011-11,597.0,37.41347745309443,559.5865225469056,501-1000,93.73308585375302,High
21576,2011-07,29.0,59.074730297351074,30.074730297351078,11-50,103.70596654258992,High
21576,2011-08,8.0,56.14528186153323,48.14528186153323,0-10,601.8160232691654,High
21576,2011-09,28.0,33.87169754583188,5.871697545831879,11-50,20.970348377971,Moderate
21576,2011-10,18.0,46.3815989683918,28.3815989683918,11-50,157.6755498243989,High
21576,2011-11,13.0,32.969469603457014,19.96946960345701,11-50,153.611304641977,High
21577,2011-07,32.0,136.12506976346526,104.12506976346526,11-50,325.3908430108289,High
21577,2011-08,17.0,60.47155756825066,43.47155756825066,11-50,255.71504451912153,High
21577,2011-09,56.0,47.0519587766816,8.948041223318398,51-100,15.978645041639997,Low
21577,2011-10,53.0,78.04029932319328,25.04029932319328,51-100,47.24584777960996,Moderate
21577,2011-11,11.0,49.64042793698309,38.64042793698309,11-50,351.27661760893716,High
21578,2011-07,119.0,134.29119991378917,15.291199913789171,101-500,12.849747826713589,Low
21578,2011-08,3.0,131.81767333591634,128.81767333591634,0-10,4293.922444530544,High
21578,2011-09,6.0,61.652221089838,55.652221089838,0-10,927.5370181639668,High
21578,2011-10,1.0,39.19997387428456,38.19997387428456,0-10,3819.997387428456,High
21578,2011-11,1.0,18.516389306327152,17.516389306327152,0-10,1751.6389306327153,High
21579,2011-07,12.0,34.07435285296261,22.07435285296261,11-50,183.95294044135505,High
21579,2011-08,14.0,30.679774547501896,16.679774547501896,11-50,119.14124676787068,High
21579,2011-09,15.0,32.57479528045609,17.574795280456087,11-50,117.16530186970724,High
21579,2011-10,5.0,31.52187878993057,26.52187878993057,0-10,530.4375757986114,High
21579,2011-11,18.0,22.509659059755663,4.509659059755666,11-50,25.053661443087034,Moderate
21580,2011-07,6.0,62.76595097268805,56.76595097268805,0-10,946.0991828781342,High
21580,2011-08,5.0,43.45499433071318,38.45499433071318,0-10,769.0998866142636,High
21580,2011-09,15.0,25.89093640942452,10.89093640942452,11-50,72.6062427294968,High
21580,2011-10,17.0,26.72825990333516,9.728259903335156,11-50,57.225058254912675,High
21580,2011-11,1.0,28.773171837615887,27.773171837615887,0-10,2777.3171837615887,High
21581,2011-07,5.0,68.72304112660804,63.72304112660804,0-10,1274.4608225321608,High
21581,2011-08,45.0,47.23437491446998,2.2343749144699814,11-50,4.9652775877110695,Low
21581,2011-09,22.0,70.1124921910694,48.11249219106941,11-50,218.69314632304278,High
21581,2011-10,18.0,55.74711302630796,37.74711302630796,11-50,209.70618347948866,High
21581,2011-11,1.0,30.2242571633667,29.2242571633667,0-10,2922.42571633667,High
21584,2011-07,159.0,61.75919189170927,97.24080810829074,101-500,61.15774094861053,High
21584,2011-08,78.0,112.28552133579625,34.28552133579623,51-100,43.95579658435415,Moderate
21584,2011-09,85.0,100.13766572536812,15.137665725368109,51-100,17.80901850043307,Low
21584,2011-10,159.0,115.43781010371691,43.56218989628307,101-500,27.397603708354133,Moderate
21584,2011-11,44.0,98.01976845236666,54.01976845236666,11-50,122.77220102810604,High
21586,2011-07,30.0,46.21565959001035,16.215659590010347,11-50,54.05219863336782,High
21586,2011-08,18.0,48.638749750414746,30.638749750414743,11-50,170.21527639119302,High
21586,2011-09,0.0,40.1352103236921,40.1352103236921,0-10,,
21588,2011-07,42.0,50.064832595215,8.064832595214995,11-50,19.201982369559513,Low
21588,2011-08,240.0,55.678742625391024,184.321257374609,101-500,76.80052390608708,High
21588,2011-09,123.0,184.6376242321261,61.63762423212606,101-500,50.11188961961468,High
21588,2011-10,561.0,137.3215150235538,423.67848497644616,501-1000,75.52201158225421,High
21588,2011-11,227.0,224.9419305908197,2.058069409180291,101-500,0.9066385062468242,Low
21591,2011-07,8.0,59.43580519621113,51.43580519621113,0-10,642.9475649526391,High
21591,2011-08,115.0,41.90936350396528,73.09063649603473,101-500,63.55707521394325,High
21591,2011-09,464.0,103.13786919136938,360.8621308086306,101-500,77.77201095013591,High
21591,2011-10,475.0,361.996529537871,113.00347046212896,101-500,23.790204307816623,Moderate
21591,2011-11,61.0,238.94258933016056,177.94258933016056,51-100,291.7091628363288,High
21592,2011-07,87.0,104.76814679883226,17.768146798832262,51-100,20.42315724003708,Moderate
21592,2011-08,97.0,118.5109101227434,21.51091012274341,51-100,22.17619600282826,Moderate
21592,2011-09,140.0,123.8681959824034,16.131804017596593,101-500,11.522717155426138,Low
21592,2011-10,459.0,160.55916494861071,298.4408350513893,101-500,65.01978977154451,High
21592,2011-11,561.0,184.84471528989636,376.1552847101037,501-1000,67.05085288950154,High
21609,2011-07,54.0,69.255256574535,15.255256574534997,51-100,28.25047513802777,Moderate
21613,2011-07,2.0,23.662915311205,21.662915311205,0-10,1083.14576556025,High
21613,2011-08,0.0,23.662915311205,23.662915311205,0-10,,
21615,2011-07,6.0,28.614382768611637,22.614382768611637,0-10,376.9063794768606,High
21615,2011-08,10.0,23.662915311205,13.662915311205,0-10,136.62915311205,High
21615,2011-09,126.0,23.220666541550717,102.77933345844929,101-500,81.57089957019784,High
21615,2011-10,472.0,122.39892876648256,349.6010712335175,101-500,74.0680235664232,High
21615,2011-11,24.0,223.84385215853013,199.84385215853013,11-50,832.6827173272088,High
21616,2011-07,3.0,28.614382768611637,25.614382768611637,0-10,853.8127589537213,High
21616,2011-08,1.0,23.662915311205,22.662915311205,0-10,2266.2915311205,High
21616,2011-09,143.0,22.77980270700908,120.22019729299092,101-500,84.07006803705659,High
21616,2011-10,457.0,132.45600930110427,324.5439906988957,101-500,71.01619052492248,High
21616,2011-11,58.0,191.27910171564903,133.27910171564906,51-100,229.7915546821536,High
21617,2011-07,5.0,43.96757110423819,38.96757110423819,0-10,779.3514220847638,High
21617,2011-08,14.0,30.07356861521602,16.07356861521602,11-50,114.81120439440014,High
21617,2011-09,118.0,26.80636808607464,91.19363191392536,101-500,77.28273891010625,High
21617,2011-10,165.0,114.03301589034646,50.96698410965354,101-500,30.8890812785779,Moderate
21618,2011-07,1.0,43.42428974037323,42.42428974037323,0-10,4242.428974037323,High
21618,2011-08,0.0,30.07356861521602,30.07356861521602,0-10,,
21619,2011-07,6.0,26.077195298608974,20.077195298608974,0-10,334.6199216434829,High
21619,2011-08,4.0,23.662915311205,19.662915311205,0-10,491.57288278012504,High
21619,2011-09,191.0,22.77980270700908,168.22019729299092,101-500,88.07340172407902,High
21619,2011-10,510.0,189.37406478243815,320.62593521756185,501-1000,62.86783043481605,High
21619,2011-11,69.0,178.889345858605,109.889345858605,51-100,159.25992153421015,High
21620,2011-07,11.0,50.09740631834906,39.09740631834906,11-50,355.43096653044597,High
21620,2011-08,2.0,43.45499433071318,41.45499433071318,0-10,2072.749716535659,High
21620,2011-09,110.0,30.243372501545625,79.75662749845438,101-500,72.50602499859488,High
21620,2011-10,337.0,121.70283052813528,215.29716947186472,101-500,63.88640043675511,High
21620,2011-11,150.0,169.6038950519721,19.603895051972103,101-500,13.069263367981401,Low
21621,2011-07,236.0,197.21081737923865,38.78918262076135,101-500,16.43609433083108,Low
21621,2011-08,155.0,252.22859303533843,97.22859303533843,101-500,62.72812453892802,High
21621,2011-09,104.0,212.27874448860777,108.27874448860776,101-500,104.11417739289209,High
21621,2011-10,120.0,165.38816674923405,45.388166749234045,101-500,37.823472291028374,Moderate
21621,2011-11,32.0,101.77484318304744,69.77484318304745,11-50,218.04638494702328,High
21622,2011-07,8.0,40.12178647073416,32.12178647073416,0-10,401.522330884177,High
21622,2011-08,12.0,25.325732613098733,13.325732613098731,11-50,111.04777177582277,High
21622,2011-09,12.0,23.958869002272056,11.958869002272056,11-50,99.65724168560047,High
21622,2011-10,3.0,26.736376736688747,23.736376736688747,0-10,791.2125578896249,High
21622,2011-11,4.0,19.78200083382456,15.782000833824558,0-10,394.550020845614,High
21623,2011-07,14.0,93.69998855271338,79.69998855271338,11-50,569.2856325193814,High
21623,2011-08,71.0,76.9307610537135,5.930761053713496,51-100,8.353184582695066,Low
21623,2011-09,18.0,83.38126956415289,65.38126956415289,11-50,363.22927535640497,High
21623,2011-10,173.0,65.39303519917236,107.60696480082764,101-500,62.20055768833967,High
21623,2011-11,68.0,105.1336663485994,37.13366634859939,51-100,54.608332865587336,High
21624,2011-07,11.0,19.93340132115047,8.93340132115047,11-50,81.21273928318608,High
21624,2011-08,12.0,21.45874003497597,9.458740034975976,11-50,78.8228336247998,High
21624,2011-09,20.0,26.736376736688747,6.736376736688747,11-50,33.681883683443736,Moderate
21624,2011-10,27.0,40.48340742063077,13.483407420630767,11-50,49.938546002336174,Moderate
21624,2011-11,10.0,32.80487954950077,22.804879549500768,0-10,228.04879549500768,High
21625,2011-07,19.0,59.50111351362596,40.50111351362596,11-50,213.16375533487349,High
21625,2011-08,16.0,37.63872466243525,21.63872466243525,11-50,135.24202914022032,High
21625,2011-09,33.0,33.44660007278864,0.446600072788641,11-50,1.3533335539049727,Low
21625,2011-10,42.0,63.4202094214896,21.4202094214896,11-50,51.00049862259428,High
21625,2011-11,7.0,38.28379596247285,31.28379596247285,0-10,446.91137089246934,High
21626,2011-07,3.0,47.72770173630831,44.72770173630831,0-10,1490.923391210277,High
21626,2011-08,24.0,39.20535374407164,15.205353744071637,11-50,63.35564060029849,High
21626,2011-09,18.0,47.72770173630831,29.727701736308305,11-50,165.15389853504615,High
21626,2011-10,12.0,40.1352103236921,28.1352103236921,11-50,234.4600860307675,High
21627,2011-07,9.0,20.33141669273354,11.33141669273354,0-10,125.90462991926157,High
21627,2011-08,6.0,19.32134866516658,13.321348665166578,0-10,222.0224777527763,High
21627,2011-09,4.0,24.27281612257321,20.27281612257321,0-10,506.82040306433026,High
21628,2011-07,11.0,19.32134866516658,8.321348665166578,11-50,75.64862422878707,High
21628,2011-08,0.0,22.299746579460663,22.299746579460663,0-10,,
21628,2011-11,1.0,19.78200083382456,18.78200083382456,0-10,1878.2000833824561,High
21629,2011-07,3.0,19.32134866516658,16.32134866516658,0-10,544.0449555055526,High
21629,2011-08,5.0,18.880484830624948,13.880484830624948,0-10,277.60969661249896,High
21629,2011-09,14.0,20.05558943831896,6.055589438318961,11-50,43.25421027370687,Moderate
21629,2011-10,21.0,22.50888137446523,1.5088813744652292,11-50,7.185149402215377,Low
21629,2011-11,2.0,28.13370090332421,26.13370090332421,0-10,1306.6850451662106,High
21630,2011-09,29.0,18.880484830624948,10.119515169375052,11-50,34.89487989439674,Moderate
21630,2011-10,5.0,39.62575233494941,34.62575233494941,0-10,692.5150466989882,High
21630,2011-11,1.0,22.527213273914867,21.527213273914867,0-10,2152.7213273914867,High
21633,2011-07,2.0,34.26752049118914,32.26752049118914,0-10,1613.376024559457,High
21633,2011-08,0.0,25.29113813463597,25.29113813463597,0-10,,
21634,2011-07,24.0,148.73453590006687,124.73453590006687,11-50,519.7272329169454,High
21634,2011-08,24.0,280.24387199554945,256.24387199554945,11-50,1067.6827999814561,High
21634,2011-09,48.0,103.56527880289048,55.56527880289049,11-50,115.76099750602185,High
21636,2011-07,116.0,134.983901604141,18.98390160414101,101-500,16.36543241736294,Low
21636,2011-08,182.0,168.81429543089212,13.185704569107884,101-500,7.244892620388947,Low
21636,2011-09,122.0,181.63405982905863,59.63405982905863,101-500,48.88037690906445,Moderate
21636,2011-10,140.0,158.37631677550638,18.376316775506385,101-500,13.125940553933132,Low
21636,2011-11,29.0,95.06914885594304,66.06914885594304,11-50,227.8246512273898,High
21637,2011-07,0.0,52.764602816813856,52.764602816813856,0-10,,
21638,2011-08,62.0,35.32000772054642,26.67999227945358,51-100,43.0322456120219,Moderate
21638,2011-09,8.0,60.20974993451079,52.20974993451079,0-10,652.6218741813849,High
21638,2011-10,59.0,47.23437491446998,11.76562508553002,51-100,19.941737433101732,Low
21638,2011-11,3.0,39.78933405724612,36.78933405724612,0-10,1226.3111352415374,High
21640,2011-09,166.0,55.97022218533437,110.02977781466564,101-500,66.2829986835335,High
21640,2011-10,121.0,126.59050228688092,5.59050228688092,101-500,4.620249823868529,Low
21640,2011-11,30.0,80.0296150866012,50.0296150866012,11-50,166.76538362200398,High
21641,2011-07,126.0,172.4177316058822,46.41773160588221,101-500,36.83946952847795,Moderate
21641,2011-08,626.0,127.84310150172016,498.1568984982798,501-1000,79.57777931282425,High
21642,2011-07,168.0,431.9924099052083,263.9924099052083,101-500,157.13833922929066,High
21642,2011-08,240.0,131.16534461615092,108.83465538384908,101-500,45.34777307660379,Moderate
21642,2011-09,667.0,454.693521536919,212.30647846308105,501-1000,31.83005674109161,Moderate
21642,2011-10,459.0,501.4929831793437,42.492983179343696,101-500,9.257730540162026,Low
21642,2011-11,18.0,212.21997894162385,194.21997894162385,11-50,1078.9998830090215,High
21643,2011-07,95.0,55.74711302630796,39.25288697369204,51-100,41.31882839336004,Moderate
21643,2011-08,49.0,89.97667263294107,40.976672632941074,11-50,83.62586251620627,High
21643,2011-09,14.0,73.51583467080455,59.51583467080455,11-50,425.11310479146107,High
21643,2011-10,106.0,48.891085910108025,57.108914089891975,101-500,53.8763340470679,High
21644,2011-09,4.0,36.86889358311649,32.86889358311649,0-10,821.7223395779122,High
21644,2011-10,18.0,36.86889358311649,18.86889358311649,11-50,104.82718657286938,High
21647,2011-07,18.0,23.662915311205,5.662915311205001,11-50,31.460640617805563,Moderate
21647,2011-08,18.0,30.490546015955317,12.490546015955314,11-50,69.39192231086285,High
21647,2011-09,1.0,36.33708139307624,35.33708139307624,0-10,3533.708139307624,High
21647,2011-10,8.0,30.07356861521602,22.07356861521602,0-10,275.9196076902002,High
21648,2011-07,37.0,48.67528184317574,11.67528184317574,11-50,31.55481579236687,Moderate
21648,2011-08,83.0,43.56915014576256,39.43084985423744,51-100,47.50704801715354,Moderate
21648,2011-09,175.0,82.97828576516143,92.02171423483856,101-500,52.58383670562203,High
21648,2011-10,93.0,127.24948097149124,34.24948097149125,51-100,36.827398894076616,Moderate
21648,2011-11,3.0,69.49709071660894,66.49709071660894,0-10,2216.569690553631,High
21650,2011-07,467.0,288.4124549501823,178.58754504981772,101-500,38.24144433614941,Moderate
21650,2011-08,229.0,374.8747827311181,145.87478273111805,101-500,63.70077848520439,High
21650,2011-09,303.0,212.53369994101047,90.46630005898948,101-500,29.85686470593712,Moderate
21650,2011-10,386.0,276.6776101163775,109.32238988362252,101-500,28.32186266415091,Moderate
21650,2011-11,94.0,204.4571396611477,110.45713966114766,51-100,117.50759538419963,High
21654,2011-07,20.0,166.07927004778645,146.07927004778645,11-50,730.3963502389322,High
21654,2011-08,4.0,115.55152061696056,111.55152061696056,0-10,2788.788015424014,High
21658,2011-07,3.0,92.23500293576636,89.23500293576635,0-10,2974.5000978588782,High
21666,2011-09,10.0,61.28042502589245,51.28042502589245,0-10,512.8042502589244,High
21666,2011-10,83.0,54.80333097606388,28.19666902393612,51-100,33.97189039028448,Moderate
21666,2011-11,24.0,70.2904561573327,46.2904561573327,11-50,192.87690065555293,High
21668,2011-07,487.0,382.33356478240086,104.66643521759914,101-500,21.492081153511116,Moderate
21668,2011-08,581.0,526.3017187356672,54.69828126433276,501-1000,9.4145062417096,Low
21668,2011-09,368.0,556.9818045897325,188.9818045897325,101-500,51.353751247209914,High
21668,2011-10,438.0,456.40064757866537,18.40064757866537,101-500,4.201061091019491,Low
21668,2011-11,39.0,316.5724628132712,277.5724628132712,11-50,711.7242636237723,High
21669,2011-07,483.0,318.937351064315,164.062648935685,101-500,33.96742213989337,Moderate
21669,2011-08,671.0,471.01390284259327,199.98609715740676,501-1000,29.804187355798323,Moderate
21669,2011-09,306.0,626.4914709517005,320.49147095170053,101-500,104.73577482081717,High
21669,2011-10,437.0,446.7259760184289,9.725976018428923,101-500,2.2256238028441473,Low
21669,2011-11,43.0,287.12747612845743,244.12747612845743,11-50,567.738316577808,High
21670,2011-07,320.0,295.3779285095928,24.622071490407222,101-500,7.694397340752257,Low
21670,2011-08,546.0,323.0912831400914,222.90871685990865,501-1000,40.82577231866459,Moderate
21670,2011-09,272.0,440.491960137326,168.49196013732598,101-500,61.94557357989926,High
21670,2011-10,515.0,348.97987021004434,166.02012978995566,501-1000,32.23691840581663,Moderate
21670,2011-11,23.0,217.10345472237,194.10345472237,11-50,843.9280640103044,High
21671,2011-07,432.0,318.7057570686123,113.29424293138771,101-500,26.225519197080487,Moderate
21671,2011-08,367.0,350.0530784150212,16.94692158497884,101-500,4.617689805171345,Low
21671,2011-09,259.0,358.2878687997448,99.28786879974471,101-500,38.33508447866591,Moderate
21671,2011-10,404.0,332.95128714378075,71.04871285621925,101-500,17.586315063420606,Low
21671,2011-11,123.0,221.67994986034267,98.67994986034267,101-500,80.22760151247373,High
21672,2011-07,512.0,281.1831719176194,230.8168280823806,501-1000,45.08141173483996,Moderate
21672,2011-08,542.0,479.4437106237643,62.556289376235725,501-1000,11.541750807423567,Low
21672,2011-09,308.0,505.781823783397,197.78182378339704,101-500,64.21487785175228,High
21672,2011-10,212.0,439.5184961249252,227.51849612492515,101-500,107.32004534194584,High
21672,2011-11,66.0,183.2572010424925,117.25720104249254,51-100,177.66242582195838,High
21673,2011-07,136.0,280.9437822538552,144.9437822538552,101-500,106.57631048077589,High
21673,2011-08,397.0,279.9855148489484,117.0144851510516,101-500,29.474681398249775,Moderate
21673,2011-09,399.0,326.9746590944097,72.02534090559033,101-500,18.051463886112863,Low
21673,2011-10,268.0,363.4210960603819,95.4210960603819,101-500,35.60488658969474,Moderate
21673,2011-11,28.0,177.1716188401161,149.1716188401161,11-50,532.7557815718433,High
21675,2011-07,0.0,63.88191069935474,63.88191069935474,0-10,,
21675,2011-10,88.0,72.73273658382084,15.267263416179162,51-100,17.349162972930866,Low
21675,2011-11,18.0,65.61849639037723,47.61849639037723,11-50,264.5472021687624,High
21676,2011-09,10.0,59.85434218109221,49.85434218109221,0-10,498.5434218109221,High
21676,2011-10,26.0,41.8097387369084,15.8097387369084,11-50,60.80668744964769,High
21676,2011-11,2.0,35.091673940890246,33.091673940890246,0-10,1654.5836970445123,High
21677,2011-07,36.0,73.12509520259965,37.12509520259965,11-50,103.1252644516657,High
21677,2011-08,63.0,61.0691590360861,1.9308409639139013,51-100,3.0648269268474624,Low
21677,2011-09,82.0,96.54209152143088,14.54209152143089,51-100,17.734257952964498,Low
21677,2011-10,119.0,93.95523823512151,25.044761764878487,101-500,21.046018289813855,Moderate
21677,2011-11,12.0,78.36511027994418,66.36511027994418,11-50,553.0425856662015,High
21678,2011-07,7.0,46.05437948071399,39.05437948071399,0-10,557.9197068673427,High
21678,2011-08,13.0,36.86889358311649,23.86889358311649,11-50,183.6068737162807,High
21678,2011-09,7.0,38.44307953757357,31.443079537573567,0-10,449.1868505367653,High
21678,2011-10,31.0,43.27954688712752,12.279546887127523,11-50,39.61144157137911,Moderate
21678,2011-11,2.0,42.36059695622696,40.36059695622696,0-10,2018.0298478113482,High
21679,2011-07,28.0,91.8959345301622,63.89593453016221,11-50,228.19976617915074,High
21679,2011-08,110.0,76.14150943875696,33.858490561243045,101-500,30.780445964766407,Moderate
21679,2011-09,149.0,102.80877070800776,46.19122929199224,101-500,31.00082502818271,Moderate
21679,2011-10,155.0,148.83189166199026,6.168108338009745,101-500,3.979424734199835,Low
21679,2011-11,34.0,93.76953930121924,59.76953930121925,11-50,175.79276265064485,High
21680,2011-07,46.0,61.93842435738839,15.938424357388383,11-50,34.64874860301823,Moderate
21680,2011-08,231.0,67.69067272651905,163.30932727348096,101-500,70.69667847336838,High
21680,2011-09,75.0,170.46244567448275,95.46244567448277,51-100,127.28326089931035,High
21680,2011-10,103.0,101.50325298962538,1.4967470103746194,101-500,1.453152437256912,Low
21680,2011-11,41.0,78.5921784112302,37.59217841123019,11-50,91.6882400273907,High
21682,2011-07,6.0,25.7320019691776,19.7320019691776,0-10,328.8666994862933,High
21682,2011-08,8.0,21.735628652570558,13.735628652570554,0-10,171.69535815713192,High
21682,2011-09,49.0,20.496453272860588,28.50354672713941,11-50,58.1705035247743,High
21682,2011-10,16.0,48.90951415018572,32.90951415018572,11-50,205.68446343866077,High
21682,2011-11,1.0,39.396404521190696,38.396404521190696,0-10,3839.64045211907,High
21683,2011-07,31.0,43.52507021133354,12.525070211333542,11-50,40.40345229462433,Moderate
21683,2011-08,38.0,50.064832595215,12.064832595214996,11-50,31.749559461092097,Moderate
21683,2011-09,67.0,50.064832595215,16.935167404785005,51-100,25.276369260873143,Moderate
21683,2011-10,10.0,73.20355624261279,63.20355624261279,0-10,632.035562426128,High
21683,2011-11,6.0,39.670465359009626,33.670465359009626,0-10,561.1744226501604,High
21684,2011-07,115.0,63.88890242273461,51.11109757726539,101-500,44.44443267588295,Moderate
21684,2011-08,17.0,104.99685113816705,87.99685113816705,11-50,517.628536106865,High
21684,2011-09,32.0,47.84058084675586,15.840580846755865,11-50,49.50181514611208,Moderate
21684,2011-10,50.0,63.69926679588942,13.699266795889422,11-50,27.398533591778847,Moderate
21684,2011-11,13.0,44.60669074931012,31.60669074931012,11-50,243.12839037930863,High
21686,2011-09,1.0,18.880484830624948,17.880484830624948,0-10,1788.0484830624948,High
21688,2011-07,7.0,55.07290172269253,48.07290172269253,0-10,686.7557388956075,High
21688,2011-08,17.0,31.1637207635712,14.1637207635712,11-50,83.3160044915953,High
21688,2011-09,13.0,32.11128176439355,19.111281764393556,11-50,147.00985972610428,High
21688,2011-10,31.0,30.23752577784761,0.7624742221523917,11-50,2.459594265007715,Low
21689,2011-09,17.0,22.77980270700908,5.7798027070090825,11-50,33.9988394529946,Moderate
21689,2011-10,3.0,30.048297246301026,27.048297246301026,0-10,901.6099082100342,High
21689,2011-11,6.0,21.62654645555975,15.626546455559753,0-10,260.44244092599587,High
21693,2011-07,11.0,31.126485105741544,20.126485105741544,11-50,182.96804641583222,High
21693,2011-08,26.0,25.279949728620625,0.7200502713793782,11-50,2.7694241206899157,Low
21693,2011-09,79.0,47.798332145535184,31.201667854464816,51-100,39.49578209425926,Moderate
21693,2011-10,46.0,73.30926888519103,27.30926888519103,11-50,59.36797583737181,High
21693,2011-11,12.0,54.259127130990265,42.259127130990265,11-50,352.15939275825224,High
21694,2011-07,0.0,116.131430701195,116.131430701195,0-10,,
21694,2011-10,32.0,26.687863019480208,5.312136980519792,11-50,16.60042806412435,Low
21694,2011-11,6.0,36.0052405903022,30.0052405903022,0-10,500.0873431717033,High
21695,2011-07,31.0,23.662915311205,7.337084688794999,11-50,23.668015125145157,Moderate
21695,2011-08,12.0,43.56915014576256,31.56915014576256,11-50,263.076251214688,High
21695,2011-09,67.0,33.42498698759222,33.57501301240778,51-100,50.11195972001161,High
21695,2011-10,49.0,64.83962116906329,15.839621169063292,11-50,32.325757487884275,Moderate
21695,2011-11,1.0,54.259127130990265,53.259127130990265,0-10,5325.912713099026,High
21696,2011-07,12.0,49.66666375998973,37.66666375998973,11-50,313.88886466658107,High
21696,2011-08,13.0,44.06120026299905,31.06120026299905,11-50,238.9323097153773,High
21696,2011-09,2.0,31.732691038027447,29.732691038027447,0-10,1486.6345519013723,High
21696,2011-10,14.0,30.243372501545625,16.243372501545622,11-50,116.02408929675445,High
21698,2011-07,29.0,71.53044144884656,42.53044144884656,11-50,146.65669465119504,High
21698,2011-08,50.0,79.73220796511033,29.732207965110334,11-50,59.46441593022067,High
21698,2011-09,53.0,67.29250389129379,14.29250389129379,51-100,26.966988474139225,Moderate
21698,2011-10,56.0,74.99787441435754,18.99787441435754,51-100,33.92477573992418,Moderate
21698,2011-11,29.0,60.23685332943743,31.23685332943743,11-50,107.7132873428877,High
21700,2011-07,198.0,184.7223539320184,13.277646067981609,101-500,6.705881852515964,Low
21700,2011-08,6.0,193.716360675401,187.716360675401,0-10,3128.6060112566834,High
21700,2011-09,27.0,104.24105924477772,77.24105924477773,11-50,286.0779972028805,High
21700,2011-10,2.0,78.70935004297473,76.70935004297473,0-10,3835.4675021487365,High
21700,2011-11,14.0,38.57894953297782,24.578949532977823,11-50,175.56392523555587,High
21703,2011-07,503.0,786.5310867133195,283.5310867133195,501-1000,56.36800928694225,High
21703,2011-08,1624.0,796.1131242206555,827.8868757793445,1001-5000,50.97825589774288,High
21703,2011-09,466.0,1026.7660210552503,560.7660210552503,101-500,120.33605602044,High
21703,2011-10,1711.0,888.2401843106173,822.7598156893827,1001-5000,48.086488351220495,Moderate
21703,2011-11,142.0,710.376694075201,568.376694075201,101-500,400.26527751774717,High
21704,2011-07,305.0,362.6353394681544,57.63533946815437,101-500,18.896832612509627,Low
21704,2011-08,408.0,356.9644371314972,51.03556286850284,101-500,12.508716389338934,Low
21704,2011-09,569.0,415.9226146625288,153.07738533747124,501-1000,26.902879672666298,Moderate
21704,2011-10,744.0,505.5738081121168,238.42619188788325,501-1000,32.04653116772624,Moderate
21704,2011-11,74.0,300.41618715421697,226.41618715421697,51-100,305.96782047867157,High
21705,2011-07,94.0,44.06120026299905,49.93879973700095,51-100,53.12638269893718,High
21705,2011-08,52.0,105.49195713080626,53.491957130806256,51-100,102.86914832847356,High
21705,2011-09,94.0,64.63968494611105,29.360315053888957,51-100,31.234377716903143,Moderate
21705,2011-10,142.0,111.6022734695091,30.3977265304909,101-500,21.40684966935979,Moderate
21705,2011-11,834.0,95.5221245185333,738.4778754814668,501-1000,88.54650785149481,High
21706,2011-07,39.0,66.39399451217842,27.393994512178423,11-50,70.24101156968825,High
21706,2011-08,35.0,76.89322943539203,41.89322943539203,11-50,119.69494124397724,High
21706,2011-09,26.0,53.66947696398521,27.66947696398521,11-50,106.42106524609696,High
21706,2011-10,18.0,52.81207400155421,34.81207400155421,11-50,193.4004111197456,High
21706,2011-11,9.0,30.68267521206754,21.68267521206754,0-10,240.9186134674171,High
21707,2011-07,14.0,52.87635046179164,38.87635046179164,11-50,277.688217584226,High
21707,2011-08,7.0,33.8248424603666,26.8248424603666,0-10,383.2120351480943,High
21707,2011-09,7.0,26.78491845970312,19.78491845970312,0-10,282.6416922814732,High
21707,2011-10,27.0,22.55943779095306,4.440562209046941,11-50,16.44652670017386,Low
21707,2011-11,8.0,29.14351680764081,21.14351680764081,0-10,264.29396009551016,High
21708,2011-07,29.0,55.48679409833549,26.486794098335487,11-50,91.33377275288099,High
21708,2011-08,18.0,48.638749750414746,30.638749750414743,11-50,170.21527639119302,High
21708,2011-09,42.0,35.793643677653684,6.206356322346316,11-50,14.777038862729325,Low
21708,2011-10,12.0,49.91109313455238,37.91109313455238,11-50,315.92577612126985,High
21708,2011-11,1.0,35.218855102208614,34.218855102208614,0-10,3421.8855102208613,High
21709,2011-07,13.0,37.75165802658154,24.751658026581534,11-50,190.39736943524258,High
21709,2011-08,13.0,30.679774547501896,17.679774547501896,11-50,135.99826575001458,High
21709,2011-09,10.0,27.78929322721427,17.78929322721427,0-10,177.8929322721427,High
21709,2011-10,13.0,25.7320019691776,12.7320019691776,11-50,97.93847668598154,High
21709,2011-11,1.0,21.227239435877333,20.227239435877333,0-10,2022.7239435877334,High
21710,2011-07,22.0,30.029488680787008,8.029488680787008,11-50,36.49767582175913,Moderate
21710,2011-08,8.0,48.24058091518948,40.24058091518948,0-10,503.00726143986856,High
21710,2011-09,14.0,25.7320019691776,11.7320019691776,11-50,83.8000140655543,High
21710,2011-10,10.0,23.7480567541752,13.7480567541752,0-10,137.480567541752,High
21711,2011-07,14.0,25.926138104222115,11.926138104222115,11-50,85.18670074444368,High
21711,2011-08,6.0,31.07963002027628,25.07963002027628,0-10,417.9938336712714,High
21711,2011-09,41.0,25.7320019691776,15.2679980308224,11-50,37.23901958737171,Moderate
21711,2011-10,7.0,41.79941992689475,34.79941992689475,0-10,497.1345703842107,High
21713,2011-07,18.0,108.48836331826269,90.48836331826269,11-50,502.7131295459038,High
21713,2011-08,24.0,64.15718459551299,40.15718459551299,11-50,167.32160248130413,High
21713,2011-09,11.0,54.00964160648415,43.00964160648415,11-50,390.99674187712867,High
21713,2011-10,21.0,39.16127380964262,18.161273809642623,11-50,86.48225623639344,High
21713,2011-11,4.0,38.16990215439217,34.16990215439217,0-10,854.2475538598043,High
21714,2011-07,143.0,219.03957876969685,76.03957876969685,101-500,53.174530608179616,High
21714,2011-08,50.0,189.1915643032584,139.1915643032584,11-50,278.3831286065168,High
21714,2011-09,39.0,97.10515581435196,58.10515581435196,11-50,148.98757901115886,High
21714,2011-10,54.0,78.72080875977457,24.72080875977457,51-100,45.77927548106402,Moderate
21714,2011-11,41.0,52.16783220297676,11.16783220297676,11-50,27.238615129211606,Moderate
21715,2011-07,81.0,147.40044300486426,66.40044300486426,51-100,81.9758555615608,High
21715,2011-08,36.0,116.91827529008404,80.91827529008405,11-50,224.77298691690012,High
21715,2011-09,30.0,93.2098331841492,63.20983318414919,11-50,210.69944394716399,High
21715,2011-10,56.0,65.88849990667792,9.888499906677922,51-100,17.658035547639145,Low
21715,2011-11,4.0,45.05928284744444,41.05928284744444,0-10,1026.4820711861112,High
21716,2011-07,116.0,166.92961512935213,50.92961512935213,101-500,43.904840628751835,Moderate
21716,2011-08,14.0,141.96276286599252,127.96276286599252,11-50,914.0197347570894,High
21716,2011-09,17.0,64.15718459551299,47.15718459551299,11-50,277.39520350301757,High
21716,2011-10,101.0,47.83368670511978,53.16631329488022,101-500,52.63991415334676,High
21716,2011-11,9.0,60.88810148535935,51.88810148535935,0-10,576.5344609484372,High
21718,2011-07,156.0,154.83829792527888,1.16170207472112,101-500,0.744680817128923,Low
21718,2011-08,15.0,178.63173248304813,163.63173248304813,11-50,1090.878216553654,High
21718,2011-09,23.0,70.12126574049519,47.12126574049519,11-50,204.87506843693558,High
21718,2011-10,48.0,68.60807044702116,20.608070447021163,11-50,42.93348009796076,Moderate
21718,2011-11,20.0,40.73122267243721,20.73122267243721,11-50,103.65611336218605,High
21719,2011-07,24.0,65.87582177090516,41.87582177090516,11-50,174.48259071210484,High
21719,2011-08,39.0,55.49735925902218,16.497359259022183,11-50,42.300921176979955,Moderate
21719,2011-09,4.0,61.28042502589245,57.28042502589245,0-10,1432.0106256473111,High
21719,2011-10,28.0,55.48374603447056,27.48374603447056,11-50,98.15623583739486,High
21719,2011-11,4.0,36.974430061395694,32.974430061395694,0-10,824.3607515348923,High
21721,2011-07,5.0,62.629174774678674,57.629174774678674,0-10,1152.5834954935735,High
21721,2011-08,0.0,44.33246337765304,44.33246337765304,0-10,,
21722,2011-07,6.0,46.45254831593926,40.45254831593926,0-10,674.2091385989877,High
21722,2011-08,2.0,41.82036104052314,39.82036104052314,0-10,1991.018052026157,High
21722,2011-09,7.0,35.69166701496239,28.69166701496239,0-10,409.8809573566056,High
21722,2011-10,5.0,24.84014187935909,19.84014187935909,0-10,396.80283758718184,High
21722,2011-11,3.0,24.044457167218045,21.044457167218045,0-10,701.4819055739348,High
21723,2011-07,1.0,69.57087360776246,68.57087360776246,0-10,6857.087360776247,High
21723,2011-08,1.0,43.15523680949894,42.15523680949894,0-10,4215.523680949894,High
21723,2011-09,13.0,24.715831801730516,11.715831801730513,11-50,90.12178309023471,High
21723,2011-10,20.0,25.404259806249208,5.404259806249208,11-50,27.021299031246045,Moderate
21723,2011-11,2.0,41.74894988713562,39.74894988713562,0-10,1987.4474943567811,High
21724,2011-07,24.0,69.83327802386593,45.83327802386593,11-50,190.97199176610803,High
21724,2011-08,15.0,67.36087429221072,52.36087429221072,11-50,349.07249528140477,High
21724,2011-09,17.0,47.91978006017203,30.91978006017203,11-50,181.88105917748254,High
21724,2011-10,93.0,49.98977022322739,43.01022977677261,51-100,46.2475588997555,Moderate
21724,2011-11,3.0,57.42824761115646,54.42824761115646,0-10,1814.2749203718818,High
21725,2011-07,7.0,61.59026452322241,54.59026452322241,0-10,779.8609217603201,High
21725,2011-08,2.0,43.64171296036275,41.64171296036275,0-10,2082.085648018138,High
21725,2011-09,3.0,38.24112768391869,35.24112768391869,0-10,1174.704256130623,High
21725,2011-10,15.0,36.86889358311649,21.86889358311649,11-50,145.79262388744326,High
21726,2011-07,1.0,48.7995919208043,47.7995919208043,0-10,4779.9591920804305,High
21726,2011-08,2.0,36.86889358311649,34.86889358311649,0-10,1743.4446791558244,High
21726,2011-09,7.0,36.86889358311649,29.86889358311649,0-10,426.698479758807,High
21726,2011-10,22.0,38.0439981908105,16.0439981908105,11-50,72.92726450368409,High
21726,2011-11,13.0,41.18549234853294,28.18549234853294,11-50,216.81147960409953,High
21730,2011-07,10.0,39.38568419378574,29.385684193785742,0-10,293.85684193785744,High
21730,2011-08,32.0,26.78491845970312,5.215081540296882,11-50,16.29712981342776,Low
21730,2011-09,15.0,43.89901426915106,28.89901426915106,11-50,192.6600951276737,High
21730,2011-10,84.0,30.978441074508005,53.021558925492,51-100,63.12090348272857,High
21730,2011-11,14.0,59.4632725543152,45.4632725543152,11-50,324.7376611022514,High
21731,2011-07,2338.0,814.3556247560933,1523.6443752439068,1001-5000,65.16870723883262,High
21731,2011-08,1350.0,1342.151704073686,7.848295926313995,1001-5000,0.5813552538010367,Low
21731,2011-09,969.0,1527.1208231325056,558.1208231325056,501-1000,57.59760816640925,High
21731,2011-10,1879.0,1159.3208560564865,719.6791439435137,1001-5000,38.30117849619551,Moderate
21731,2011-11,485.0,704.502214830698,219.502214830698,101-500,45.25818862488619,Moderate
21733,2011-07,198.0,541.5024451559148,343.5024451559148,101-500,173.4860834120782,High
21733,2011-08,624.0,297.14554002984283,326.8544599701572,501-1000,52.38052243111494,High
21733,2011-09,476.0,618.1494121563123,142.14941215631234,101-500,29.86332188157822,Moderate
21733,2011-10,1546.0,596.8223737201693,949.1776262798307,1001-5000,61.39570674513782,High
21733,2011-11,270.0,585.829505378921,315.829505378921,101-500,116.97389088108186,High
21735,2011-07,14.0,46.58066891160758,32.58066891160758,11-50,232.71906365433986,High
21735,2011-08,10.0,28.631397469642938,18.631397469642938,0-10,186.3139746964294,High
21738,2011-08,0.0,23.662915311205,23.662915311205,0-10,,
21739,2011-07,26.0,20.491672524342565,5.508327475657435,11-50,21.18587490637475,Moderate
21739,2011-08,41.0,48.638749750414746,7.638749750414746,11-50,18.63109695223109,Low
21739,2011-09,43.0,72.93479994719287,29.93479994719287,11-50,69.61581383068109,High
21739,2011-10,69.0,81.28038704404783,12.280387044047828,51-100,17.797662382678013,Low
21739,2011-11,23.0,61.6085498871402,38.6085498871402,11-50,167.86326037887042,High
21741,2011-07,14.0,23.220666541550717,9.220666541550711,11-50,65.86190386821936,High
21741,2011-08,14.0,26.6854114403766,12.6854114403766,11-50,90.61008171697571,High
21741,2011-09,18.0,31.07963002027628,13.079630020276277,11-50,72.66461122375709,High
21741,2011-10,9.0,36.33708139307624,27.33708139307624,0-10,303.74534881195825,High
21742,2011-07,6.0,23.30890209548984,17.308902095489838,0-10,288.4817015914973,High
21742,2011-08,22.0,21.735628652570558,0.2643713474294458,11-50,1.2016879428611171,Low
21742,2011-09,19.0,39.62575233494941,20.62575233494941,11-50,108.55659123657584,High
21742,2011-10,68.0,51.516709899376366,16.483290100623634,51-100,24.24013250091711,Moderate
21742,2011-11,20.0,42.79159069057685,22.791590690576854,11-50,113.95795345288427,High
21743,2011-07,6.0,47.84058084675586,41.84058084675586,0-10,697.3430141125978,High
21743,2011-08,2.0,28.14520502033824,26.14520502033824,0-10,1307.260251016912,High
21744,2011-08,45.0,25.67534341280964,19.32465658719036,11-50,42.94368130486747,Moderate
21744,2011-09,162.0,73.93285976877836,88.06714023122164,101-500,54.362432241494844,High
21744,2011-10,252.0,165.9359714734574,86.06402852654261,101-500,34.152392272437545,Moderate
21745,2011-07,77.0,66.30319411789142,10.696805882108578,51-100,13.8919556910501,Low
21745,2011-08,133.0,98.99222889610652,34.007771103893475,101-500,25.56975270969434,Moderate
21745,2011-09,95.0,152.0438904046928,57.0438904046928,51-100,60.046200425992424,High
21745,2011-10,96.0,125.54739956154732,29.547399561547323,51-100,30.778541209945125,Moderate
21745,2011-11,56.0,78.86482130216157,22.864821302161573,51-100,40.83003803957424,Moderate
21746,2011-07,482.0,331.9613306832857,150.03866931671428,101-500,31.128354630023708,Moderate
21746,2011-08,19.0,410.435846302812,391.435846302812,11-50,2060.188664751642,High
21746,2011-09,33.0,147.57111285825636,114.57111285825636,11-50,347.1851904795647,High
21746,2011-10,52.0,150.77449446924552,98.77449446924552,51-100,189.95095090239525,High
21747,2011-07,70.0,68.42457745482214,1.575422545177858,51-100,2.2506036359683685,Low
21747,2011-08,1.0,78.89982784774867,77.89982784774867,0-10,7789.982784774867,High
21747,2011-09,10.0,49.58485304824983,39.58485304824983,0-10,395.84853048249835,High
21747,2011-10,14.0,25.195316229214452,11.195316229214455,11-50,79.96654449438897,High
21749,2011-07,36.0,189.2933924656649,153.2933924656649,11-50,425.8149790712914,High
21749,2011-08,6.0,108.80981600583316,102.80981600583316,0-10,1713.4969334305526,High
21749,2011-09,2.0,63.83692165106337,61.83692165106337,0-10,3091.8460825531683,High
21749,2011-10,18.0,36.01356914495248,18.013569144952477,11-50,100.07538413862487,High
21750,2011-07,7.0,33.87169754583188,26.87169754583188,0-10,383.88139351188397,High
21750,2011-08,0.0,24.715831801730516,24.715831801730516,0-10,,
21754,2011-07,161.0,207.5051705873185,46.5051705873185,101-500,28.885199122558074,Moderate
21754,2011-08,197.0,226.1530375824872,29.1530375824872,101-500,14.798496234765077,Low
21754,2011-09,154.0,261.839353266161,107.83935326616104,101-500,70.02555406893573,High
21754,2011-10,236.0,252.72834820392725,16.728348203927254,101-500,7.08828313725731,Low
21754,2011-11,58.0,121.48847799268154,63.48847799268154,51-100,109.46289309083024,High
21755,2011-07,124.0,142.88084958414964,18.880849584149644,101-500,15.226491600120681,Low
21755,2011-08,171.0,195.1114638264337,24.111463826433663,101-500,14.100271243528459,Low
21755,2011-09,112.0,213.75497143925256,101.75497143925256,101-500,90.8526530707612,High
21755,2011-10,180.0,170.35281362091584,9.64718637908416,101-500,5.359547988380088,Low
21755,2011-11,34.0,116.61259621714498,82.61259621714498,11-50,242.9782241680735,High
21756,2011-07,30.0,64.5386157813955,34.53861578139551,11-50,115.12871927131836,High
21756,2011-08,38.0,74.18878451091365,36.18878451091365,11-50,95.23364344977277,High
21756,2011-09,39.0,66.21075932634682,27.210759326346817,11-50,69.77117775986363,High
21756,2011-10,63.0,71.93510031866747,8.935100318667466,51-100,14.182698918519787,Low
21756,2011-11,24.0,54.04867732345557,30.048677323455564,11-50,125.20282218106485,High
21758,2011-07,4.0,19.890552858191903,15.890552858191906,0-10,397.26382145479766,High
21758,2011-08,0.0,18.880484830624948,18.880484830624948,0-10,,
21758,2011-11,1.0,14.982535223531151,13.982535223531151,0-10,1398.2535223531152,High
21761,2011-09,0.0,18.880484830624948,18.880484830624948,0-10,,
21770,2011-07,106.0,318.57153420723057,212.57153420723057,101-500,200.53918321436845,High
21770,2011-08,219.0,180.6310839266908,38.36891607330924,101-500,17.520053001511066,Low
21770,2011-09,137.0,245.2032580559185,108.2032580559185,101-500,78.98048033278722,High
21770,2011-10,146.0,241.2814431570376,95.28144315703756,101-500,65.2612624363271,High
21770,2011-11,93.0,114.7772354929444,21.777235492944413,51-100,23.416382250477863,Moderate
21773,2011-07,14.0,65.40901547919398,51.40901547919398,11-50,367.2072534228142,High
21773,2011-08,20.0,35.71817655577169,15.718176555771691,11-50,78.59088277885846,High
21773,2011-09,57.0,44.62231875953844,12.377681240461564,51-100,21.715230246423797,Moderate
21773,2011-10,142.0,76.6758322631363,65.3241677368637,101-500,46.00293502596035,Moderate
21773,2011-11,7.0,86.49849182447791,79.49849182447791,0-10,1135.6927403496843,High
21774,2011-07,16.0,42.72365408184155,26.723654081841552,11-50,167.0228380115097,High
21774,2011-08,135.0,55.85827654541477,79.14172345458523,101-500,58.62349885524832,High
21774,2011-09,124.0,136.55962081261842,12.55962081261842,101-500,10.128726461789048,Low
21774,2011-10,59.0,127.11464850949942,68.11464850949942,51-100,115.44855679576172,High
21774,2011-11,11.0,59.59374869329533,48.59374869329533,11-50,441.7613517572303,High
21775,2011-07,10.0,43.45499433071318,33.45499433071318,0-10,334.5499433071318,High
21775,2011-08,31.0,27.299173272216752,3.700826727783248,11-50,11.93815073478467,Low
21775,2011-09,52.0,67.76177606752802,15.761776067528018,51-100,30.311107822169266,Moderate
21775,2011-10,46.0,75.19993777772957,29.199937777729573,11-50,63.478125603759935,High
21775,2011-11,4.0,48.27596087692613,44.27596087692613,0-10,1106.8990219231532,High
21784,2011-07,2.0,18.880484830624948,16.880484830624948,0-10,844.0242415312474,High
21784,2011-08,1.0,18.880484830624948,17.880484830624948,0-10,1788.0484830624948,High
21786,2011-07,81.0,138.23495119662795,57.234951196627975,51-100,70.66043357608392,High
21786,2011-08,286.0,145.68370969558111,140.31629030441889,101-500,49.06163996658003,Moderate
21786,2011-09,80.0,237.28586266913453,157.28586266913453,51-100,196.60732833641816,High
21786,2011-10,159.0,138.20010625908645,20.799893740913543,101-500,13.081694176675185,Low
21786,2011-11,82.0,102.441619446493,20.441619446492997,51-100,24.92880420304024,Moderate
21787,2011-07,737.0,258.7439181050534,478.2560818949466,501-1000,64.89227705494525,High
21787,2011-08,2456.0,473.824068568005,1982.175931431995,1001-5000,80.70748906482063,High
21787,2011-09,916.0,1022.5734848109532,106.57348481095336,501-1000,11.634659913859537,Low
21787,2011-10,1641.0,869.045623700939,771.954376299061,1001-5000,47.041704832362036,Moderate
21787,2011-11,1249.0,697.6662198948077,551.3337801051923,1001-5000,44.14201602123237,Moderate
21788,2011-07,157.0,133.7250187355099,23.274981264490066,101-500,14.824828830885393,Low
21788,2011-08,101.0,131.04659567187576,30.046595671875764,101-500,29.749104625619566,Moderate
21788,2011-09,215.0,130.4415816860159,84.5584183139841,101-500,39.329496890225165,Moderate
21788,2011-10,45.0,158.82700756070693,113.82700756070692,11-50,252.9489056904598,High
21788,2011-11,48.0,70.71530369922623,22.715303699226222,11-50,47.32354937338796,Moderate
21789,2011-07,136.0,109.795359707326,26.204640292673982,101-500,19.268117862260283,Low
21789,2011-08,147.0,149.08637945925068,2.0863794592506792,101-500,1.4193057545922987,Low
21789,2011-09,94.0,153.82034040763273,59.82034040763273,51-100,63.63866000811992,High
21789,2011-10,44.0,110.72898573842345,66.72898573842343,11-50,151.65678576914416,High
21789,2011-11,25.0,63.671747362637646,38.671747362637646,11-50,154.68698945055058,High
21790,2011-07,773.0,893.3248513938179,120.32485139381788,501-1000,15.565957489497787,Low
21790,2011-08,2422.0,972.3203443041332,1449.6796556958668,1001-5000,59.854651349953215,High
21790,2011-09,1590.0,1329.0846147945545,260.91538520544555,1001-5000,16.409772654430537,Low
21790,2011-10,2738.0,1929.7729544708184,808.2270455291814,1001-5000,29.518884058772148,Moderate
21790,2011-11,667.0,1267.6082088828275,600.6082088828275,501-1000,90.04620822830998,High
21791,2011-07,1094.0,299.74322666167,794.25677333833,1001-5000,72.60116758120019,High
21791,2011-08,697.0,721.8236141357424,24.82361413574245,501-1000,3.561494137122303,Low
21791,2011-09,680.0,679.9830191453751,0.0169808546248759,501-1000,0.002497184503658221,Low
21791,2011-10,1509.0,779.9280376541642,729.0719623458358,1001-5000,48.31490804147355,Moderate
21791,2011-11,393.0,643.777735115983,250.77773511598295,101-500,63.811128528239934,High
21792,2011-07,1.0,71.82831056971011,70.82831056971011,0-10,7082.831056971011,High
21793,2011-07,47.0,48.23874968198113,1.2387496819811332,11-50,2.635637621236454,Low
21793,2011-08,14.0,73.33160616327504,59.33160616327504,11-50,423.797186880536,High
21793,2011-09,51.0,47.84058084675586,3.159419153244137,51-100,6.1949395161649745,Low
21793,2011-10,45.0,54.20857984616177,9.208579846161769,11-50,20.463510769248376,Moderate
21793,2011-11,1.0,46.99752527159605,45.99752527159605,0-10,4599.752527159605,High
21794,2011-07,59.0,78.52741138366602,19.52741138366602,51-100,33.097307429942404,Moderate
21794,2011-08,38.0,90.96139818870756,52.96139818870756,11-50,139.37210049659885,High
21794,2011-09,73.0,78.257696495449,5.257696495448997,51-100,7.202323966368489,Low
21801,2011-07,100.0,54.178203474259774,45.82179652574023,51-100,45.82179652574023,Moderate
21801,2011-08,307.0,121.9512059767216,185.0487940232784,101-500,60.2764801378757,High
21801,2011-09,25.0,281.93318128636383,256.93318128636383,11-50,1027.7327251454553,High
21802,2011-07,154.0,94.72609462774112,59.27390537225887,101-500,38.489548943025234,Moderate
21802,2011-08,317.0,165.27073847685665,151.72926152314335,101-500,47.86412035430389,Moderate
21802,2011-09,572.0,301.0837183083438,270.9162816916562,501-1000,47.362986309730104,Moderate
21802,2011-10,71.0,447.7837813930973,376.7837813930973,51-100,530.681382243799,High
21803,2011-07,109.0,54.178203474259774,54.82179652574023,101-500,50.295226170403886,High
21803,2011-08,282.0,128.3205647935266,153.6794352064734,101-500,54.49625361931682,High
21803,2011-09,556.0,236.80637824165055,319.1936217583494,501-1000,57.408924776681545,High
21803,2011-10,566.0,439.49552002266137,126.50447997733863,501-1000,22.350614836985624,Moderate
21803,2011-11,12.0,206.8338015544195,194.8338015544195,11-50,1623.6150129534958,High
21804,2011-10,139.0,74.37510853843264,64.62489146156736,101-500,46.492727670192345,Moderate
21804,2011-11,4.0,102.55844648837524,98.55844648837524,0-10,2463.9611622093807,High
21807,2011-07,36.0,64.50829455587827,28.508294555878265,11-50,79.18970709966185,High
21807,2011-08,46.0,76.83009667188063,30.830096671880625,11-50,67.02194928669701,High
21807,2011-09,60.0,82.84217553728195,22.842175537281943,51-100,38.07029256213657,Moderate
21807,2011-10,12.0,88.43644096370882,76.43644096370882,11-50,636.9703413642402,High
21808,2011-10,65.0,79.73094508684933,14.730945086849331,51-100,22.662992441306663,Moderate
21808,2011-11,6.0,52.27489360383556,46.27489360383556,0-10,771.2482267305926,High
21809,2011-07,52.0,63.233765654657816,11.233765654657816,51-100,21.60339548972657,Moderate
21809,2011-08,668.0,63.955133784323,604.044866215677,501-1000,90.42587817599954,High
21809,2011-09,874.0,465.2402351972141,408.75976480278587,501-1000,46.76885180809907,Moderate
21809,2011-10,128.0,504.90992522276895,376.90992522276895,101-500,294.46087908028824,High
21809,2011-11,33.0,134.48714929982702,101.48714929982702,11-50,307.5368160600819,High
21810,2011-08,495.0,60.44035318638146,434.55964681361854,101-500,87.78982763911486,High
21810,2011-09,1392.0,374.8615741628915,1017.1384258371086,1001-5000,73.07028921243595,High
21810,2011-10,3177.0,1013.568266343001,2163.431733656999,1001-5000,68.09668661180355,High
21810,2011-11,539.0,1585.7347377904568,1046.7347377904568,501-1000,194.19939476631853,High
21811,2011-07,188.0,60.60791876973606,127.39208123026394,101-500,67.76174533524679,High
21811,2011-08,797.0,168.42387657141168,628.5761234285883,501-1000,78.86776956444018,High
21811,2011-09,2010.0,476.1658754207113,1533.8341245792888,1001-5000,76.31015545170591,High
21811,2011-10,1416.0,1532.5315115608494,116.53151156084937,1001-5000,8.229626522658853,Low
21812,2011-07,7.0,19.890552858191903,12.890552858191906,0-10,184.15075511702724,High
21812,2011-08,37.0,19.32134866516658,17.67865133483342,11-50,47.780138742793035,Moderate
21812,2011-09,112.0,59.75884667962964,52.24115332037036,101-500,46.64388689318782,Moderate
21812,2011-10,136.0,113.4148208752568,22.58517912474321,101-500,16.60674935642883,Low
21812,2011-11,13.0,93.285431919076,80.28543191907599,11-50,617.5802455313539,High
21813,2011-08,40.0,38.05247889203013,1.947521107969869,11-50,4.868802769924672,Low
21813,2011-09,136.0,65.44754587179317,70.55245412820683,101-500,51.87680450603443,High
21813,2011-10,195.0,153.61019993547976,41.38980006452024,101-500,21.225538494625763,Moderate
21813,2011-11,75.0,114.3775795034622,39.3775795034622,51-100,52.5034393379496,High
21814,2011-10,33.0,36.1781431658262,3.1781431658261994,11-50,9.630736866139998,Low
21815,2011-09,19.0,42.588796469837234,23.588796469837234,11-50,124.15156036756439,High
21815,2011-10,19.0,47.67508267954334,28.675082679543337,11-50,150.9214877870702,High
21816,2011-10,6.0,42.588796469837234,36.588796469837234,0-10,609.8132744972872,High
21817,2011-10,170.0,371.7989842263319,201.79898422633187,101-500,118.70528483901874,High
21818,2011-08,310.0,65.86642104649356,244.1335789535065,101-500,78.75276740435693,High
21818,2011-09,644.0,277.8383265555095,366.1616734444905,501-1000,56.85740270877181,High
21818,2011-10,1253.0,443.479036738248,809.5209632617521,1001-5000,64.60662117013185,High
21818,2011-11,84.0,632.2163373572662,548.2163373572662,51-100,652.6384968538883,High
21819,2011-08,227.0,60.44035318638146,166.55964681361854,101-500,73.37429375049275,High
21819,2011-09,483.0,158.16908893578065,324.8309110642193,101-500,67.2527766178508,High
21819,2011-10,1462.0,378.0872519875798,1083.9127480124205,1001-5000,74.13903885173875,High
21819,2011-11,126.0,514.099213668017,388.099213668017,101-500,308.01524894287064,High
21820,2011-07,8.0,22.06494596726185,14.064945967261846,0-10,175.81182459077306,High
21820,2011-08,12.0,25.7320019691776,13.7320019691776,11-50,114.43334974314668,High
21820,2011-09,46.0,24.47922595466582,21.52077404533418,11-50,46.78429140290039,Moderate
21820,2011-10,146.0,50.30926196977765,95.69073803022236,101-500,65.54160139056326,High
21820,2011-11,14.0,93.01787160018682,79.01787160018682,11-50,564.413368572763,High
21821,2011-08,24.0,44.36607675581824,20.366076755818234,11-50,84.85865314924264,High
21821,2011-09,42.0,49.22441499033544,7.22441499033544,11-50,17.20098807222724,Low
21821,2011-10,125.0,56.49206565339301,68.50793434660699,101-500,54.80634747728559,High
21821,2011-11,1.0,80.19988594735551,79.19988594735551,0-10,7919.9885947355515,High
21822,2011-10,443.0,102.97750045103284,340.0224995489672,101-500,76.75451457087296,High
21822,2011-11,101.0,171.5784553088957,70.57845530889571,101-500,69.87965872167892,High
21823,2011-07,53.0,24.84014187935909,28.15985812064091,51-100,53.13180777479417,High
21823,2011-08,590.0,60.33920327964928,529.6607967203507,501-1000,89.77301639327978,High
21823,2011-09,648.0,399.0464364837072,248.95356351629283,501-1000,38.41875980189704,Moderate
21823,2011-10,3.0,498.2150201285089,495.2150201285089,0-10,16507.167337616964,High
21824,2011-08,402.0,60.58967460860216,341.41032539139786,101-500,84.92794163965121,High
21824,2011-09,1041.0,307.4707300024551,733.5292699975448,1001-5000,70.46390682012918,High
21824,2011-10,363.0,765.1058795140142,402.1058795140142,101-500,110.7729695630893,High
21828,2011-07,2.0,57.3869754926339,55.3869754926339,0-10,2769.348774631695,High
21828,2011-08,8.0,33.28972274761852,25.28972274761852,0-10,316.1215343452315,High
21828,2011-09,52.0,36.8667716226564,15.1332283773436,51-100,29.102362264122313,Moderate
21828,2011-10,85.0,81.82127747389912,3.178722526100884,51-100,3.7396735601186872,Low
21828,2011-11,22.0,65.13361813422028,43.133618134220285,11-50,196.0619006100922,High
21829,2011-07,550.0,804.0904828410362,254.0904828410362,501-1000,46.19826960746112,Moderate
21829,2011-08,381.0,752.047448212472,371.047448212472,101-500,97.38778168306351,High
21829,2011-09,963.0,649.0670034099661,313.9329965900339,501-1000,32.599480435102166,Moderate
21830,2011-07,265.0,194.33976156234385,70.66023843765615,101-500,26.664240919870245,Moderate
21830,2011-08,192.0,223.0310511679744,31.0310511679744,101-500,16.162005816653334,Low
21830,2011-09,101.0,198.1143186911721,97.11431869117206,101-500,96.15279078333867,High
21830,2011-10,1.0,161.80712378491515,160.80712378491515,0-10,16080.712378491515,High
21832,2011-07,53.0,57.77020311827876,4.770203118278758,51-100,9.000383242035392,Low
21832,2011-08,77.0,81.75987147153177,4.759871471531767,51-100,6.181651261729567,Low
21832,2011-09,77.0,100.13766572536812,23.13766572536811,51-100,30.04891652645209,Moderate
21832,2011-10,172.0,100.13766572536812,71.86233427463189,101-500,41.78042690385575,Moderate
21832,2011-11,13.0,111.57553418188655,98.57553418188655,11-50,758.2733398606658,High
21833,2011-07,192.0,73.42494693985111,118.57505306014887,101-500,61.7578401354942,High
21833,2011-08,468.0,141.43645895344054,326.56354104655946,101-500,69.778534411658,High
21833,2011-09,379.0,318.96066120716654,60.03933879283346,101-500,15.841514193359751,Low
21833,2011-10,378.0,276.06799235857426,101.93200764142574,101-500,26.966139587678768,Moderate
21833,2011-11,84.0,213.4237492402785,129.4237492402785,51-100,154.0758919527125,High
21841,2011-07,1.0,22.77980270700908,21.77980270700908,0-10,2177.980270700908,High
21841,2011-08,12.0,22.77980270700908,10.779802707009082,11-50,89.83168922507568,High
21841,2011-09,39.0,24.3909904007267,14.6090095992733,11-50,37.458998972495635,Moderate
21841,2011-10,16.0,47.798332145535184,31.798332145535184,11-50,198.7395759095949,High
21843,2011-07,137.0,181.77494421401212,44.77494421401215,101-500,32.68244103212566,Moderate
21843,2011-08,99.0,165.40991224660044,66.40991224660044,51-100,67.08071944101054,High
21843,2011-09,103.0,142.5892608341299,39.5892608341299,101-500,38.43617556711641,Moderate
21843,2011-10,437.0,141.33569035144788,295.66430964855215,101-500,67.65773676168241,High
21843,2011-11,88.0,186.802849490972,98.80284949097202,51-100,112.27596533065002,High
21844,2011-07,121.0,137.47078873393733,16.470788733937326,101-500,13.612222094163078,Low
21844,2011-08,69.0,143.23208584972642,74.23208584972642,51-100,107.58273311554554,High
21844,2011-09,332.0,99.71599859519344,232.28400140480656,101-500,69.96506066409836,High
21844,2011-10,112.0,175.32459268813946,63.32459268813946,101-500,56.53981490012452,High
21844,2011-11,2.0,92.8761184957278,90.8761184957278,0-10,4543.805924786389,High
21845,2011-07,202.0,174.2203952030461,27.77960479695389,101-500,13.752279602452422,Low
21845,2011-08,174.0,186.88573776346087,12.885737763460924,101-500,7.4055964157821395,Low
21845,2011-09,102.0,192.96511330508267,90.96511330508268,101-500,89.181483632434,High
21845,2011-10,108.0,174.1709113338246,66.17091133382459,101-500,61.26936234613388,High
21846,2011-07,1.0,54.88554049283217,53.88554049283217,0-10,5388.554049283217,High
21846,2011-08,6.0,32.818781055306346,26.818781055306346,0-10,446.9796842551058,High
21846,2011-09,5.0,19.32134866516658,14.321348665166578,0-10,286.4269733033316,High
21846,2011-10,26.0,18.880484830624948,7.1195151693750525,11-50,27.38275065144251,Moderate
21846,2011-11,6.0,28.13344878007385,22.13344878007385,0-10,368.8908130012308,High
21847,2011-10,2.0,18.880484830624948,16.880484830624948,0-10,844.0242415312474,High
21849,2011-07,0.0,38.81576582573313,38.81576582573313,0-10,,
21849,2011-10,16.0,18.880484830624948,2.8804848306249475,11-50,18.003030191405923,Low
21849,2011-11,3.0,22.213115512024764,19.213115512024764,0-10,640.4371837341588,High
21850,2011-07,1.0,57.83751022187688,56.83751022187688,0-10,5683.751022187688,High
21850,2011-08,1.0,52.342743350485165,51.342743350485165,0-10,5134.274335048516,High
21850,2011-09,4.0,19.93340132115047,15.93340132115047,0-10,398.33503302876176,High
21850,2011-10,11.0,19.93340132115047,8.93340132115047,11-50,81.21273928318608,High
21850,2011-11,4.0,9.966436480100448,5.966436480100448,0-10,149.1609120025112,High
21851,2011-07,1.0,44.97738700855479,43.97738700855479,0-10,4397.73870085548,High
21851,2011-08,5.0,30.07356861521602,25.07356861521602,0-10,501.47137230432037,High
21851,2011-09,5.0,18.880484830624948,13.880484830624948,0-10,277.60969661249896,High
21851,2011-10,5.0,18.880484830624948,13.880484830624948,0-10,277.60969661249896,High
21851,2011-11,1.0,14.546452137507549,13.546452137507549,0-10,1354.645213750755,High
21864,2011-07,28.0,75.21725031349969,47.21725031349969,11-50,168.63303683392746,High
21864,2011-08,13.0,59.99207314076672,46.99207314076672,11-50,361.4774856982055,High
21864,2011-09,86.0,34.87607231334302,51.12392768665698,51-100,59.44642754262439,High
21864,2011-10,26.0,96.02086281595648,70.02086281595648,11-50,269.31101083060184,High
21864,2011-11,60.0,44.22312730875428,15.77687269124572,51-100,26.294787818742865,Moderate
21865,2011-07,12.0,62.83432137360497,50.83432137360497,11-50,423.61934478004144,High
21865,2011-08,5.0,34.47790347811775,29.477903478117756,0-10,589.5580695623552,High
21865,2011-09,5.0,31.126485105741544,26.126485105741544,0-10,522.5297021148309,High
21865,2011-10,22.0,24.838019918899004,2.838019918899004,11-50,12.900090540450018,Low
21865,2011-11,6.0,30.420243171463333,24.420243171463333,0-10,407.00405285772223,High
21866,2011-07,19.0,72.406809191677,53.406809191677,11-50,281.08846942987896,High
21866,2011-08,47.0,62.68247350914764,15.68247350914764,11-50,33.36696491308008,Moderate
21866,2011-09,46.0,84.8718746801108,38.87187468011081,11-50,84.50407539154523,High
21866,2011-10,65.0,82.90530830079335,17.90530830079335,51-100,27.546628155066692,Moderate
21866,2011-11,25.0,51.00529359423745,26.00529359423745,11-50,104.0211743769498,High
21867,2011-07,11.0,69.41742087487451,58.41742087487451,11-50,531.0674624988592,High
21867,2011-08,5.0,59.26312661822735,54.26312661822735,0-10,1085.262532364547,High
21867,2011-09,18.0,31.126485105741544,13.126485105741544,11-50,72.92491725411969,High
21867,2011-10,33.0,33.11673594940015,0.1167359494001516,11-50,0.3537453012125806,Low
21867,2011-11,12.0,38.55675370046979,26.55675370046979,11-50,221.30628083724827,High
21868,2011-07,2.0,287.79089444477154,285.79089444477154,0-10,14289.544722238577,High
21868,2011-08,9.0,111.26562270126708,102.26562270126708,0-10,1136.2846966807454,High
21868,2011-09,2.0,60.97252836018189,58.97252836018189,0-10,2948.6264180090943,High
21868,2011-10,137.0,40.96503660235911,96.0349633976409,101-500,70.09851342893496,High
21868,2011-11,5.0,88.94952393853184,83.94952393853184,0-10,1678.9904787706369,High
21871,2011-07,1009.0,275.75094619548656,733.2490538045134,1001-5000,72.67086757230064,High
21871,2011-08,695.0,543.7001961975621,151.29980380243785,501-1000,21.769755942796813,Moderate
21871,2011-09,217.0,673.0320709129026,456.03207091290255,101-500,210.153028070462,High
21871,2011-10,747.0,379.1139078616933,367.8860921383068,501-1000,49.24847284314683,Moderate
21871,2011-11,131.0,407.0576245179117,276.0576245179117,101-500,210.73101108237532,High
21872,2011-07,50.0,49.224760755704,0.7752392442959959,11-50,1.5504784885919918,Low
21872,2011-08,152.0,55.13031304329999,96.8696869567,101-500,63.73005720835526,High
21872,2011-09,161.0,154.58206344986507,6.417936550134925,101-500,3.986295993872625,Low
21872,2011-10,495.0,145.84846976227018,349.15153023772984,101-500,70.53566267428886,High
21872,2011-11,49.0,198.02067076393527,149.02067076393527,11-50,304.1238178855822,High
21873,2011-07,4.0,70.28297750501498,66.28297750501498,0-10,1657.0744376253747,High
21873,2011-08,678.0,32.303711673895656,645.6962883261043,501-1000,95.23544075606259,High
21873,2011-09,22.0,384.0748162847101,362.0748162847101,11-50,1645.794619475955,High
21873,2011-10,33.0,110.7317047885982,77.7317047885982,11-50,235.55062057150965,High
21873,2011-11,12.0,227.7534609261077,215.7534609261077,11-50,1797.945507717564,High
21874,2011-07,92.0,117.0511175887228,25.051117588722803,51-100,27.22947563991609,Moderate
21874,2011-08,919.0,123.58668608985508,795.4133139101449,501-1000,86.55204721546734,High
21874,2011-09,65.0,495.4617513341762,430.4617513341762,51-100,662.248848206425,High
21874,2011-10,661.0,108.84785206009153,552.1521479399084,501-1000,83.53285142812533,High
21874,2011-11,82.0,281.01861907552666,199.01861907552663,51-100,242.70563301893492,High
21875,2011-07,632.0,62.07714582378559,569.9228541762144,501-1000,90.17766680003393,High
21875,2011-08,42.0,512.9824504530973,470.9824504530973,11-50,1121.3867867930887,High
21875,2011-09,67.0,130.92500051900183,63.92500051900183,51-100,95.41044853582362,High
21875,2011-10,108.0,184.84554319714024,76.84554319714024,101-500,71.15328073809282,High
21875,2011-11,73.0,94.69237016247124,21.69237016247125,51-100,29.715575565029106,Moderate
21876,2011-07,75.0,105.59451541036148,30.594515410361467,51-100,40.792687213815285,Moderate
21876,2011-08,736.0,117.7640981673526,618.2359018326474,501-1000,83.99944318378361,High
21876,2011-09,181.0,446.80785180297096,265.80785180297096,101-500,146.8551667419729,High
21876,2011-10,245.0,221.19022715003504,23.80977284996496,101-500,9.71827463263876,Low
21876,2011-11,92.0,123.38687313266256,31.38687313266257,51-100,34.11616644854627,Moderate
21877,2011-07,231.0,313.8295239420106,82.82952394201061,101-500,35.85693677143316,Moderate
21877,2011-08,1333.0,295.22166789450586,1037.7783321054942,1001-5000,77.85283811744142,High
21877,2011-09,229.0,677.9624593204867,448.9624593204867,101-500,196.05347568580206,High
21877,2011-10,378.0,381.94216782031634,3.9421678203163424,101-500,1.0429015397662282,Low
21877,2011-11,77.0,336.56138815552947,259.56138815552947,51-100,337.09271189029806,High
21878,2011-07,102.0,316.72116297164285,214.72116297164283,101-500,210.5109440898459,High
21878,2011-08,17.0,219.71927107435107,202.71927107435107,11-50,1192.4663004373592,High
21878,2011-09,12.0,107.0876517941294,95.0876517941294,11-50,792.3970982844116,High
21878,2011-10,40.0,61.77480820292868,21.77480820292868,11-50,54.4370205073217,High
21878,2011-11,6.0,49.09543242731648,43.09543242731648,0-10,718.2572071219414,High
21879,2011-07,3.0,52.2301399213824,49.2301399213824,0-10,1641.0046640460803,High
21879,2011-08,12.0,51.00520204544804,39.00520204544804,11-50,325.04335037873363,High
21879,2011-09,50.0,45.15866666832712,4.841333331672878,11-50,9.682666663345756,Low
21879,2011-10,7.0,73.34299013831999,66.34299013831999,0-10,947.7570019759999,High
21879,2011-11,15.0,46.60797070337616,31.607970703376157,11-50,210.71980468917437,High
21880,2011-07,75.0,110.72586083513907,35.72586083513909,51-100,47.63448111351878,Moderate
21880,2011-08,165.0,120.50389216764762,44.49610783235238,101-500,26.967338080213565,Moderate
21880,2011-09,242.0,185.65997762795035,56.340022372049646,101-500,23.281000980185805,Moderate
21880,2011-10,124.0,229.32433015984395,105.32433015984395,101-500,84.93897593535803,High
21880,2011-11,17.0,97.6720702748001,80.6720702748001,11-50,474.54158985176537,High
21881,2011-07,12.0,85.32454546876542,73.32454546876542,11-50,611.0378789063785,High
21881,2011-08,24.0,67.49466204235159,43.49466204235159,11-50,181.22775850979832,High
21881,2011-09,28.0,68.94446439946971,40.94446439946971,11-50,146.2302299981061,High
21881,2011-10,32.0,63.04306092117469,31.043060921174693,11-50,97.00956537867091,High
21881,2011-11,15.0,48.51992802087912,33.519928020879114,11-50,223.46618680586076,High
21882,2011-07,17.0,39.64372617670296,22.643726176702955,11-50,133.19838927472327,High
21882,2011-08,27.0,50.12522309661116,23.12522309661116,11-50,85.64897443189318,High
21882,2011-09,19.0,67.57999733941274,48.57999733941274,11-50,255.68419652322495,High
21882,2011-10,50.0,55.39561865425495,5.395618654254953,11-50,10.791237308509906,Low
21883,2011-07,18.0,88.86866288312787,70.86866288312787,11-50,393.71479379515483,High
21883,2011-08,99.0,60.46063782163823,38.53936217836177,51-100,38.92864866501189,Moderate
21883,2011-09,113.0,114.22555081840108,1.2255508184010893,101-500,1.0845582463726455,Low
21883,2011-10,97.0,128.83969025881444,31.839690258814443,51-100,32.82442294723138,Moderate
21883,2011-11,14.0,72.12375433394561,58.12375433394561,11-50,415.16967381389725,High
21884,2011-07,5.0,100.57718393065922,95.57718393065922,0-10,1911.5436786131845,High
21884,2011-08,48.0,61.80482024643843,13.804820246438432,11-50,28.760042180080063,Moderate
21884,2011-09,7.0,69.42932549802676,62.42932549802676,0-10,891.847507114668,High
21884,2011-10,28.0,61.80482024643843,33.80482024643843,11-50,120.73150088013726,High
21884,2011-11,13.0,44.12323285150921,31.123232851509208,11-50,239.40948347314776,High
21888,2011-07,57.0,132.66048708388547,75.66048708388547,51-100,132.73769663839556,High
21888,2011-08,362.0,90.77043006035775,271.22956993964226,101-500,74.92529556343709,High
21888,2011-09,175.0,286.35352099279964,111.35352099279964,101-500,63.630583424456944,High
21888,2011-10,306.0,259.2614549401682,46.73854505983178,101-500,15.274034333278358,Low
21888,2011-11,3.0,189.0403892010617,186.0403892010617,0-10,6201.3463067020575,High
21889,2011-07,328.0,261.50441461926425,66.49558538073575,101-500,20.273044323395045,Moderate
21889,2011-08,878.0,289.0255990955031,588.9744009044969,501-1000,67.08136684561468,High
21889,2011-09,959.0,686.4233143759934,272.5766856240066,501-1000,28.423012056726442,Moderate
21889,2011-10,1463.0,874.1060940435485,588.8939059564515,1001-5000,40.25248844541705,Moderate
21889,2011-11,307.0,506.7507501604088,199.7507501604088,101-500,65.06539093172925,High
21890,2011-07,9.0,131.86757809276824,122.86757809276824,0-10,1365.1953121418692,High
21890,2011-08,92.0,74.95093528218638,17.04906471781362,51-100,18.531592084580023,Low
21890,2011-09,105.0,118.04173949263073,13.041739492630713,101-500,12.420704278695917,Low
21890,2011-10,152.0,136.86836034955704,15.131639650442963,101-500,9.955026085817739,Low
21890,2011-11,33.0,105.25066618311448,72.25066618311449,11-50,218.9414126761045,High
21891,2011-07,559.0,530.6299267599304,28.370073240069587,501-1000,5.075147270137672,Low
21891,2011-08,732.0,527.2289948271886,204.77100517281144,501-1000,27.974181034537082,Moderate
21891,2011-09,817.0,698.9470713937002,118.05292860629982,501-1000,14.449562864908177,Low
21891,2011-10,1422.0,908.4333185555034,513.5666814444966,1001-5000,36.11580038287599,Moderate
21891,2011-11,569.0,551.8860598353226,17.113940164677388,501-1000,3.007722348800947,Low
21892,2011-07,139.0,242.72250932214865,103.72250932214862,101-500,74.62051030370405,High
21892,2011-08,230.0,205.1596912957054,24.84030870429461,101-500,10.800134219258526,Low
21892,2011-09,413.0,264.59671376877293,148.40328623122707,101-500,35.93299908746418,Moderate
21892,2011-10,614.0,393.6317972036644,220.3682027963356,501-1000,35.890586774647495,Moderate
21892,2011-11,211.0,236.83322554011923,25.83322554011923,101-500,12.243234853137077,Low
21894,2011-07,41.0,48.92579568560762,7.925795685607618,11-50,19.33120898928687,Low
21894,2011-08,34.0,51.98752195005409,17.987521950054088,11-50,52.9044763236885,High
21894,2011-09,35.0,56.14528186153323,21.145281861533228,11-50,60.415091032952084,High
21894,2011-10,70.0,75.2683081786465,5.268308178646507,51-100,7.5261545409235815,Low
21894,2011-11,5.0,59.37185728768288,54.37185728768288,0-10,1087.4371457536577,High
21896,2011-07,10.0,54.45189037613843,44.45189037613843,0-10,444.51890376138425,High
21896,2011-08,8.0,39.20535374407164,31.20535374407164,0-10,390.0669218008955,High
21896,2011-09,4.0,36.46014130398131,32.46014130398131,0-10,811.5035325995327,High
21896,2011-10,25.0,27.44166235866595,2.441662358665951,11-50,9.766649434663805,Low
21896,2011-11,2.0,30.420243171463333,28.420243171463333,0-10,1421.0121585731667,High
21899,2011-07,110.0,260.77579307502293,150.77579307502293,101-500,137.0689027954754,High
21899,2011-08,177.0,216.97945835384,39.97945835383996,101-500,22.587264606689242,Moderate
21899,2011-09,115.0,269.8196397570476,154.81963975704758,101-500,134.6257737017805,High
21899,2011-10,127.0,218.6116225873552,91.6116225873552,101-500,72.13513589555528,High
21899,2011-11,74.0,153.7845748316816,79.7845748316816,51-100,107.81699301578594,High
21900,2011-07,175.0,297.3136536016491,122.3136536016491,101-500,69.89351634379948,High
21900,2011-08,242.0,312.0567485924363,70.05674859243629,101-500,28.94906966629599,Moderate
21900,2011-09,142.0,314.03363574745964,172.03363574745964,101-500,121.15044770947863,High
21900,2011-10,173.0,279.91783693567066,106.91783693567066,101-500,61.802217881890556,High
21900,2011-11,83.0,139.52319978541323,56.523199785413226,51-100,68.10024070531713,High
21901,2011-07,91.0,200.39237722704704,109.39237722704704,51-100,120.21140354620555,High
21901,2011-08,181.0,138.8204781737325,42.17952182626749,101-500,23.303603218932313,Moderate
21901,2011-09,105.0,216.05938060823337,111.05938060823335,101-500,105.77083867450796,High
21901,2011-10,130.0,149.4205994959318,19.42059949593181,101-500,14.938922689178316,Low
21901,2011-11,65.0,93.16302173738808,28.16302173738808,51-100,43.32772574982781,Moderate
21902,2011-07,131.0,189.26006206021904,58.26006206021904,101-500,44.4733298169611,Moderate
21902,2011-08,155.0,169.7256554388021,14.725655438802107,101-500,9.500422863743294,Low
21902,2011-09,91.0,175.47637856041774,84.47637856041774,51-100,92.83118523122829,High
21902,2011-10,156.0,134.76088759882293,21.239112401177067,101-500,13.61481564178017,Low
21902,2011-11,39.0,113.0550729144998,74.0550729144998,11-50,189.88480234487128,High
21903,2011-07,68.0,110.28962649492593,42.28962649492591,51-100,62.19062719842046,High
21903,2011-08,91.0,116.49249422557205,25.49249422557203,51-100,28.013729918211023,Moderate
21903,2011-09,40.0,114.9314289928558,74.93142899285581,11-50,187.32857248213955,High
21903,2011-10,103.0,86.63644748053675,16.363552519463255,101-500,15.886944193653646,Low
21903,2011-11,61.0,75.67293280354272,14.672932803542722,51-100,24.05398820252905,Moderate
21905,2011-07,133.0,132.75205641375302,0.2479435862469756,101-500,0.1864237490578764,Low
21905,2011-08,83.0,146.83235800024943,63.83235800024943,51-100,76.90645542198726,High
21905,2011-09,67.0,120.75557827758723,53.75557827758723,51-100,80.23220638445856,High
21905,2011-10,110.0,108.34627415939966,1.6537258406003446,101-500,1.503387127818495,Low
21905,2011-11,74.0,80.48591266879974,6.485912668799742,51-100,8.76474684972938,Low
21906,2011-07,21.0,64.38147448056961,43.38147448056961,11-50,206.57844990747432,High
21906,2011-08,120.0,71.26088901505203,48.73911098494797,101-500,40.615925820789975,Moderate
21906,2011-09,22.0,110.13369801396232,88.13369801396232,11-50,400.60771824528325,High
21906,2011-10,18.0,73.56002157541299,55.56002157541299,11-50,308.66678653007216,High
21906,2011-11,7.0,23.99289961418254,16.99289961418254,0-10,242.75570877403632,High
21907,2011-07,298.0,280.46389611552974,17.536103884470265,101-500,5.884598618949753,Low
21907,2011-08,165.0,293.5523309434644,128.55233094346437,101-500,77.91050360209961,High
21907,2011-09,121.0,231.3921109166591,110.3921109166591,101-500,91.23314951790009,High
21907,2011-10,94.0,202.868091048994,108.868091048994,51-100,115.81711813722765,High
21907,2011-11,77.0,110.07465176560136,33.07465176560136,51-100,42.95409320207968,Moderate
21908,2011-07,316.0,230.24888248434456,85.75111751565544,101-500,27.136429593561846,Moderate
21908,2011-08,258.0,288.5665200231833,30.566520023183276,101-500,11.84748838107879,Low
21908,2011-09,723.0,307.6228481630936,415.3771518369064,501-1000,57.45188822087226,High
21908,2011-10,248.0,611.2109262094843,363.21092620948434,101-500,146.4560186328566,High
21908,2011-11,230.0,177.09861496009532,52.90138503990468,101-500,23.000602191262907,Moderate
21912,2011-07,126.0,211.33079375132723,85.33079375132723,101-500,67.72285218359303,High
21912,2011-08,108.0,144.98323882467602,36.98323882467602,101-500,34.2437396524778,Moderate
21912,2011-09,138.0,149.58798359508455,11.587983595084552,101-500,8.397089561655473,Low
21912,2011-10,176.0,198.8065310340817,22.8065310340817,101-500,12.958256269364602,Low
21912,2011-11,292.0,115.47945958599364,176.52054041400635,101-500,60.4522398678104,High
21913,2011-07,15.0,63.24543540017199,48.24543540017199,11-50,321.6362360011466,High
21913,2011-08,19.0,48.23874968198113,29.238749681981133,11-50,153.88815622095333,High
21913,2011-09,50.0,33.44660007278864,16.55339992721136,11-50,33.10679985442272,Moderate
21913,2011-10,25.0,69.4322882868909,44.432288286890895,11-50,177.72915314756358,High
21913,2011-11,6.0,44.22312730875428,38.22312730875428,0-10,637.0521218125713,High
21914,2011-07,483.0,397.6356300185496,85.36436998145041,101-500,17.673782604855155,Low
21914,2011-08,820.0,462.58825295870025,357.41174704129975,501-1000,43.5867984196707,Moderate
21914,2011-09,868.0,757.5525288297247,110.44747117027532,501-1000,12.724363038050152,Low
21914,2011-10,1662.0,937.0640213874784,724.9359786125217,1001-5000,43.61828992855125,Moderate
21914,2011-11,478.0,630.6871766987799,152.68717669877992,101-500,31.94292399556065,Moderate
21915,2011-07,1953.0,917.9224115257806,1035.0775884742193,1001-5000,52.99936448920734,High
21915,2011-08,3020.0,1392.9208934993455,1627.0791065006545,1001-5000,53.876791605981936,High
21915,2011-09,3319.0,2250.833142020262,1068.166857979738,1001-5000,32.18339433503278,Moderate
21915,2011-10,3644.0,2576.8361165813903,1067.1638834186097,1001-5000,29.28550722883122,Moderate
21915,2011-11,1122.0,1332.3908586874184,210.3908586874184,1001-5000,18.751413430251194,Low
21916,2011-07,274.0,406.1663733142239,132.16637331422385,101-500,48.23590266942476,Moderate
21916,2011-08,576.0,355.4842056937965,220.51579430620347,501-1000,38.28399206704922,Moderate
21916,2011-09,373.0,509.9343111693252,136.93431116932516,101-500,36.71161157354562,Moderate
21916,2011-10,231.0,386.20877573350265,155.20877573350265,101-500,67.1899462049795,High
21916,2011-11,94.0,163.9680768075613,69.96807680756129,51-100,74.43412426336307,High
21917,2011-07,98.0,356.4782151079278,258.4782151079278,51-100,263.7532807223753,High
21917,2011-08,647.0,218.40013150708648,428.5998684929135,501-1000,66.2441836928769,High
21917,2011-09,558.0,492.05329863234965,65.94670136765035,501-1000,11.818405263019775,Low
21917,2011-10,215.0,439.7409428661889,224.7409428661889,101-500,104.53067110055298,High
21917,2011-11,63.0,187.182476436845,124.182476436845,51-100,197.11504196324603,High
21918,2011-07,554.0,809.6012086277559,255.6012086277559,501-1000,46.13740227937833,Moderate
21918,2011-08,392.0,830.0092043426315,438.0092043426315,101-500,111.73704192414068,High
21918,2011-09,366.0,669.3241199450426,303.32411994504264,101-500,82.87544260793514,High
21918,2011-10,425.0,563.1031461280816,138.10314612808156,101-500,32.49485791248978,Moderate
21918,2011-11,94.0,339.0509774558003,245.0509774558003,51-100,260.6925292082982,High
21922,2011-07,78.0,101.57335669597428,23.57335669597427,51-100,30.222252174325988,Moderate
21922,2011-08,11.0,108.41938622392992,97.41938622392992,11-50,885.6307838539083,High
21922,2011-09,17.0,57.20844717538638,40.20844717538638,11-50,236.52027750227282,High
21922,2011-10,6.0,39.66947340321762,33.66947340321762,0-10,561.157890053627,High
21922,2011-11,8.0,26.609437357131476,18.609437357131476,0-10,232.61796696414345,High
21925,2011-07,37.0,71.76062814254269,34.760628142542686,11-50,93.94764362849375,High
21925,2011-08,28.0,68.47749299173117,40.47749299173117,11-50,144.56247497046846,High
21925,2011-09,9.0,67.36087429221072,58.36087429221072,0-10,648.4541588023413,High
21925,2011-10,1.0,47.07767581774337,46.07767581774337,0-10,4607.767581774337,High
21925,2011-11,4.0,29.04089504804336,25.04089504804336,0-10,626.0223762010841,High
21926,2011-07,14.0,76.14778575119848,62.14778575119848,11-50,443.9127553657034,High
21926,2011-08,67.0,60.44035318638146,6.559646813618542,51-100,9.79051763226648,Low
21926,2011-09,4.0,74.88240279956815,70.88240279956815,0-10,1772.0600699892038,High
21926,2011-10,25.0,60.44035318638146,35.44035318638146,11-50,141.76141274552583,High
21926,2011-11,8.0,42.2281821913692,34.2281821913692,0-10,427.852277392115,High
21927,2011-07,75.0,85.93223017049225,10.932230170492248,51-100,14.576306893989665,Low
21927,2011-08,87.0,109.35074384044688,22.35074384044688,51-100,25.690510161433195,Moderate
21927,2011-09,33.0,112.45982702661507,79.45982702661509,11-50,240.78735462610635,High
21927,2011-10,39.0,71.22791587172239,32.22791587172239,11-50,82.63568172236509,High
21927,2011-11,11.0,42.39780866867919,31.39780866867919,11-50,285.43462426071994,High
21928,2011-07,1087.0,816.8765813928231,270.12341860717686,1001-5000,24.850360497440374,Moderate
21928,2011-08,1063.0,984.159509161894,78.84049083810612,1001-5000,7.416791235946013,Low
21928,2011-09,583.0,1072.5130113218204,489.5130113218204,501-1000,83.96449593856268,High
21928,2011-10,765.0,900.3699391196334,135.3699391196334,501-1000,17.695416878383448,Low
21928,2011-11,302.0,487.5074892498415,185.50748924984143,101-500,61.4263209436561,High
21929,2011-07,1065.0,919.029970043148,145.97002995685193,1001-5000,13.706106099234924,Low
21929,2011-08,822.0,1057.5476365316315,235.54763653163167,501-1000,28.655430234991684,Moderate
21929,2011-09,741.0,1003.561007115883,262.56100711588294,501-1000,35.43333429364142,Moderate
21929,2011-10,716.0,955.5150585411634,239.5150585411634,501-1000,33.45182381859824,Moderate
21929,2011-11,195.0,434.117685665498,239.117685665498,101-500,122.62445418743486,High
21930,2011-07,507.0,482.9677473836294,24.032252616370613,501-1000,4.74008927344588,Low
21930,2011-08,1181.0,541.4682237348316,639.5317762651684,1001-5000,54.15171687257988,High
21930,2011-09,286.0,951.4666591749606,665.4666591749606,101-500,232.68065006117502,High
21930,2011-10,617.0,506.7699208008654,110.2300791991346,501-1000,17.86549095609961,Low
21930,2011-11,298.0,317.0713270321442,19.07132703214421,101-500,6.399774171860473,Low
21931,2011-07,1644.0,1028.277484399115,615.7225156008847,1001-5000,37.45270776161099,Moderate
21931,2011-08,1292.0,1364.8284369927424,72.82843699274235,1001-5000,5.6368759282308325,Low
21931,2011-09,1278.0,1376.7387015280804,98.73870152808036,1001-5000,7.726032983417869,Low
21931,2011-10,1177.0,1577.7798655467077,400.7798655467074,1001-5000,34.05096563693351,Moderate
21931,2011-11,363.0,1034.9206470300655,671.9206470300655,101-500,185.10210661985275,High
21932,2011-07,311.0,362.0682978141973,51.06829781419725,101-500,16.42067453832709,Low
21932,2011-08,100.0,391.8640611353055,291.8640611353055,51-100,291.8640611353055,High
21932,2011-09,102.0,223.7945048610014,121.7945048610014,101-500,119.40637731470724,High
21932,2011-10,182.0,201.44848437516683,19.448484375166828,101-500,10.685980425915838,Low
21932,2011-11,51.0,171.83243497569663,120.83243497569664,51-100,236.9263430896013,High
21933,2011-07,251.0,333.37239330487574,82.37239330487574,101-500,32.817686575647706,Moderate
21933,2011-08,96.0,337.96395866763214,241.9639586676321,51-100,252.04579027878347,High
21933,2011-09,84.0,219.48207255571413,135.48207255571415,51-100,161.28818161394543,High
21933,2011-10,131.0,178.19013774380866,47.19013774380866,101-500,36.023005911304324,Moderate
21933,2011-11,53.0,155.9541369370939,102.95413693709388,51-100,194.2530885605545,High
21934,2011-07,108.0,210.4485960902698,102.4485960902698,101-500,94.85981119469426,High
21934,2011-08,172.0,149.55568066765764,22.44431933234236,101-500,13.049022867640907,Low
21934,2011-09,200.0,226.48777633221584,26.487776332215816,101-500,13.243888166107908,Low
21934,2011-10,492.0,242.50277823757932,249.49722176242065,101-500,50.71081743138631,High
21934,2011-11,103.0,218.21868646060744,115.21868646060742,101-500,111.86280238893924,High
21935,2011-07,164.0,310.19830395933,146.19830395932996,101-500,89.14530729227437,High
21935,2011-08,270.0,220.59266172515035,49.40733827484965,101-500,18.29901417587024,Low
21935,2011-09,302.0,306.8287193316826,4.828719331682578,101-500,1.5989136859876085,Low
21935,2011-10,546.0,373.1243686734208,172.8756313265792,501-1000,31.662203539666518,Moderate
21935,2011-11,172.0,239.69205821189087,67.69205821189092,101-500,39.355847797611005,Moderate
21936,2011-07,335.0,531.942972130826,196.942972130826,101-500,58.788946904724185,High
21936,2011-08,138.0,521.0542517985649,383.0542517985649,101-500,277.5755447815688,High
21936,2011-09,93.0,332.7950093536491,239.7950093536491,51-100,257.8440960791926,High
21936,2011-10,45.0,204.13269641967432,159.13269641967432,11-50,353.6282142659429,High
21936,2011-11,38.0,87.43899718980694,49.43899718980694,11-50,130.10262418370246,High
21942,2011-07,0.0,68.40719517906565,68.40719517906565,0-10,,
21942,2011-10,83.0,59.68149038044925,23.318509619550756,51-100,28.094589903073203,Moderate
21942,2011-11,14.0,59.53804712405894,45.53804712405894,11-50,325.27176517184955,High
21943,2011-07,0.0,68.40719517906565,68.40719517906565,0-10,,
21943,2011-10,6.0,44.66359179850021,38.66359179850021,0-10,644.3931966416701,High
21943,2011-11,2.0,27.9773562539031,25.9773562539031,0-10,1298.867812695155,High
21944,2011-07,27.0,75.02052764997029,48.02052764997029,11-50,177.8538061110011,High
21944,2011-08,16.0,67.36087429221072,51.36087429221072,11-50,321.005464326317,High
21944,2011-09,8.0,51.4732116101592,43.4732116101592,0-10,543.41514512699,High
21944,2011-10,72.0,43.42144426996831,28.57855573003169,51-100,39.692438513932906,Moderate
21944,2011-11,47.0,45.28635505999328,1.7136449400067235,11-50,3.6460530638440924,Low
21945,2011-07,0.0,74.41927404446697,74.41927404446697,0-10,,
21945,2011-10,80.0,67.23888774604005,12.76111225395995,51-100,15.951390317449937,Low
21945,2011-11,8.0,71.49868432088384,63.49868432088384,0-10,793.733554011048,High
21946,2011-07,0.0,52.10985516151358,52.10985516151358,0-10,,
21946,2011-10,3.0,37.43301151000661,34.43301151000661,0-10,1147.7670503335537,High
21946,2011-11,6.0,29.447164404122223,23.447164404122223,0-10,390.78607340203706,High
21947,2011-07,1.0,36.46014130398131,35.46014130398131,0-10,3546.014130398131,High
21947,2011-08,33.0,27.2575254299416,5.742474570058398,11-50,17.401438091086057,Low
21947,2011-09,56.0,55.01005961102234,0.989940388977658,51-100,1.7677506946029609,Low
21947,2011-10,60.0,78.10191510793655,18.10191510793655,51-100,30.16985851322758,Moderate
21947,2011-11,7.0,56.952034185531176,49.952034185531176,0-10,713.6004883647311,High
21948,2011-07,22.0,49.603216742038114,27.603216742038114,11-50,125.46916700926415,High
21948,2011-08,18.0,48.638749750414746,30.638749750414743,11-50,170.21527639119302,High
21948,2011-09,44.0,37.78816671882706,6.211833281172943,11-50,14.117802911756689,Low
21948,2011-10,48.0,73.77385493292932,25.773854932929325,11-50,53.69553111026942,High
21948,2011-11,5.0,46.651039620180605,41.651039620180605,0-10,833.0207924036121,High
21949,2011-07,2.0,65.14674904373702,63.14674904373702,0-10,3157.337452186851,High
21949,2011-08,4.0,44.81946139077016,40.81946139077016,0-10,1020.4865347692539,High
21949,2011-09,71.0,24.715831801730516,46.28416819826949,51-100,65.18896929333731,High
21949,2011-10,52.0,82.47475830495624,30.47475830495624,51-100,58.60530443260815,High
21949,2011-11,10.0,48.27596087692613,38.27596087692613,0-10,382.7596087692613,High
21955,2011-07,39.0,94.059899528932,55.05989952893199,11-50,141.17922956136408,High
21955,2011-08,117.0,218.146024691686,101.14602469168602,101-500,86.4495937535778,High
21955,2011-09,30.0,121.28616622201356,91.28616622201356,11-50,304.2872207400452,High
21955,2011-10,27.0,84.72251276646291,57.72251276646291,11-50,213.78708432023302,High
21955,2011-11,14.0,41.60322168881024,27.603221688810244,11-50,197.16586920578746,High
21967,2011-07,171.0,346.3322555364803,175.33225553648032,101-500,102.53348276987153,High
21967,2011-08,304.0,357.69701520778864,53.69701520778864,101-500,17.663491844667316,Low
21967,2011-09,404.0,457.0194945412328,53.0194945412328,101-500,13.123637262681386,Low
21967,2011-10,277.0,332.38625369553984,55.38625369553984,101-500,19.99503743521294,Low
21967,2011-11,39.0,157.42202290523934,118.42202290523934,11-50,303.64621257753674,High
21972,2011-07,19.0,75.91372729018416,56.91372729018416,11-50,299.54593310623244,High
21972,2011-08,17.0,51.4732116101592,34.473211610159204,11-50,202.78359770681885,High
21972,2011-09,14.0,37.96101851947001,23.96101851947001,11-50,171.15013228192865,High
21972,2011-10,57.0,43.912796566923184,13.087203433076816,51-100,22.96000602294178,Moderate
21972,2011-11,1.0,48.02965109333319,47.02965109333319,0-10,4702.96510933332,High
21973,2011-07,16.0,62.52443536267764,46.52443536267764,11-50,290.77772101673526,High
21973,2011-08,19.0,43.45248442881619,24.45248442881619,11-50,128.69728646745364,High
21973,2011-09,2.0,49.2990198059371,47.2990198059371,0-10,2364.950990296855,High
21973,2011-10,5.0,42.588796469837234,37.588796469837234,0-10,751.7759293967447,High
21974,2011-07,153.0,159.52896516631182,6.528965166311821,101-500,4.2672974943214514,Low
21974,2011-08,339.0,178.64746619841017,160.35253380158983,101-500,47.30163238984951,Moderate
21974,2011-09,193.0,301.2533847597961,108.25338475979612,101-500,56.089836663106794,High
21974,2011-10,276.0,230.8518196055098,45.1481803944902,101-500,16.35803637481529,Low
21974,2011-11,58.0,139.97864898675758,81.97864898675758,51-100,141.3424982530303,High
21975,2011-07,1523.0,1287.7743579300477,235.2256420699523,1001-5000,15.444887857514924,Low
21975,2011-08,1895.0,1555.6678204587347,339.3321795412653,1001-5000,17.906711321438802,Low
21975,2011-09,470.0,1714.7445902522693,1244.7445902522693,101-500,264.8392745217594,High
21975,2011-10,756.0,985.9888469175756,229.98884691757556,501-1000,30.421805147827452,Moderate
21975,2011-11,106.0,628.4767731037363,522.4767731037363,101-500,492.9026161356003,High
21976,2011-07,656.0,314.6062552434075,341.3937447565925,501-1000,52.04172938362691,High
21976,2011-08,399.0,487.49540865486,88.49540865485994,101-500,22.179300414751864,Moderate
21976,2011-09,389.0,473.5955189694091,84.59551896940911,101-500,21.7469200435499,Moderate
21976,2011-10,271.0,446.31286493907766,175.31286493907766,101-500,64.69109407346039,High
21976,2011-11,91.0,192.68242998715,101.68242998715002,51-100,111.7389340518132,High
21977,2011-07,2282.0,2709.340818342897,427.3408183428969,1001-5000,18.726591513711522,Low
21977,2011-08,2257.0,2387.0972950714704,130.0972950714704,1001-5000,5.764169032852034,Low
21977,2011-09,1417.0,2170.374239152125,753.374239152125,1001-5000,53.16684821115915,High
21977,2011-10,1426.0,1894.81153763061,468.81153763061,1001-5000,32.875984406073634,Moderate
21977,2011-11,234.0,981.0707847439334,747.0707847439334,101-500,319.2610191213391,High
21980,2011-07,187.0,551.1072907817623,364.1072907817624,101-500,194.70978116671787,High
21980,2011-08,671.0,386.1391118581897,284.8608881418103,501-1000,42.45318750250526,Moderate
21980,2011-09,869.0,581.7350747387486,287.2649252612514,501-1000,33.05695342477001,Moderate
21980,2011-10,326.0,635.8476109008233,309.84761090082327,101-500,95.04527941743045,High
21980,2011-11,90.0,316.54297629077234,226.54297629077237,51-100,251.71441810085818,High
21981,2011-07,334.0,378.9423585765213,44.94235857652132,101-500,13.45579598099441,Low
21981,2011-08,524.0,433.4105148880588,90.5894851119412,501-1000,17.288069677851375,Low
21981,2011-09,212.0,559.9655725948743,347.9655725948743,101-500,164.134704054186,High
21981,2011-10,252.0,329.19533938727113,77.19533938727113,101-500,30.633071185425052,Moderate
21981,2011-11,68.0,184.93969266385767,116.93969266385768,51-100,171.97013627037893,High
21982,2011-07,377.0,454.2483283023227,77.2483283023227,101-500,20.49027275923679,Moderate
21982,2011-08,402.0,529.4925031347647,127.49250313476466,101-500,31.714553018598174,Moderate
21982,2011-09,330.0,479.4428633426294,149.44286334262938,101-500,45.28571616443314,Moderate
21982,2011-10,924.0,458.05661243300887,465.94338756699113,501-1000,50.42677354621116,High
21982,2011-11,118.0,412.0876593142309,294.0876593142309,101-500,249.22682992731433,High
21983,2011-07,177.0,205.1465289786597,28.14652897865969,101-500,15.90199377325406,Low
21983,2011-08,184.0,192.5658037410849,8.565803741084892,101-500,4.655328120154833,Low
21983,2011-09,359.0,174.49397559219506,184.50602440780492,101-500,51.39443576819078,High
21983,2011-10,177.0,288.5756616185813,111.57566161858132,101-500,63.03709695965046,High
21983,2011-11,56.0,143.76908918647672,87.76908918647672,51-100,156.7305164044227,High
21984,2011-07,230.0,268.6311157682153,38.631115768215295,101-500,16.79613729052839,Low
21984,2011-08,507.0,289.1010496046751,217.8989503953249,501-1000,42.978096724916156,Moderate
21984,2011-09,255.0,395.6035847796454,140.60358477964542,101-500,55.138660697900164,High
21984,2011-10,142.0,275.35387732922186,133.35387732922186,101-500,93.91118121776188,High
21984,2011-11,41.0,160.07865759646432,119.07865759646432,11-50,290.4357502352788,High
21985,2011-07,788.0,568.3260596373067,219.6739403626933,501-1000,27.877403599326563,Moderate
21985,2011-08,952.0,713.7133930984995,238.28660690150048,501-1000,25.030105766964333,Moderate
21985,2011-09,467.0,709.6034983956388,242.6034983956388,101-500,51.94935725816677,High
21985,2011-10,500.0,722.672304169542,222.67230416954203,101-500,44.534460833908405,Moderate
21985,2011-11,93.0,356.6137646215262,263.6137646215262,51-100,283.4556608833615,High
21986,2011-07,478.0,302.5062310040953,175.49376899590465,101-500,36.714177614205994,Moderate
21986,2011-08,263.0,467.6698989611968,204.6698989611968,101-500,77.8212543578695,High
21986,2011-09,294.0,274.5803451136566,19.41965488634338,101-500,6.60532479127326,Low
21986,2011-10,144.0,306.3980746123523,162.39807461235227,101-500,112.77644070302242,High
21986,2011-11,34.0,146.32551212232786,112.32551212232786,11-50,330.36915330096434,High
21987,2011-07,135.0,134.6086125430284,0.3913874569715858,101-500,0.2899166347937672,Low
21987,2011-08,165.0,180.7316735516877,15.731673551687663,101-500,9.534347607083433,Low
21987,2011-09,160.0,167.50172466045512,7.501724660455125,101-500,4.688577912784453,Low
21987,2011-10,381.0,180.0781175230735,200.9218824769265,101-500,52.7354022249151,High
21987,2011-11,16.0,193.5731241086276,177.57312410862758,11-50,1109.8320256789225,High
21988,2011-07,134.0,201.78101624478907,67.78101624478907,101-500,50.582847943872444,High
21988,2011-08,136.0,194.7541203688045,58.754120368804536,101-500,43.20155909470922,Moderate
21988,2011-09,156.0,182.25104262124728,26.25104262124728,101-500,16.827591423876463,Low
21988,2011-10,337.0,189.61544469263583,147.38455530736417,101-500,43.7342894087134,Moderate
21988,2011-11,15.0,175.3860158524001,160.3860158524001,11-50,1069.2401056826673,High
21989,2011-07,185.0,235.66674539830592,50.66674539830592,101-500,27.387429945030227,Moderate
21989,2011-08,169.0,220.69119875348656,51.69119875348656,101-500,30.586508138157726,Moderate
21989,2011-09,169.0,222.69725190800017,53.69725190800017,101-500,31.773521839053352,Moderate
21989,2011-10,193.0,216.33981961820933,23.339819618209333,101-500,12.09317078663696,Low
21989,2011-11,26.0,127.10557868900317,101.10557868900317,11-50,388.8676103423199,High
21990,2011-07,68.0,205.48635552866256,137.48635552866256,51-100,202.18581695391552,High
21990,2011-08,158.0,152.63219862106908,5.3678013789309205,101-500,3.3973426448929875,Low
21990,2011-09,252.0,179.52667644478893,72.47332355521107,101-500,28.75925537905201,Moderate
21990,2011-10,342.0,265.1184565701624,76.88154342983762,101-500,22.479983459016847,Moderate
21990,2011-11,95.0,203.17939197721464,108.17939197721464,51-100,113.87304418654172,High
21991,2011-07,91.0,109.96959236247098,18.969592362470976,51-100,20.845705892825247,Moderate
21991,2011-08,56.0,104.2057177665042,48.20571776650419,51-100,86.0816388687575,High
21991,2011-09,44.0,86.28677005848427,42.286770058484265,11-50,96.10629558746425,High
21991,2011-10,126.0,83.38479272827729,42.61520727172271,101-500,33.8215930727958,Moderate
21991,2011-11,36.0,82.43657854681283,46.436578546812825,11-50,128.99049596336894,High
21992,2011-07,150.0,204.73597604735303,54.73597604735306,101-500,36.49065069823538,Moderate
21992,2011-08,412.0,189.10417901469376,222.89582098530624,101-500,54.10092742361802,High
21992,2011-09,267.0,394.0710277937412,127.07102779374117,101-500,47.592145241101555,Moderate
21992,2011-10,153.0,308.808778032678,155.808778032678,101-500,101.83580263573727,High
21993,2011-07,144.0,236.4824132148377,92.48241321483772,101-500,64.22389806585953,High
21993,2011-08,202.0,184.52932917270363,17.470670827296345,101-500,8.648846944206113,Low
21993,2011-09,195.0,245.00989235909503,50.00989235909506,101-500,25.646098645689776,Moderate
21993,2011-10,435.0,238.08975198868225,196.91024801131772,101-500,45.266723680762695,Moderate
21993,2011-11,133.0,190.87377508355897,57.87377508355897,101-500,43.51411660417968,Moderate
22023,2011-07,111.0,129.75072426269463,18.750724262694632,101-500,16.892544380805973,Low
22023,2011-08,103.0,143.76894512728234,40.768945127282336,101-500,39.58150012357508,Moderate
22023,2011-09,41.0,148.44357325750565,107.44357325750563,11-50,262.05749575001374,High
22023,2011-10,129.0,95.43444331423416,33.56555668576583,101-500,26.019811384314593,Moderate
22023,2011-11,15.0,92.91476035994698,77.91476035994698,11-50,519.4317357329799,High
22024,2011-07,110.0,186.27347898805823,76.27347898805823,101-500,69.33952635278021,High
22024,2011-08,238.0,171.79974648720423,66.20025351279577,101-500,27.815232568401584,Moderate
22024,2011-09,163.0,230.62071765529464,67.62071765529464,101-500,41.48510285600898,Moderate
22024,2011-10,203.0,183.93265101666415,19.06734898333582,101-500,9.392782750411733,Low
22024,2011-11,35.0,113.2677341613352,78.2677341613352,11-50,223.62209760381484,High
22025,2011-07,88.0,181.93389474476385,93.93389474476382,51-100,106.74306220995888,High
22025,2011-08,69.0,148.299919936959,79.29991993695899,51-100,114.92742019849129,High
22025,2011-09,257.0,111.01898914079864,145.98101085920138,101-500,56.80194975066202,High
22025,2011-10,109.0,167.4187493048428,58.418749304842805,101-500,53.59518284847964,High
22025,2011-11,18.0,91.14085275528556,73.14085275528555,11-50,406.3380708626975,High
22026,2011-07,182.0,192.0104367569217,10.010436756921736,101-500,5.500239976330625,Low
22026,2011-08,156.0,188.61585654743425,32.61585654743425,101-500,20.907600350919388,Moderate
22026,2011-09,108.0,183.9892223514348,75.98922235143482,101-500,70.36039106614335,High
22026,2011-10,143.0,160.81647381517962,17.81647381517962,101-500,12.459072598027706,Low
22026,2011-11,20.0,102.12812461588024,82.12812461588025,11-50,410.6406230794013,High
22027,2011-07,232.0,350.8655423307743,118.8655423307743,101-500,51.23514755636823,High
22027,2011-08,511.0,317.97173983758177,193.02826016241823,501-1000,37.774610599299066,Moderate
22027,2011-09,392.0,467.9247577667755,75.92475776677549,101-500,19.368560654789665,Low
22027,2011-10,477.0,377.7485248040458,99.2514751959542,101-500,20.807437147998783,Moderate
22027,2011-11,100.0,281.1265325445993,181.12653254459929,51-100,181.12653254459929,High
22028,2011-07,306.0,249.20902069578364,56.79097930421637,101-500,18.5591435634694,Low
22028,2011-08,331.0,311.6863425297611,19.313657470238923,101-500,5.83494183390904,Low
22028,2011-09,172.0,330.8738192225234,158.87381922252342,101-500,92.36849954797873,High
22028,2011-10,406.0,266.72008642592886,139.27991357407114,101-500,34.305397432037225,Moderate
22028,2011-11,41.0,194.7160500545316,153.7160500545316,11-50,374.91719525495506,High
22029,2011-07,526.0,680.60394571045,154.60394571045003,501-1000,29.39238511605514,Moderate
22029,2011-08,817.0,657.1058297489316,159.89417025106843,501-1000,19.5708898716118,Low
22029,2011-09,837.0,781.4982016844214,55.50179831557864,501-1000,6.631039225278212,Low
22029,2011-10,676.0,729.22135313458,53.22135313458,501-1000,7.872981232926035,Low
22029,2011-11,364.0,387.5503093024431,23.55030930244311,101-500,6.469865192978877,Low
22030,2011-07,746.0,493.6716350851376,252.32836491486245,501-1000,33.82417760252848,Moderate
22030,2011-08,255.0,556.1220008793742,301.12200087937424,101-500,118.08705916838204,High
22030,2011-09,0.0,407.3465890983232,407.3465890983232,0-10,,
22031,2011-07,36.0,100.15662148386588,64.15662148386588,11-50,178.212837455183,High
22031,2011-08,26.0,80.6184283036409,54.6184283036409,11-50,210.07087809092653,High
22031,2011-09,12.0,77.30958109936456,65.30958109936456,11-50,544.2465091613714,High
22031,2011-10,51.0,54.80333097606388,3.803330976063883,51-100,7.457511717772319,Low
22031,2011-11,26.0,57.31239692127395,31.31239692127395,11-50,120.43229585105367,High
22032,2011-07,48.0,88.52814320197807,40.52814320197807,11-50,84.43363167078765,High
22032,2011-08,37.0,86.63050716904222,49.63050716904222,11-50,134.13650586227627,High
22032,2011-09,36.0,80.6184283036409,44.6184283036409,11-50,123.94007862122471,High
22032,2011-10,50.0,76.83009667188063,26.830096671880625,11-50,53.66019334376125,High
22033,2011-07,0.0,94.36247091701902,94.36247091701902,0-10,,
22035,2011-07,114.0,169.55732245585267,55.55732245585267,101-500,48.7344933823269,Moderate
22035,2011-08,87.0,163.43042252756908,76.43042252756908,51-100,87.85106037651617,High
22035,2011-09,5.0,119.70962879497156,114.70962879497156,0-10,2294.192575899431,High
22037,2011-07,220.0,331.4066079045247,111.40660790452472,101-500,50.639367229329416,High
22037,2011-08,537.0,316.4699108166784,220.5300891833216,501-1000,41.06705571384015,Moderate
22037,2011-09,205.0,483.1369388623906,278.1369388623906,101-500,135.67655554262956,High
22037,2011-10,310.0,328.1656717661349,18.16567176613489,101-500,5.859894118108029,Low
22037,2011-11,301.0,241.3117644975556,59.68823550244443,101-500,19.829978572240673,Low
22038,2011-07,0.0,102.40238158525467,102.40238158525467,0-10,,
22038,2011-10,50.0,80.6184283036409,30.618428303640897,11-50,61.236856607281794,High
22038,2011-11,25.0,59.22653126937946,34.22653126937946,11-50,136.90612507751783,High
22039,2011-09,25.0,126.49116892627173,101.49116892627173,11-50,405.9646757050869,High
22040,2011-07,150.0,91.2492912501696,58.75070874983041,101-500,39.1671391665536,Moderate
22040,2011-08,25.0,138.04048203466382,113.04048203466382,11-50,452.16192813865524,High
22040,2011-09,50.0,81.98289536369786,31.982895363697864,11-50,63.965790727395735,High
22040,2011-10,50.0,91.5530931989294,41.5530931989294,11-50,83.1061863978588,High
22041,2011-07,222.0,265.6979188779839,43.69791887798391,101-500,19.683747242335095,Low
22041,2011-08,431.0,265.57178155975544,165.42821844024456,101-500,38.38241727151846,Moderate
22041,2011-09,405.0,324.1808134522845,80.8191865477155,101-500,19.95535470313963,Low
22041,2011-10,644.0,337.80442260706786,306.19557739293214,501-1000,47.54589711070375,Moderate
22041,2011-11,57.0,278.95599289822565,221.95599289822565,51-100,389.3964787688169,High
22042,2011-07,0.0,76.48757260323687,76.48757260323687,0-10,,
22042,2011-10,73.0,91.58763832343256,18.58763832343256,51-100,25.462518251277483,Moderate
22042,2011-11,48.0,75.59994616153905,27.59994616153905,11-50,57.499887836539685,High
22043,2011-07,50.0,76.36690879840049,26.366908798400488,11-50,52.73381759680098,High
22043,2011-08,254.0,86.63050716904222,167.36949283095777,101-500,65.8935011145503,High
22043,2011-09,356.0,166.93926487735885,189.06073512264115,101-500,53.10694806815762,High
22043,2011-10,434.0,290.3964805790689,143.6035194209311,101-500,33.08836853016845,Moderate
22043,2011-11,50.0,190.75202919450768,140.75202919450766,11-50,281.5040583890153,High
22044,2011-08,168.0,91.58763832343256,76.41236167656744,101-500,45.48354861700443,Moderate
22044,2011-09,444.0,142.66706070312094,301.3329392968791,101-500,67.86777912091871,High
22044,2011-10,36.0,261.9252856700524,225.9252856700524,11-50,627.5702379723679,High
22045,2011-07,275.0,514.4217641322892,239.42176413228924,101-500,87.06245968446882,High
22045,2011-08,550.0,400.07697128800027,149.9230287119997,501-1000,27.258732493090854,Moderate
22045,2011-09,1025.0,566.6240006958113,458.3759993041887,1001-5000,44.71960968821354,Moderate
22045,2011-10,875.0,642.9108317112216,232.0891682887784,501-1000,26.524476375860388,Moderate
22045,2011-11,150.0,419.2434327925748,269.2434327925748,101-500,179.49562186171656,High
22046,2011-07,200.0,188.67079955454696,11.32920044545304,101-500,5.66460022272652,Low
22046,2011-08,200.0,188.0684067160538,11.9315932839462,101-500,5.9657966419731,Low
22046,2011-09,175.0,192.6477178538541,17.64771785385409,101-500,10.084410202202337,Low
22046,2011-10,275.0,179.07328672999537,95.92671327000464,101-500,34.882441189092596,Moderate
22046,2011-11,75.0,129.64205350694806,54.64205350694806,51-100,72.85607134259742,High
22047,2011-07,375.0,266.8239201701176,108.17607982988244,101-500,28.846954621301986,Moderate
22047,2011-08,250.0,232.36697821852448,17.63302178147552,101-500,7.053208712590207,Low
22047,2011-09,325.0,275.6863788119169,49.31362118808312,101-500,15.173421904025574,Low
22047,2011-10,500.0,252.6286190905436,247.37138090945643,101-500,49.474276181891284,Moderate
22047,2011-11,50.0,170.83960436298293,120.83960436298293,11-50,241.67920872596588,High
22048,2011-07,0.0,154.29832283468383,154.29832283468383,0-10,,
22048,2011-10,75.0,94.04605732522752,19.04605732522752,51-100,25.39474310030336,Moderate
22048,2011-11,25.0,85.85306455130507,60.85306455130507,11-50,243.41225820522027,High
22050,2011-07,100.0,140.36286333138918,40.36286333138918,51-100,40.36286333138918,Moderate
22050,2011-08,100.0,136.37452348805806,36.37452348805806,51-100,36.37452348805806,Moderate
22050,2011-09,150.0,134.50792570697257,15.492074293027429,101-500,10.328049528684954,Low
22050,2011-10,50.0,141.49630526205613,91.49630526205613,11-50,182.99261052411225,High
22050,2011-11,25.0,79.88329993655694,54.88329993655694,11-50,219.53319974622775,High
22051,2011-07,50.0,107.03419153547782,57.03419153547782,11-50,114.06838307095563,High
22051,2011-08,25.0,107.31776684109651,82.31776684109653,11-50,329.2710673643861,High
22051,2011-09,75.0,90.3616463487856,15.361646348785612,51-100,20.48219513171415,Moderate
22051,2011-10,125.0,90.67953683879114,34.32046316120886,101-500,27.45637052896709,Moderate
22055,2011-07,22.0,96.98611030168256,74.98611030168257,11-50,340.845955916739,High
22055,2011-08,131.0,69.01400990158733,61.98599009841267,101-500,47.31754969344479,Moderate
22055,2011-09,31.0,105.02292130425737,74.02292130425737,11-50,238.78361711050763,High
22055,2011-10,82.0,67.0339367359395,14.966063264060494,51-100,18.251296663488407,Low
22055,2011-11,270.0,56.59199724267083,213.4080027573292,101-500,79.04000102123304,High
22057,2011-07,6.0,83.58398584584629,77.58398584584629,0-10,1293.0664307641048,High
22057,2011-08,4.0,58.572376200937065,54.572376200937065,0-10,1364.3094050234265,High
22057,2011-09,40.0,25.195316229214452,14.804683770785545,11-50,37.01170942696386,Moderate
22057,2011-10,67.0,52.127598225193054,14.872401774806946,51-100,22.1976145892641,Moderate
22057,2011-11,176.0,52.87656439249514,123.12343560750486,101-500,69.95649750426412,High
22059,2011-07,46.0,83.04098420964435,37.04098420964435,11-50,80.52387871661814,High
22059,2011-08,18.0,71.6773165673493,53.677316567349294,11-50,298.20731426305167,High
22059,2011-09,44.0,66.19895696851852,22.19895696851852,11-50,50.45217492845118,High
22059,2011-10,135.0,56.01529567587303,78.98470432412697,101-500,58.50718838824219,High
22059,2011-11,504.0,86.23093150558874,417.7690684944113,501-1000,82.89068819333558,High
22061,2011-07,2.0,57.887518614038605,55.887518614038605,0-10,2794.3759307019304,High
22061,2011-08,5.0,43.90116705449096,38.90116705449096,0-10,778.0233410898193,High
22061,2011-09,23.0,19.93340132115047,3.0665986788495303,11-50,13.333037734128391,Low
22061,2011-10,45.0,40.48315529738041,4.5168447026195935,11-50,10.037432672487984,Low
22061,2011-11,220.0,36.8577131176726,183.1422868823274,101-500,83.24649403742154,High
22062,2011-07,12.0,77.35152066494821,65.35152066494821,11-50,544.5960055412351,High
22062,2011-08,70.0,63.00670041974591,6.993299580254089,51-100,9.990427971791556,Low
22062,2011-09,34.0,87.50058810687317,53.50058810687317,11-50,157.35467090256813,High
22063,2011-07,47.0,80.95977570219372,33.959775702193724,11-50,72.25484191956112,High
22063,2011-08,3.0,82.90530830079335,79.90530830079335,0-10,2663.510276693112,High
22063,2011-09,15.0,47.71385934195392,32.71385934195392,11-50,218.09239561302616,High
22063,2011-10,26.0,24.817369662647017,1.1826303373529825,11-50,4.548578220588395,Low
22063,2011-11,202.0,39.981448480331935,162.01855151966805,101-500,80.20720372260794,High
22064,2011-07,40.0,101.93503709660536,61.93503709660536,11-50,154.83759274151342,High
22064,2011-08,65.0,93.2098331841492,28.20983318414919,51-100,43.39974336022952,Moderate
22064,2011-09,69.0,93.23375420824792,24.23375420824793,51-100,35.121382910504245,Moderate
22064,2011-10,232.0,110.5771675667754,121.4228324332246,101-500,52.33742777294164,High
22064,2011-11,409.0,109.358891082803,299.641108917197,101-500,73.26188482083057,High
22065,2011-07,36.0,32.06381945887461,3.936180541125388,11-50,10.933834836459411,Low
22065,2011-08,1292.0,48.638749750414746,1243.3612502495853,1001-5000,96.23539088619081,High
22065,2011-09,2857.0,1144.646632262308,1712.353367737692,1001-5000,59.93536463905117,High
22065,2011-10,1804.0,2694.3740672557647,890.3740672557647,1001-5000,49.35554696539715,Moderate
22065,2011-11,527.0,1234.218495693338,707.2184956933381,501-1000,134.19705800632602,High
22066,2011-07,63.0,193.44786313584743,130.44786313584743,51-100,207.06010021563083,High
22066,2011-08,238.0,136.40622804534428,101.59377195465572,101-500,42.6864588044772,Moderate
22066,2011-09,182.0,224.3320740265459,42.33207402654591,101-500,23.259381333266983,Moderate
22066,2011-10,401.0,206.4527231445544,194.5472768554456,101-500,48.51553038789167,Moderate
22066,2011-11,16.0,190.7651244120501,174.7651244120501,11-50,1092.2820275753131,High
22067,2011-07,68.0,35.32000772054642,32.67999227945358,51-100,48.05881217566703,Moderate
22067,2011-08,7.0,67.01309472970289,60.013094729702885,0-10,857.3299247100412,High
22067,2011-09,31.0,47.23437491446998,16.23437491446998,11-50,52.368951336999935,High
22067,2011-10,52.0,45.456871436038725,6.543128563961275,51-100,12.582939546079375,Low
22067,2011-11,52.0,46.55375660792646,5.446243392073541,51-100,10.47354498475681,Low
22068,2011-07,3.0,61.33986812788779,58.33986812788779,0-10,1944.662270929593,High
22068,2011-08,30.0,43.45499433071318,13.454994330713175,11-50,44.84998110237725,Moderate
22068,2011-09,76.0,62.6480965284468,13.3519034715532,51-100,17.56829404151737,Low
22068,2011-10,56.0,92.43229520230432,36.43229520230433,51-100,65.05767000411488,High
22068,2011-11,170.0,51.1779382071331,118.82206179286688,101-500,69.89533046639228,High
22069,2011-07,5.0,33.216949890531616,28.216949890531616,0-10,564.3389978106323,High
22069,2011-08,22.0,30.07356861521602,8.073568615216018,11-50,36.69803916007281,Moderate
22069,2011-09,41.0,63.09034529810109,22.090345298101084,11-50,53.878890970978254,High
22069,2011-10,75.0,71.50871710239262,3.491282897607377,51-100,4.655043863476503,Low
22069,2011-11,119.0,64.24194859837081,54.75805140162919,101-500,46.015169245066545,Moderate
22070,2011-07,87.0,55.07290172269253,31.927098277307472,51-100,36.69781411184767,Moderate
22070,2011-08,53.0,76.45558772918889,23.45558772918889,51-100,44.25582590412998,Moderate
22070,2011-09,59.0,64.63968494611105,5.639684946111046,51-100,9.558788044256012,Low
22070,2011-10,529.0,83.3632949032105,445.6367050967895,501-1000,84.24134311848573,High
22070,2011-11,8.0,210.74395255664376,202.74395255664376,0-10,2534.2994069580473,High
22071,2011-07,8.0,25.19408269441306,17.19408269441306,0-10,214.92603368016324,High
22071,2011-08,48.0,23.220666541550717,24.779333458449287,11-50,51.62361137176935,High
22071,2011-09,46.0,48.052111187754726,2.0521111877547256,11-50,4.461111277727664,Low
22071,2011-10,507.0,82.90530830079335,424.0946916992066,501-1000,83.64786818524784,High
22071,2011-11,9.0,171.43295128624743,162.43295128624743,0-10,1804.8105698471936,High
22072,2011-07,26.0,62.22586713431805,36.22586713431805,11-50,139.33025820891558,High
22072,2011-08,15.0,46.6895641740083,31.689564174008297,11-50,211.2637611600553,High
22072,2011-09,39.0,34.87775895089213,4.122241049107871,11-50,10.569848843866335,Low
22072,2011-10,40.0,48.196500980760455,8.196500980760455,11-50,20.491252451901136,Moderate
22072,2011-11,205.0,48.581372306072886,156.4186276939271,101-500,76.30176960679371,High
22074,2011-07,42.0,28.99657150944475,13.003428490555253,11-50,30.960544025131554,Moderate
22074,2011-08,57.0,70.1124921910694,13.112492191069409,51-100,23.00437226503405,Moderate
22074,2011-09,89.0,84.75338501012303,4.246614989876974,51-100,4.771477516715701,Low
22074,2011-10,79.0,123.87327969781632,44.87327969781632,51-100,56.801619870653575,High
22074,2011-11,186.0,65.80031719432922,120.19968280567078,101-500,64.62348537939289,High
22075,2011-09,99.0,184.6376242321261,85.63762423212606,51-100,86.50265073952127,High
22075,2011-10,343.0,141.03014781132836,201.96985218867164,101-500,58.88333883051651,High
22075,2011-11,511.0,191.7488814352633,319.25111856473666,501-1000,62.47575705767841,High
22076,2011-07,83.0,48.638749750414746,34.361250249585254,51-100,41.3990966862473,Moderate
22076,2011-08,122.0,96.02086281595648,25.979137184043523,101-500,21.294374741019283,Moderate
22076,2011-09,131.0,147.26169486829548,16.26169486829548,101-500,12.413507533049984,Low
22076,2011-10,152.0,158.72529509893462,6.725295098934623,101-500,4.424536249299094,Low
22076,2011-11,353.0,90.55153891633428,262.44846108366573,101-500,74.34800597270984,High
22077,2011-07,849.0,563.1347343089795,285.86526569102045,501-1000,33.670820458306295,Moderate
22077,2011-08,1110.0,780.8940650561304,329.1059349438696,1001-5000,29.64918332827654,Moderate
22077,2011-09,1212.0,918.8287176619244,293.1712823380756,1001-5000,24.189049697861027,Moderate
22077,2011-10,1177.0,1211.3042465512742,34.30424655127422,1001-5000,2.914549409623978,Low
22077,2011-11,287.0,726.7542700455245,439.75427004552455,101-500,153.22448433641972,High
22078,2011-09,126.0,169.61240283086616,43.61240283086616,101-500,34.613018119735045,Moderate
22078,2011-10,213.0,185.05519878551976,27.94480121448024,101-500,13.119624983324057,Low
22078,2011-11,40.0,111.14465016928472,71.14465016928473,11-50,177.86162542321182,High
22079,2011-07,96.0,128.41555060210604,32.41555060210604,51-100,33.766198543860455,Moderate
22079,2011-08,91.0,121.70798799842106,30.70798799842106,51-100,33.74504175650666,Moderate
22079,2011-09,323.0,114.9314289928558,208.0685710071442,101-500,64.4175142436979,High
22079,2011-10,172.0,323.3872515793259,151.3872515793259,101-500,88.01584394146855,High
22079,2011-11,68.0,119.51521287748496,51.51521287748496,51-100,75.75766599630141,High
22080,2011-08,122.0,202.2427668509229,80.24276685092289,101-500,65.77275971387122,High
22080,2011-09,274.0,142.8492910859966,131.1507089140034,101-500,47.8652222313881,Moderate
22080,2011-10,215.0,281.0266575664375,66.0266575664375,101-500,30.71007328671512,Moderate
22080,2011-11,59.0,130.8359072189481,71.83590721894811,51-100,121.75577494736967,High
22081,2011-07,47.0,76.42841164967182,29.428411649671816,11-50,62.61364180781237,High
22081,2011-08,63.0,82.90530830079335,19.90530830079335,51-100,31.595727461576743,Moderate
22081,2011-09,99.0,88.86239845471336,10.137601545286644,51-100,10.240001560895601,Low
22081,2011-10,69.0,111.12278904202516,42.12278904202516,51-100,61.04752035076111,High
22081,2011-11,35.0,55.57430550988734,20.57430550988734,11-50,58.783730028249536,High
22082,2011-07,176.0,158.37004417074505,17.629955829254953,101-500,10.017020357531225,Low
22082,2011-08,318.0,209.1683148576064,108.83168514239364,101-500,34.223800359243285,Moderate
22082,2011-09,260.0,291.67950853497115,31.67950853497115,101-500,12.184426359604288,Low
22082,2011-10,394.0,306.8256365338908,87.17436346610924,101-500,22.12547296094143,Moderate
22082,2011-11,114.0,213.25776040677155,99.25776040677157,101-500,87.06821088313296,High
22083,2011-07,297.0,302.453125282293,5.453125282293001,101-500,1.8360691186171723,Low
22083,2011-08,429.0,369.858884856893,59.141115143107015,101-500,13.785807725665972,Low
22083,2011-09,304.0,415.2281012596628,111.22810125966282,101-500,36.58819120383646,Moderate
22083,2011-10,653.0,420.5060545124698,232.4939454875302,501-1000,35.603973275272615,Moderate
22083,2011-11,181.0,302.1358067909954,121.1358067909954,101-500,66.92586010552232,High
22084,2011-07,6.0,115.54696682244618,109.54696682244618,0-10,1825.782780374103,High
22084,2011-08,11.0,66.23564390137652,55.23564390137652,11-50,502.1422172852411,High
22084,2011-09,0.0,54.75831950470136,54.75831950470136,0-10,,
22085,2011-07,70.0,64.4592426303505,5.540757369649498,51-100,7.915367670927854,Low
22085,2011-08,51.0,68.91866200198707,17.918662001987073,51-100,35.13463137644524,Moderate
22085,2011-09,18.0,65.14674904373702,47.14674904373702,11-50,261.92638357631677,High
22085,2011-10,28.0,48.71823410946507,20.718234109465072,11-50,73.99369324808954,High
22085,2011-11,11.0,40.6325914253001,29.6325914253001,11-50,269.38719477545544,High
22086,2011-07,488.0,265.0515977689644,222.94840223103563,101-500,45.68614799816304,Moderate
22086,2011-08,2103.0,353.44714401402194,1749.552855985978,1001-5000,83.1931933421768,High
22086,2011-09,3426.0,1440.5885445404977,1985.4114554595023,1001-5000,57.95129759076188,High
22086,2011-10,7898.0,3268.465710826445,4629.5342891735545,5000+,58.61653949320783,High
22086,2011-11,2088.0,2272.988730548874,184.98873054887417,1001-5000,8.859613532034203,Low
22089,2011-07,83.0,166.5267923795709,83.5267923795709,51-100,100.63468961394084,High
22089,2011-08,101.0,126.20289633123298,25.202896331232974,101-500,24.953362704191065,Moderate
22089,2011-09,18.0,123.6948342956493,105.6948342956493,11-50,587.1935238647184,High
22089,2011-10,111.0,59.880725300515,51.11927469948501,101-500,46.05340063016668,Moderate
22089,2011-11,6.0,68.88633069372855,62.88633069372855,0-10,1048.1055115621425,High
22090,2011-07,667.0,927.1276502316416,260.1276502316415,501-1000,38.99964771089078,Moderate
22090,2011-08,381.0,857.2082120835792,476.2082120835792,101-500,124.98903204293417,High
22090,2011-09,233.0,681.1537383640721,448.15373836407207,101-500,192.34066024209102,High
22090,2011-10,327.0,448.3740025879853,121.37400258798527,101-500,37.11743198409336,Moderate
22090,2011-11,110.0,367.77088143273625,257.77088143273625,101-500,234.33716493885112,High
22091,2011-07,316.0,164.61662491990995,151.38337508009005,101-500,47.90613135445888,Moderate
22091,2011-08,98.0,273.1951224463637,175.1951224463637,51-100,178.77053310853438,High
22091,2011-09,696.0,271.33594704027684,424.6640529597232,501-1000,61.01495013789127,High
22091,2011-10,338.0,513.4826626637016,175.4826626637016,101-500,51.91794753363953,High
22091,2011-11,11.0,202.4491049880324,191.4491049880324,11-50,1740.4464089821126,High
22092,2011-08,163.0,106.2786214070965,56.72137859290351,101-500,34.79839177478743,Moderate
22092,2011-09,72.0,165.52782717890858,93.52782717890858,51-100,129.89975997070636,High
22092,2011-10,155.0,117.47775234450064,37.52224765549937,101-500,24.2079017132254,Moderate
22092,2011-11,7.0,93.22857624927086,86.22857624927086,0-10,1231.8368035610122,High
22093,2011-07,194.0,251.90731051513797,57.90731051513794,101-500,29.849129131514403,Moderate
22093,2011-08,190.0,199.91142712879093,9.911427128790931,101-500,5.216540594100491,Low
22093,2011-09,571.0,213.2853985055488,357.71460149445124,501-1000,62.64704054193542,High
22093,2011-10,287.0,447.2780697110588,160.27806971105878,101-500,55.8460173209264,High
22093,2011-11,57.0,152.02996668634995,95.02996668634997,51-100,166.719239800614,High
22094,2011-07,320.0,195.60269495455285,124.39730504544715,101-500,38.87415782670224,Moderate
22094,2011-08,567.0,272.30890210783315,294.69109789216685,501-1000,51.97373860532043,High
22094,2011-09,174.0,407.1506459135415,233.1506459135415,101-500,133.99462408824223,High
22094,2011-10,525.0,244.61813359959547,280.38186640040453,501-1000,53.406069790553246,High
22094,2011-11,56.0,194.93698701091984,138.93698701091984,51-100,248.10176251949972,High
22095,2011-07,33.0,103.44981788327776,70.44981788327777,11-50,213.48429661599323,High
22095,2011-08,143.0,80.6184283036409,62.3815716963591,101-500,43.62347671074063,Moderate
22095,2011-09,224.0,150.44732705792052,73.55267294207948,101-500,32.83601470628548,Moderate
22095,2011-10,409.0,186.1099482543368,222.89005174566324,101-500,54.49634517008881,High
22095,2011-11,156.0,199.69923587690724,43.69923587690724,101-500,28.012330690325154,Moderate
22096,2011-07,86.0,105.96635305685572,19.96635305685571,51-100,23.21668960099501,Moderate
22096,2011-08,646.0,112.45982702661507,533.5401729733849,501-1000,82.59135804541562,High
22096,2011-09,106.0,464.4324875965249,358.4324875965249,101-500,338.1438562231367,High
22096,2011-10,168.0,152.861608364137,15.138391635863002,101-500,9.010947402299406,Low
22096,2011-11,224.0,146.16757375806648,77.83242624193352,101-500,34.74661885800604,Moderate
22097,2011-07,224.0,205.98366704930163,18.01633295069837,101-500,8.043005781561773,Low
22097,2011-08,109.0,203.624150265164,94.62415026516402,101-500,86.81114703226058,High
22097,2011-09,514.0,276.06340467807365,237.93659532192635,501-1000,46.29116640504404,Moderate
22097,2011-10,147.0,421.97848278474623,274.97848278474623,101-500,187.06019237057566,High
22097,2011-11,222.0,126.343978156832,95.656021843168,101-500,43.08829812755315,Moderate
22098,2011-07,196.0,165.97870778221863,30.021292217781365,101-500,15.316985825398655,Low
22098,2011-08,233.0,172.8777545304195,60.12224546958049,101-500,25.803538828146134,Moderate
22098,2011-09,847.0,321.3197189027064,525.6802810972936,501-1000,62.06378761479263,High
22098,2011-10,226.0,554.8169497357497,328.81694973574974,101-500,145.4942255467919,High
22098,2011-11,63.0,143.5549552583211,80.55495525832109,51-100,127.8650083465414,High
22099,2011-07,269.0,171.45177294534363,97.54822705465637,101-500,36.263281432957754,Moderate
22099,2011-08,173.0,254.24182801367743,81.24182801367743,101-500,46.96059422755921,Moderate
22099,2011-09,440.0,292.1004877764465,147.89951222355347,101-500,33.61352550535307,Moderate
22099,2011-10,124.0,303.1898046984416,179.1898046984416,101-500,144.50790701487227,High
22099,2011-11,21.0,113.8083806356293,92.8083806356293,11-50,441.9446696934729,High
22100,2011-08,77.0,152.27482997800274,75.27482997800274,51-100,97.75951945195162,High
22100,2011-09,79.0,103.1285858733008,24.128585873300807,51-100,30.54251376367191,Moderate
22100,2011-10,195.0,119.95831377271234,75.04168622728766,101-500,38.482916013993666,Moderate
22100,2011-11,110.0,84.35008058304591,25.64991941695409,101-500,23.31810856086736,Moderate
22101,2011-07,64.0,95.30661673994074,31.306616739940736,51-100,48.9165886561574,Moderate
22101,2011-08,68.0,70.70567036243176,2.7056703624317606,51-100,3.9789270035761186,Low
22101,2011-09,693.0,82.26495888010585,610.7350411198942,501-1000,88.12915456275529,High
22101,2011-10,102.0,391.213519810192,289.213519810192,101-500,283.54266648058035,High
22101,2011-11,16.0,82.03006889912133,66.03006889912133,11-50,412.68793061950834,High
22102,2011-07,0.0,31.126485105741544,31.126485105741544,0-10,,
22102,2011-10,22.0,1629.927451731809,1607.927451731809,11-50,7308.7611442354955,High
22103,2011-07,57.0,61.34720879452353,4.347208794523532,51-100,7.626682095655318,Low
22103,2011-08,0.0,52.79765418872774,52.79765418872774,0-10,,
22104,2011-07,4.0,37.72890783816332,33.72890783816332,0-10,843.2226959540831,High
22104,2011-08,31.0,32.11249617946442,1.112496179464422,11-50,3.588697353111039,Low
22104,2011-09,35.0,43.96731898098783,8.967318980987827,11-50,25.62091137425093,Moderate
22104,2011-10,22.0,50.064832595215,28.064832595214995,11-50,127.56742088734087,High
22104,2011-11,11.0,42.59820605200875,31.59820605200875,11-50,287.25641865462495,High
22105,2011-07,3.0,26.246999184938577,23.246999184938577,0-10,774.8999728312859,High
22105,2011-08,4.0,22.77980270700908,18.77980270700908,0-10,469.49506767522695,High
22105,2011-09,491.0,22.77980270700908,468.2201972929909,101-500,95.36052898024255,High
22105,2011-10,4.0,249.66617640276544,245.66617640276544,0-10,6141.654410069136,High
22105,2011-11,3.0,59.292979855302896,56.292979855302896,0-10,1876.43266184343,High
22106,2011-07,13.0,18.880484830624948,5.880484830624948,11-50,45.23449869711499,Moderate
22106,2011-08,8.0,20.491672524342565,12.491672524342563,0-10,156.14590655428205,High
22106,2011-09,251.0,25.7320019691776,225.2679980308224,101-500,89.74820638678183,High
22106,2011-10,14.0,136.23290553402092,122.23290553402092,11-50,873.0921823858637,High
22106,2011-11,9.0,51.03362100515327,42.03362100515327,0-10,467.0402333905919,High
22107,2011-07,11.0,19.32134866516658,8.321348665166578,11-50,75.64862422878707,High
22107,2011-08,56.0,21.45874003497597,34.541259965024025,51-100,61.68082136611434,High
22107,2011-09,71.0,90.17870958552024,19.17870958552024,51-100,27.012267021859493,Moderate
22107,2011-10,162.0,109.21270050671843,52.787299493281566,101-500,32.5847527736306,Moderate
22107,2011-11,134.0,98.78771428834658,35.21228571165342,101-500,26.277825157950314,Moderate
22108,2011-09,10.0,25.358057911360103,15.358057911360106,0-10,153.58057911360106,High
22108,2011-10,27.0,30.47173745044129,3.4717374504412923,11-50,12.858286853486266,Low
22108,2011-11,41.0,35.091673940890246,5.908326059109754,11-50,14.410551363682329,Low
22109,2011-07,45.0,88.74365811067553,43.743658110675526,11-50,97.2081291348345,High
22109,2011-08,120.0,87.87686772918883,32.12313227081117,101-500,26.769276892342642,Moderate
22109,2011-09,162.0,118.6802962797946,43.31970372020541,101-500,26.740557851978647,Moderate
22109,2011-10,248.0,161.75473498595375,86.24526501404623,101-500,34.776316537921865,Moderate
22109,2011-11,165.0,113.44897562859106,51.55102437140894,101-500,31.24304507358118,Moderate
22110,2011-07,57.0,25.63494652895469,31.365053471045314,51-100,55.02640959832511,High
22110,2011-08,77.0,71.43919769738359,5.560802302616409,51-100,7.221821172229102,Low
22110,2011-09,134.0,96.80445786538908,37.19554213461093,101-500,27.75786726463502,Moderate
22110,2011-10,277.0,189.87231420340973,87.12768579659027,101-500,31.4540381937149,Moderate
22110,2011-11,106.0,120.836021553529,14.836021553529008,101-500,13.99624674861227,Low
22111,2011-07,145.0,100.5114610700597,44.488538929940304,101-500,30.681750986165728,Moderate
22111,2011-08,1088.0,152.7812449938472,935.2187550061528,1001-5000,85.95760615865376,High
22111,2011-09,441.0,922.9281530633926,481.92815306339264,101-500,109.28076033183507,High
22111,2011-10,982.0,495.4673276491077,486.5326723508923,501-1000,49.545078650803696,Moderate
22111,2011-11,407.0,729.0590496179432,322.0590496179432,101-500,79.12998762111626,High
22112,2011-07,253.0,172.5460537428286,80.4539462571714,101-500,31.799978757775254,Moderate
22112,2011-08,753.0,209.73450121897037,543.2654987810297,501-1000,72.14681258712213,High
22112,2011-09,838.0,729.7833139823591,108.21668601764088,501-1000,12.913685682296046,Low
22112,2011-10,1600.0,866.6075708606937,733.3924291393063,1001-5000,45.83702682120664,Moderate
22112,2011-11,575.0,1162.0889316503865,587.0889316503865,501-1000,102.10242289571939,High
22113,2011-07,145.0,80.32028297572245,64.67971702427755,101-500,44.60670139605348,Moderate
22113,2011-08,457.0,153.8777602543689,303.1222397456311,101-500,66.32871766862824,High
22113,2011-09,551.0,479.34389553956015,71.65610446043985,501-1000,13.004737651622477,Low
22113,2011-10,681.0,701.7570155356115,20.75701553561146,501-1000,3.0480199024392745,Low
22113,2011-11,127.0,340.3363690412839,213.3363690412839,101-500,167.98139294589282,High
22114,2011-09,905.0,1173.8799723937875,268.8799723937875,501-1000,29.710494187158844,Moderate
22114,2011-10,1815.0,822.7837144800302,992.2162855199698,1001-5000,54.667563940494205,High
22114,2011-11,608.0,1490.9978395108176,882.9978395108176,501-1000,145.22990781427922,High
22115,2011-07,197.0,250.30788495958316,53.307884959583134,101-500,27.05984008100667,Moderate
22115,2011-08,221.0,187.36433677306104,33.63566322693896,101-500,15.219757116261972,Low
22115,2011-09,275.0,232.5427333365207,42.45726666347929,101-500,15.439006059447014,Low
22115,2011-10,204.0,267.87875376212395,63.87875376212395,101-500,31.31311458927645,Moderate
22115,2011-11,73.0,130.3933464309611,57.39334643096109,51-100,78.62102250816588,High
22116,2011-07,99.0,90.39363435921383,8.606365640786152,51-100,8.693298627056718,Low
22116,2011-08,97.0,119.85638272962,22.856382729619995,51-100,23.563281164556695,Moderate
22116,2011-09,35.0,120.33586715710392,85.33586715710393,11-50,243.81676330601124,High
22116,2011-10,93.0,87.67728718586869,5.322712814131307,51-100,5.723347111969148,Low
22116,2011-11,13.0,68.24344797871979,55.243447978719786,11-50,424.94959983630605,High
22117,2011-07,249.0,30.07356861521602,218.926431384784,101-500,87.92226160031485,High
22117,2011-08,785.0,130.91775089483036,654.0822491051697,501-1000,83.32257950384327,High
22117,2011-09,15.0,419.9368949359265,404.9368949359265,11-50,2699.5792995728434,High
22117,2011-10,12.0,75.97391234710459,63.97391234710459,11-50,533.1159362258716,High
22117,2011-11,5.0,80.0423148658356,75.0423148658356,0-10,1500.8462973167123,High
22118,2011-08,31.0,23.831952288031584,7.168047711968416,11-50,23.122734554736827,Moderate
22118,2011-09,25.0,41.08440890288372,16.084408902883723,11-50,64.33763561153489,High
22118,2011-10,31.0,64.84629226628985,33.84629226628985,11-50,109.18158795577371,High
22118,2011-11,90.0,34.230962394301024,55.769037605698976,51-100,61.965597339665536,High
22119,2011-07,25.0,22.90595251174654,2.0940474882534588,11-50,8.376189953013835,Low
22119,2011-08,26.0,44.29718310437633,18.29718310437633,11-50,70.3737811706782,High
22119,2011-09,37.0,64.84629226628985,27.84629226628985,11-50,75.26024936835096,High
22119,2011-10,30.0,64.84629226628985,34.84629226628985,11-50,116.15430755429949,High
22119,2011-11,135.0,41.31977044667867,93.68022955332134,101-500,69.39276263208988,High
22120,2011-07,29.0,61.12603477037147,32.12603477037147,11-50,110.77943024266024,High
22120,2011-08,26.0,71.93510031866747,45.935100318667466,11-50,176.67346276410564,High
22120,2011-09,28.0,64.84629226628985,36.84629226628985,11-50,131.59390095103518,High
22120,2011-10,80.0,64.84629226628985,15.15370773371015,51-100,18.942134667137687,Low
22120,2011-11,6.0,52.67633245971716,46.67633245971716,0-10,777.9388743286194,High
22121,2011-07,33.0,44.50737298677684,11.507372986776844,11-50,34.870827232657106,Moderate
22121,2011-08,34.0,44.29718310437633,10.29718310437633,11-50,30.285832659930385,Moderate
22121,2011-09,51.0,64.84629226628985,13.84629226628985,51-100,27.149592678999706,Moderate
22121,2011-10,87.0,91.892305276107,4.89230527610701,51-100,5.623339397824148,Low
22121,2011-11,8.0,74.5869378014765,66.5869378014765,0-10,832.3367225184562,High
22123,2011-07,30.0,61.46532173216705,31.465321732167048,11-50,104.88440577389015,High
22123,2011-08,41.0,57.77020311827876,16.770203118278758,11-50,40.902934434826236,Moderate
22123,2011-09,57.0,72.93479994719287,15.934799947192872,51-100,27.955789381040123,Moderate
22123,2011-10,54.0,84.1823643742548,30.182364374254803,51-100,55.89326735973111,High
22123,2011-11,111.0,48.27596087692613,62.72403912307387,101-500,56.50814335412061,High
22124,2011-07,12.0,24.838019918899004,12.838019918899004,11-50,106.98349932415836,High
22124,2011-08,10.0,30.18287546301289,20.18287546301289,0-10,201.8287546301289,High
22124,2011-09,15.0,30.47173745044129,15.471737450441292,11-50,103.14491633627527,High
22124,2011-10,14.0,51.0430739422691,37.0430739422691,11-50,264.5933853019222,High
22124,2011-11,58.0,18.372971815631345,39.627028184368655,51-100,68.3224623868425,High
22128,2011-07,24.0,103.27389910028792,79.27389910028792,11-50,330.3079129178663,High
22128,2011-08,390.0,93.5879566658178,296.4120433341822,101-500,76.00308803440569,High
22128,2011-09,84.0,189.06357497828256,105.06357497828256,51-100,125.07568449795544,High
22128,2011-10,133.0,109.815019010079,23.184980989920987,101-500,17.43231653377518,Low
22129,2011-07,34.0,62.59395633446658,28.593956334466583,11-50,84.09987157196053,High
22129,2011-08,46.0,65.01514657868903,19.015146578689027,11-50,41.337275171063105,Moderate
22129,2011-09,81.0,84.02599902620082,3.0259990262008216,51-100,3.7358012669145944,Low
22129,2011-10,295.0,102.10131208227472,192.89868791772528,101-500,65.38938573482213,High
22129,2011-11,22.0,117.5407074968994,95.5407074968994,11-50,434.2759431677245,High
22130,2011-07,227.0,64.05525761947891,162.9447423805211,101-500,71.78182483723397,High
22130,2011-08,258.0,140.14758277593813,117.85241722406188,101-500,45.679231482194524,Moderate
22130,2011-09,360.0,194.8416739790087,165.1583260209913,101-500,45.877312783608694,Moderate
22130,2011-10,960.0,293.842583047398,666.157416952602,501-1000,69.39139759922938,High
22130,2011-11,54.0,339.7007489432017,285.7007489432017,51-100,529.0754610059291,High
22131,2011-07,215.0,94.95920906999912,120.04079093000088,101-500,55.8329260139539,High
22131,2011-08,136.0,179.2775585627202,43.2775585627202,101-500,31.821734237294265,Moderate
22131,2011-09,254.0,153.90877688235193,100.09122311764808,101-500,39.40599335340475,Moderate
22131,2011-10,201.0,221.2847534998468,20.2847534998468,101-500,10.091917164102886,Low
22131,2011-11,32.0,124.51460669182832,92.51460669182832,11-50,289.1081459119635,High
22132,2011-07,19.0,87.44259873838163,68.44259873838163,11-50,360.22420388621913,High
22132,2011-08,8.0,80.01682745586696,72.01682745586696,0-10,900.210343198337,High
22132,2011-09,162.0,44.03988179558802,117.96011820441196,101-500,72.81488778050121,High
22132,2011-10,153.0,135.66432792305,17.335672076950004,101-500,11.330504625457518,Low
22132,2011-11,21.0,90.9817720908772,69.98177209087721,11-50,333.246533766082,High
22133,2011-07,6.0,72.83251362053461,66.83251362053461,0-10,1113.87522700891,High
22133,2011-08,80.0,43.82895345226563,36.17104654773437,51-100,45.21380818466796,Moderate
22133,2011-09,124.0,73.23647375698323,50.76352624301677,101-500,40.93832761533611,Moderate
22133,2011-10,37.0,118.03440382289098,81.03440382289098,11-50,219.01190222402968,High
22133,2011-11,21.0,48.73871213168601,27.738712131686007,11-50,132.089105388981,High
22134,2011-07,27.0,99.27040114533531,72.27040114533531,11-50,267.6681523901308,High
22134,2011-08,7.0,80.36934223714687,73.36934223714687,0-10,1048.1334605306695,High
22134,2011-09,48.0,54.79476390024252,6.794763900242522,11-50,14.155758125505255,Low
22134,2011-10,59.0,88.14272067238261,29.14272067238261,51-100,49.39444181759764,Moderate
22134,2011-11,313.0,63.24368296083226,249.75631703916773,101-500,79.79435049174688,High
22135,2011-07,22.0,75.24662999885561,53.24662999885561,11-50,242.0301363584346,High
22135,2011-08,52.0,86.33186705511092,34.33186705511092,51-100,66.02282125982869,High
22135,2011-09,43.0,91.80408341424256,48.80408341424256,11-50,113.49786840521526,High
22135,2011-10,65.0,104.84251437847075,39.84251437847075,51-100,61.29617596687809,High
22135,2011-11,34.0,62.67101572365669,28.67101572365669,11-50,84.32651683428438,High
22136,2011-07,13.0,25.886155660906496,12.886155660906496,11-50,99.12427431466536,High
22136,2011-08,6.0,30.679774547501896,24.679774547501896,0-10,411.32957579169823,High
22136,2011-09,14.0,30.07356861521602,16.07356861521602,11-50,114.81120439440014,High
22136,2011-10,0.0,27.248616855728923,27.248616855728923,0-10,,
22138,2011-07,244.0,265.23297372113456,21.23297372113456,101-500,8.70203841030105,Low
22138,2011-08,793.0,294.32149798312446,498.67850201687554,501-1000,62.88505700086703,High
22138,2011-09,626.0,772.6974229331009,146.69742293310094,501-1000,23.434093120303665,Moderate
22138,2011-10,1145.0,775.3639431596088,369.6360568403912,1001-5000,32.28262505156255,Moderate
22138,2011-11,277.0,876.7733368194936,599.7733368194936,101-500,216.52467033194714,High
22139,2011-07,372.0,339.2678255360696,32.73217446393039,101-500,8.798971630088815,Low
22139,2011-08,363.0,410.38543485490845,47.38543485490845,101-500,13.053838803005084,Low
22139,2011-09,575.0,473.0394407231751,101.96055927682488,501-1000,17.73227117857824,Low
22139,2011-10,830.0,702.1188829265084,127.88111707349162,501-1000,15.407363502830314,Low
22139,2011-11,199.0,606.9241529968581,407.9241529968581,101-500,204.98701155621012,High
22141,2011-07,114.0,95.7155791465484,18.284420853451607,101-500,16.038965660922464,Low
22141,2011-08,357.0,120.10609657121962,236.8939034287804,101-500,66.35683569433624,High
22141,2011-09,811.0,356.0905022432707,454.9094977567293,501-1000,56.092416492814955,High
22141,2011-10,969.0,879.4437185432467,89.55628145675325,501-1000,9.242134309262461,Low
22141,2011-11,138.0,633.4449363612539,495.4449363612539,101-500,359.0180698269956,High
22142,2011-07,97.0,98.62940649660172,1.6294064966017316,51-100,1.679800511960548,Low
22142,2011-08,646.0,93.45841929284616,552.5415807071538,501-1000,85.53275243144796,High
22142,2011-09,1215.0,589.4617799399931,625.5382200600069,1001-5000,51.48462716543266,High
22142,2011-10,888.0,1206.1569274111023,318.1569274111023,501-1000,35.82848281656557,Moderate
22142,2011-11,148.0,436.63044944470585,288.63044944470585,101-500,195.02057394912558,High
22144,2011-07,141.0,133.62355533380932,7.376444666190679,101-500,5.231521039851545,Low
22144,2011-08,559.0,140.41211858981458,418.5878814101855,501-1000,74.8815530250779,High
22144,2011-09,1094.0,560.5768229721608,533.4231770278392,1001-5000,48.75897413417177,Moderate
22144,2011-10,1428.0,1299.6368914123527,128.36310858764728,1001-5000,8.989013206417876,Low
22144,2011-11,274.0,829.622709348622,555.622709348622,101-500,202.78201071117593,High
22147,2011-07,802.0,266.5394580825712,535.4605419174288,501-1000,66.76565360566444,High
22147,2011-08,593.0,504.4054165286742,88.59458347132579,501-1000,14.940064666328126,Low
22147,2011-09,2278.0,595.3598890922966,1682.6401109077033,1001-5000,73.86479854730919,High
22147,2011-10,72.0,1719.781934729464,1647.781934729464,51-100,2288.586020457589,High
22147,2011-11,33.0,222.3146875289268,189.3146875289268,11-50,573.6808712997782,High
22148,2011-07,12.0,35.13045654075656,23.13045654075656,11-50,192.75380450630465,High
22148,2011-08,12.0,36.13097651360295,24.130976513602956,11-50,201.0914709466913,High
22148,2011-09,4.0,36.013430745741665,32.013430745741665,0-10,800.3357686435417,High
22148,2011-10,15.0,30.07356861521602,15.073568615216018,11-50,100.49045743477345,High
22148,2011-11,12.0,18.111433857349297,6.111433857349297,11-50,50.92861547791081,High
22149,2011-07,755.0,362.0667764414555,392.9332235585445,501-1000,52.044135570668146,High
22149,2011-08,570.0,540.3528553269917,29.647144673008256,501-1000,5.201253451404957,Low
22149,2011-09,1754.0,615.008551669644,1138.991448330356,1001-5000,64.9367986505334,High
22149,2011-10,40.0,1326.212572745662,1286.212572745662,11-50,3215.531431864155,High
22150,2011-07,308.0,184.08074384697784,123.91925615302216,101-500,40.2335247250072,Moderate
22150,2011-08,271.0,278.2725959302404,7.272595930240413,101-500,2.6836147344060564,Low
22150,2011-09,304.0,273.68762493302387,30.31237506697613,101-500,9.971176008873728,Low
22150,2011-10,419.0,388.92816327323465,30.071836726765355,101-500,7.177049338130156,Low
22150,2011-11,219.0,198.8349076615219,20.165092338478104,101-500,9.207804720766259,Low
22151,2011-07,1673.0,1401.634422415534,271.3655775844661,1001-5000,16.22029752447496,Low
22151,2011-08,1060.0,1989.5133536307549,929.5133536307548,1001-5000,87.68993902176932,High
22151,2011-09,608.0,1211.1784145298732,603.1784145298732,501-1000,99.20697607399231,High
22151,2011-10,687.0,1015.0931056153568,328.0931056153568,501-1000,47.75736617399662,Moderate
22151,2011-11,311.0,526.668982336739,215.66898233673896,101-500,69.34693965811543,High
22152,2011-07,109.0,95.08033361028096,13.919666389719026,101-500,12.770336137356905,Low
22152,2011-08,176.0,123.17869591698064,52.82130408301936,101-500,30.012104592624638,Moderate
22152,2011-09,355.0,169.01884001833167,185.98115998166836,101-500,52.389059149765735,High
22152,2011-10,931.0,286.29665386875257,644.7033461312474,501-1000,69.24847971334557,High
22152,2011-11,30.0,351.7984917967128,321.7984917967128,11-50,1072.661639322376,High
22153,2011-07,292.0,53.7800346390345,238.2199653609655,101-500,81.58217991813886,High
22153,2011-08,485.0,168.93378137004757,316.06621862995246,101-500,65.16829250102113,High
22153,2011-09,487.0,358.9367149655999,128.0632850344001,101-500,26.296362430061627,Moderate
22153,2011-10,814.0,487.1222831984718,326.8777168015282,501-1000,40.156967666035406,Moderate
22153,2011-11,294.0,376.659446170849,82.65944617084904,101-500,28.11545788124117,Moderate
22154,2011-07,243.0,74.84781853465259,168.1521814653474,101-500,69.19842858656273,High
22154,2011-08,402.0,155.41539512188683,246.5846048781132,101-500,61.3394539497794,High
22154,2011-09,539.0,296.2742132041625,242.7257867958375,501-1000,45.032613505721244,Moderate
22154,2011-10,1083.0,537.227029363353,545.772970636647,1001-5000,50.39454945860082,High
22154,2011-11,247.0,534.6212699968644,287.6212699968644,101-500,116.44585829832566,High
22155,2011-07,156.0,54.622138881463165,101.37786111853684,101-500,64.9858084093185,High
22155,2011-08,356.0,126.49116892627173,229.5088310737283,101-500,64.46877277351918,High
22155,2011-09,498.0,273.1967708315973,224.8032291684027,101-500,45.14121067638609,Moderate
22155,2011-10,846.0,393.5057918896356,452.4942081103644,501-1000,53.4863130154095,High
22155,2011-11,167.0,355.3334004852936,188.3334004852936,101-500,112.77449130855904,High
22156,2011-07,288.0,223.23102176694528,64.76897823305472,101-500,22.489228553144002,Moderate
22156,2011-08,147.0,220.27710972203965,73.27710972203965,101-500,49.84837396057119,Moderate
22156,2011-09,185.0,179.06795046603116,5.932049533968836,101-500,3.2065132616047762,Low
22156,2011-10,263.0,204.31895476313773,58.681045236862246,101-500,22.312184500708078,Moderate
22156,2011-11,87.0,128.98936054437542,41.989360544375415,51-100,48.26363280962692,Moderate
22158,2011-07,416.0,48.638749750414746,367.3612502495853,101-500,88.307992848458,High
22158,2011-08,304.0,232.3175420088027,71.68245799119731,101-500,23.579755918157012,Moderate
22158,2011-09,687.0,294.9163714718799,392.0836285281201,501-1000,57.071852769740914,High
22158,2011-10,1295.0,615.7580817318976,679.2419182681024,1001-5000,52.451113379776245,High
22158,2011-11,132.0,544.0152383904137,412.01523839041374,101-500,312.13275635637405,High
22161,2011-07,468.0,281.9432653619741,186.0567346380259,101-500,39.75571252949271,Moderate
22161,2011-08,692.0,386.7687494135581,305.2312505864419,501-1000,44.108562223474266,Moderate
22161,2011-09,1145.0,528.0900062574932,616.9099937425068,1001-5000,53.87860207358138,High
22161,2011-10,626.0,901.0175192645596,275.0175192645595,501-1000,43.93251106462612,Moderate
22161,2011-11,145.0,384.4385695988855,239.43856959888544,101-500,165.13004799923135,High
22162,2011-07,4.0,30.07356861521602,26.07356861521602,0-10,651.8392153804004,High
22162,2011-08,0.0,26.077195298608974,26.077195298608974,0-10,,
22163,2011-07,7.0,23.662915311205,16.662915311205,0-10,238.0416473029286,High
22163,2011-08,101.0,23.662915311205,77.337084688795,101-500,76.57137097900495,High
22163,2011-09,267.0,101.83059438894632,165.1694056110537,101-500,61.8612006033909,High
22163,2011-10,393.0,208.9564826222364,184.0435173777636,101-500,46.830411546504735,Moderate
22163,2011-11,50.0,206.9255155554202,156.9255155554202,11-50,313.8510311108404,High
22165,2011-07,16.0,28.233228634417664,12.233228634417664,11-50,76.4576789651104,High
22165,2011-08,15.0,33.04843123756337,18.04843123756337,11-50,120.32287491708912,High
22165,2011-09,17.0,46.70150729623069,29.701507296230687,11-50,174.714748801357,High
22165,2011-10,22.0,51.516709899376366,29.51670989937637,11-50,134.1668631789835,High
22165,2011-11,197.0,32.80487954950077,164.19512045049925,101-500,83.34777687842602,High
22166,2011-07,8.0,18.880484830624948,10.880484830624948,0-10,136.00606038281185,High
22166,2011-08,8.0,20.496453272860588,12.496453272860588,0-10,156.20566591075735,High
22166,2011-09,8.0,23.30890209548984,15.308902095489838,0-10,191.36127619362298,High
22166,2011-10,11.0,23.30890209548984,12.308902095489838,11-50,111.89910995899852,High
22166,2011-11,99.0,12.380716467504412,86.61928353249559,51-100,87.49422579039958,High
22167,2011-07,11.0,40.13563958486037,29.135639584860364,11-50,264.8694507714579,High
22167,2011-08,5.0,27.18308729492839,22.18308729492839,0-10,443.6617458985678,High
22167,2011-09,11.0,25.29113813463597,14.291138134635968,11-50,129.91943758759973,High
22167,2011-10,20.0,21.45874003497597,1.4587400349759747,11-50,7.2937001748798735,Low
22167,2011-11,7.0,28.13370090332421,21.13370090332421,0-10,301.91001290463157,High
22169,2011-07,88.0,92.14563693520395,4.145636935203953,51-100,4.710951062731765,Low
22169,2011-08,229.0,119.90199683349196,109.09800316650804,101-500,47.641049417689096,Moderate
22169,2011-09,106.0,226.62104994308308,120.62104994308308,101-500,113.7934433425312,High
22169,2011-10,123.0,172.00106384984232,49.001063849842325,101-500,39.838263292554736,Moderate
22169,2011-11,59.0,90.93980099649424,31.93980099649424,51-100,54.13525592626143,High
22170,2011-07,86.0,85.2947027074488,0.7052972925511938,51-100,0.820113130873481,Low
22170,2011-08,197.0,115.22736870326864,81.77263129673135,101-500,41.508949896817946,Moderate
22170,2011-09,45.0,165.97988584362193,120.97988584362191,11-50,268.8441907636042,High
22170,2011-10,110.0,97.48848990647456,12.511510093525445,101-500,11.37410008502313,Low
22170,2011-11,44.0,90.77216669775184,46.77216669775184,11-50,106.30037885852693,High
22171,2011-07,105.0,275.25891893338456,170.25891893338456,101-500,162.15135136512814,High
22171,2011-08,29.0,178.83340383206445,149.83340383206445,11-50,516.6669097657394,High
22171,2011-09,10.0,106.95180594305708,96.95180594305708,0-10,969.5180594305707,High
22171,2011-10,101.0,47.14195421680572,53.85804578319428,101-500,53.32479780514285,High
22171,2011-11,39.0,80.46909395956419,41.46909395956419,11-50,106.3310101527287,High
22173,2011-07,308.0,198.85872184446592,109.14127815553408,101-500,35.43547992062795,Moderate
22173,2011-08,169.0,305.70953791930543,136.70953791930543,101-500,80.89321770373103,High
22173,2011-09,176.0,251.6671896790756,75.66718967907556,101-500,42.99272140856566,Moderate
22173,2011-10,319.0,250.880726811228,68.11927318877198,101-500,21.35400413441128,Moderate
22173,2011-11,69.0,196.65589375312376,127.65589375312376,51-100,185.00854167119385,High
22174,2011-07,55.0,157.1860316260483,102.1860316260483,51-100,185.79278477463328,High
22174,2011-08,219.0,102.31072263513748,116.68927736486252,101-500,53.28277505244864,High
22174,2011-09,190.0,215.50458261155876,25.50458261155873,101-500,13.423464532399333,Low
22174,2011-10,417.0,203.57896541972613,213.42103458027387,101-500,51.18010421589302,High
22174,2011-11,86.0,201.37986022064675,115.37986022064676,51-100,134.16262816354273,High
22175,2011-07,38.0,37.38999788360179,0.6100021163982134,11-50,1.6052687273637196,Low
22175,2011-08,39.0,48.638749750414746,9.638749750414746,11-50,24.714742949781403,Moderate
22175,2011-09,154.0,75.2683081786465,78.7316918213535,101-500,51.12447520867109,High
22175,2011-10,292.0,159.52603553541925,132.47396446458075,101-500,45.367796049513956,Moderate
22175,2011-11,64.0,137.43276281696768,73.43276281696768,51-100,114.738691901512,High
22176,2011-07,40.0,32.13254651080181,7.867453489198191,11-50,19.668633722995477,Low
22176,2011-08,50.0,67.76177606752802,17.761776067528018,11-50,35.523552135056036,Moderate
22176,2011-09,142.0,81.28038704404783,60.71961295595217,101-500,42.760290814050826,Moderate
22178,2011-07,2136.0,2022.278705684904,113.72129431509644,1001-5000,5.324030632729234,Low
22178,2011-08,1250.0,2162.078161395324,912.0781613953236,1001-5000,72.96625291162589,High
22178,2011-09,3320.0,1683.5125164940382,1636.4874835059618,1001-5000,49.29179167186632,Moderate
22178,2011-10,1806.0,2576.2695820674426,770.2695820674426,1001-5000,42.65058593950402,Moderate
22178,2011-11,990.0,1342.9319288670804,352.9319288670804,501-1000,35.64968978455357,Moderate
22179,2011-07,23.0,72.44150470149673,49.441504701496726,11-50,214.963063919551,High
22179,2011-08,103.0,73.29956737872443,29.700432621275567,101-500,28.83537147696657,Moderate
22179,2011-09,73.0,121.46487539361108,48.46487539361108,51-100,66.39024026522065,High
22179,2011-10,138.0,107.24395970679636,30.75604029320364,101-500,22.28698571971278,Moderate
22179,2011-11,64.0,95.58689780101928,31.58689780101928,51-100,49.35452781409263,Moderate
22180,2011-07,16.0,44.28153635124661,28.281536351246608,11-50,176.7596021952913,High
22180,2011-08,24.0,33.44660007278864,9.44660007278864,11-50,39.36083363661933,Moderate
22180,2011-09,53.0,63.4202094214896,10.420209421489602,51-100,19.66077249337661,Low
22180,2011-10,1.0,70.85837113169114,69.85837113169114,0-10,6985.837113169115,High
22181,2011-07,1.0,71.06987772525238,70.06987772525238,0-10,7006.987772525238,High
22181,2011-08,59.0,51.054561807296494,7.945438192703506,51-100,13.466844394412721,Low
22181,2011-09,32.0,54.462463840031305,22.462463840031305,11-50,70.19519950009783,High
22181,2011-10,137.0,68.98579554895622,68.01420445104378,101-500,49.64540470879108,Moderate
22182,2011-07,3.0,110.4274134839644,107.4274134839644,0-10,3580.913782798813,High
22182,2011-08,22.0,47.23437491446998,25.23437491446998,11-50,114.70170415668173,High
22182,2011-09,29.0,50.538164715838455,21.53816471583845,11-50,74.26953350289122,High
22182,2011-10,18.0,44.29718310437633,26.29718310437633,11-50,146.09546169097962,High
22182,2011-11,80.0,30.68267521206754,49.31732478793246,51-100,61.646655984915576,High
22185,2011-07,114.0,84.15111727151944,29.84888272848056,101-500,26.183230463579438,Moderate
22185,2011-08,87.0,130.69129552761555,43.69129552761555,51-100,50.219879916799485,High
22185,2011-09,118.0,110.25680086263252,7.743199137367483,101-500,6.562033167260579,Low
22185,2011-10,197.0,128.7925379542264,68.20746204577361,101-500,34.62307718059574,Moderate
22185,2011-11,299.0,107.67999866269022,191.32000133730975,101-500,63.986622520839376,High
22186,2011-08,224.0,23.662915311205,200.337084688795,101-500,89.43619852178347,High
22186,2011-09,245.0,179.53546045010083,65.46453954989917,101-500,26.720220224448642,Moderate
22186,2011-10,288.0,256.9917729350078,31.008227064992184,101-500,10.766745508677841,Low
22186,2011-11,42.0,151.03264774303327,109.03264774303328,11-50,259.6015422453173,High
22187,2011-08,140.0,21.66677713203657,118.33322286796344,101-500,84.52373061997389,High
22187,2011-09,441.0,141.64514810540695,299.354851894593,101-500,67.88091879695986,High
22187,2011-10,565.0,346.6395654986608,218.36043450133923,501-1000,38.647864513511365,Moderate
22187,2011-11,36.0,242.6011199833792,206.6011199833792,11-50,573.8919999538311,High
22188,2011-07,79.0,185.0173085901964,106.0173085901964,51-100,134.19912479771696,High
22188,2011-08,367.0,211.52316346734003,155.47683653265997,101-500,42.36426063560217,Moderate
22188,2011-09,154.0,270.4175688736904,116.41756887369036,101-500,75.59582394395477,High
22188,2011-10,232.0,213.7538768983653,18.24612310163471,101-500,7.864708233463237,Low
22188,2011-11,352.0,128.60648664719332,223.39351335280668,101-500,63.464066293410994,High
22189,2011-07,220.0,476.6597783653585,256.65977836535853,101-500,116.66353562061751,High
22189,2011-08,525.0,370.91141871427567,154.08858128572433,501-1000,29.350205959185587,Moderate
22189,2011-09,588.0,532.9116988313652,55.08830116863476,501-1000,9.368758702148767,Low
22189,2011-10,458.0,601.1653848713994,143.1653848713994,101-500,31.258817657510786,Moderate
22189,2011-11,405.0,266.1642414515355,138.83575854846453,101-500,34.280434209497415,Moderate
22190,2011-07,8.0,54.73214420807472,46.73214420807472,0-10,584.151802600934,High
22190,2011-08,55.0,47.23437491446998,7.765625085530019,51-100,14.119318337327307,Low
22190,2011-09,11.0,52.39367783379313,41.39367783379313,11-50,376.30616212539206,High
22190,2011-10,55.0,47.23437491446998,7.765625085530019,51-100,14.119318337327307,Low
22190,2011-11,141.0,39.14450750906207,101.85549249093792,101-500,72.23793793683541,High
22191,2011-07,485.0,113.89496045148616,371.1050395485138,101-500,76.51650299969357,High
22191,2011-08,123.0,326.29656554282644,203.29656554282644,101-500,165.28176060392394,High
22191,2011-09,121.0,205.5097646877199,84.50976468771987,101-500,69.84278073365277,High
22191,2011-10,98.0,241.1986627074774,143.1986627074774,51-100,146.1210843953851,High
22191,2011-11,28.0,88.73231379249081,60.732313792490814,11-50,216.9011206874672,High
22192,2011-07,88.0,135.9177716351328,47.9177716351328,51-100,54.45201322174182,High
22192,2011-08,121.0,117.46406130272597,3.535938697274034,101-500,2.922263386176888,Low
22192,2011-09,85.0,146.8227408292706,61.8227408292706,51-100,72.73263626973012,High
22192,2011-10,71.0,119.37969422600784,48.37969422600783,51-100,68.14041440282793,High
22192,2011-11,33.0,73.68367455620208,40.68367455620208,11-50,123.28386229152144,High
22193,2011-07,83.0,116.5089091638756,33.508909163875614,51-100,40.37217971551279,Moderate
22193,2011-08,319.0,126.29101495568844,192.7089850443116,101-500,60.410340139282624,High
22193,2011-09,170.0,351.9358307293822,181.9358307293822,101-500,107.02107689963658,High
22193,2011-10,116.0,230.24937605005317,114.24937605005314,101-500,98.49084142245961,High
22193,2011-11,60.0,93.56080916213054,33.56080916213054,51-100,55.93468193688423,High
22194,2011-07,2.0,18.880484830624948,16.880484830624948,0-10,844.0242415312474,High
22195,2011-07,81.0,63.67514214412966,17.32485785587034,51-100,21.388713402309065,Moderate
22195,2011-08,78.0,106.25363760501392,28.25363760501392,51-100,36.22261231412041,Moderate
22195,2011-09,276.0,104.2899912481073,171.7100087518927,101-500,62.21377128691764,High
22195,2011-10,294.0,240.4320247358956,53.56797526410443,101-500,18.220399749695385,Low
22195,2011-11,92.0,153.22013321924285,61.22013321924285,51-100,66.5436230643944,High
22196,2011-07,127.0,134.51445447795857,7.514454477958566,101-500,5.916893289731155,Low
22196,2011-08,183.0,157.7425930611517,25.257406938848305,101-500,13.801861715217653,Low
22196,2011-09,407.0,199.42413965576384,207.57586034423616,101-500,51.001439888018716,High
22196,2011-10,423.0,301.52246882736523,121.47753117263476,101-500,28.718092475800177,Moderate
22196,2011-11,182.0,187.9535213462057,5.953521346205719,101-500,3.271165574838307,Low
22197,2011-07,5421.0,2241.116024171422,3179.883975828578,5000+,58.65862342424973,High
22197,2011-08,4196.0,4791.777238081464,595.777238081464,1001-5000,14.19869490184614,Low
22197,2011-09,5903.0,4894.52769809167,1008.4723019083305,5000+,17.084064067564466,Low
22197,2011-10,12452.0,6782.600911595697,5669.399088404303,5000+,45.5300280148113,Moderate
22197,2011-11,6217.0,4121.538434381057,2095.4615656189426,5000+,33.70534929417634,Moderate
22199,2011-07,18.0,50.09115469673376,32.09115469673376,11-50,178.28419275963202,High
22199,2011-08,43.0,40.091130389263085,2.9088696107369145,11-50,6.764813048225382,Low
22199,2011-09,21.0,51.16666493220864,30.16666493220864,11-50,143.65078539146973,High
22199,2011-10,35.0,51.37034440362425,16.37034440362425,11-50,46.77241258178357,Moderate
22199,2011-11,93.0,34.649425171235954,58.350574828764046,51-100,62.74255357931617,High
22200,2011-07,18.0,25.976077852394727,7.976077852394727,11-50,44.31154362441515,Moderate
22200,2011-08,53.0,33.25108654469409,19.74891345530591,51-100,37.26210085906775,Moderate
22200,2011-09,25.0,69.4322882868909,44.432288286890895,11-50,177.72915314756358,High
22200,2011-10,34.0,54.43699525829974,20.43699525829974,11-50,60.108809583234525,High
22200,2011-11,44.0,34.230962394301024,9.769037605698976,11-50,22.2023581947704,Moderate
22201,2011-07,14.0,23.7644531721215,9.7644531721215,11-50,69.74609408658215,High
22201,2011-08,28.0,29.025393128673706,1.0253931286737057,11-50,3.6621183166918057,Low
22201,2011-09,2.0,43.89901426915106,41.89901426915106,0-10,2094.950713457553,High
22201,2011-10,9.0,29.089267065251835,20.089267065251835,0-10,223.21407850279815,High
22201,2011-11,28.0,17.23003042900965,10.769969570990352,11-50,38.464177039251254,Moderate
22203,2011-07,8.0,52.4123054612483,44.4123054612483,0-10,555.1538182656037,High
22203,2011-08,19.0,33.87169754583188,14.87169754583188,11-50,78.27209234648357,High
22203,2011-09,20.0,50.31247560787898,30.31247560787898,11-50,151.5623780393949,High
22203,2011-10,33.0,63.70126514222268,30.70126514222268,11-50,93.03413679461418,High
22203,2011-11,76.0,32.80487954950077,43.19512045049923,51-100,56.835684803288466,High
22204,2011-07,12.0,54.88554049283217,42.88554049283217,11-50,357.37950410693475,High
22204,2011-08,1.0,33.82315582281749,32.82315582281749,0-10,3282.315582281749,High
22204,2011-09,14.0,26.344054625161487,12.344054625161489,11-50,88.17181875115348,High
22204,2011-10,4.0,22.50888137446523,18.50888137446523,0-10,462.72203436163073,High
22204,2011-11,23.0,21.228912983380845,1.7710870166191557,11-50,7.700378333126764,Low
22207,2011-07,64.0,64.8319937467156,0.8319937467155967,51-100,1.2999902292431198,Low
22207,2011-08,93.0,86.89365765479128,6.106342345208716,51-100,6.565959510977113,Low
22207,2011-09,195.0,100.3930254790412,94.6069745209588,101-500,48.51639719023528,Moderate
22207,2011-10,188.0,165.0906687114327,22.9093312885673,101-500,12.185814515195373,Low
22207,2011-11,95.0,125.9694417474504,30.96944174745039,51-100,32.59941236573725,Moderate
22208,2011-07,91.0,204.86407121111145,113.86407121111142,51-100,125.12535297924332,High
22208,2011-08,150.0,140.62838871811516,9.37161128188484,101-500,6.247740854589893,Low
22208,2011-09,111.0,183.4367992861429,72.4367992861429,101-500,65.25837773526388,High
22208,2011-10,367.0,143.5497650437988,223.4502349562012,101-500,60.885622603869535,High
22208,2011-11,56.0,174.88559378578867,118.88559378578869,51-100,212.2957031889084,High
22209,2011-07,128.0,129.199692194525,1.1996921945249994,101-500,0.9372595269726558,Low
22209,2011-08,106.0,160.6417276549559,54.6417276549559,101-500,51.5487996744867,High
22209,2011-09,58.0,131.37985410413222,73.37985410413222,51-100,126.51698983471074,High
22209,2011-10,88.0,105.78280509496678,17.782805094966776,51-100,20.207733062462243,Moderate
22209,2011-11,93.0,77.06883829567388,15.931161704326115,51-100,17.1302814025012,Low
22210,2011-07,44.0,145.10182262380957,101.10182262380955,11-50,229.7768695995672,High
22210,2011-08,327.0,76.11449311387801,250.885506886122,101-500,76.72339660126055,High
22210,2011-09,69.0,291.76074804736686,222.7607480473669,51-100,322.84166383676364,High
22210,2011-10,155.0,121.6235847725148,33.37641522748521,101-500,21.533171114506587,Moderate
22210,2011-11,101.0,92.50889755876878,8.49110244123122,101-500,8.40703212003091,Low
22211,2011-07,41.0,183.9667973309627,142.9667973309627,11-50,348.69950568527486,High
22211,2011-08,88.0,101.65086580300904,13.650865803009054,51-100,15.51234750341938,Low
22211,2011-09,104.0,124.64427542457608,20.64427542457608,101-500,19.850264831323152,Low
22211,2011-10,202.0,126.225741546425,75.774258453575,101-500,37.51200913543317,Moderate
22211,2011-11,16.0,106.93484263928691,90.93484263928691,11-50,568.3427664955432,High
22212,2011-07,147.0,97.78908789789534,49.21091210210466,101-500,33.47681095381269,Moderate
22212,2011-08,80.0,162.801149018043,82.80114901804299,51-100,103.50143627255375,High
22212,2011-09,117.0,123.7224425271868,6.7224425271868,101-500,5.7456773736639315,Low
22212,2011-10,130.0,147.77806031291863,17.778060312918655,101-500,13.675431009937428,Low
22212,2011-11,82.0,95.3428635204654,13.342863520465414,51-100,16.271784781055384,Low
22214,2011-07,14.0,28.614382768611637,14.614382768611634,11-50,104.38844834722596,High
22214,2011-08,2.0,25.67534341280964,23.67534341280964,0-10,1183.767170640482,High
22214,2011-09,4.0,30.07356861521602,26.07356861521602,0-10,651.8392153804004,High
22214,2011-10,2.0,22.77980270700908,20.77980270700908,0-10,1038.990135350454,High
22214,2011-11,26.0,15.215893151548745,10.784106848451255,11-50,41.47733403250483,Moderate
22215,2011-07,8.0,25.7320019691776,17.7320019691776,0-10,221.65002461472,High
22215,2011-08,46.0,26.78491845970312,19.21508154029688,11-50,41.77191639194974,Moderate
22215,2011-09,15.0,48.90951415018572,33.90951415018572,11-50,226.06342766790482,High
22215,2011-10,11.0,41.1261612382453,30.126161238245302,11-50,273.8741930749573,High
22215,2011-11,91.0,21.673949994116978,69.32605000588302,51-100,76.18247253393739,High
22216,2011-07,7.0,83.30642601191683,76.30642601191683,0-10,1090.0918001702405,High
22216,2011-08,3.0,59.74960276909117,56.74960276909117,0-10,1891.6534256363723,High
22216,2011-09,29.0,39.41136252869292,10.41136252869292,11-50,35.9012500989411,Moderate
22216,2011-10,16.0,53.317056386681,37.317056386681,11-50,233.23160241675626,High
22216,2011-11,190.0,37.67683188914391,152.3231681108561,101-500,80.17008847939795,High
22217,2011-07,10.0,76.51093595478548,66.51093595478548,0-10,665.1093595478548,High
22217,2011-08,13.0,48.891085910108025,35.891085910108025,11-50,276.0852762316002,High
22217,2011-09,30.0,43.76144274178481,13.761442741784812,11-50,45.87147580594937,Moderate
22217,2011-10,93.0,49.20977038628297,43.79022961371703,51-100,47.08626840184627,Moderate
22217,2011-11,365.0,64.02985139084034,300.97014860915965,101-500,82.4575749614136,High
22219,2011-07,329.0,304.8764447787073,24.12355522129269,101-500,7.3323876052561365,Low
22219,2011-08,317.0,322.7905767890715,5.790576789071508,101-500,1.826680375101422,Low
22219,2011-09,185.0,407.0753624000553,222.07536240005533,101-500,120.04073643246234,High
22219,2011-10,683.0,285.28118573572885,397.7188142642712,501-1000,58.231158750259326,High
22219,2011-11,60.0,277.2148893593824,217.2148893593824,51-100,362.0248155989707,High
22220,2011-07,11.0,20.33141669273354,9.33141669273354,11-50,84.83106084303219,High
22220,2011-08,12.0,22.468808062542927,10.468808062542928,11-50,87.24006718785773,High
22220,2011-09,9.0,26.736376736688747,17.736376736688747,0-10,197.07085262987496,High
22220,2011-10,27.0,26.130170804402876,0.8698291955971271,11-50,3.221589613322693,Low
22220,2011-11,85.0,31.90981162978648,53.090188370213525,51-100,62.45904514142767,High
22221,2011-07,8.0,25.29113813463597,17.29113813463597,0-10,216.1392266829496,High
22221,2011-08,3.0,19.32134866516658,16.32134866516658,0-10,544.0449555055526,High
22221,2011-09,10.0,21.294764818028927,11.294764818028929,0-10,112.94764818028928,High
22221,2011-10,6.0,20.894622108085866,14.894622108085862,0-10,248.24370180143106,High
22221,2011-11,37.0,20.222864668366185,16.777135331633815,11-50,45.34360900441571,Moderate
22222,2011-07,38.0,72.28852596142137,34.28852596142137,11-50,90.23296305637203,High
22222,2011-08,33.0,65.73550939847908,32.73550939847908,11-50,99.19851332872449,High
22222,2011-09,41.0,71.93510031866747,30.935100318667462,11-50,75.45146419187186,High
22222,2011-10,41.0,68.59323330115446,27.593233301154456,11-50,67.300569027206,High
22222,2011-11,6.0,51.85365157614139,45.85365157614139,0-10,764.2275262690231,High
22223,2011-07,6.0,28.477214409267923,22.477214409267923,0-10,374.62024015446536,High
22223,2011-08,4.0,19.32134866516658,15.321348665166578,0-10,383.0337166291645,High
22223,2011-09,10.0,18.880484830624948,8.880484830624948,0-10,88.80484830624947,High
22223,2011-10,9.0,19.32134866516658,10.321348665166578,0-10,114.6816518351842,High
22223,2011-11,4.0,20.222864668366185,16.222864668366185,0-10,405.5716167091546,High
22224,2011-07,26.0,75.31059008661444,49.31059008661444,11-50,189.65611571774787,High
22224,2011-08,48.0,67.51342116342344,19.513421163423445,11-50,40.65296075713218,Moderate
22224,2011-09,39.0,76.12215606813227,37.12215606813227,11-50,95.18501555931351,High
22224,2011-10,77.0,59.99207314076672,17.00792685923328,51-100,22.088216700302958,Moderate
22224,2011-11,31.0,57.45500850377272,26.455008503772724,11-50,85.33873710894427,High
22227,2011-07,109.0,205.13850200168352,96.13850200168352,101-500,88.20046055200324,High
22227,2011-08,169.0,153.61269776482249,15.387302235177517,101-500,9.104912565193796,Low
22227,2011-09,134.0,196.23977150937293,62.23977150937293,101-500,46.447590678636516,Moderate
22227,2011-10,233.0,174.35854331527645,58.64145668472355,101-500,25.168007160825557,Moderate
22227,2011-11,69.0,107.91080711091097,38.910807110910966,51-100,56.392474073784,High
22228,2011-07,3.0,133.3802768163086,130.3802768163086,0-10,4346.009227210287,High
22228,2011-08,20.0,71.60284437743138,51.60284437743138,11-50,258.0142218871569,High
22228,2011-09,111.0,59.959151294181694,51.04084870581831,101-500,45.982746581818304,Moderate
22228,2011-10,33.0,110.74569185613464,77.74569185613463,11-50,235.59300562465037,High
22228,2011-11,29.0,67.18421465586087,38.18421465586087,11-50,131.66970570986507,High
22229,2011-07,13.0,91.8732752567818,78.87327525678181,11-50,606.7175019752447,High
22229,2011-08,12.0,73.4374530011231,61.4374530011231,11-50,511.9787750093592,High
22229,2011-09,86.0,52.05811853597356,33.941881464026444,51-100,39.46730402793773,Moderate
22229,2011-10,8.0,94.66627328766856,86.66627328766855,0-10,1083.3284160958567,High
22229,2011-11,3.0,58.24060345806085,55.24060345806085,0-10,1841.3534486020285,High
22230,2011-07,5.0,205.94527444850175,200.94527444850175,0-10,4018.905488970035,High
22230,2011-08,7.0,107.77000190301597,100.77000190301597,0-10,1439.571455757371,High
22230,2011-09,361.0,63.187471239535576,297.81252876046443,101-500,82.49654536300953,High
22230,2011-10,71.0,204.78720753081697,133.78720753081697,51-100,188.4326866631225,High
22230,2011-11,6.0,73.14577700807762,67.14577700807762,0-10,1119.0962834679603,High
22231,2011-07,126.0,151.0176582237491,25.01765822374909,101-500,19.85528430456277,Low
22231,2011-08,31.0,136.90516014739126,105.90516014739126,11-50,341.62954886255244,High
22231,2011-09,82.0,93.98612550104306,11.986125501043064,51-100,14.617226220784223,Low
22231,2011-10,59.0,112.39328432028866,53.39328432028866,51-100,90.49709206828585,High
22231,2011-11,29.0,59.730872185847325,30.730872185847325,11-50,105.96852477878387,High
22232,2011-07,52.0,145.10182262380957,93.10182262380955,51-100,179.04196658424914,High
22232,2011-08,40.0,80.15198697206478,40.151986972064776,11-50,100.37996743016193,High
22232,2011-09,106.0,85.08179044405783,20.91820955594217,101-500,19.73415995843601,Low
22232,2011-10,58.0,116.49516973195742,58.49516973195742,51-100,100.85374091716797,High
22232,2011-11,49.0,74.50353361476698,25.50353361476698,11-50,52.04802778523874,High
22233,2011-07,24.0,111.54978951981036,87.54978951981037,11-50,364.79078966587656,High
22233,2011-08,43.0,82.4623797911818,39.4623797911818,11-50,91.77297625856234,High
22233,2011-09,94.0,67.77198831877773,26.22801168122227,51-100,27.902140086406668,Moderate
22233,2011-10,19.0,110.1258109151524,91.1258109151524,11-50,479.60953113238105,High
22233,2011-11,43.0,57.36919182269823,14.369191822698228,11-50,33.41672516906565,Moderate
22236,2011-07,45.0,28.03635057472629,16.963649425273708,11-50,37.69699872283046,Moderate
22236,2011-08,9.0,46.64789922791771,37.64789922791771,0-10,418.30999142130787,High
22236,2011-09,10.0,40.12178647073416,30.12178647073416,0-10,301.2178647073416,High
22236,2011-10,46.0,25.723901448324007,20.276098551675997,11-50,44.07847511233912,Moderate
22241,2011-07,1.0,39.167301711175895,38.167301711175895,0-10,3816.7301711175896,High
22241,2011-08,6.0,47.18061985261558,41.18061985261558,0-10,686.3436642102596,High
22241,2011-09,5.0,47.18061985261558,42.18061985261558,0-10,843.6123970523116,High
22241,2011-10,15.0,37.05613407501937,22.05613407501937,11-50,147.04089383346246,High
22243,2011-07,6.0,170.22401116254196,164.22401116254196,0-10,2737.066852709033,High
22243,2011-08,20.0,57.20788538881365,37.20788538881365,11-50,186.03942694406825,High
22243,2011-09,2.0,48.74344147339597,46.74344147339597,0-10,2337.1720736697985,High
22243,2011-10,27.0,41.37130595843799,14.371305958437992,11-50,53.22705910532589,High
22244,2011-07,343.0,96.34322277307882,246.6567772269212,101-500,71.9115968591607,High
22244,2011-08,139.0,236.5783113991557,97.5783113991557,101-500,70.20022402816957,High
22246,2011-07,29.0,68.72304112660804,39.72304112660804,11-50,136.97600388485532,High
22246,2011-08,2.0,57.37203428305349,55.37203428305349,0-10,2768.6017141526745,High
22246,2011-09,32.0,33.87169754583188,1.8716975458318783,11-50,5.8490548307246195,Low
22246,2011-10,53.0,44.38247317376454,8.617526826235462,51-100,16.25948457780276,Low
22247,2011-07,0.0,52.83912100470452,52.83912100470452,0-10,,
22248,2011-07,0.0,75.16693422210565,75.16693422210565,0-10,,
22248,2011-10,17.0,31.06156665182354,14.06156665182354,11-50,82.71509795190318,High
22248,2011-11,1.0,35.10447124969654,34.10447124969654,0-10,3410.447124969654,High
22249,2011-07,0.0,73.7408513773054,73.7408513773054,0-10,,
22250,2011-07,1.0,107.87367086307862,106.87367086307862,0-10,10687.367086307862,High
22250,2011-08,3.0,68.52686023588814,65.52686023588814,0-10,2184.2286745296046,High
22250,2011-09,2.0,35.23078473610179,33.23078473610179,0-10,1661.5392368050896,High
22250,2011-10,7.0,24.715831801730516,17.715831801730513,0-10,253.08331145329305,High
22250,2011-11,2.0,16.09900575574465,14.099005755744647,0-10,704.9502877872324,High
22251,2011-07,2.0,129.83706032056375,127.83706032056377,0-10,6391.853016028188,High
22251,2011-08,2.0,70.42561780927728,68.42561780927728,0-10,3421.280890463864,High
22251,2011-09,4.0,35.23078473610179,31.23078473610179,0-10,780.7696184025448,High
22251,2011-10,23.0,24.715831801730516,1.7158318017305128,11-50,7.460138268393533,Low
22251,2011-11,3.0,36.40340942552747,33.40340942552747,0-10,1113.4469808509157,High
22252,2011-07,68.0,106.89747854251182,38.89747854251182,51-100,57.20217432722327,High
22252,2011-08,34.0,86.42629516488304,52.42629516488304,11-50,154.19498577906776,High
22252,2011-09,63.0,74.13990810666346,11.139908106663457,51-100,17.682393820100724,Low
22252,2011-10,82.0,79.20773757471156,2.792262425288442,51-100,3.405198079620051,Low
22252,2011-11,12.0,71.15639186060653,59.15639186060653,11-50,492.96993217172115,High
22254,2011-07,17.0,33.44977906109711,16.44977906109711,11-50,96.7634062417477,High
22254,2011-08,8.0,30.490546015955317,22.490546015955317,0-10,281.13182519944144,High
22254,2011-09,11.0,31.250795183370133,20.250795183370133,11-50,184.09813803063756,High
22254,2011-10,30.0,38.67006492925648,8.670064929256483,11-50,28.900216430854947,Moderate
22254,2011-11,24.0,40.67667135972912,16.67667135972912,11-50,69.486130665538,High
22255,2011-07,26.0,40.005892249938185,14.005892249938183,11-50,53.868816345916095,High
22255,2011-08,32.0,54.89032982960028,22.89032982960028,11-50,71.53228071750087,High
22255,2011-09,26.0,60.58967460860216,34.58967460860216,11-50,133.03721003308522,High
22255,2011-10,100.0,61.28042502589245,38.71957497410755,51-100,38.71957497410755,Moderate
22255,2011-11,24.0,63.75097083953081,39.75097083953081,11-50,165.6290451647117,High
22260,2011-07,13.0,27.2575254299416,14.257525429941602,11-50,109.67327253801231,High
22260,2011-08,7.0,38.79747857006359,31.79747857006359,0-10,454.2496938580513,High
22260,2011-09,10.0,43.27954688712752,33.27954688712752,0-10,332.7954688712752,High
22260,2011-10,35.0,37.18608923293307,2.186089232933071,11-50,6.245969236951632,Low
22260,2011-11,7.0,39.127774336338014,32.127774336338014,0-10,458.96820480482876,High
22261,2011-09,8.0,43.27954688712752,35.27954688712752,0-10,440.994336089094,High
22261,2011-10,26.0,36.1781431658262,10.1781431658262,11-50,39.14670448394692,Moderate
22261,2011-11,8.0,36.87062355431509,28.870623554315088,0-10,360.8827944289386,High
22262,2011-07,84.0,67.27208055562814,16.727919444371864,51-100,19.91418981472841,Low
22262,2011-08,15.0,96.77522408318022,81.77522408318022,11-50,545.1681605545348,High
22262,2011-09,67.0,69.70408680404223,2.704086804042234,51-100,4.0359504537943796,Low
22262,2011-10,45.0,75.3618872270521,30.36188722705209,11-50,67.4708605045602,High
22262,2011-11,8.0,52.3120612723739,44.3120612723739,0-10,553.9007659046738,High
22263,2011-07,24.0,23.662915311205,0.3370846887949987,11-50,1.4045195366458278,Low
22263,2011-08,4.0,42.96506617393677,38.96506617393677,0-10,974.1266543484193,High
22263,2011-09,2.0,46.02475932721784,44.02475932721784,0-10,2201.237966360892,High
22263,2011-10,16.0,35.69166701496239,19.69166701496239,11-50,123.07291884351494,High
22263,2011-11,1.0,25.07093053928246,24.07093053928246,0-10,2407.0930539282463,High
22265,2011-07,0.0,42.625227654175575,42.625227654175575,0-10,,
22266,2011-07,64.0,125.1879501174054,61.18795011740541,51-100,95.60617205844595,High
22266,2011-08,96.0,126.92480531057883,30.924805310578837,51-100,32.21333886518629,Moderate
22266,2011-09,785.0,129.4627600889862,655.5372399110138,501-1000,83.50792865108457,High
22266,2011-10,137.0,445.2653345948276,308.26533459482755,101-500,225.01119313491063,High
22266,2011-11,76.0,98.11011941477597,22.11011941477595,51-100,29.092262387863094,Moderate
22267,2011-07,1.0,87.28440921519582,86.28440921519582,0-10,8628.440921519583,High
22267,2011-08,30.0,73.4374530011231,43.4374530011231,11-50,144.7915100037437,High
22267,2011-09,172.0,62.21294638977574,109.78705361022426,101-500,63.82968233152574,High
22267,2011-10,70.0,136.27186015243612,66.27186015243612,51-100,94.6740859320516,High
22267,2011-11,49.0,79.48393431644377,30.483934316443765,11-50,62.212110849885235,High
22268,2011-07,310.0,281.90901013717286,28.090989862827143,101-500,9.061609633170047,Low
22268,2011-08,56.0,358.1567718607722,302.1567718607722,51-100,539.5656640370933,High
22268,2011-09,227.0,145.8748625631755,81.1251374368245,101-500,35.73794600741167,Moderate
22268,2011-10,98.0,238.6352352511367,140.6352352511367,51-100,143.50534209299664,High
22269,2011-07,44.0,107.29418165111112,63.29418165111112,11-50,143.85041284343436,High
22269,2011-08,102.0,102.6922112460747,0.6922112460747059,101-500,0.6786384765438292,Low
22269,2011-09,268.0,109.4801095672945,158.5198904327055,101-500,59.14921284802443,High
22269,2011-10,94.0,201.4301053868325,107.43010538683252,51-100,114.28734615620482,High
22269,2011-11,34.0,89.6210433360117,55.621043336011695,11-50,163.59130392944616,High
22270,2011-10,6.0,29.190456011020103,23.190456011020103,0-10,386.5076001836684,High
22271,2011-07,94.0,88.99807436356436,5.001925636435644,51-100,5.321197485569833,Low
22271,2011-08,180.0,121.70798799842106,58.29201200157894,101-500,32.3844511119883,Moderate
22271,2011-09,218.0,194.97942756097936,23.02057243902064,101-500,10.559895614229651,Low
22271,2011-10,269.0,243.88710933795787,25.112890662042133,101-500,9.335647086261016,Low
22273,2011-07,612.0,92.73891435698036,519.2610856430197,501-1000,84.84658262140844,High
22273,2011-08,186.0,374.2570476065208,188.2570476065208,101-500,101.21346645511873,High
22273,2011-09,2451.0,227.3230207050724,2223.676979294928,1001-5000,90.72529495287344,High
22273,2011-10,302.0,1441.5126247578485,1139.5126247578485,101-500,377.3220611780955,High
22273,2011-11,66.0,270.5873015985899,204.58730159858987,51-100,309.98075999786346,High
22274,2011-07,78.0,73.72297624801126,4.277023751988736,51-100,5.483363784600943,Low
22274,2011-08,142.0,103.66685702632982,38.33314297367018,101-500,26.995171108218436,Moderate
22274,2011-09,170.0,155.74827888694657,14.251721113053437,101-500,8.383365360619669,Low
22274,2011-10,252.0,171.89229527218882,80.10770472781118,101-500,31.788771717385387,Moderate
22274,2011-11,57.0,117.07995221659088,60.07995221659087,51-100,105.40342494138748,High
22276,2011-07,11.0,33.87169754583188,22.87169754583188,11-50,207.92452314392617,High
22276,2011-08,20.0,26.41220587335608,6.412205873356076,11-50,32.06102936678038,Moderate
22276,2011-09,12.0,43.96757110423819,31.96757110423819,11-50,266.3964258686516,High
22276,2011-10,3.0,31.07794338272717,28.07794338272717,0-10,935.9314460909056,High
22276,2011-11,6.0,22.509659059755663,16.509659059755666,0-10,275.1609843292611,High
22277,2011-07,33.0,61.33986812788779,28.33986812788779,11-50,85.87838826632664,High
22277,2011-08,26.0,75.2683081786465,49.26830817864651,11-50,189.49349299479425,High
22277,2011-09,127.0,69.18785891232828,57.81214108767172,101-500,45.52137093517458,Moderate
22277,2011-10,25.0,131.85651581016756,106.85651581016756,11-50,427.4260632406703,High
22277,2011-11,13.0,44.22312730875428,31.22312730875428,11-50,240.17790237503291,High
22278,2011-07,31.0,70.94342757388758,39.943427573887575,11-50,128.8497663673793,High
22278,2011-08,39.0,74.44082370856417,35.44082370856417,11-50,90.87390694503632,High
22278,2011-09,39.0,64.84629226628985,25.84629226628985,11-50,66.27254427253808,High
22278,2011-10,71.0,71.93510031866747,0.935100318667466,51-100,1.3170427023485436,Low
22278,2011-11,25.0,58.093421682352805,33.093421682352805,11-50,132.37368672941122,High
22279,2011-07,50.0,129.1532117368697,79.15321173686971,11-50,158.30642347373941,High
22279,2011-08,7.0,91.72695248959305,84.72695248959305,0-10,1210.385035565615,High
22279,2011-09,20.0,50.255552970165006,30.25555297016501,11-50,151.27776485082504,High
22279,2011-10,146.0,52.19305910007598,93.80694089992404,101-500,64.25132938350961,High
22279,2011-11,27.0,83.12547847476569,56.125478474765686,11-50,207.87214249913214,High
22280,2011-07,2.0,107.96122190615824,105.96122190615824,0-10,5298.061095307912,High
22280,2011-08,9.0,59.74261104571129,50.74261104571129,0-10,563.8067893967922,High
22280,2011-09,11.0,26.37254279736855,15.37254279736855,11-50,139.7503890669868,High
22280,2011-10,47.0,42.260168889784666,4.739831110215334,11-50,10.08474704301135,Low
22280,2011-11,7.0,39.14450750906207,32.14450750906207,0-10,459.2072501294582,High
22282,2011-07,5.0,20.496453272860588,15.496453272860588,0-10,309.9290654572118,High
22282,2011-08,11.0,20.05558943831896,9.05558943831896,11-50,82.32354034835417,High
22282,2011-09,18.0,22.316142997406967,4.316142997406967,11-50,23.978572207816484,Moderate
22282,2011-10,22.0,51.516709899376366,29.51670989937637,11-50,134.1668631789835,High
22282,2011-11,3.0,32.80487954950077,29.804879549500768,0-10,993.495984983359,High
22283,2011-07,14.0,33.44660007278864,19.44660007278864,11-50,138.9042862342046,High
22283,2011-08,13.0,27.57848097911741,14.578480979117412,11-50,112.14216137782624,High
22283,2011-09,27.0,26.736376736688747,0.2636232633112527,11-50,0.9763824567083433,Low
22283,2011-10,22.0,63.4202094214896,41.4202094214896,11-50,188.2736791885891,High
22283,2011-11,7.0,34.230962394301024,27.230962394301024,0-10,389.0137484900146,High
22284,2011-07,7.0,55.47939320767112,48.47939320767112,0-10,692.5627601095874,High
22284,2011-08,42.0,36.46014130398131,5.53985869601869,11-50,13.190139752425454,Low
22284,2011-09,76.0,50.78065949109382,25.21934050890618,51-100,33.18334277487655,Moderate
22284,2011-10,43.0,79.38971815150929,36.389718151509285,11-50,84.62725151513787,High
22284,2011-11,13.0,53.860958295765,40.860958295765,11-50,314.31506381357696,High
22285,2011-07,25.0,53.57423711342922,28.57423711342922,11-50,114.29694845371688,High
22285,2011-08,73.0,55.00031995822946,17.99968004177054,51-100,24.657095947630875,Moderate
22285,2011-09,13.0,69.40547579933485,56.40547579933485,11-50,433.8882753794989,High
22285,2011-10,21.0,47.84058084675586,26.840580846755863,11-50,127.81228974645649,High
22285,2011-11,13.0,37.53789363156202,24.53789363156202,11-50,188.7530279350925,High
22286,2011-07,184.0,148.98672794348693,35.013272056513074,101-500,19.02895220462667,Low
22286,2011-08,17.0,159.76361792925644,142.76361792925644,11-50,839.7859878191556,High
22286,2011-09,204.0,112.24004522259348,91.75995477740652,101-500,44.980369988924764,Moderate
22286,2011-10,61.0,162.97528020248734,101.97528020248734,51-100,167.17259049588088,High
22286,2011-11,1.0,93.11784956081604,92.11784956081604,0-10,9211.784956081605,High
22287,2011-07,10.0,120.87038429977706,110.87038429977706,0-10,1108.7038429977706,High
22287,2011-08,13.0,109.74677277239844,96.74677277239844,11-50,744.2059444030649,High
22287,2011-09,147.0,50.28002235954902,96.71997764045098,101-500,65.79590315676937,High
22287,2011-10,66.0,112.52869793553572,46.52869793553573,51-100,70.49802717505413,High
22287,2011-11,1.0,74.79093966095643,73.79093966095643,0-10,7379.093966095643,High
22288,2011-08,1.0,46.86906540304188,45.86906540304188,0-10,4586.906540304188,High
22288,2011-09,0.0,42.10232031897342,42.10232031897342,0-10,,
22289,2011-07,6.0,47.43842439208668,41.43842439208668,0-10,690.640406534778,High
22289,2011-08,0.0,43.27954688712752,43.27954688712752,0-10,,
22291,2011-07,38.0,111.42714641739626,73.42714641739626,11-50,193.22933267735857,High
22291,2011-08,54.0,79.45753632271584,25.45753632271584,51-100,47.14358578280711,Moderate
22291,2011-09,0.0,78.67847975060181,78.67847975060181,0-10,,
22292,2011-07,24.0,72.66907562713396,48.66907562713397,11-50,202.7878151130582,High
22292,2011-08,28.0,65.92333080684193,37.92333080684193,11-50,135.4404671672926,High
22292,2011-09,3.0,65.92333080684193,62.92333080684193,0-10,2097.4443602280644,High
22292,2011-10,9.0,46.38692540045308,37.38692540045308,0-10,415.41028222725646,High
22293,2011-07,76.0,95.15847809104012,19.15847809104011,51-100,25.208523804000144,Moderate
22293,2011-08,35.0,96.49906930985638,61.49906930985638,11-50,175.71162659958966,High
22293,2011-09,7.0,79.93702075019978,72.93702075019978,0-10,1041.9574392885681,High
22293,2011-10,8.0,57.814173672875285,49.814173672875285,0-10,622.6771709109411,High
22294,2011-07,324.0,296.0695686594784,27.93043134052158,101-500,8.62050350016098,Low
22294,2011-08,874.0,337.240745544169,536.7592544558311,501-1000,61.4141023404841,High
22294,2011-09,430.0,571.5308271729032,141.53082717290317,101-500,32.91414585416353,Moderate
22294,2011-10,428.0,468.10636419770873,40.10636419770873,101-500,9.370645840586151,Low
22294,2011-11,105.0,282.301076597965,177.301076597965,101-500,168.8581681885381,High
22295,2011-07,135.0,165.86834852023537,30.86834852023537,101-500,22.865443348322493,Moderate
22295,2011-08,275.0,162.8259316008833,112.17406839911668,101-500,40.79057032695152,Moderate
22295,2011-09,173.0,220.3056891193871,47.3056891193871,101-500,27.344328970743987,Moderate
22295,2011-10,337.0,205.442097845728,131.557902154272,101-500,39.037953161505044,Moderate
22295,2011-11,48.0,179.09550166770998,131.09550166770998,11-50,273.1156284743958,High
22296,2011-07,205.0,249.3388960803349,44.338896080334905,101-500,21.62872979528532,Moderate
22296,2011-08,231.0,259.1257052309377,28.125705230937683,101-500,12.175629970102893,Low
22296,2011-09,132.0,289.6664492727464,157.66644927274638,101-500,119.44427975208059,High
22296,2011-10,202.0,246.47167213518284,44.47167213518284,101-500,22.01567927484299,Moderate
22296,2011-11,50.0,146.6426401839681,96.6426401839681,11-50,193.2852803679362,High
22297,2011-07,492.0,273.5932849620502,218.40671503794985,101-500,44.391608747550784,Moderate
22297,2011-08,281.0,373.6362152836791,92.63621528367912,101-500,32.96662465611357,Moderate
22297,2011-09,304.0,336.9227589206668,32.92275892066681,101-500,10.829854908114083,Low
22297,2011-10,314.0,376.4997790724842,62.499779072484216,101-500,19.904388239644653,Low
22297,2011-11,91.0,240.51145504637967,149.51145504637972,51-100,164.29830224876895,High
22299,2011-07,10.0,42.39404553806855,32.394045538068546,0-10,323.9404553806855,High
22299,2011-08,32.0,33.87169754583188,1.8716975458318783,11-50,5.8490548307246195,Low
22299,2011-09,115.0,48.24058091518948,66.75941908481053,101-500,58.051668769400464,High
22299,2011-10,260.0,95.35223834288745,164.64776165711254,101-500,63.32606217581252,High
22299,2011-11,529.0,93.90174084012456,435.09825915987545,501-1000,82.24919832889896,High
22300,2011-07,55.0,74.45318712418344,19.453187124183444,51-100,35.36943113487899,Moderate
22300,2011-08,66.0,84.26977536085032,18.26977536085032,51-100,27.681477819470185,Moderate
22300,2011-09,96.0,94.4585679140976,1.5414320859024144,51-100,1.605658422815015,Low
22300,2011-10,524.0,111.12278904202516,412.87721095797485,501-1000,78.79336086984253,High
22300,2011-11,52.0,188.2340340504658,136.2340340504658,51-100,261.9885270201265,High
22301,2011-07,142.0,135.05548452964933,6.944515470350666,101-500,4.8905038523596245,Low
22301,2011-08,186.0,143.70191036829746,42.29808963170254,101-500,22.74090840414115,Moderate
22301,2011-09,100.0,164.84157867435223,64.84157867435223,51-100,64.84157867435223,High
22301,2011-10,527.0,125.59197615332576,401.4080238466742,501-1000,76.16850547375222,High
22301,2011-11,59.0,215.640595586936,156.64059558693597,51-100,265.49253489311184,High
22302,2011-07,127.0,133.2380816057339,6.238081605733896,101-500,4.91187528010543,Low
22302,2011-08,119.0,144.33437124333355,25.33437124333355,101-500,21.28938759943996,Moderate
22302,2011-09,167.0,132.67814182484372,34.32185817515628,101-500,20.552010883327114,Moderate
22302,2011-10,588.0,163.44275910308355,424.5572408969165,501-1000,72.20361239743478,High
22302,2011-11,64.0,194.80788764527315,130.80788764527313,51-100,204.38732444573927,High
22303,2011-07,112.0,181.89681790121983,69.89681790121983,101-500,62.40787312608914,High
22303,2011-08,106.0,152.7487873317103,46.748787331710304,101-500,44.10262955821727,Moderate
22303,2011-09,199.0,148.79123831869404,50.20876168130596,101-500,25.230533508193947,Moderate
22303,2011-10,629.0,175.56483542634717,453.43516457365286,501-1000,72.08826145845038,High
22303,2011-11,72.0,256.56713195277047,184.56713195277047,51-100,256.3432388232923,High
22304,2011-07,41.0,44.62231875953844,3.622318759538437,11-50,8.834923803752286,Low
22304,2011-08,21.0,52.38569078527936,31.38569078527936,11-50,149.45567040609217,High
22304,2011-09,0.0,53.84614930117228,53.84614930117228,0-10,,
22305,2011-07,9.0,53.97240594865449,44.97240594865449,0-10,499.6933994294944,High
22305,2011-08,8.0,35.23616460588887,27.236164605888867,0-10,340.45205757361083,High
22305,2011-09,13.0,31.03176631919414,18.03176631919414,11-50,138.70589476303186,High
22305,2011-10,23.0,27.24751915778496,4.247519157784957,11-50,18.46747459906503,Low
22305,2011-11,12.0,40.67667135972912,28.67667135972912,11-50,238.972261331076,High
22306,2011-08,240.0,38.27511575243527,201.72488424756472,101-500,84.05203510315197,High
22306,2011-09,337.0,174.87870233986462,162.12129766013538,101-500,48.10720998817074,Moderate
22306,2011-10,406.0,301.4881301339374,104.51186986606264,101-500,25.741839868488338,Moderate
22306,2011-11,62.0,205.84593487127367,143.84593487127367,51-100,232.00957237302205,High
22307,2011-09,151.0,158.66495467915024,7.664954679150242,101-500,5.076128926589564,Low
22307,2011-10,302.0,155.2602339796177,146.7397660203823,101-500,48.589326496815325,Moderate
22307,2011-11,30.0,178.3586450499757,148.3586450499757,11-50,494.52881683325234,High
22308,2011-07,3.0,47.63254374969525,44.63254374969525,0-10,1487.751458323175,High
22308,2011-08,12.0,25.725899829297468,13.725899829297468,11-50,114.38249857747891,High
22308,2011-09,22.0,27.0171803341715,5.017180334171499,11-50,22.805365155324996,Moderate
22308,2011-10,42.0,48.196500980760455,6.196500980760455,11-50,14.75357376371537,Low
22308,2011-11,14.0,38.70225873940779,24.70225873940779,11-50,176.4447052814842,High
22309,2011-07,22.0,29.190456011020103,7.190456011020103,11-50,32.683890959182285,Moderate
22309,2011-08,124.0,43.52507021133354,80.47492978866646,101-500,64.89913692634391,High
22309,2011-09,42.0,122.84117753613684,80.84117753613684,11-50,192.47899413365914,High
22309,2011-10,47.0,82.90530830079335,35.90530830079335,11-50,76.39427298041139,High
22309,2011-11,12.0,48.2799100117448,36.2799100117448,11-50,302.3325834312067,High
22310,2011-07,2.0,43.96731898098783,41.96731898098783,0-10,2098.3659490493915,High
22310,2011-08,64.0,42.40207784018768,21.59792215981232,51-100,33.74675337470675,Moderate
22310,2011-09,39.0,76.06958234498939,37.069582344989385,11-50,95.05021114099841,High
22310,2011-10,234.0,76.89322943539203,157.10677056460798,101-500,67.13964554043076,High
22310,2011-11,14.0,93.90174084012456,79.90174084012456,11-50,570.7267202866041,High
22311,2011-07,15.0,48.23874968198113,33.23874968198113,11-50,221.59166454654087,High
22311,2011-08,155.0,37.72890783816332,117.27109216183668,101-500,75.65876913666882,High
22311,2011-09,71.0,137.61007502007473,66.61007502007473,51-100,93.8170070705278,High
22311,2011-10,410.0,95.2675744146802,314.7324255853198,101-500,76.7640062403219,High
22311,2011-11,161.0,166.4133345749072,5.413334574907196,101-500,3.3623196117436,Low
22312,2011-07,20.0,32.57479528045609,12.574795280456089,11-50,62.87397640228044,High
22312,2011-08,26.0,44.62231875953844,18.62231875953844,11-50,71.62430292130169,High
22312,2011-09,38.0,48.638749750414746,10.638749750414746,11-50,27.996709869512486,Moderate
22312,2011-10,161.0,68.74561014267398,92.25438985732602,101-500,57.300863265419885,High
22312,2011-11,49.0,95.03603110653624,46.03603110653624,11-50,93.95108389089029,High
22313,2011-07,11.0,30.07356861521602,19.07356861521602,11-50,173.39607832014562,High
22313,2011-08,6.0,29.178500695501747,23.178500695501747,0-10,386.30834492502913,High
22313,2011-09,283.0,30.07356861521602,252.926431384784,101-500,89.37329730911095,High
22313,2011-10,42.0,153.55644581165686,111.55644581165686,11-50,265.61058526584964,High
22313,2011-11,30.0,58.6347417555586,28.6347417555586,11-50,95.44913918519534,High
22314,2011-07,20.0,40.1352103236921,20.1352103236921,11-50,100.67605161846049,High
22314,2011-08,17.0,44.62231875953844,27.62231875953844,11-50,162.48422799728496,High
22314,2011-09,70.0,37.38999788360179,32.61000211639821,51-100,46.58571730914031,Moderate
22314,2011-10,42.0,85.6938722771619,43.6938722771619,11-50,104.03302923133786,High
22314,2011-11,105.0,48.27596087692613,56.72403912307387,101-500,54.0228944029275,High
22315,2011-07,121.0,143.26795277413348,22.26795277413348,101-500,18.403266755482214,Low
22315,2011-08,136.0,135.84824219709424,0.1517578029057631,101-500,0.11158661978364934,Low
22315,2011-09,31.0,142.5289152522613,111.5289152522613,11-50,359.7706943621332,High
22315,2011-10,70.0,73.61647289194596,3.616472891945961,51-100,5.166389845637087,Low
22315,2011-11,3.0,51.962926138437645,48.962926138437645,0-10,1632.0975379479214,High
22316,2011-07,101.0,68.90125733281864,32.098742667181355,101-500,31.780933333842924,Moderate
22316,2011-08,2.0,96.01354360897255,94.01354360897255,0-10,4700.677180448628,High
22316,2011-09,2.0,69.70408680404223,67.70408680404223,0-10,3385.204340202112,High
22316,2011-10,28.0,51.228725578041946,23.228725578041946,11-50,82.95973420729267,High
22316,2011-11,3.0,37.36970765035918,34.36970765035918,0-10,1145.6569216786393,High
22317,2011-07,8.0,34.47809944627858,26.478099446278577,0-10,330.9762430784822,High
22317,2011-08,8.0,29.63131984556173,21.63131984556173,0-10,270.3914980695216,High
22317,2011-09,23.0,25.63494652895469,2.6349465289546856,11-50,11.45628925632472,Low
22317,2011-10,11.0,65.06237651585077,54.06237651585077,11-50,491.4761501440979,High
22318,2011-07,25.0,64.4592426303505,39.4592426303505,11-50,157.836970521402,High
22318,2011-08,18.0,46.60406808232777,28.60406808232777,11-50,158.9114893462654,High
22318,2011-09,39.0,39.692961554037815,0.6929615540378151,11-50,1.776824497532859,Low
22318,2011-10,11.0,67.76177606752802,56.76177606752802,11-50,516.0161460684365,High
22318,2011-11,3.0,36.28925361047809,33.28925361047809,0-10,1109.6417870159364,High
22319,2011-07,96.0,83.39326089722736,12.606739102772636,51-100,13.132019898721495,Low
22319,2011-08,36.0,104.61685203000226,68.61685203000226,11-50,190.60236675000627,High
22319,2011-09,121.0,80.6184283036409,40.3815716963591,101-500,33.37319974905711,Moderate
22319,2011-10,60.0,127.01055802027376,67.01055802027376,51-100,111.68426336712294,High
22319,2011-11,624.0,73.0925206633417,550.9074793366583,501-1000,88.28645502190037,High
22320,2011-07,19.0,34.30400303521964,15.304003035219637,11-50,80.54738439589283,High
22320,2011-08,10.0,33.44660007278864,23.44660007278864,0-10,234.46600072788638,High
22320,2011-09,41.0,26.78491845970312,14.215081540296882,11-50,34.67093058608996,Moderate
22320,2011-10,23.0,67.16715045635421,44.16715045635421,11-50,192.03108894067046,High
22320,2011-11,3.0,41.31977044667867,38.31977044667867,0-10,1277.3256815559555,High
22321,2011-07,52.0,69.59222708772471,17.59222708772471,51-100,33.83120593793213,Moderate
22321,2011-08,97.0,65.92170016364051,31.07829983635949,51-100,32.03948436738092,Moderate
22321,2011-09,27.0,102.04254435541672,75.04254435541672,11-50,277.9353494645064,High
22321,2011-10,81.0,70.35026260901319,10.649737390986814,51-100,13.147823939489895,Low
22321,2011-11,3.0,57.9077320386404,54.9077320386404,0-10,1830.2577346213463,High
22322,2011-07,17.0,80.96312036223244,63.963120362232445,11-50,376.2536491896026,High
22322,2011-08,16.0,61.80482024643843,45.80482024643843,11-50,286.2801265402402,High
22322,2011-09,12.0,50.66348686599409,38.66348686599409,11-50,322.1957238832841,High
22322,2011-10,6.0,44.33246337765304,38.33246337765304,0-10,638.8743896275507,High
22324,2011-07,15.0,50.064832595215,35.064832595214995,11-50,233.76555063476664,High
22324,2011-08,83.0,44.06120026299905,38.93879973700095,51-100,46.914216550603555,Moderate
22324,2011-09,33.0,96.02086281595648,63.02086281595648,11-50,190.97231156350446,High
22324,2011-10,12.0,57.77020311827876,45.77020311827876,11-50,381.41835931898964,High
22324,2011-11,6.0,27.14050424039844,21.14050424039844,0-10,352.341737339974,High
22325,2011-07,21.0,39.62600445819977,18.626004458199773,11-50,88.69525932476083,High
22325,2011-08,8.0,39.62600445819977,31.626004458199773,0-10,395.32505572749716,High
22325,2011-09,16.0,26.78491845970312,10.784918459703118,11-50,67.40574037314448,High
22325,2011-10,31.0,31.189449290765715,0.1894492907657152,11-50,0.6111267444055329,Low
22326,2011-07,1045.0,552.6585275074818,492.34147249251816,1001-5000,47.11401650646107,Moderate
22326,2011-08,597.0,777.0873622113165,180.08736221131653,501-1000,30.165387305078145,Moderate
22326,2011-09,905.0,764.3542491054055,140.64575089459447,501-1000,15.540966949678946,Low
22326,2011-10,952.0,1017.7472997625272,65.74729976252706,501-1000,6.906228966652002,Low
22326,2011-11,272.0,487.1358407920697,215.1358407920697,101-500,79.09405911473151,High
22327,2011-07,139.0,98.98446904581392,40.01553095418608,101-500,28.788151765601498,Moderate
22327,2011-08,111.0,159.03187281207616,48.03187281207616,101-500,43.2719574883569,Moderate
22327,2011-09,147.0,135.44908720365183,11.550912796348172,101-500,7.857763807039572,Low
22327,2011-10,155.0,160.90239144465383,5.90239144465383,101-500,3.8079944804218258,Low
22327,2011-11,51.0,102.22680880861394,51.22680880861394,51-100,100.44472315414498,High
22328,2011-07,397.0,329.65769253746083,67.34230746253917,101-500,16.962797849506085,Low
22328,2011-08,439.0,448.54553758568346,9.545537585683462,101-500,2.1743821379688977,Low
22328,2011-09,391.0,507.993026715114,116.99302671511396,101-500,29.92149020846904,Moderate
22328,2011-10,546.0,510.75687708157614,35.243122918423865,501-1000,6.454784417293748,Low
22328,2011-11,104.0,297.6991973384555,193.69919733845552,101-500,186.2492282100534,High
22329,2011-07,85.0,163.13146830696382,78.13146830696382,51-100,91.91937447878097,High
22329,2011-08,195.0,120.72216053981715,74.27783946018283,101-500,38.09119972317068,Moderate
22329,2011-09,41.0,206.5521046162285,165.5521046162285,11-50,403.7856210151914,High
22329,2011-10,89.0,100.04558480460076,11.045584804600765,51-100,12.410769443371645,Low
22329,2011-11,12.0,67.53216170561254,55.53216170561254,11-50,462.76801421343777,High
22331,2011-07,116.0,86.78155457805639,29.218445421943613,101-500,25.188315018916906,Moderate
22331,2011-08,164.0,112.4256721729332,51.5743278270668,101-500,31.447760870162682,Moderate
22331,2011-09,258.0,156.86937339947107,101.13062660052891,101-500,39.19791728702671,Moderate
22331,2011-10,146.0,192.194626167642,46.19462616764199,101-500,31.64015490934383,Moderate
22331,2011-11,19.0,104.29668866071536,85.29668866071535,11-50,448.9299403195544,High
22332,2011-07,49.0,77.88687165193711,28.886871651937117,11-50,58.95279928966759,High
22332,2011-08,50.0,85.25593959129674,35.25593959129674,11-50,70.51187918259347,High
22332,2011-09,130.0,84.26977536085032,45.73022463914968,101-500,35.177095876268986,Moderate
22332,2011-10,90.0,138.09876431265454,48.09876431265454,51-100,53.443071458505045,High
22332,2011-11,8.0,62.66849737417038,54.66849737417038,0-10,683.3562171771297,High
22333,2011-07,292.0,291.291256877057,0.7087431229430194,101-500,0.24272024758322583,Low
22333,2011-08,507.0,311.0004519843414,195.9995480156586,501-1000,38.6586879715303,Moderate
22333,2011-09,254.0,402.0631280638893,148.06312806388928,101-500,58.29257010389342,High
22333,2011-10,400.0,323.5891340807107,76.41086591928928,101-500,19.10271647982232,Low
22333,2011-11,21.0,229.79073364990228,208.79073364990228,11-50,994.2415888090585,High
22334,2011-07,53.0,48.59884197452697,4.401158025473031,51-100,8.30407174617553,Low
22334,2011-08,22.0,56.01529567587303,34.01529567587303,11-50,154.61498034487738,High
22334,2011-09,59.0,58.73650134311045,0.2634986568895456,51-100,0.44660789303312814,Low
22334,2011-10,57.0,58.41020890845402,1.410208908454024,51-100,2.4740507165860066,Low
22334,2011-11,8.0,56.50996151622908,48.50996151622908,0-10,606.3745189528636,High
22335,2011-07,430.0,167.19000360011384,262.80999639988613,101-500,61.11860381392701,High
22335,2011-08,142.0,242.9327116845614,100.9327116845614,101-500,71.07937442574746,High
22335,2011-09,178.0,189.269900893854,11.269900893854016,101-500,6.3314049965472,Low
22335,2011-10,152.0,211.44441522675044,59.44441522675044,101-500,39.108167912335816,Moderate
22335,2011-11,64.0,126.54258393588492,62.54258393588492,51-100,97.72278739982019,High
22336,2011-07,300.0,59.52459098075366,240.47540901924637,101-500,80.15846967308212,High
22336,2011-08,987.0,198.99365083949596,788.0063491605041,501-1000,79.8385358825232,High
22336,2011-09,845.0,497.2244202412457,347.7755797587543,501-1000,41.15687334423128,Moderate
22337,2011-08,44.0,169.18358229377088,125.18358229377088,11-50,284.508141576752,High
22337,2011-09,216.0,95.79552953406326,120.20447046593674,101-500,55.65021780830405,High
22337,2011-10,255.0,231.07634435520936,23.92365564479064,101-500,9.381825743055153,Low
22337,2011-11,4.0,132.193465967613,128.193465967613,0-10,3204.8366491903253,High
22338,2011-08,433.0,46.02475932721784,386.97524067278215,101-500,89.3707253285871,High
22338,2011-09,1535.0,279.5837825257085,1255.4162174742914,1001-5000,81.7860727996281,High
22338,2011-10,2000.0,1141.653252464374,858.346747535626,1001-5000,42.9173373767813,Moderate
22338,2011-11,545.0,739.2469033296918,194.2469033296918,501-1000,35.64163363847556,Moderate
22339,2011-10,546.0,803.4366833358026,257.4366833358026,501-1000,47.149575702527954,Moderate
22340,2011-09,294.0,174.48740276274205,119.51259723725796,101-500,40.6505432779789,Moderate
22340,2011-10,722.0,269.9479906187784,452.0520093812216,501-1000,62.61108163174814,High
22340,2011-11,156.0,292.17239785223865,136.17239785223865,101-500,87.2899986232299,High
22341,2011-07,31.0,37.38999788360179,6.3899978836017866,11-50,20.612896398715442,Moderate
22341,2011-08,53.0,48.638749750414746,4.361250249585254,51-100,8.228774055821233,Low
22341,2011-09,14.0,56.07691146061629,42.07691146061629,11-50,300.5493675758306,High
22341,2011-10,11.0,47.84058084675586,36.84058084675586,11-50,334.9143713341442,High
22341,2011-11,5.0,23.56257555028119,18.56257555028119,0-10,371.2515110056238,High
22342,2011-07,87.0,116.51620008080852,29.51620008080852,51-100,33.926666759550024,Moderate
22342,2011-08,147.0,93.95523823512151,53.04476176487849,101-500,36.08487194889693,Moderate
22342,2011-09,110.0,123.40588893514804,13.405888935148027,101-500,12.187171759225478,Low
22342,2011-10,62.0,117.89423279451036,55.89423279451036,51-100,90.1519883782425,High
22342,2011-11,8.0,79.50104387898796,71.50104387898796,0-10,893.7630484873495,High
22343,2011-07,29.0,109.17280484314396,80.17280484314396,11-50,276.4579477349792,High
22343,2011-08,48.0,70.82974703649712,22.829747036497125,11-50,47.561972992702344,Moderate
22343,2011-09,72.0,73.81108350905798,1.81108350905798,51-100,2.5153937625805276,Low
22343,2011-10,56.0,97.9000403690576,41.90004036905759,51-100,74.82150065903141,High
22343,2011-11,372.0,62.472732024857024,309.527267975143,101-500,83.20625483202768,High
22344,2011-07,40.0,69.16666571440055,29.16666571440055,11-50,72.91666428600138,High
22344,2011-08,25.0,67.36087429221072,42.36087429221072,11-50,169.44349716884287,High
22344,2011-09,0.0,67.36087429221072,67.36087429221072,0-10,,
22345,2011-07,24.0,50.69681448715389,26.69681448715389,11-50,111.23672702980787,High
22345,2011-08,12.0,59.85434218109221,47.85434218109221,11-50,398.78618484243503,High
22345,2011-09,2.0,47.07767581774337,45.07767581774337,0-10,2253.8837908871683,High
22345,2011-10,18.0,44.33246337765304,26.33246337765304,11-50,146.29146320918355,High
22345,2011-11,240.0,29.257935872575636,210.7420641274244,101-500,87.80919338642684,High
22346,2011-07,24.0,62.40782349773109,38.40782349773109,11-50,160.03259790721287,High
22346,2011-08,0.0,61.28042502589245,61.28042502589245,0-10,,
22348,2011-07,227.0,308.9866523627004,81.9866523627004,101-500,36.1174680011896,Moderate
22348,2011-08,223.0,286.98819366909447,63.98819366909447,101-500,28.69425725071501,Moderate
22348,2011-09,311.0,274.1697217986299,36.830278201370106,101-500,11.842533183720292,Low
22348,2011-10,462.0,314.57908656305267,147.42091343694733,101-500,31.90928862271587,Moderate
22348,2011-11,50.0,196.6904663030781,146.6904663030781,11-50,293.3809326061562,High
22349,2011-07,8.0,190.6732046120749,182.6732046120749,0-10,2283.4150576509364,High
22349,2011-08,94.0,43.171621696373215,50.82837830362679,51-100,54.07274287619871,High
22349,2011-09,103.0,104.3816552822357,1.3816552822356982,101-500,1.3414128953744644,Low
22349,2011-10,37.0,124.91008055474708,87.91008055474707,11-50,237.5948123101272,High
22349,2011-11,9.0,56.44265997422349,47.44265997422349,0-10,527.140666380261,High
22350,2011-07,15.0,163.0613562118812,148.0613562118812,11-50,987.075708079208,High
22350,2011-08,80.0,58.20991192848312,21.790088071516884,51-100,27.237610089396103,Moderate
22350,2011-09,60.0,106.7084705964592,46.70847059645919,51-100,77.84745099409865,High
22350,2011-10,33.0,101.54663157726156,68.54663157726155,11-50,207.71706538564106,High
22350,2011-11,19.0,56.44265997422349,37.44265997422349,11-50,197.06663144328152,High
22352,2011-07,244.0,213.44164796758372,30.55835203241625,101-500,12.52391476738371,Low
22352,2011-08,389.0,249.80435312641015,139.19564687358982,101-500,35.78294264102566,Moderate
22352,2011-09,315.0,385.2854434483005,70.28544344830044,101-500,22.312839189936646,Moderate
22352,2011-10,181.0,312.75360877258777,131.75360877258777,101-500,72.7920490456286,High
22352,2011-11,38.0,167.3562045726715,129.3562045726715,11-50,340.41106466492494,High
22354,2011-07,60.0,64.33272456317097,4.33272456317097,51-100,7.22120760528495,Low
22354,2011-08,37.0,71.58332362514096,34.58332362514096,11-50,93.46844223011071,High
22354,2011-09,48.0,59.134670178335725,11.134670178335725,11-50,23.197229538199426,Moderate
22354,2011-10,16.0,59.79045109178722,43.79045109178722,11-50,273.6903193236701,High
22354,2011-11,1.0,41.24350487917359,40.24350487917359,0-10,4024.3504879173593,High
22355,2011-07,1474.0,1140.2309261996895,333.76907380031025,1001-5000,22.643763487130954,Moderate
22355,2011-08,1201.0,1338.5731806534552,137.5731806534552,1001-5000,11.454885982802265,Low
22355,2011-09,1557.0,1378.1283511271974,178.87164887280255,1001-5000,11.488224076609027,Low
22355,2011-10,2088.0,1782.267206828939,305.7327931710611,1001-5000,14.64237515187074,Low
22355,2011-11,1131.0,1191.6817320893392,60.68173208933922,1001-5000,5.365316718774467,Low
22356,2011-07,1046.0,757.6696866070772,288.3303133929228,1001-5000,27.56503952131193,Moderate
22356,2011-08,744.0,941.9014935588322,197.90149355883216,501-1000,26.599663112746256,Moderate
22356,2011-09,769.0,981.3008880457896,212.30088804578972,501-1000,27.607397665252236,Moderate
22356,2011-10,1384.0,929.4670315319328,454.5329684680672,1001-5000,32.841977490467286,Moderate
22356,2011-11,266.0,564.4222798581047,298.4222798581048,101-500,112.18882701432511,High
22357,2011-07,19.0,44.25951814709304,25.25951814709304,11-50,132.94483235312126,High
22357,2011-08,14.0,52.56962638990191,38.56962638990191,11-50,275.49733135644226,High
22357,2011-09,24.0,28.631397469642938,4.631397469642938,11-50,19.297489456845575,Low
22357,2011-10,79.0,63.89127884993551,15.10872115006449,51-100,19.12496348109429,Low
22357,2011-11,31.0,55.8747049406631,24.8747049406631,11-50,80.24098367955838,High
22358,2011-07,33.0,94.90714206224054,61.90714206224054,11-50,187.59740018860768,High
22358,2011-08,38.0,78.257696495449,40.257696495449,11-50,105.94130656697105,High
22358,2011-09,24.0,70.58956163021492,46.58956163021492,11-50,194.12317345922884,High
22358,2011-10,63.0,75.2683081786465,12.268308178646508,51-100,19.47350504547065,Low
22358,2011-11,25.0,47.43093869952383,22.43093869952383,11-50,89.72375479809531,High
22359,2011-07,17.0,31.126485105741544,14.126485105741544,11-50,83.09697121024438,High
22359,2011-08,17.0,36.73525022830151,19.73525022830151,11-50,116.089707225303,High
22359,2011-09,16.0,37.592653190732506,21.592653190732506,11-50,134.95408244207817,High
22359,2011-10,15.0,36.293001458647225,21.293001458647225,11-50,141.95334305764817,High
22359,2011-11,3.0,19.425888306156867,16.425888306156867,0-10,547.5296102052289,High
22360,2011-07,45.0,71.6773165673493,26.67731656734929,11-50,59.28292570522065,High
22360,2011-08,77.0,93.57621344129674,16.576213441296744,51-100,21.527549923762006,Moderate
22360,2011-09,88.0,98.5127444686226,10.512744468622586,51-100,11.946300532525665,Low
22360,2011-10,50.0,121.82368495379764,71.82368495379765,11-50,143.6473699075953,High
22360,2011-11,19.0,56.90685245906512,37.90685245906512,11-50,199.50974978455326,High
22361,2011-07,24.0,86.26039907533094,62.26039907533094,11-50,259.4183294805456,High
22361,2011-08,55.0,73.25911814760596,18.25911814760596,51-100,33.198396632010834,Moderate
22361,2011-09,65.0,84.80349722372937,19.80349722372937,51-100,30.466918805737492,Moderate
22361,2011-10,75.0,102.80752454675158,27.80752454675158,51-100,37.07669939566877,Moderate
22361,2011-11,15.0,68.10356245457365,53.10356245457365,11-50,354.02374969715765,High
22362,2011-07,15.0,32.97296411568136,17.972964115681357,11-50,119.81976077120903,High
22362,2011-08,28.0,28.631397469642938,0.6313974696429376,11-50,2.2549909630104916,Low
22362,2011-09,35.0,63.4202094214896,28.4202094214896,11-50,81.20059834711314,High
22362,2011-10,31.0,68.74561014267398,37.74561014267398,11-50,121.76003271830315,High
22362,2011-11,5.0,42.59820605200875,37.59820605200875,0-10,751.964121040175,High
22363,2011-07,10.0,57.11158008636493,47.11158008636493,0-10,471.1158008636493,High
22363,2011-08,15.0,33.87169754583188,18.87169754583188,11-50,125.81131697221252,High
22363,2011-09,20.0,32.97296411568136,12.972964115681355,11-50,64.86482057840678,High
22363,2011-10,8.0,45.8778905571947,37.8778905571947,0-10,473.4736319649338,High
22363,2011-11,7.0,22.06794565314775,15.06794565314775,0-10,215.2563664735393,High
22364,2011-07,68.0,47.84058084675586,20.159419153244137,51-100,29.64620463712373,Moderate
22364,2011-08,99.0,67.01309472970289,31.986905270297115,51-100,32.31000532353244,Moderate
22364,2011-09,37.0,111.12278904202516,74.12278904202516,11-50,200.33186227574367,High
22364,2011-10,40.0,78.73718092293294,38.737180922932936,11-50,96.84295230733234,High
22364,2011-11,11.0,43.07769047949269,32.07769047949269,11-50,291.61536799538806,High
22365,2011-07,60.0,50.98622261644805,9.013777383551949,51-100,15.022962305919915,Low
22365,2011-08,301.0,83.9042693379888,217.0957306620112,101-500,72.12482746246219,High
22365,2011-09,16.0,247.83993067712493,231.83993067712493,11-50,1448.9995667320309,High
22365,2011-10,135.0,57.38221979750867,77.61778020249133,101-500,57.49465200184544,High
22365,2011-11,14.0,78.8018391604837,64.8018391604837,11-50,462.87027971774063,High
22366,2011-07,19.0,59.50111351362596,40.50111351362596,11-50,213.16375533487349,High
22366,2011-08,216.0,44.1380235276876,171.8619764723124,101-500,79.56572984829278,High
22366,2011-09,98.0,172.36551729329685,74.36551729329685,51-100,75.88318091152739,High
22366,2011-10,82.0,117.99644769610056,35.99644769610056,51-100,43.8981069464641,Moderate
22366,2011-11,4.0,71.83727975782534,67.83727975782534,0-10,1695.9319939456336,High
22367,2011-07,369.0,197.3706783977109,171.62932160228908,101-500,46.51201127433309,Moderate
22367,2011-08,372.0,284.150328555334,87.849671444666,101-500,23.61550307652312,Moderate
22367,2011-09,325.0,335.1092194152453,10.10921941524532,101-500,3.110529050844714,Low
22367,2011-10,675.0,391.53469426799165,283.46530573200835,501-1000,41.99486010844568,Moderate
22367,2011-11,133.0,306.63280615412134,173.63280615412134,101-500,130.55098207076793,High
22371,2011-07,60.0,95.27154666685048,35.27154666685048,51-100,58.78591111141748,High
22371,2011-08,83.0,102.19907030746462,19.199070307464623,51-100,23.131410008993523,Moderate
22371,2011-09,134.0,117.46406130272597,16.535938697274034,101-500,12.340252759159727,Low
22371,2011-10,175.0,150.9473751441711,24.052624855828896,101-500,13.744357060473655,Low
22371,2011-11,53.0,113.8590041934675,60.8590041934675,51-100,114.82830979899528,High
22372,2011-07,14.0,35.71443264074544,21.71443264074544,11-50,155.10309029103885,High
22372,2011-08,33.0,32.33520181793255,0.6647981820674502,11-50,2.01453994565894,Low
22372,2011-09,31.0,67.31952729787373,36.31952729787373,11-50,117.15976547701202,High
22372,2011-10,49.0,64.84629226628985,15.84629226628985,11-50,32.3393719720201,Moderate
22372,2011-11,13.0,45.07073605707096,32.07073605707096,11-50,246.6979696697766,High
22374,2011-07,43.0,72.36951041868782,29.369510418687824,11-50,68.30118702020425,High
22374,2011-08,60.0,81.28038704404783,21.280387044047828,51-100,35.467311740079715,Moderate
22374,2011-09,83.0,84.78507147113997,1.7850714711399718,51-100,2.1506885194457492,Low
22374,2011-10,75.0,114.33815157107944,39.33815157107944,51-100,52.45086876143926,High
22374,2011-11,11.0,65.86686985511633,54.866869855116335,11-50,498.78972595560305,High
22375,2011-07,16.0,54.88554049283217,38.88554049283217,11-50,243.03462808020106,High
22375,2011-08,56.0,37.63872466243525,18.36127533756475,51-100,32.787991674222766,Moderate
22375,2011-09,36.0,76.23358349348202,40.233583493482016,11-50,111.75995414856115,High
22375,2011-10,36.0,73.56002157541299,37.56002157541299,11-50,104.33339326503608,High
22375,2011-11,12.0,41.31977044667867,29.319770446678667,11-50,244.3314203889889,High
22376,2011-07,6.0,42.88085202495068,36.88085202495068,0-10,614.6808670825113,High
22376,2011-08,28.0,30.684236336087256,2.684236336087256,11-50,9.586558343168772,Low
22376,2011-09,38.0,44.38247317376454,6.382473173764538,11-50,16.79598203622247,Low
22376,2011-10,28.0,65.72709439944103,37.72709439944103,11-50,134.73962285514654,High
22376,2011-11,8.0,42.59820605200875,34.59820605200875,0-10,432.4775756501094,High
22377,2011-07,75.0,110.25455348316696,35.25455348316697,51-100,47.0060713108893,Moderate
22377,2011-08,64.0,100.13766572536812,36.13766572536811,51-100,56.46510269588767,High
22377,2011-09,52.0,90.70634994225426,38.70634994225426,51-100,74.43528835048897,High
22377,2011-10,19.0,84.74925978833426,65.74925978833426,11-50,346.04873572807503,High
22377,2011-11,6.0,42.03930718657776,36.03930718657776,0-10,600.655119776296,High
22378,2011-07,102.0,195.89632536854356,93.89632536854351,101-500,92.05522094955246,High
22378,2011-08,51.0,134.8624741151407,83.86247411514071,51-100,164.43622375517788,High
22378,2011-09,9.0,102.23147053829602,93.23147053829602,0-10,1035.9052282032892,High
22378,2011-10,89.0,62.050389925063264,26.949610074936736,51-100,30.280460758355883,Moderate
22378,2011-11,17.0,60.8549990259904,43.8549990259904,11-50,257.97058250582586,High
22379,2011-07,398.0,548.0855907977283,150.0855907977283,101-500,37.709947436615145,Moderate
22379,2011-08,648.0,503.5189128564987,144.48108714350133,501-1000,22.296464065355142,Moderate
22379,2011-09,1018.0,669.9585150224262,348.04148497757376,1001-5000,34.1887509801153,Moderate
22379,2011-10,396.0,816.1307342666405,420.1307342666405,101-500,106.09361976430316,High
22379,2011-11,150.0,297.1778679666621,147.17786796666212,101-500,98.11857864444141,High
22380,2011-07,89.0,83.04098420964435,5.95901579035565,51-100,6.695523359950169,Low
22380,2011-08,73.0,110.25680086263252,37.25680086263252,51-100,51.0367135104555,High
22380,2011-09,107.0,100.78436699747635,6.215633002523632,101-500,5.809002806096853,Low
22380,2011-10,107.0,135.44908720365183,28.44908720365183,101-500,26.58793196602975,Moderate
22380,2011-11,115.0,86.32148675434364,28.67851324565636,101-500,24.937837604918574,Moderate
22381,2011-07,217.0,250.07546478811813,33.075464788118154,101-500,15.24214967194385,Low
22381,2011-08,257.0,278.72143378985163,21.72143378985163,101-500,8.451919762588183,Low
22381,2011-09,691.0,261.53466560309863,429.46533439690137,501-1000,62.15127849448645,High
22381,2011-10,161.0,533.7378740804163,372.7378740804163,101-500,231.5142075033642,High
22381,2011-11,67.0,175.82634030116236,108.82634030116236,51-100,162.42737358382442,High
22382,2011-07,1378.0,911.4154875016886,466.58451249831137,1001-5000,33.85954372266411,Moderate
22382,2011-08,953.0,1053.4454146503897,100.44541465038948,501-1000,10.53991759185619,Low
22382,2011-09,789.0,1079.6292587434468,290.6292587434468,501-1000,36.83514052515169,Moderate
22382,2011-10,1529.0,1116.597911978606,412.40208802139387,1001-5000,26.97201360506173,Moderate
22382,2011-11,143.0,849.4777224405041,706.4777224405041,101-500,494.04036534300985,High
22383,2011-07,1732.0,1362.985317297783,369.014682702217,1001-5000,21.305697615601442,Moderate
22383,2011-08,1002.0,1656.8364088108633,654.8364088108633,1001-5000,65.3529350110642,High
22383,2011-09,706.0,1131.89068573685,425.89068573685,501-1000,60.32445973609774,High
22383,2011-10,947.0,1038.1128025178673,91.1128025178673,501-1000,9.621204067356631,Low
22383,2011-11,161.0,628.7473050914954,467.7473050914954,101-500,290.52627645434495,High
22384,2011-07,1361.0,1304.4901837614048,56.50981623859525,1001-5000,4.152080546553655,Low
22384,2011-08,800.0,1325.5164732108678,525.5164732108678,501-1000,65.68955915135848,High
22384,2011-09,447.0,1117.106239936072,670.1062399360721,101-500,149.91191050023986,High
22384,2011-10,912.0,847.0533308383391,64.9466691616609,501-1000,7.121345302813696,Low
22384,2011-11,131.0,603.0107565380116,472.0107565380116,101-500,360.31355460916916,High
22385,2011-07,1097.0,635.4578301936816,461.5421698063184,1001-5000,42.073123956820275,Moderate
22385,2011-08,1002.0,814.0865616848178,187.91343831518225,1001-5000,18.753836159199825,Low
22385,2011-09,470.0,979.342394945492,509.342394945492,101-500,108.3707223288281,High
22385,2011-10,773.0,761.6587795949688,11.341220405031208,501-1000,1.4671695219962753,Low
22385,2011-11,351.0,517.4765412285032,166.47654122850315,101-500,47.42921402521457,Moderate
22386,2011-07,2281.0,1644.5412927435025,636.4587072564975,1001-5000,27.902617591253726,Moderate
22386,2011-08,2711.0,1939.790243618464,771.209756381536,1001-5000,28.447427384047803,Moderate
22386,2011-09,3206.0,2220.018544634792,985.981455365208,1001-5000,30.754256249694574,Moderate
22386,2011-10,1641.0,3343.6595915239604,1702.6595915239604,1001-5000,103.75744006849241,High
22386,2011-11,459.0,1267.6179829900243,808.6179829900245,101-500,176.16949520479835,High
22389,2011-08,17.0,25.843307197947937,8.843307197947937,11-50,52.0194541055761,High
22389,2011-09,118.0,36.33708139307624,81.66291860692377,101-500,69.20586322620659,High
22389,2011-10,17.0,94.95406950766218,77.95406950766218,11-50,458.5533500450716,High
22389,2011-11,48.0,40.67484012652078,7.3251598734792225,11-50,15.260749736415047,Low
22390,2011-07,8.0,32.818781055306346,24.818781055306346,0-10,310.2347631913293,High
22390,2011-08,10.0,23.662915311205,13.662915311205,0-10,136.62915311205,High
22390,2011-09,12.0,26.077195298608974,14.077195298608974,11-50,117.30996082174146,High
22390,2011-10,25.0,30.679774547501896,5.679774547501896,11-50,22.719098190007585,Moderate
22390,2011-11,50.0,40.42369724998623,9.576302750013774,11-50,19.152605500027548,Low
22391,2011-07,0.0,23.220666541550717,23.220666541550717,0-10,,
22391,2011-10,11.0,23.662915311205,12.662915311205,11-50,115.11741192004546,High
22391,2011-11,39.0,18.80421638346672,20.19578361653328,11-50,51.78406055521354,High
22393,2011-07,8.0,42.36516797751551,34.365167977515505,0-10,429.5645997189438,High
22393,2011-08,8.0,31.126485105741544,23.126485105741544,0-10,289.0810638217693,High
22393,2011-09,34.0,25.63494652895469,8.365053471045314,11-50,24.603098444250925,Moderate
22393,2011-10,31.0,47.2390019308228,16.239001930822795,11-50,52.38387719620257,High
22393,2011-11,246.0,48.581372306072886,197.4186276939271,101-500,80.2514746723281,High
22394,2011-07,0.0,19.32134866516658,19.32134866516658,0-10,,
22394,2011-10,11.0,23.662915311205,12.662915311205,11-50,115.11741192004546,High
22394,2011-11,25.0,17.230942940547436,7.769057059452564,11-50,31.076228237810255,Moderate
22395,2011-07,1.0,19.32134866516658,18.32134866516658,0-10,1832.134866516658,High
22395,2011-08,0.0,23.78987073457604,23.78987073457604,0-10,,
22395,2011-11,80.0,20.208428343303733,59.79157165669626,51-100,74.73946457087033,High
22396,2011-07,123.0,104.4886483343394,18.51135166566061,101-500,15.049879402976105,Low
22396,2011-08,127.0,146.53691722408576,19.536917224085755,101-500,15.383399389043904,Low
22396,2011-09,123.0,162.67514558494827,39.67514558494827,101-500,32.25621592272217,Moderate
22396,2011-10,132.0,151.69102978179308,19.69102978179308,101-500,14.917446804388698,Low
22396,2011-11,52.0,95.3457310538509,43.3457310538509,51-100,83.35717510355943,High
22398,2011-07,279.0,276.07634453054294,2.92365546945706,101-500,1.0479051861853261,Low
22398,2011-08,408.0,235.09129099169752,172.90870900830248,101-500,42.379585541250606,Moderate
22398,2011-09,362.0,326.9196528582217,35.08034714177825,101-500,9.690703630325483,Low
22398,2011-10,376.0,334.1209181615419,41.87908183845809,101-500,11.138053680440981,Low
22398,2011-11,162.0,200.25412790130085,38.25412790130085,101-500,23.613659198333856,Moderate
22399,2011-07,125.0,85.47285003721157,39.52714996278843,101-500,31.621719970230743,Moderate
22399,2011-08,28.0,123.0673213863544,95.0673213863544,11-50,339.52614780840855,High
22399,2011-09,39.0,78.83909879709611,39.83909879709611,11-50,102.15153537716952,High
22399,2011-10,5.0,68.19717347888195,63.19717347888195,0-10,1263.943469577639,High
22399,2011-11,24.0,42.32508019423194,18.325080194231944,11-50,76.35450080929976,High
22400,2011-07,186.0,271.0578475371179,85.05784753711788,101-500,45.73002555759026,Moderate
22400,2011-08,167.0,199.91142712879093,32.91142712879093,101-500,19.70744139448559,Low
22400,2011-09,173.0,197.76443417717013,24.76443417717013,101-500,14.314701836514526,Low
22400,2011-10,248.0,215.8669449053706,32.13305509462941,101-500,12.956877054286053,Low
22400,2011-11,36.0,112.0743119050383,76.0743119050383,11-50,211.31753306955085,High
22402,2011-07,200.0,271.5373319646018,71.53733196460178,101-500,35.76866598230089,Moderate
22402,2011-08,178.0,191.17501667402425,13.17501667402422,101-500,7.401694760687764,Low
22402,2011-09,253.0,216.0809578910936,36.91904210890641,101-500,14.592506762413601,Low
22402,2011-10,245.0,232.58644008621712,12.413559913782876,101-500,5.066759148482807,Low
22402,2011-11,59.0,125.5552207613162,66.5552207613162,51-100,112.8054589174851,High
22403,2011-07,149.0,223.17821015933933,74.17821015933933,101-500,49.78403366398613,Moderate
22403,2011-08,121.0,141.98680304169818,20.98680304169818,101-500,17.344465323717507,Low
22403,2011-09,103.0,149.52366765445004,46.52366765445004,101-500,45.16860937325246,Moderate
22403,2011-10,117.0,167.83332607881533,50.83332607881533,101-500,43.44728724685071,Moderate
22403,2011-11,25.0,91.08562409274758,66.08562409274758,11-50,264.3424963709903,High
22405,2011-07,24.0,37.38999788360179,13.389997883601788,11-50,55.79165784834078,High
22405,2011-08,24.0,48.8116015510577,24.8116015510577,11-50,103.38167312940708,High
22405,2011-09,6.0,61.346538662060766,55.346538662060766,0-10,922.4423110343461,High
22405,2011-10,22.0,33.87169754583188,11.87169754583188,11-50,53.96226157196309,High
22405,2011-11,99.0,36.974430061395694,62.02556993860431,51-100,62.65209084707506,High
22406,2011-07,14.0,23.662915311205,9.662915311205,11-50,69.02082365146428,High
22406,2011-08,7.0,26.246364048677872,19.246364048677872,0-10,274.9480578382553,High
22406,2011-09,29.0,42.10232031897342,13.10232031897342,11-50,45.18041489301179,Moderate
22406,2011-10,43.0,54.7109396956793,11.7109396956793,11-50,27.234743478323953,Moderate
22406,2011-11,93.0,40.57059035386233,52.42940964613767,51-100,56.375709296922224,High
22407,2011-08,3.0,36.86889358311649,33.86889358311649,0-10,1128.9631194372164,High
22407,2011-09,0.0,38.10594700236637,38.10594700236637,0-10,,
22408,2011-07,13.0,38.46649960854886,25.466499608548855,11-50,195.8961508349912,High
22408,2011-08,2.0,25.404259806249208,23.404259806249208,0-10,1170.2129903124603,High
22408,2011-09,27.0,43.27954688712752,16.279546887127523,11-50,60.294618100472306,High
22408,2011-10,26.0,53.43678616810306,27.436786168103065,11-50,105.52610064655026,High
22408,2011-11,36.0,42.10275420452937,6.102754204529369,11-50,16.95209501258158,Low
22409,2011-07,38.0,24.715831801730516,13.284168198269487,11-50,34.958337363867074,Moderate
22409,2011-08,30.0,44.53833961685605,14.53833961685605,11-50,48.461132056186834,Moderate
22409,2011-09,23.0,67.75904312743599,44.75904312743599,11-50,194.6045353366782,High
22409,2011-10,4.0,60.58967460860216,56.58967460860216,0-10,1414.741865215054,High
22409,2011-11,3.0,30.50008089464775,27.50008089464775,0-10,916.6693631549249,High
22410,2011-07,2.0,44.877152912559886,42.877152912559886,0-10,2143.8576456279943,High
22410,2011-08,45.0,24.84014187935909,20.15985812064091,11-50,44.79968471253535,Moderate
22410,2011-09,16.0,62.84219257667011,46.84219257667011,11-50,292.76370360418815,High
22410,2011-10,8.0,57.55366087647744,49.55366087647744,0-10,619.4207609559679,High
22410,2011-11,82.0,24.94675545922932,57.05324454077068,51-100,69.57712748874472,High
22411,2011-07,1371.0,882.704892241685,488.295107758315,1001-5000,35.615981601627645,Moderate
22411,2011-08,1753.0,1209.6951365414327,543.3048634585673,1001-5000,30.992861577784787,Moderate
22411,2011-09,745.0,1604.9729941909409,859.9729941909407,501-1000,115.43261666992493,High
22411,2011-10,1475.0,1150.2643292909695,324.7356707090305,1001-5000,22.01597767518851,Moderate
22411,2011-11,497.0,752.047740033304,255.047740033304,101-500,51.317452722998794,High
22412,2011-07,93.0,85.68604422588396,7.313955774116039,51-100,7.864468574318321,Low
22412,2011-08,117.0,113.03267141946668,3.9673285805333336,101-500,3.390879128660969,Low
22412,2011-09,34.0,120.58558099870356,86.58558099870356,11-50,254.66347352559873,High
22412,2011-10,20.0,86.63644748053675,66.63644748053675,11-50,333.1822374026837,High
22413,2011-07,183.0,410.0919831420345,227.09198314203445,101-500,124.09397985903522,High
22413,2011-08,290.0,229.7609562358384,60.23904376416161,101-500,20.77208405660745,Moderate
22413,2011-09,225.0,273.3427639767436,48.34276397674358,101-500,21.485672878552702,Moderate
22413,2011-10,126.0,295.775823494412,169.775823494412,101-500,134.74271705905716,High
22413,2011-11,1450.0,156.0692940473066,1293.9307059526934,1001-5000,89.23660041053057,High
22414,2011-07,8.0,19.32134866516658,11.321348665166578,0-10,141.51685831458224,High
22414,2011-08,122.0,20.894622108085866,101.10537789191416,101-500,82.87326056714275,High
22414,2011-09,16.0,116.24246010807548,100.24246010807548,11-50,626.5153756754718,High
22414,2011-10,17.0,44.50737298677684,27.507372986776844,11-50,161.80807639280496,High
22414,2011-11,16.0,23.99289961418254,7.992899614182541,11-50,49.95562258864088,Moderate
22416,2011-07,15.0,54.54342658452271,39.54342658452271,11-50,263.6228438968181,High
22416,2011-08,65.0,52.5626858411215,12.4373141588785,51-100,19.134329475197692,Low
22416,2011-09,31.0,71.8954376788758,40.895437678875794,11-50,131.92076670605096,High
22416,2011-10,30.0,68.12219333102296,38.12219333102296,11-50,127.07397777007654,High
22416,2011-11,18.0,42.10275420452937,24.10275420452937,11-50,133.90419002516316,High
22417,2011-07,637.0,706.2586053599262,69.25860535992615,501-1000,10.872622505482912,Low
22417,2011-08,560.0,758.5079140442606,198.5079140442606,501-1000,35.44784179361796,Moderate
22417,2011-09,763.0,826.9263897783444,63.9263897783444,501-1000,8.378294859547102,Low
22417,2011-10,673.0,688.7632975286042,15.763297528604198,501-1000,2.3422433177717976,Low
22417,2011-11,149.0,405.348707229092,256.348707229092,101-500,172.04611223428992,High
22418,2011-07,614.0,436.9892156143133,177.0107843856867,501-1000,28.82911797812487,Moderate
22418,2011-08,578.0,467.3757533419794,110.62424665802058,501-1000,19.139143020418786,Low
22418,2011-09,839.0,554.2730601337233,284.72693986627667,501-1000,33.936464823155745,Moderate
22418,2011-10,805.0,713.8070498951494,91.19295010485064,501-1000,11.328316783211259,Low
22418,2011-11,110.0,456.45923072468736,346.45923072468736,101-500,314.96293702244304,High
22419,2011-07,291.0,211.1817143694967,79.81828563050331,101-500,27.428964134193578,Moderate
22419,2011-08,128.0,246.2057648950514,118.2057648950514,101-500,92.3482538242589,High
22419,2011-09,367.0,216.34944377629571,150.65055622370426,101-500,41.049197881118324,Moderate
22419,2011-10,637.0,319.0868588067044,317.91314119329564,501-1000,49.90787145891611,Moderate
22419,2011-11,184.0,266.8725701261871,82.8725701261871,101-500,45.03944028597125,Moderate
22420,2011-07,163.0,144.5838180817729,18.416181918227096,101-500,11.298271115476746,Low
22420,2011-08,67.0,242.8471711823717,175.84717118237174,51-100,262.4584644513011,High
22420,2011-09,132.0,145.4197428315224,13.4197428315224,101-500,10.166471842062425,Low
22420,2011-10,329.0,165.5390508959893,163.4609491040107,101-500,49.68417905896982,Moderate
22420,2011-11,31.0,191.6496509060606,160.6496509060606,11-50,518.224680342131,High
22421,2011-07,68.0,182.07811685524047,114.07811685524048,51-100,167.76193655182422,High
22421,2011-08,566.0,119.48228843350364,446.5177115664964,501-1000,78.89005504708418,High
22421,2011-09,217.0,441.12901980672615,224.12901980672612,101-500,103.28526258374475,High
22421,2011-10,517.0,228.9949165511524,288.00508344884764,501-1000,55.70697939049277,High
22421,2011-11,85.0,183.2710806889592,98.27108068895922,51-100,115.6130361046579,High
22422,2011-07,45.0,81.74205117762536,36.74205117762536,11-50,81.64900261694525,High
22422,2011-08,49.0,93.20988162378607,44.20988162378608,11-50,90.22424821180833,High
22422,2011-09,93.0,91.58496036704057,1.4150396329594486,51-100,1.5215479924295146,Low
22422,2011-10,210.0,112.45982702661507,97.54017297338493,101-500,46.44770141589758,Moderate
22422,2011-11,538.0,91.580819303029,446.419180696971,501-1000,82.97754288047788,High
22423,2011-07,842.0,1121.8621658726345,279.8621658726345,501-1000,33.23778692074043,Moderate
22423,2011-08,774.0,970.1897385736949,196.18973857369477,501-1000,25.347511443629816,Moderate
22423,2011-09,1081.0,960.7994965263154,120.20050347368463,1001-5000,11.119380524855192,Low
22423,2011-10,1052.0,1362.4527456515743,310.45274565157433,1001-5000,29.510717267259917,Moderate
22423,2011-11,449.0,837.984791663607,388.984791663607,101-500,86.63358388944476,High
22424,2011-07,51.0,99.94617479707378,48.94617479707378,51-100,95.97289175896819,High
22424,2011-08,99.0,95.77091072509872,3.229089274901284,51-100,3.2617063382841254,Low
22424,2011-09,81.0,129.03386034431168,48.03386034431168,51-100,59.30106215347121,High
22424,2011-10,73.0,165.20433688775287,92.20433688775287,51-100,126.30731080514093,High
22424,2011-11,21.0,64.20871973080183,43.20871973080183,11-50,205.75580824191348,High
22425,2011-07,37.0,52.4123054612483,15.412305461248302,11-50,41.65487962499541,Moderate
22425,2011-08,33.0,64.84629226628985,31.84629226628985,11-50,96.50391595845409,High
22425,2011-09,39.0,52.81207400155421,13.812074001554208,11-50,35.415574362959504,Moderate
22425,2011-10,44.0,64.84629226628985,20.84629226628985,11-50,47.377936968840565,Moderate
22425,2011-11,6.0,45.37260401485052,39.37260401485052,0-10,656.2100669141754,High
22426,2011-07,58.0,86.17550484059998,28.175504840599984,51-100,48.57845662172411,Moderate
22426,2011-08,71.0,84.71934696422943,13.71934696422943,51-100,19.32302389328089,Low
22426,2011-09,58.0,94.65912017539326,36.659120175393255,51-100,63.205379612746995,High
22426,2011-10,47.0,83.83854483107825,36.83854483107825,11-50,78.37988261931544,High
22426,2011-11,9.0,49.25120946384222,40.25120946384222,0-10,447.23566070935806,High
22427,2011-07,237.0,244.14201929269848,7.142019292698478,101-500,3.0135102500837463,Low
22427,2011-08,158.0,262.2390353551897,104.23903535518969,101-500,65.97407300961372,High
22427,2011-09,175.0,223.9768922624602,48.97689226246021,101-500,27.98679557854869,Moderate
22427,2011-10,12.0,226.74466009425768,214.74466009425768,11-50,1789.538834118814,High
22428,2011-07,35.0,44.29718310437633,9.29718310437633,11-50,26.563380298218085,Moderate
22428,2011-08,11.0,63.4202094214896,52.4202094214896,11-50,476.5473583771782,High
22428,2011-09,26.0,40.51995530595943,14.519955305959428,11-50,55.8459819459978,High
22428,2011-10,20.0,63.4202094214896,43.4202094214896,11-50,217.101047107448,High
22428,2011-11,4.0,31.931829833940046,27.931829833940046,0-10,698.2957458485012,High
22429,2011-07,79.0,106.68404044901855,27.684040449018568,51-100,35.04308917597287,Moderate
22429,2011-08,90.0,115.7911266123557,25.791126612355697,51-100,28.656807347061886,Moderate
22429,2011-09,149.0,122.08745625391104,26.91254374608896,101-500,18.062109896704,Low
22429,2011-10,73.0,158.50850194529656,85.50850194529656,51-100,117.13493417163912,High
22429,2011-11,18.0,74.90411559395687,56.90411559395688,11-50,316.1339755219827,High
22430,2011-07,35.0,74.06642595824225,39.06642595824225,11-50,111.61835988069213,High
22430,2011-08,27.0,80.48833389788247,53.48833389788247,11-50,198.10494036252766,High
22430,2011-09,30.0,55.03394402404218,25.033944024042174,11-50,83.44648008014059,High
22430,2011-10,40.0,66.21075932634682,26.210759326346817,11-50,65.52689831586704,High
22430,2011-11,2.0,35.595429454358005,33.595429454358005,0-10,1679.7714727179002,High
22431,2011-07,141.0,249.7612589311664,108.7612589311664,101-500,77.1356446320329,High
22431,2011-08,33.0,244.4983213746349,211.4983213746349,11-50,640.9040041655603,High
22431,2011-09,40.0,108.93110289777368,68.93110289777368,11-50,172.32775724443422,High
22431,2011-10,130.0,84.30962956101392,45.69037043898608,101-500,35.14643879922006,Moderate
22431,2011-11,16.0,97.37653377389084,81.37653377389084,11-50,508.60333608681776,High
22432,2011-07,95.0,177.62164568677366,82.62164568677366,51-100,86.97015335449859,High
22432,2011-08,28.0,144.5932332500104,116.5932332500104,11-50,416.40440446432285,High
22432,2011-09,27.0,97.84383507688788,70.84383507688787,11-50,262.38457435884396,High
22432,2011-10,61.0,56.45553026787399,4.544469732126011,51-100,7.449950380534444,Low
22432,2011-11,61.0,49.63143615008329,11.368563849916711,51-100,18.636989917896248,Low
22433,2011-07,60.0,128.08799907926027,68.08799907926027,51-100,113.4799984654338,High
22433,2011-08,29.0,117.96187117418702,88.96187117418702,11-50,306.76507301443803,High
22433,2011-09,17.0,89.11276210086122,72.11276210086122,11-50,424.19271824036014,High
22433,2011-10,115.0,46.72443831958813,68.27556168041187,101-500,59.37005363514075,High
22433,2011-11,7.0,75.85457526861792,68.85457526861792,0-10,983.6367895516846,High
22434,2011-07,28.0,75.21725031349969,47.21725031349969,11-50,168.63303683392746,High
22434,2011-08,45.0,64.28878273604293,19.288782736042933,11-50,42.86396163565096,Moderate
22434,2011-09,85.0,58.29878148310428,26.70121851689572,51-100,31.413198255171437,Moderate
22434,2011-10,61.0,102.10131208227472,41.10131208227473,51-100,67.3792001348766,High
22434,2011-11,24.0,51.529561150990055,27.52956115099005,11-50,114.70650479579187,High
22435,2011-07,299.0,230.13364316455392,68.86635683544608,101-500,23.03222636636993,Moderate
22435,2011-08,65.0,219.5209510711583,154.5209510711583,51-100,237.7245401094743,High
22435,2011-09,98.0,128.62793066115788,30.62793066115788,51-100,31.252990470569266,Moderate
22435,2011-10,252.0,141.71304902439306,110.28695097560694,101-500,43.76466308555831,Moderate
22435,2011-11,143.0,110.81304525725172,32.18695474274827,101-500,22.508359959963826,Moderate
22436,2011-07,155.0,193.4673154977073,38.46731549770732,101-500,24.81762290174666,Moderate
22436,2011-08,171.0,197.25843432476532,26.258434324765343,101-500,15.355809546646398,Low
22436,2011-09,145.0,203.28272075874287,58.28272075874287,101-500,40.194979833615776,Moderate
22436,2011-10,330.0,192.98946763485225,137.01053236514775,101-500,41.51834314095387,Moderate
22436,2011-11,44.0,183.27268544343087,139.27268544343087,11-50,316.528830553252,High
22437,2011-07,404.0,204.09572980621363,199.90427019378637,101-500,49.48125499846198,Moderate
22437,2011-08,173.0,261.5842484216646,88.5842484216646,101-500,51.204767873794566,High
22437,2011-09,256.0,231.05007404877944,24.949925951220564,101-500,9.746064824695534,Low
22437,2011-10,256.0,227.09525407494775,28.904745925052225,101-500,11.290916376973525,Low
22437,2011-11,71.0,160.73444569815683,89.73444569815683,51-100,126.38654323684062,High
22438,2011-07,11.0,32.71856711417488,21.71856711417488,11-50,197.44151921977164,High
22438,2011-08,4.0,31.126485105741544,27.126485105741544,0-10,678.1621276435386,High
22438,2011-09,13.0,30.07356861521602,17.07356861521602,11-50,131.33514319396937,High
22438,2011-10,44.0,24.83323917038098,19.16676082961902,11-50,43.56082006731595,Moderate
22438,2011-11,597.0,39.14450750906207,557.8554924909379,501-1000,93.44313107050885,High
22439,2011-07,72.0,179.0839909854118,107.0839909854118,51-100,148.72776525751638,High
22439,2011-08,294.0,128.11791901302846,165.88208098697154,101-500,56.4224765261808,High
22439,2011-09,99.0,227.49523944150175,128.49523944150178,51-100,129.79317115303212,High
22439,2011-10,182.0,151.78246555491182,30.217534445088177,101-500,16.603040903894602,Low
22439,2011-11,70.0,110.7558646330271,40.7558646330271,51-100,58.22266376146729,High
22440,2011-07,101.0,416.8216340956066,315.82163409560667,101-500,312.69468722337297,High
22440,2011-08,85.0,303.48448149686004,218.48448149686004,51-100,257.0405664668942,High
22440,2011-09,126.0,212.0292060770892,86.02920607708921,101-500,68.27714768022953,High
22440,2011-10,298.0,282.8216660453396,15.178333954660388,101-500,5.093400655926305,Low
22440,2011-11,40.0,128.06635445079957,88.06635445079957,11-50,220.1658861269989,High
22441,2011-07,22.0,65.82370969040748,43.82370969040748,11-50,199.1986804109431,High
22441,2011-08,94.0,77.11225966618741,16.887740333812587,51-100,17.965681206183604,Low
22441,2011-09,129.0,105.49195713080626,23.508042869193744,101-500,18.223289045886624,Low
22441,2011-10,165.0,138.09876431265454,26.901235687345466,101-500,16.3037792044518,Low
22441,2011-11,59.0,106.70689663485236,47.70689663485236,51-100,80.85914683873283,High
22442,2011-07,0.0,18.880484830624948,18.880484830624948,0-10,,
22442,2011-11,193.0,21.227239435877333,171.77276056412268,101-500,89.00143034410502,High
22443,2011-07,2.0,29.089267065251835,27.089267065251835,0-10,1354.4633532625917,High
22445,2011-07,27.0,24.451014997179964,2.548985002820036,11-50,9.440685195629763,Low
22445,2011-08,25.0,67.76177606752802,42.76177606752802,11-50,171.04710427011207,High
22445,2011-09,42.0,50.064832595215,8.064832595214995,11-50,19.201982369559513,Low
22445,2011-10,60.0,74.75768900807529,14.757689008075287,51-100,24.596148346792145,Moderate
22445,2011-11,10.0,55.327112928785645,45.327112928785645,0-10,453.27112928785647,High
22446,2011-07,12.0,24.83323917038098,12.83323917038098,11-50,106.94365975317484,High
22446,2011-08,35.0,31.07794338272717,3.9220566172728297,11-50,11.205876049350943,Low
22446,2011-09,64.0,67.76177606752802,3.761776067528018,51-100,5.877775105512528,Low
22446,2011-10,82.0,87.23747719796783,5.237477197967834,51-100,6.38716731459492,Low
22446,2011-11,109.0,71.6921300682258,37.307869931774206,101-500,34.2274036071323,Moderate
22447,2011-07,1.0,24.83323917038098,23.83323917038098,0-10,2383.323917038098,High
22447,2011-08,1.0,30.07356861521602,29.07356861521602,0-10,2907.356861521602,High
22447,2011-09,2.0,18.880484830624948,16.880484830624948,0-10,844.0242415312474,High
22447,2011-10,3.0,23.662915311205,20.662915311205,0-10,688.7638437068333,High
22447,2011-11,19.0,16.09900575574465,2.900994244255351,11-50,15.26839075923869,Low
22448,2011-07,6.0,38.05247889203013,32.05247889203013,0-10,534.2079815338356,High
22448,2011-08,7.0,32.818781055306346,25.818781055306346,0-10,368.83972936151923,High
22448,2011-09,22.0,23.662915311205,1.6629153112050012,11-50,7.558705960022732,Low
22448,2011-10,14.0,43.40411356563551,29.404113565635505,11-50,210.0293826116822,High
22448,2011-11,39.0,24.35613806969548,14.643861930304524,11-50,37.54836392385775,Moderate
22449,2011-07,44.0,61.33986812788779,17.33986812788779,11-50,39.40879119974498,Moderate
22449,2011-08,70.0,82.90530830079335,12.905308300793353,51-100,18.436154715419075,Low
22449,2011-09,64.0,107.58777924997293,43.58777924997291,51-100,68.10590507808267,High
22449,2011-10,28.0,88.86239845471336,60.86239845471336,11-50,217.36570876683342,High
22450,2011-07,0.0,31.66565062364934,31.66565062364934,0-10,,
22450,2011-10,20.0,26.077195298608974,6.077195298608974,11-50,30.38597649304487,Moderate
22452,2011-07,64.0,48.638749750414746,15.361250249585254,51-100,24.00195351497696,Moderate
22452,2011-08,89.0,81.15702793164958,7.84297206835042,51-100,8.812328166685864,Low
22452,2011-09,135.0,117.67135943105848,17.328640568941523,101-500,12.836030051067796,Low
22452,2011-10,24.0,153.8777602543689,129.8777602543689,11-50,541.1573343932038,High
22452,2011-11,2.0,50.03463504533419,48.03463504533419,0-10,2401.7317522667095,High
22453,2011-07,39.0,31.66565062364934,7.334349376350659,11-50,18.806024041924765,Low
22453,2011-08,18.0,48.24058091518948,30.24058091518948,11-50,168.0032273066082,High
22453,2011-09,8.0,46.21565959001035,38.21565959001035,0-10,477.6957448751293,High
22453,2011-10,31.0,31.126485105741544,0.1264851057415441,11-50,0.40801647013401315,Low
22453,2011-11,37.0,32.392274389213014,4.607725610786986,11-50,12.453312461586448,Low
22454,2011-07,2.0,23.662915311205,21.662915311205,0-10,1083.14576556025,High
22454,2011-08,3.0,24.672983338771957,21.672983338771957,0-10,722.4327779590652,High
22454,2011-09,14.0,23.662915311205,9.662915311205,11-50,69.02082365146428,High
22454,2011-10,16.0,25.67534341280964,9.67534341280964,11-50,60.470896330060256,High
22456,2011-07,129.0,154.80094648922793,25.800946489227925,101-500,20.000733712579787,Moderate
22456,2011-08,159.0,158.04380401309314,0.956195986906863,101-500,0.6013811238407943,Low
22456,2011-09,204.0,210.3820607788485,6.382060778848512,101-500,3.1284611661022117,Low
22456,2011-10,145.0,222.34320007797612,77.34320007797615,101-500,53.34013798481114,High
22456,2011-11,27.0,110.45384834806404,83.45384834806403,11-50,309.08832721505195,High
22457,2011-07,547.0,803.1654775652424,256.16547756524244,501-1000,46.830983101506845,Moderate
22457,2011-08,676.0,801.6136474410137,125.61364744101364,501-1000,18.581900509025687,Low
22457,2011-09,736.0,831.4543444468121,95.45434444681212,501-1000,12.969340278099473,Low
22457,2011-10,804.0,980.6666993656816,176.66669936568155,501-1000,21.973470070358402,Moderate
22457,2011-11,928.0,488.067690917337,439.932309082663,501-1000,47.40649882356282,Moderate
22460,2011-07,134.0,199.00900041837448,65.00900041837446,101-500,48.51417941669736,Moderate
22460,2011-08,211.0,187.62865990519185,23.371340094808147,101-500,11.076464499909076,Low
22460,2011-09,179.0,206.4114977332572,27.41149773325722,101-500,15.313685884501242,Low
22460,2011-10,377.0,220.2550670749447,156.7449329250553,101-500,41.57690528516056,Moderate
22460,2011-11,67.0,204.9228571030712,137.92285710307118,51-100,205.8550106015988,High
22461,2011-07,40.0,82.39070497131547,42.39070497131547,11-50,105.97676242828868,High
22464,2011-07,202.0,248.07243409203187,46.07243409203187,101-500,22.808135689124686,Moderate
22464,2011-08,254.0,234.7446001423663,19.255399857633705,101-500,7.580866085682561,Low
22464,2011-09,241.0,273.74797242016024,32.74797242016024,101-500,13.588370298821676,Low
22464,2011-10,347.0,275.8877222969958,71.11227770300422,101-500,20.49345178760929,Moderate
22464,2011-11,473.0,200.3689513469291,272.63104865307093,101-500,57.63869950382049,High
22465,2011-07,54.0,87.09298361306332,33.092983613063325,51-100,61.28330298715431,High
22465,2011-08,252.0,69.77855899396015,182.22144100603987,101-500,72.3100956373174,High
22465,2011-09,245.0,185.11710865961,59.88289134038999,101-500,24.4419964654653,Moderate
22465,2011-10,310.0,219.1633491362909,90.83665086370914,101-500,29.302145439906173,Moderate
22465,2011-11,447.0,192.84242254835848,254.15757745164152,101-500,56.85851844555738,High
22466,2011-07,107.0,110.76415339332794,3.7641533933279447,101-500,3.51790036759621,Low
22466,2011-08,235.0,137.361967856375,97.638032143625,101-500,41.54809878452127,Moderate
22466,2011-09,218.0,209.43596704972035,8.564032950279653,101-500,3.928455481779657,Low
22466,2011-10,442.0,219.04303832584225,222.95696167415775,101-500,50.442751509990444,High
22466,2011-11,93.0,205.8972204417079,112.8972204417079,51-100,121.39486069000849,High
22467,2011-07,380.0,547.4422592805971,167.4422592805971,101-500,44.0637524422624,Moderate
22467,2011-08,825.0,503.8241657279981,321.1758342720019,501-1000,38.93040415418205,Moderate
22467,2011-09,816.0,819.7184389178178,3.7184389178178208,501-1000,0.4556910438502231,Low
22467,2011-10,1007.0,776.8742654365244,230.1257345634756,1001-5000,22.852605219808897,Moderate
22467,2011-11,284.0,468.6133610344944,184.61336103449435,101-500,65.00470458961068,High
22468,2011-07,10.0,52.4123054612483,42.4123054612483,0-10,424.12305461248303,High
22468,2011-08,45.0,29.928299735018733,15.071700264981269,11-50,33.49266725551393,Moderate
22468,2011-09,54.0,69.4322882868909,15.432288286890897,51-100,28.578311642390545,Moderate
22468,2011-10,90.0,77.94717918406879,12.052820815931211,51-100,13.392023128812458,Low
22468,2011-11,8.0,68.17700186343838,60.17700186343838,0-10,752.2125232929798,High
22469,2011-07,600.0,1214.0733541186664,614.0733541186664,501-1000,102.34555901977774,High
22469,2011-08,1923.0,946.6978381087664,976.3021618912336,1001-5000,50.76974320807247,High
22469,2011-09,1135.0,1441.8026799302197,306.8026799302195,1001-5000,27.031073121605242,Moderate
22469,2011-10,2625.0,1757.5859658079935,867.4140341920063,1001-5000,33.04434415969548,Moderate
22469,2011-11,166.0,870.012472860015,704.012472860015,101-500,424.10389931326205,High
22470,2011-07,283.0,702.5545510299198,419.5545510299198,101-500,148.252491530007,High
22470,2011-08,1135.0,419.3711230360764,715.6288769639236,1001-5000,63.05100237567609,High
22470,2011-09,623.0,938.2165999197424,315.2165999197424,501-1000,50.59656499514325,High
22470,2011-10,1716.0,926.7284192990884,789.2715807009115,1001-5000,45.99484736019298,Moderate
22470,2011-11,106.0,722.9311049037643,616.9311049037643,101-500,582.010476324306,High
22471,2011-09,57.0,19.32134866516658,37.67865133483342,51-100,66.10289707865512,High
22471,2011-10,23.0,49.54987655812467,26.549876558124677,11-50,115.43424590488989,High
22471,2011-11,52.0,42.9446917034242,9.055308296575802,51-100,17.41405441649193,Low
22472,2011-07,7.0,25.29113813463597,18.29113813463597,0-10,261.30197335194237,High
22472,2011-08,2.0,20.496453272860588,18.496453272860588,0-10,924.8226636430294,High
22472,2011-09,15.0,19.890552858191903,4.890552858191906,11-50,32.603685721279376,Moderate
22472,2011-10,32.0,23.7644531721215,8.235546827878501,11-50,25.736083837120315,Moderate
22472,2011-11,72.0,32.80487954950077,39.19512045049923,51-100,54.43766729236005,High
22473,2011-07,2.0,18.880484830624948,16.880484830624948,0-10,844.0242415312474,High
22473,2011-08,4.0,18.880484830624948,14.880484830624948,0-10,372.0121207656237,High
22473,2011-09,30.0,18.880484830624948,11.119515169375052,11-50,37.06505056458351,Moderate
22473,2011-10,35.0,58.74877865206268,23.748778652062683,11-50,67.85365329160766,High
22473,2011-11,42.0,34.230962394301024,7.769037605698976,11-50,18.497708584997564,Low
22474,2011-07,6.0,25.29113813463597,19.29113813463597,0-10,321.5189689105995,High
22474,2011-08,6.0,19.32134866516658,13.321348665166578,0-10,222.0224777527763,High
22474,2011-09,23.0,19.32134866516658,3.6786513348334218,11-50,15.994136238406181,Low
22474,2011-10,44.0,58.74877865206268,14.748778652062684,11-50,33.519951481960646,Moderate
22474,2011-11,67.0,36.8577131176726,30.1422868823274,51-100,44.98848788407075,Moderate
22475,2011-07,16.0,21.904690135652817,5.904690135652817,11-50,36.90431334783011,Moderate
22475,2011-08,8.0,30.13653280024016,22.13653280024016,0-10,276.706660003002,High
22475,2011-09,61.0,26.130170804402876,34.86982919559713,51-100,57.16365441901169,High
22475,2011-10,71.0,73.13222765878797,2.1322276587879685,51-100,3.003137547588688,Low
22475,2011-11,49.0,59.71834293909833,10.718342939098328,11-50,21.874169263465976,Moderate
22476,2011-07,6.0,27.722252812836174,21.722252812836174,0-10,362.0375468806029,High
22476,2011-08,8.0,25.7320019691776,17.7320019691776,0-10,221.65002461472,High
22476,2011-09,40.0,20.496453272860588,19.50354672713941,11-50,48.75886681784852,Moderate
22476,2011-10,45.0,42.04003232235338,2.959967677646617,11-50,6.577705950325815,Low
22476,2011-11,628.0,45.37260401485052,582.6273959851495,501-1000,92.77506305496011,High
22477,2011-07,29.0,72.09911994534282,43.09911994534282,11-50,148.61765498394078,High
22477,2011-08,13.0,54.54996299558981,41.54996299558981,11-50,319.61509996607543,High
22477,2011-09,23.0,41.71919597553635,18.71919597553635,11-50,81.38780858928848,High
22477,2011-10,110.0,73.09543226576776,36.904567734232245,101-500,33.54960703112022,Moderate
22477,2011-11,7.0,67.65520889628593,60.65520889628593,0-10,866.5029842326561,High
22478,2011-07,27.0,88.93727699111828,61.93727699111828,11-50,229.39732218932699,High
22478,2011-08,102.0,74.79896109441464,27.201038905585364,101-500,26.667685201554274,Moderate
22478,2011-09,41.0,100.4292093924429,59.4292093924429,11-50,144.94929120108026,High
22478,2011-10,61.0,88.05572062644195,27.055720626441957,51-100,44.35364037121632,Moderate
22478,2011-11,46.0,51.53351028580872,5.533510285808724,11-50,12.029370186540705,Low
22479,2011-07,37.0,74.554045416819,37.554045416818994,11-50,101.49742004545675,High
22479,2011-08,10.0,65.9800361150622,55.980036115062205,0-10,559.800361150622,High
22479,2011-09,17.0,65.92470622028547,48.92470622028547,11-50,287.79238953109103,High
22479,2011-10,19.0,55.1505746208242,36.1505746208242,11-50,190.26618221486422,High
22479,2011-11,11.0,30.2242571633667,19.2242571633667,11-50,174.76597421242454,High
22480,2011-07,43.0,69.04301498044187,26.043014980441868,11-50,60.56515111730667,High
22481,2011-07,60.0,88.50785856672134,28.50785856672134,51-100,47.513097611202234,Moderate
22481,2011-08,44.0,80.59213984078441,36.59213984078441,11-50,83.16395418360094,High
22481,2011-09,58.0,75.3960432495828,17.396043249582803,51-100,29.993178016522076,Moderate
22481,2011-10,52.0,93.48697869771786,41.48697869771786,51-100,79.7826513417651,High
22481,2011-11,139.0,51.74104063650568,87.25895936349431,101-500,62.776229757909576,High
22483,2011-07,32.0,50.46061970446911,18.46061970446911,11-50,57.689436576465965,High
22483,2011-08,20.0,67.76177606752802,47.76177606752802,11-50,238.80888033764006,High
22483,2011-09,101.0,48.623102997285024,52.376897002714976,101-500,51.85831386407423,High
22483,2011-10,109.0,105.04970836115196,3.9502916388480287,101-500,3.6241207695853475,Low
22483,2011-11,64.0,82.30967350156023,18.309673501560223,51-100,28.60886484618785,Moderate
22485,2011-07,32.0,67.13811363577277,35.13811363577277,11-50,109.8066051117899,High
22485,2011-08,56.0,77.49894558107998,21.49894558107998,51-100,38.39097425192853,Moderate
22485,2011-09,16.0,73.76034846189812,57.76034846189812,11-50,361.00217788686325,High
22485,2011-10,58.0,44.905541822002114,13.094458177997886,51-100,22.57665203103084,Moderate
22485,2011-11,26.0,39.75969044787959,13.759690447879583,11-50,52.921886337998394,High
22486,2011-09,3.0,20.894622108085866,17.894622108085862,0-10,596.4874036028621,High
22486,2011-10,5.0,18.880484830624948,13.880484830624948,0-10,277.60969661249896,High
22486,2011-11,21.0,13.371347529813546,7.628652470186454,11-50,36.3269165246974,Moderate
22487,2011-07,51.0,83.33692392005717,32.336923920057174,51-100,63.40573317658269,High
22487,2011-08,58.0,95.77091072509872,37.77091072509872,51-100,65.12225987085986,High
22487,2011-09,63.0,100.0203635225738,37.02036352257379,51-100,58.76248178186315,High
22487,2011-10,65.0,103.07547634628682,38.07547634628682,51-100,58.57765591736433,High
22487,2011-11,16.0,60.52218850317919,44.52218850317919,11-50,278.2636781448699,High
22488,2011-07,321.0,250.71792395260653,70.28207604739347,101-500,21.89472774062102,Moderate
22488,2011-08,228.0,309.48123972065883,81.48123972065883,101-500,35.737385842394225,Moderate
22488,2011-09,344.0,286.0811782754448,57.91882172455519,101-500,16.83686678039395,Low
22488,2011-10,323.0,310.6138588957522,12.386141104247828,101-500,3.8347186081262628,Low
22488,2011-11,37.0,193.94061951448495,156.94061951448498,11-50,424.1638365256351,High
22489,2011-07,408.0,886.0275240904048,478.0275240904048,101-500,117.16360884568746,High
22489,2011-08,939.0,665.9853513523384,273.0146486476616,501-1000,29.075042454490053,Moderate
22489,2011-09,999.0,955.99440117325,43.00559882674986,501-1000,4.304864747422409,Low
22489,2011-10,999.0,1005.5978593956814,6.597859395681439,501-1000,0.6604463859540981,Low
22489,2011-11,417.0,442.5035743640077,25.503574364007648,101-500,6.115965075301594,Low
22491,2011-07,263.0,291.3078587018596,28.307858701859573,101-500,10.763444373330636,Low
22491,2011-08,195.0,301.90492691278075,106.90492691278077,101-500,54.82303944245167,High
22491,2011-09,223.0,303.9531341946644,80.95313419466436,101-500,36.30185389895263,Moderate
22491,2011-10,477.0,318.9416413703984,158.05835862960163,101-500,33.135924241006634,Moderate
22491,2011-11,31.0,286.5689721776999,255.5689721776999,11-50,824.4160392829028,High
22492,2011-07,1589.0,1719.648831053919,130.6488310539189,1001-5000,8.222078732153488,Low
22492,2011-08,3373.0,1606.4478954339986,1766.5521045660014,1001-5000,52.3733206215832,High
22492,2011-09,3215.0,2178.080375068685,1036.919624931315,1001-5000,32.25255443021197,Moderate
22492,2011-10,3188.0,2447.1779891217893,740.8220108782107,1001-5000,23.23782970132405,Moderate
22492,2011-11,292.0,1958.5450690514945,1666.5450690514942,101-500,570.7346126888679,High
22493,2011-07,835.0,123.83114512989636,711.1688548701036,501-1000,85.16992273893456,High
22493,2011-08,103.0,467.8076863841648,364.8076863841648,101-500,354.18221979045126,High
22493,2011-09,185.0,157.94024293607353,27.05975706392647,101-500,14.626895710230523,Low
22493,2011-10,204.0,211.2123839497396,7.212383949739575,101-500,3.535482328303713,Low
22493,2011-11,99.0,169.215809242651,70.215809242651,51-100,70.92505984106162,High
22494,2011-07,46.0,127.37070501203584,81.37070501203583,11-50,176.8928369826866,High
22494,2011-08,91.0,88.42210088358951,2.5778991164104923,51-100,2.8328561718796617,Low
22494,2011-09,45.0,111.40775016272116,66.40775016272116,11-50,147.57277813938035,High
22494,2011-10,94.0,88.42210088358951,5.577899116410492,51-100,5.933935230223928,Low
22494,2011-11,15.0,74.79487785549364,59.79487785549364,11-50,398.6325190366243,High
22495,2011-07,3.0,30.07356861521602,27.07356861521602,0-10,902.4522871738674,High
22495,2011-08,29.0,24.672983338771957,4.327016661228047,11-50,14.920747107682923,Low
22495,2011-09,15.0,62.6480965284468,47.6480965284468,11-50,317.653976856312,High
22495,2011-10,25.0,33.8248424603666,8.824842460366597,11-50,35.29936984146639,Moderate
22495,2011-11,98.0,35.091673940890246,62.90832605910976,51-100,64.19216944807118,High
22496,2011-07,8.0,24.838019918899004,16.838019918899004,0-10,210.47524898623755,High
22496,2011-08,18.0,30.07356861521602,12.073568615216018,11-50,67.07538119564454,High
22496,2011-09,26.0,34.47809944627858,8.478099446278577,11-50,32.608074793379146,Moderate
22496,2011-10,25.0,67.76177606752802,42.76177606752802,11-50,171.04710427011207,High
22496,2011-11,111.0,36.517756785690494,74.4822432143095,101-500,67.10112001289144,High
22497,2011-07,20.0,26.344054625161487,6.344054625161487,11-50,31.720273125807434,Moderate
22497,2011-08,19.0,34.954573688772854,15.954573688772854,11-50,83.97144046722555,High
22497,2011-09,8.0,32.393683582263094,24.39368358226309,0-10,304.9210447782886,High
22497,2011-10,5.0,25.7320019691776,20.7320019691776,0-10,414.64003938355194,High
22497,2011-11,1.0,17.630173138952713,16.630173138952713,0-10,1663.0173138952714,High
22498,2011-07,19.0,81.08323972781099,62.08323972781099,11-50,326.7538933042684,High
22498,2011-08,8.0,44.905541822002114,36.905541822002114,0-10,461.31927277502643,High
22498,2011-09,15.0,26.78491845970312,11.784918459703118,11-50,78.56612306468746,High
22498,2011-10,17.0,26.37424668762,9.37424668762,11-50,55.14262757423529,High
22498,2011-11,3.0,20.90138002738753,17.901380027387532,0-10,596.7126675795844,High
22499,2011-07,35.0,238.743888663875,203.743888663875,11-50,582.1253961824999,High
22499,2011-08,28.0,100.96810541802266,72.96810541802266,11-50,260.60037649293804,High
22499,2011-09,21.0,100.96622331271192,79.96622331271193,11-50,380.79153958434256,High
22499,2011-10,46.0,68.45837295110395,22.458372951103957,11-50,48.822549893704256,Moderate
22499,2011-11,23.0,45.00912027232769,22.00912027232769,11-50,95.69182727098995,High
22500,2011-07,9.0,26.344054625161487,17.344054625161487,0-10,192.71171805734986,High
22500,2011-08,11.0,20.894622108085866,9.894622108085862,11-50,89.95111007350783,High
22500,2011-09,12.0,25.235102884688605,13.235102884688605,11-50,110.29252403907171,High
22500,2011-10,11.0,26.736376736688747,15.736376736688747,11-50,143.05797033353406,High
22500,2011-11,91.0,19.969890558623295,71.03010944137671,51-100,78.05506532019419,High
22501,2011-07,35.0,221.19505940980537,186.19505940980537,11-50,531.9858840280153,High
22501,2011-08,8.0,121.69554350768784,113.69554350768784,0-10,1421.1942938460982,High
22501,2011-09,45.0,73.22768823898207,28.22768823898207,11-50,62.72819608662682,High
22501,2011-10,16.0,56.95823896028869,40.95823896028869,11-50,255.98899350180432,High
22502,2011-07,29.0,196.32408363390272,167.32408363390272,11-50,576.9795987375956,High
22502,2011-08,7.0,105.37474003466778,98.37474003466778,0-10,1405.3534290666826,High
22503,2011-07,4.0,25.528387920229484,21.528387920229484,0-10,538.2096980057371,High
22503,2011-08,0.0,25.29113813463597,25.29113813463597,0-10,,
22504,2011-07,4.0,75.87274135439812,71.87274135439812,0-10,1796.8185338599528,High
22504,2011-08,0.0,43.90116705449096,43.90116705449096,0-10,,
22504,2011-11,3.0,32.54334159121871,29.543341591218717,0-10,984.7780530406238,High
22505,2011-07,42.0,104.3813803972123,62.3813803972123,11-50,148.52709618383878,High
22505,2011-08,97.0,87.87686772918883,9.123132270811167,51-100,9.405291000836256,Low
22505,2011-09,107.0,110.58620588278929,3.586205882789286,101-500,3.351594282980641,Low
22505,2011-10,152.0,138.04633085422697,13.953669145773034,101-500,9.180045490640154,Low
22505,2011-11,23.0,102.4832057091005,79.4832057091005,11-50,345.5791552569587,High
22507,2011-07,123.0,197.4700722367585,74.47007223675854,101-500,60.544774176226454,High
22507,2011-08,541.0,189.14096132097237,351.85903867902766,501-1000,65.03863931220475,High
22507,2011-09,110.0,511.9319325680951,401.9319325680951,101-500,365.39266597099555,High
22507,2011-10,186.0,209.0388983312943,23.03889833129429,101-500,12.386504479190478,Low
22507,2011-11,50.0,116.7712949825282,66.7712949825282,11-50,133.5425899650564,High
22508,2011-07,71.0,66.39399451217842,4.606005487821577,51-100,6.4873316729881365,Low
22508,2011-08,818.0,106.76029477989056,711.2397052201094,501-1000,86.94861922006227,High
22508,2011-09,82.0,483.22130044807625,401.22130044807625,51-100,489.2942688391174,High
22508,2011-10,138.0,118.94848103422372,19.05151896577628,101-500,13.80544852592484,Low
22508,2011-11,26.0,127.36043581773096,101.36043581773096,11-50,389.847830068196,High
22509,2011-07,3.0,18.880484830624948,15.880484830624948,0-10,529.3494943541649,High
22509,2011-08,5.0,18.880484830624948,13.880484830624948,0-10,277.60969661249896,High
22509,2011-09,7.0,18.880484830624948,11.880484830624948,0-10,169.7212118660707,High
22509,2011-10,13.0,20.894622108085866,7.894622108085862,11-50,60.72786236989125,High
22509,2011-11,111.0,11.58271043995327,99.41728956004673,101-500,89.56512572977182,High
22510,2011-07,0.0,22.77980270700908,22.77980270700908,0-10,,
22510,2011-10,16.0,25.566095008420703,9.566095008420705,11-50,59.788093802629405,High
22510,2011-11,28.0,28.330923067961603,0.3309230679616028,11-50,1.1818680998628672,Low
22511,2011-07,3.0,22.77980270700908,19.77980270700908,0-10,659.3267569003026,High
22511,2011-08,0.0,22.77980270700908,22.77980270700908,0-10,,
22511,2011-11,30.0,35.961160655873186,5.961160655873186,11-50,19.870535519577288,Low
22512,2011-07,4.0,18.880484830624948,14.880484830624948,0-10,372.0121207656237,High
22512,2011-08,8.0,22.77980270700908,14.779802707009082,0-10,184.74753383761353,High
22512,2011-09,7.0,19.32134866516658,12.321348665166578,0-10,176.01926664523683,High
22512,2011-10,12.0,22.20669808101646,10.20669808101646,11-50,85.05581734180385,High
22512,2011-11,26.0,18.61462000834841,7.38537999165159,11-50,28.40530766019842,Moderate
22513,2011-07,10.0,22.77980270700908,12.779802707009082,0-10,127.79802707009082,High
22513,2011-08,13.0,24.395771149244723,11.395771149244723,11-50,87.65977807111327,High
22513,2011-09,13.0,26.736376736688747,13.736376736688747,11-50,105.66443643606729,High
22513,2011-10,10.0,26.736376736688747,16.736376736688747,0-10,167.3637673668875,High
22513,2011-11,58.0,20.62103350359146,37.37896649640854,51-100,64.44649395932507,High
22514,2011-07,4.0,38.64556968125805,34.64556968125805,0-10,866.1392420314513,High
22514,2011-08,3.0,31.126485105741544,28.126485105741544,0-10,937.5495035247181,High
22514,2011-09,4.0,23.662915311205,19.662915311205,0-10,491.57288278012504,High
22514,2011-10,23.0,23.662915311205,0.6629153112050012,11-50,2.8822404835000053,Low
22514,2011-11,14.0,30.420243171463333,16.420243171463333,11-50,117.28745122473809,High
22515,2011-07,1.0,28.469497131392743,27.469497131392743,0-10,2746.949713139274,High
22515,2011-08,4.0,31.126485105741544,27.126485105741544,0-10,678.1621276435386,High
22515,2011-09,6.0,22.77980270700908,16.779802707009082,0-10,279.6633784501514,High
22515,2011-10,18.0,23.662915311205,5.662915311205001,11-50,31.460640617805563,Moderate
22515,2011-11,5.0,18.51674364935011,13.516743649350111,0-10,270.3348729870022,High
22516,2011-07,6.0,27.13011178913449,21.13011178913449,0-10,352.16852981890815,High
22516,2011-08,0.0,24.715831801730516,24.715831801730516,0-10,,
22517,2011-07,7.0,26.90100443699148,19.90100443699148,0-10,284.3000633855926,High
22517,2011-08,4.0,23.662915311205,19.662915311205,0-10,491.57288278012504,High
22517,2011-09,3.0,24.672983338771957,21.672983338771957,0-10,722.4327779590652,High
22517,2011-10,13.0,23.662915311205,10.662915311205,11-50,82.02242547080769,High
22517,2011-11,6.0,18.19146011287176,12.191460112871756,0-10,203.19100188119594,High
22522,2011-07,18.0,90.3133086220646,72.31330862206461,11-50,401.74060345591454,High
22522,2011-08,5.0,55.32342642146716,50.32342642146716,0-10,1006.4685284293432,High
22522,2011-09,34.0,45.69693043771002,11.696930437710025,11-50,34.40273658150007,Moderate
22522,2011-10,18.0,55.37227386402827,37.37227386402827,11-50,207.62374368904597,High
22522,2011-11,1.0,45.38121828185591,44.38121828185591,0-10,4438.121828185591,High
22523,2011-07,18.0,88.07723189129985,70.07723189129985,11-50,389.3179549516658,High
22523,2011-08,5.0,58.068638861557474,53.068638861557474,0-10,1061.3727772311495,High
22523,2011-09,37.0,45.69693043771002,8.696930437710023,11-50,23.505217399216278,Moderate
22523,2011-10,27.0,56.94554730694755,29.945547306947557,11-50,110.90943447017614,High
22523,2011-11,13.0,46.06328581158832,33.063285811588315,11-50,254.3329677814486,High
22526,2011-07,2.0,24.67098495779849,22.67098495779849,0-10,1133.5492478899243,High
22526,2011-08,6.0,25.29113813463597,19.29113813463597,0-10,321.5189689105995,High
22526,2011-09,10.0,20.496453272860588,10.496453272860588,0-10,104.96453272860589,High
22526,2011-10,7.0,20.894622108085866,13.894622108085862,0-10,198.49460154408374,High
22526,2011-11,4.0,20.62103350359146,16.62103350359146,0-10,415.5258375897865,High
22529,2011-07,72.0,74.84781853465259,2.847818534652589,51-100,3.9553035203508182,Low
22529,2011-08,35.0,79.54689533374903,44.54689533374904,11-50,127.27684381071154,High
22529,2011-09,249.0,81.01659713886616,167.98340286113384,101-500,67.46321400045537,High
22529,2011-10,160.0,165.25533892982804,5.255338929828042,101-500,3.284586831142526,Low
22529,2011-11,54.0,97.25990001852242,43.259900018522416,51-100,80.1109259602267,High
22530,2011-07,167.0,117.97883700166145,49.02116299833855,101-500,29.3539898193644,Moderate
22530,2011-08,535.0,177.1148560297952,357.8851439702048,501-1000,66.89441943368314,High
22530,2011-09,475.0,407.7078452450671,67.29215475493294,101-500,14.166769422091145,Low
22530,2011-10,744.0,395.6035847796454,348.3964152203546,501-1000,46.827475164026154,Moderate
22530,2011-11,76.0,270.8470187617664,194.8470187617664,51-100,256.37765626548213,High
22531,2011-07,82.0,249.19385647604156,167.19385647604153,51-100,203.89494692200185,High
22531,2011-08,311.0,174.77709325481305,136.22290674518695,101-500,43.80157773157137,Moderate
22531,2011-09,239.0,318.84207357420536,79.84207357420536,101-500,33.4067253448558,Moderate
22531,2011-10,448.0,294.2182204333247,153.7817795666753,101-500,34.32629008184717,Moderate
22531,2011-11,64.0,216.98570665318505,152.98570665318502,51-100,239.0401666456016,High
22532,2011-07,36.0,160.35766855344693,124.35766855344691,11-50,345.4379682040192,High
22532,2011-08,258.0,139.93351608019512,118.06648391980488,101-500,45.762203069691815,Moderate
22532,2011-09,125.0,180.563015704516,55.563015704516005,101-500,44.4504125636128,Moderate
22532,2011-10,69.0,160.43130291547948,91.43130291547948,51-100,132.5091346601152,High
22532,2011-11,34.0,70.06761372197697,36.06761372197697,11-50,106.08121682934402,High
22533,2011-07,5.0,163.22828497530372,158.22828497530372,0-10,3164.5656995060745,High
22533,2011-08,230.0,243.6020869652804,13.602086965280364,101-500,5.913950854469723,Low
22533,2011-09,64.0,189.05547002956095,125.05547002956098,51-100,195.39917192118904,High
22533,2011-10,72.0,146.43662586903696,74.43662586903696,51-100,103.38420259588466,High
22533,2011-11,6.0,145.79566985691994,139.79566985691994,0-10,2329.927830948666,High
22534,2011-07,170.0,266.72415217263926,96.72415217263926,101-500,56.89656010155251,High
22534,2011-08,625.0,279.8774551590879,345.1225448409121,501-1000,55.219607174545935,High
22534,2011-09,546.0,493.4612552161477,52.53874478385228,501-1000,9.622480729643275,Low
22534,2011-10,507.0,521.4713270485855,14.471327048585522,501-1000,2.8543051377880713,Low
22534,2011-11,111.0,223.3667357058629,112.36673570586294,101-500,101.23129342870534,High
22535,2011-07,100.0,161.7990579747811,61.79905797478111,51-100,61.7990579747811,High
22535,2011-08,392.0,145.4671867249128,246.5328132750872,101-500,62.8910237946651,High
22535,2011-09,168.0,299.3058165435368,131.30581654353682,101-500,78.15822413305763,High
22535,2011-10,181.0,210.2043791920318,29.20437919203181,101-500,16.13501612819437,Low
22535,2011-11,36.0,124.32248187288984,88.32248187288985,11-50,245.34022742469404,High
22536,2011-07,107.0,266.01882284405,159.01882284404996,101-500,148.61572228415884,High
22536,2011-08,468.0,230.06748455979488,237.93251544020512,101-500,50.84028107696691,High
22536,2011-09,276.0,377.2775269716759,101.27752697167593,101-500,36.69475614915794,Moderate
22536,2011-10,116.0,339.39699536339504,223.39699536339504,101-500,192.58361669258193,High
22536,2011-11,56.0,152.9809499376734,96.9809499376734,51-100,173.18026774584536,High
22537,2011-07,164.0,103.07839475068492,60.92160524931508,101-500,37.1473202739726,Moderate
22537,2011-08,190.0,172.78512776250204,17.214872237497957,101-500,9.060459072367346,Low
22537,2011-09,270.0,195.33211599099064,74.66788400900936,101-500,27.65477185518865,Moderate
22537,2011-10,338.0,274.2435150629875,63.75648493701249,101-500,18.862865365980024,Low
22537,2011-11,40.0,200.34398868152945,160.34398868152942,11-50,400.85997170382353,High
22538,2011-07,3.0,74.84781853465259,71.84781853465259,0-10,2394.9272844884194,High
22538,2011-08,23.0,45.77131292099892,22.771312920998923,11-50,99.00570835216924,High
22538,2011-09,5.0,61.7334619622918,56.7334619622918,0-10,1134.669239245836,High
22538,2011-10,12.0,51.00520204544804,39.00520204544804,11-50,325.04335037873363,High
22538,2011-11,48.0,32.8995576282411,15.100442371758902,11-50,31.459254941164378,Moderate
22539,2011-07,58.0,116.85618279550924,58.85618279550923,51-100,101.4761772336366,High
22539,2011-08,331.0,84.05917393659921,246.9408260634008,101-500,74.60447917323287,High
22539,2011-09,420.0,240.5761759639509,179.4238240360491,101-500,42.71995810382121,Moderate
22539,2011-10,359.0,287.5378027493957,71.46219725060428,101-500,19.905904526630717,Low
22539,2011-11,348.0,194.7801952700032,153.21980472999678,101-500,44.02867952011402,Moderate
22540,2011-07,269.0,116.58713074679116,152.41286925320884,101-500,56.659059201936365,High
22540,2011-08,45.0,193.06216910794183,148.06216910794186,11-50,329.027042462093,High
22540,2011-09,74.0,118.20511441134968,44.20511441134968,51-100,59.73664109641849,High
22540,2011-10,128.0,123.21232570867214,4.7876742913278605,101-500,3.740370540099891,Low
22540,2011-11,251.0,92.74638308290102,158.25361691709898,101-500,63.04924976776852,High
22541,2011-07,5.0,50.26624931308992,45.26624931308992,0-10,905.3249862617985,High
22541,2011-08,12.0,47.01193229201952,35.01193229201952,11-50,291.76610243349603,High
22541,2011-09,49.0,46.5231337283841,2.476866271615897,11-50,5.054829125746728,Low
22541,2011-10,31.0,73.59207620481402,42.59207620481402,11-50,137.3937942090775,High
22541,2011-11,7.0,66.78604582063561,59.78604582063561,0-10,854.086368866223,High
22543,2011-07,25.0,101.97264096668736,76.97264096668736,11-50,307.89056386674946,High
22543,2011-08,52.0,122.09742072435394,70.09742072435394,51-100,134.80273216221912,High
22543,2011-09,267.0,76.6048742129894,190.3951257870106,101-500,71.30903587528488,High
22543,2011-10,10.0,166.54109604213355,156.54109604213355,0-10,1565.4109604213354,High
22543,2011-11,126.0,83.28272585232229,42.71727414767771,101-500,33.90259852990295,Moderate
22544,2011-07,371.0,129.8670064724687,241.1329935275313,101-500,64.99541604515669,High
22544,2011-08,370.0,238.0913364928182,131.9086635071818,101-500,35.650990137076164,Moderate
22544,2011-09,406.0,293.63376753086345,112.36623246913656,101-500,27.676411938210975,Moderate
22544,2011-10,484.0,296.15772031276555,187.84227968723445,101-500,38.81038836513109,Moderate
22544,2011-11,597.0,263.89364365914463,333.10635634085537,501-1000,55.796709604833396,High
22545,2011-07,56.0,85.37730795973062,29.37730795973061,51-100,52.45947849951895,High
22545,2011-08,76.0,94.52499041004155,18.524990410041568,51-100,24.37498738163364,Moderate
22545,2011-09,247.0,102.69005379344436,144.30994620655565,101-500,58.42507943585249,High
22545,2011-10,48.0,166.93926487735885,118.93926487735884,11-50,247.79013516116427,High
22545,2011-11,168.0,73.48290753634708,94.51709246365292,101-500,56.260174085507686,High
22546,2011-07,76.0,91.7386205083396,15.738620508339608,51-100,20.708711195183692,Moderate
22546,2011-08,55.0,88.58063417759476,33.58063417759476,51-100,61.055698504717746,High
22546,2011-09,362.0,94.4442261604528,267.5557738395472,101-500,73.91043476230587,High
22546,2011-10,323.0,276.9233541980996,46.07664580190038,101-500,14.26521541854501,Low
22546,2011-11,127.0,192.9756409779125,65.97564097791249,101-500,51.949323604655504,High
22547,2011-07,83.0,76.61045442993483,6.389545570065167,51-100,7.698247674777309,Low
22547,2011-08,33.0,92.4091225056456,59.40912250564561,11-50,180.02764395650186,High
22547,2011-09,9.0,80.1303768003356,71.1303768003356,0-10,790.3375200037289,High
22547,2011-10,56.0,55.68098423877309,0.3190157612269075,51-100,0.5696710021909063,Low
22547,2011-11,181.0,49.31018407688981,131.6898159231102,101-500,72.75680437740894,High
22548,2011-07,72.0,186.95672456546177,114.95672456546176,51-100,159.6621174520302,High
22548,2011-08,605.0,136.06231837137096,468.937681628629,501-1000,77.51036059977339,High
22548,2011-09,113.0,429.5957679548188,316.5957679548188,101-500,280.17324597771574,High
22548,2011-10,75.0,179.28205821590615,104.28205821590616,51-100,139.04274428787488,High
22549,2011-07,63.0,161.52413965165616,98.52413965165616,51-100,156.3875232565971,High
22549,2011-08,277.0,107.33010807911845,169.66989192088158,101-500,61.25266856349516,High
22549,2011-09,343.0,250.97950274660943,92.02049725339056,101-500,26.828133310026402,Moderate
22549,2011-10,757.0,297.5229024666369,459.4770975333631,501-1000,60.6971066754773,High
22549,2011-11,201.0,305.9469527993484,104.94695279934842,101-500,52.21241432803404,High
22550,2011-07,15.0,112.89428684389524,97.89428684389524,11-50,652.6285789593016,High
22550,2011-08,139.0,59.880725300515,79.119274699485,101-500,56.92034151042087,High
22550,2011-09,113.0,137.78189942899257,24.781899428992546,101-500,21.93088445043588,Moderate
22550,2011-10,80.0,139.82024408801468,59.82024408801468,51-100,74.77530511001835,High
22550,2011-11,25.0,75.23663338307185,50.23663338307185,11-50,200.9465335322874,High
22551,2011-07,588.0,520.55162293405,67.44837706595001,501-1000,11.470812426181975,Low
22551,2011-08,707.0,486.0008181568894,220.9991818431106,501-1000,31.25872444739895,Moderate
22551,2011-09,668.0,698.2198734028458,30.219873402845792,501-1000,4.523933144138591,Low
22551,2011-10,1249.0,710.0853708005548,538.9146291994452,1001-5000,43.14768848674502,Moderate
22551,2011-11,247.0,544.3556592869004,297.3556592869004,101-500,120.3869065938868,High
22553,2011-07,338.0,231.44480267988857,106.55519732011145,101-500,31.525206307725277,Moderate
22553,2011-08,545.0,297.58574410162777,247.41425589837223,501-1000,45.397111174013254,Moderate
22553,2011-09,592.0,521.4951973169,70.50480268310002,501-1000,11.90959504782095,Low
22553,2011-10,622.0,555.9402721506661,66.05972784933385,501-1000,10.620535024008658,Low
22553,2011-11,166.0,284.44990404618784,118.44990404618784,101-500,71.35536388324569,High
22554,2011-07,362.0,574.4040436129768,212.4040436129768,101-500,58.675150169330614,High
22554,2011-08,884.0,456.9780300275507,427.0219699724493,501-1000,48.30565271181553,Moderate
22554,2011-09,789.0,780.7578369434342,8.2421630565658,501-1000,1.0446341009589102,Low
22554,2011-10,1173.0,912.7382428086185,260.26175719138166,1001-5000,22.187703085369282,Moderate
22554,2011-11,181.0,532.8187096192346,351.8187096192346,101-500,194.37497769018486,High
22555,2011-07,342.0,280.3804348394505,61.619565160549485,101-500,18.01741671361096,Low
22555,2011-08,733.0,401.46528973890105,331.5347102610989,501-1000,45.22983768909944,Moderate
22555,2011-09,540.0,636.2828696620211,96.28286966202108,501-1000,17.830161048522424,Low
22555,2011-10,643.0,619.2140777812871,23.785922218712926,501-1000,3.699210298400144,Low
22555,2011-11,172.0,304.16682877672304,132.16682877672304,101-500,76.8411795213506,High
22556,2011-07,413.0,391.3003077462909,21.699692253709088,101-500,5.254162773295179,Low
22556,2011-08,621.0,403.2237619704799,217.77623802952007,501-1000,35.06863736385186,Moderate
22556,2011-09,580.0,574.5991297280491,5.400870271950907,501-1000,0.9311845296467081,Low
22556,2011-10,735.0,639.730493688863,95.26950631113698,501-1000,12.96183759335197,Low
22556,2011-11,228.0,320.33934995777065,92.33934995777064,101-500,40.499714893759055,Moderate
22557,2011-07,412.0,270.587049722298,141.412950277702,101-500,34.323531620801454,Moderate
22557,2011-08,450.0,294.634391174905,155.36560882509502,101-500,34.52569085002112,Moderate
22557,2011-09,458.0,479.6633032781341,21.66330327813404,101-500,4.729978881688655,Low
22557,2011-10,599.0,513.0786619737601,85.92133802623994,501-1000,14.34412988751919,Low
22557,2011-11,166.0,236.3565313439406,70.35653134394059,101-500,42.38345261683168,Moderate
22558,2011-07,397.0,736.183549176052,339.183549176052,101-500,85.43666226097028,High
22558,2011-08,1017.0,648.130433874342,368.869566125658,1001-5000,36.27036048433215,Moderate
22558,2011-09,523.0,856.8610012528396,333.8610012528396,501-1000,63.83575549767488,High
22558,2011-10,634.0,811.907157905117,177.90715790511695,501-1000,28.061065915633588,Moderate
22558,2011-11,290.0,416.81810927743896,126.81810927743896,101-500,43.73038250946171,Moderate
22559,2011-07,20.0,65.24929349701411,45.24929349701411,11-50,226.24646748507055,High
22559,2011-08,13.0,64.49072109598154,51.49072109598154,11-50,396.0824699690888,High
22559,2011-09,6.0,32.71870211175029,26.71870211175029,0-10,445.3117018625048,High
22559,2011-10,28.0,31.126485105741544,3.126485105741544,11-50,11.16601823479123,Low
22559,2011-11,3.0,30.420243171463333,27.420243171463333,0-10,914.0081057154445,High
22560,2011-07,590.0,448.60543098034174,141.39456901965826,501-1000,23.965181189772586,Moderate
22560,2011-08,866.0,475.3103869083363,390.6896130916637,501-1000,45.114274029060475,Moderate
22560,2011-09,745.0,610.6061082242675,134.39389177573253,501-1000,18.039448560501008,Low
22560,2011-10,1307.0,818.952978904337,488.047021095663,1001-5000,37.34101156049449,Moderate
22560,2011-11,954.0,545.200285810279,408.799714189721,501-1000,42.85112308068354,Moderate
22561,2011-07,1176.0,226.3156170645332,949.6843829354668,1001-5000,80.75547473941045,High
22561,2011-08,682.0,611.4622297460477,70.53777025395232,501-1000,10.342781562163097,Low
22561,2011-09,582.0,683.4374082592487,101.43740825924874,501-1000,17.429107948324525,Low
22561,2011-10,847.0,699.1950142654255,147.80498573457453,501-1000,17.450411538910807,Low
22561,2011-11,302.0,480.95994964984845,178.95994964984845,101-500,59.25826147345975,High
22562,2011-07,94.0,84.82365826400368,9.176341735996315,51-100,9.762065676591824,Low
22562,2011-08,252.0,112.28168586080304,139.71831413919696,101-500,55.44377545206228,High
22562,2011-09,144.0,215.15840288899423,71.15840288899426,101-500,49.41555756180157,Moderate
22562,2011-10,223.0,163.12185499743077,59.87814500256923,101-500,26.851186099806828,Moderate
22562,2011-11,93.0,90.37755315692594,2.6224468430740586,51-100,2.8198353151333966,Low
22563,2011-07,110.0,202.25755279763405,92.25755279763403,101-500,83.87050254330367,High
22563,2011-08,259.0,163.6184252090348,95.3815747909652,101-500,36.82686285365452,Moderate
22563,2011-09,280.0,238.2037094688724,41.79629053112762,101-500,14.927246618259863,Low
22563,2011-10,306.0,270.33797056847857,35.66202943152143,101-500,11.654257984157331,Low
22563,2011-11,343.0,175.37169501346153,167.62830498653847,101-500,48.87122594359722,Moderate
22564,2011-07,969.0,100.266486857307,868.733513142693,501-1000,89.65258133567524,High
22564,2011-08,119.0,463.80154122998033,344.8015412299804,101-500,289.7491943109079,High
22564,2011-09,93.0,192.30960057782625,99.30960057782625,51-100,106.7845167503508,High
22564,2011-10,556.0,220.87855505025288,335.1214449497471,501-1000,60.27364117801207,High
22564,2011-11,58.0,239.20555686100568,181.20555686100568,51-100,312.42337389828566,High
22565,2011-07,67.0,65.89920910701983,1.1007908929801715,51-100,1.6429714820599577,Low
22565,2011-08,45.0,101.5672403449469,56.567240344946896,11-50,125.70497854432642,High
22565,2011-09,88.0,76.76051030963977,11.23948969036023,51-100,12.772147375409352,Low
22565,2011-10,179.0,111.3143901973535,67.6856098026465,101-500,37.81318983388072,Moderate
22565,2011-11,23.0,107.13396157441916,84.13396157441917,11-50,365.7998329322573,High
22566,2011-07,38.0,64.45342645470419,26.453426454704186,11-50,69.61428014395838,High
22566,2011-08,42.0,67.36087429221072,25.360874292210724,11-50,60.38303402907316,High
22566,2011-09,82.0,73.77112199283728,8.22887800716272,51-100,10.035217081905756,Low
22566,2011-10,243.0,110.83490576986956,132.16509423013042,101-500,54.388927666720335,High
22566,2011-11,46.0,107.05564582255856,61.055645822558574,11-50,132.72966483164907,High
22567,2011-07,203.0,88.8348457745119,114.1651542254881,101-500,56.238992229304486,High
22567,2011-08,119.0,187.3049087803172,68.30490878031722,101-500,57.39908300866994,High
22567,2011-09,209.0,157.79707300943628,51.202926990563725,101-500,24.499008129456328,Moderate
22567,2011-10,120.0,198.27775138427717,78.27775138427714,101-500,65.23145948689762,High
22567,2011-11,34.0,112.79789481482211,78.79789481482213,11-50,231.75851416124152,High
22568,2011-07,403.0,182.13100332555385,220.86899667444612,101-500,54.80620264874594,High
22568,2011-08,231.0,286.6787613865091,55.67876138650911,101-500,24.103359907579698,Moderate
22568,2011-09,859.0,252.08648211416863,606.9135178858313,501-1000,70.65349451523065,High
22568,2011-10,468.0,729.157375410376,261.15737541037595,101-500,55.802857993670074,High
22568,2011-11,24.0,245.71536109902715,221.71536109902715,11-50,923.8140045792799,High
22569,2011-07,366.0,164.5025378352745,201.4974621647255,101-500,55.05395141112719,High
22569,2011-08,280.0,274.23520227299736,5.7647977270026445,101-500,2.0588563310723726,Low
22569,2011-09,513.0,310.4232995596348,202.57670044036524,501-1000,39.488635563424026,Moderate
22570,2011-07,387.0,161.74227132553256,225.25772867446744,101-500,58.206131440430866,High
22570,2011-08,261.0,276.4718948724547,15.471894872454698,101-500,5.927929069906014,Low
22570,2011-09,659.0,287.68427580469194,371.31572419530806,501-1000,56.34532992341549,High
22570,2011-10,41.0,457.2239846793481,416.2239846793481,11-50,1015.1804504374345,High
22571,2011-07,121.0,87.89133379869823,33.10866620130177,101-500,27.362534050662624,Moderate
22571,2011-08,249.0,118.03440382289098,130.96559617710903,101-500,52.59662497072652,High
22571,2011-09,526.0,215.6378873164782,310.3621126835218,501-1000,59.00420393222847,High
22571,2011-10,757.0,544.61329761172,212.38670238828,501-1000,28.056367554594452,Moderate
22571,2011-11,191.0,262.6487969701759,71.64879697017591,101-500,37.51245914668896,Moderate
22572,2011-07,34.0,44.53833961685605,10.53833961685605,11-50,30.99511652016485,Moderate
22572,2011-08,163.0,67.36087429221072,95.63912570778928,101-500,58.67431025017748,High
22572,2011-09,383.0,154.31450313097588,228.6854968690241,101-500,59.70900701541099,High
22572,2011-10,486.0,301.33223958355734,184.66776041644263,101-500,37.99748156716927,Moderate
22573,2011-07,50.0,46.20573330585236,3.7942666941476375,11-50,7.588533388295275,Low
22573,2011-08,789.0,65.86642104649356,723.1335789535065,501-1000,91.65191114746595,High
22573,2011-09,498.0,513.6305347497196,15.630534749719573,101-500,3.1386615963292313,Low
22573,2011-10,731.0,396.509216683391,334.490783316609,501-1000,45.75797309392736,Moderate
22573,2011-11,298.0,256.18345544045104,41.81654455954896,101-500,14.032397503204349,Low
22574,2011-07,44.0,45.31066538613808,1.3106653861380837,11-50,2.9787849684956447,Low
22574,2011-08,192.0,65.86642104649356,126.13357895350644,101-500,65.69457237161794,High
22574,2011-09,361.0,198.94465522827988,162.05534477172012,101-500,44.890677222083134,Moderate
22574,2011-10,918.0,325.32923758062486,592.6707624193751,501-1000,64.56108523086876,High
22574,2011-11,341.0,349.6072508011764,8.607250801176406,101-500,2.524120469553198,Low
22575,2011-08,112.0,47.84058084675586,64.15941915324413,101-500,57.2851956725394,High
22575,2011-09,217.0,117.86857643753802,99.13142356246198,101-500,45.682683669337315,Moderate
22575,2011-10,146.0,177.37635456674187,31.376354566741867,101-500,21.490653812836896,Moderate
22575,2011-11,1.0,97.18262985805418,96.18262985805418,0-10,9618.262985805419,High
22576,2011-07,49.0,58.31087535715609,9.310875357156092,11-50,19.0017864431757,Low
22576,2011-08,110.0,74.99787441435754,35.00212558564246,101-500,31.820114168765873,Moderate
22576,2011-09,300.0,126.70522597390894,173.29477402609106,101-500,57.76492467536368,High
22576,2011-10,542.0,288.674732625126,253.325267374874,501-1000,46.73897922045646,Moderate
22576,2011-11,158.0,218.88386742058972,60.88386742058975,101-500,38.53409330417073,Moderate
22577,2011-07,65.0,83.06437830750623,18.06437830750623,51-100,27.79135124231728,Moderate
22577,2011-08,1300.0,80.59213984078441,1219.4078601592155,1001-5000,93.80060462763196,High
22577,2011-09,3028.0,1336.094844885874,1691.905155114126,1001-5000,55.87533537365014,High
22577,2011-10,5001.0,2817.993037246916,2183.0069627530843,5000+,43.65140897326703,Moderate
22577,2011-11,720.0,2351.225537317325,1631.2255373173252,501-1000,226.55910240518406,High
22578,2011-08,1229.0,60.44035318638146,1168.5596468136189,1001-5000,95.08215189695841,High
22578,2011-09,2354.0,1231.4136252775402,1122.5863747224598,1001-5000,47.68846111820135,Moderate
22578,2011-10,5365.0,1876.107754464031,3488.8922455359693,5000+,65.0306103548177,High
22578,2011-11,1230.0,2471.780242197756,1241.7802421977558,1001-5000,100.95774326811022,High
22579,2011-08,720.0,60.44035318638146,659.5596468136185,501-1000,91.60550650189147,High
22579,2011-09,1707.0,528.2026408774009,1178.7973591225991,1001-5000,69.05667013020499,High
22579,2011-10,2503.0,1492.4266510170107,1010.5733489829892,1001-5000,40.37448457782617,Moderate
22580,2011-07,37.0,47.92611348009141,10.92611348009141,11-50,29.530036432679484,Moderate
22580,2011-08,208.0,71.93510031866747,136.06489968133252,101-500,65.41581715448679,High
22580,2011-09,350.0,189.40952710154303,160.59047289845697,101-500,45.88299225670199,Moderate
22580,2011-10,559.0,366.91165426384384,192.08834573615616,501-1000,34.36285254671845,Moderate
22580,2011-11,89.0,280.74644306619086,191.7464430661909,51-100,215.44544164740552,High
22581,2011-08,159.0,60.44035318638146,98.55964681361854,101-500,61.98719925384813,High
22581,2011-09,346.0,157.62161655798718,188.3783834420128,101-500,54.444619491911205,High
22581,2011-10,521.0,295.4545069584637,225.54549304153625,501-1000,43.29088158186876,Moderate
22581,2011-11,370.0,210.376356390603,159.623643609397,101-500,43.14152529983703,Moderate
22582,2011-07,56.0,152.61653316696837,96.61653316696837,51-100,172.52952351244352,High
22582,2011-08,229.0,83.9085071489015,145.0914928510985,101-500,63.35873050266311,High
22582,2011-09,91.0,151.50045634583162,60.50045634583162,51-100,66.48401796245234,High
22582,2011-10,37.0,124.97884504542992,87.97884504542992,11-50,237.78066228494575,High
22582,2011-11,9.0,53.97136866971859,44.97136866971859,0-10,499.6818741079844,High
22583,2011-07,38.0,81.93887105535609,43.93887105535609,11-50,115.62860804041075,High
22583,2011-08,30.0,59.134670178335725,29.134670178335725,11-50,97.11556726111908,High
22583,2011-09,32.0,58.84663631150514,26.846636311505137,11-50,83.89573847345355,High
22583,2011-10,29.0,70.55232597238523,41.55232597238523,11-50,143.28388266339735,High
22583,2011-11,4.0,36.517756785690494,32.517756785690494,0-10,812.9439196422624,High
22584,2011-07,34.0,157.2115757689575,123.21157576895747,11-50,362.3869875557573,High
22584,2011-08,298.0,93.2311824921684,204.7688175078316,101-500,68.71436829121866,High
22584,2011-09,246.0,225.8193075231214,20.18069247687859,101-500,8.20353352718642,Low
22584,2011-10,270.0,238.8148761358381,31.18512386416191,101-500,11.550045875615522,Low
22584,2011-11,47.0,126.24647623542096,79.24647623542097,11-50,168.609523905151,High
22585,2011-07,119.0,252.2446822956606,133.2446822956606,101-500,111.97032125685764,High
22585,2011-08,457.0,213.43676760137805,243.56323239862195,101-500,53.29611212223675,High
22585,2011-09,1129.0,377.78206516649016,751.2179348335098,1001-5000,66.5383467523038,High
22585,2011-10,790.0,871.7271002220863,81.72710022208628,501-1000,10.345202559757757,Low
22585,2011-11,105.0,433.2453573320672,328.2453573320672,101-500,312.6146260305402,High
22586,2011-07,47.0,83.12800699755961,36.12800699755961,11-50,76.86809999480768,High
22586,2011-08,52.0,75.63500868639407,23.635008686394077,51-100,45.451939781527074,Moderate
22586,2011-09,125.0,75.3960432495828,49.6039567504172,101-500,39.683165400333756,Moderate
22586,2011-10,101.0,135.84824219709424,34.84824219709424,101-500,34.50321009613291,Moderate
22586,2011-11,48.0,77.8103127630916,29.8103127630916,11-50,62.10481825644083,High
22587,2011-07,27.0,47.10729597123951,20.10729597123951,11-50,74.47146656014633,High
22587,2011-08,114.0,55.182911411665295,58.81708858833471,101-500,51.59393735818835,High
22587,2011-09,95.0,123.20885834759558,28.20885834759558,51-100,29.693535102732188,Moderate
22587,2011-10,248.0,119.85638272962,128.14361727038,101-500,51.670813415475806,High
22587,2011-11,68.0,104.58198960249318,36.58198960249318,51-100,53.7970435330782,High
22588,2011-07,69.0,34.26709123002088,34.73290876997912,51-100,50.33754894199872,High
22588,2011-08,119.0,86.7373746523195,32.2626253476805,101-500,27.11144987200042,Moderate
22588,2011-09,122.0,120.10609657121962,1.8939034287803764,101-500,1.5523798596560463,Low
22588,2011-10,131.0,141.53925902902162,10.539259029021622,101-500,8.045235900016506,Low
22588,2011-11,19.0,95.3171250604214,76.3171250604214,11-50,401.66907926537584,High
22589,2011-08,60.0,23.662915311205,36.337084688795,51-100,60.561807814658344,High
22589,2011-09,86.0,76.6708359504927,9.329164049507298,51-100,10.847865173845696,Low
22589,2011-10,126.0,103.72623333902024,22.273766660979742,101-500,17.67759258807916,Low
22589,2011-11,17.0,80.46744626624468,63.46744626624468,11-50,373.337919213204,High
22591,2011-07,3.0,23.662915311205,20.662915311205,0-10,688.7638437068333,High
22591,2011-08,107.0,23.662915311205,83.337084688795,101-500,77.8851258773785,High
22591,2011-09,83.0,103.85838655971293,20.858386559712912,51-100,25.130586216521582,Moderate
22591,2011-10,175.0,103.72623333902024,71.27376666097975,101-500,40.727866663417,Moderate
22591,2011-11,11.0,114.75901963156257,103.75901963156257,11-50,943.263814832387,High
22592,2011-08,122.0,48.196500980760455,73.80349901923955,101-500,60.49467132724553,High
22592,2011-09,130.0,127.92670482892537,2.073295171074633,101-500,1.5948424392881793,Low
22592,2011-10,271.0,152.0438904046928,118.9561095953072,101-500,43.895243393102284,Moderate
22592,2011-11,68.0,143.09955687218545,75.09955687218545,51-100,110.44052481203741,High
22593,2011-07,12.0,72.90763437718002,60.90763437718002,11-50,507.5636198098334,High
22593,2011-08,319.0,60.44035318638146,258.55964681361854,101-500,81.05318081931617,High
22593,2011-09,528.0,290.16974422282203,237.830255777178,501-1000,45.04360904870796,Moderate
22593,2011-10,694.0,439.8200001150154,254.17999988498465,501-1000,36.62536021397473,Moderate
22593,2011-11,163.0,282.67937771966047,119.67937771966048,101-500,73.42293111635612,High
22594,2011-07,156.0,73.59838479447032,82.40161520552968,101-500,52.82154820867287,High
22594,2011-08,286.0,123.51620387798376,162.48379612201626,101-500,56.81251612657911,High
22594,2011-09,301.0,246.15446057516948,54.84553942483052,101-500,18.221109443465288,Low
22594,2011-10,773.0,305.9185477736538,467.0814522263462,501-1000,60.42450869681063,High
22594,2011-11,108.0,320.91129216074535,212.91129216074532,101-500,197.14008533402344,High
22595,2011-07,215.0,202.05479846357048,12.945201536429522,101-500,6.021023970432336,Low
22595,2011-08,682.0,247.1427819703993,434.8572180296007,501-1000,63.76205542956021,High
22595,2011-09,2653.0,615.1959128927555,2037.8040871072444,1001-5000,76.8113112366093,High
22595,2011-10,953.0,2296.631531671112,1343.631531671112,501-1000,140.98966754156476,High
22595,2011-11,97.0,803.008848973649,706.008848973649,51-100,727.8441741996381,High
22596,2011-07,104.0,157.85945857230453,53.85945857230453,101-500,51.78794093490821,High
22596,2011-08,635.0,126.90391207617768,508.0960879238223,501-1000,80.01513195650746,High
22596,2011-09,837.0,480.5835538152195,356.4164461847805,501-1000,42.58261005791882,Moderate
22596,2011-10,890.0,724.179304408705,165.82069559129502,501-1000,18.631538830482587,Low
22596,2011-11,807.0,350.02844916745846,456.9715508325416,501-1000,56.62596664591594,High
22597,2011-07,3.0,83.550727412331,80.550727412331,0-10,2685.0242470777002,High
22597,2011-08,318.0,60.44035318638146,257.55964681361854,101-500,80.99359962692407,High
22597,2011-09,653.0,262.7202532504137,390.2797467495863,501-1000,59.76718939503619,High
22597,2011-10,1275.0,472.88084826911177,802.1191517308882,1001-5000,62.91130601810888,High
22597,2011-11,290.0,562.068527058544,272.068527058544,101-500,93.81673346846345,High
22598,2011-07,0.0,25.404259806249208,25.404259806249208,0-10,,
22598,2011-10,392.0,301.0837183083438,90.9162816916562,101-500,23.19292900297352,Moderate
22598,2011-11,98.0,216.0486492602396,118.04864926023956,51-100,120.45780536759139,High
22599,2011-07,0.0,25.404259806249208,25.404259806249208,0-10,,
22599,2011-10,836.0,443.479036738248,392.52096326175206,501-1000,46.95226833274546,Moderate
22599,2011-11,237.0,375.4985459055985,138.49854590559852,101-500,58.43820502345929,High
22600,2011-07,53.0,60.28922718606683,7.289227186066832,51-100,13.753258841635532,Low
22600,2011-08,241.0,75.3960432495828,165.60395675041718,101-500,68.71533475121045,High
22600,2011-09,443.0,193.8507023472049,249.1492976527951,101-500,56.24137644532621,High
22600,2011-10,455.0,332.4989978735942,122.5010021264058,101-500,26.923297170638637,Moderate
22600,2011-11,148.0,192.939956407544,44.939956407544,101-500,30.364835410502707,Moderate
22601,2011-07,196.0,55.944303220825056,140.05569677917495,101-500,71.45698815264028,High
22601,2011-08,890.0,136.4348596395651,753.565140360435,501-1000,84.6702404899365,High
22601,2011-09,518.0,498.81608451555024,19.18391548444976,501-1000,3.703458587731614,Low
22601,2011-10,455.0,467.0336867334266,12.033686733426578,101-500,2.6447663150388085,Low
22601,2011-11,130.0,187.5553684689838,57.5553684689838,101-500,44.27336036075677,Moderate
22602,2011-07,127.0,168.69445790722963,41.69445790722963,101-500,32.830281816716244,Moderate
22602,2011-08,286.0,161.28798514775468,124.71201485224532,101-500,43.60559959868717,Moderate
22602,2011-09,427.0,257.0425233039198,169.95747669608022,101-500,39.80268775083846,Moderate
22602,2011-10,399.0,308.4747111306645,90.5252888693355,101-500,22.68804232314173,Moderate
22602,2011-11,132.0,191.712071510722,59.712071510721984,101-500,45.23641781115302,Moderate
22603,2011-07,175.0,42.96506617393677,132.03493382606322,101-500,75.44853361489328,High
22603,2011-08,177.0,136.03669080433983,40.96330919566017,101-500,23.143112539921002,Moderate
22603,2011-09,358.0,181.0414584139113,176.9585415860887,101-500,49.42976021957785,Moderate
22603,2011-10,426.0,304.29999329927097,121.70000670072903,101-500,28.568076690311976,Moderate
22603,2011-11,95.0,187.9535213462057,92.95352134620572,51-100,97.84581194337444,High
22604,2011-07,28.0,59.482556465289726,31.48255646528973,11-50,112.43770166174902,High
22604,2011-08,14.0,59.12651850636171,45.12651850636171,11-50,322.3322750454408,High
22604,2011-09,77.0,40.65366391878617,36.34633608121383,51-100,47.20303387170627,Moderate
22604,2011-10,91.0,91.22846046082223,0.2284604608222338,51-100,0.2510554514530042,Low
22604,2011-11,33.0,62.66849737417038,29.66849737417038,11-50,89.90453749748599,High
22605,2011-07,79.0,122.91884510191372,43.91884510191373,51-100,55.593474812549026,High
22605,2011-08,24.0,106.52062865054076,82.52062865054077,11-50,343.8359527105865,High
22605,2011-09,31.0,88.38760045548628,57.38760045548628,11-50,185.12129179189122,High
22605,2011-10,54.0,67.09997645853603,13.099976458536034,51-100,24.25921566395562,Moderate
22605,2011-11,23.0,46.43520311712794,23.43520311712794,11-50,101.89218746577366,High
22606,2011-07,34.0,65.51319237902725,31.513192379027245,11-50,92.68585993831543,High
22606,2011-08,8.0,71.93510031866747,63.935100318667466,0-10,799.1887539833433,High
22606,2011-09,10.0,40.51995530595943,30.519955305959428,0-10,305.1995530595943,High
22606,2011-10,1.0,24.361818586015357,23.361818586015357,0-10,2336.1818586015356,High
22606,2011-11,4.0,20.834917324350076,16.834917324350073,0-10,420.8729331087518,High
22607,2011-07,84.0,152.7669456625117,68.76694566251169,51-100,81.8654115029901,High
22607,2011-08,32.0,130.54579616906753,98.54579616906751,11-50,307.95561302833596,High
22607,2011-09,13.0,90.28635802887544,77.28635802887543,11-50,594.5104463759649,High
22607,2011-10,67.0,36.75737899773358,30.242621002266414,51-100,45.13824030189017,Moderate
22607,2011-11,42.0,55.40170832594861,13.401708325948611,11-50,31.90882934749669,Moderate
22608,2011-07,447.0,574.7834990666457,127.78349906664572,101-500,28.586912542873762,Moderate
22608,2011-08,456.0,546.9206987778373,90.92069877783727,101-500,19.938749731981858,Low
22608,2011-09,486.0,604.6424405171833,118.64244051718332,101-500,24.412024797774347,Moderate
22608,2011-10,681.0,544.1912061765403,136.80879382345972,501-1000,20.089397037218756,Moderate
22608,2011-11,141.0,354.1033285795774,213.1033285795774,101-500,151.1371124677854,High
22609,2011-07,360.0,530.0274466672818,170.02744666728177,101-500,47.22984629646716,Moderate
22609,2011-08,549.0,435.9819949938648,113.01800500613518,501-1000,20.586157560316064,Moderate
22609,2011-09,480.0,654.1431206612824,174.1431206612824,101-500,36.279816804433835,Moderate
22609,2011-10,1228.0,538.966265914451,689.033734085549,1001-5000,56.11023893204796,High
22609,2011-11,117.0,492.4881201071324,375.4881201071324,101-500,320.9300171855832,High
22610,2011-07,541.0,968.3435531050228,427.3435531050229,501-1000,78.99141462200055,High
22610,2011-08,973.0,663.5165957796542,309.48340422034585,501-1000,31.80713301339628,Moderate
22610,2011-09,1404.0,827.4961178784487,576.5038821215513,1001-5000,41.061530065637555,Moderate
22610,2011-10,1658.0,1320.2758980077513,337.72410199224873,1001-5000,20.36936682703551,Moderate
22610,2011-11,252.0,591.5072493723944,339.5072493723944,101-500,134.7250989572994,High
22611,2011-08,0.0,28.03635057472629,28.03635057472629,0-10,,
22613,2011-07,48.0,99.4363080315747,51.4363080315747,11-50,107.15897506578062,High
22613,2011-08,122.0,80.9800961154072,41.01990388459279,101-500,33.62287203655147,Moderate
22613,2011-09,79.0,141.27932859578289,62.279328595782886,51-100,78.83459315921884,High
22613,2011-10,54.0,113.02358493570212,59.02358493570213,51-100,109.30293506611505,High
22613,2011-11,42.0,59.45772424673421,17.45772424673421,11-50,41.56601011127193,Moderate
22614,2011-07,192.0,206.87824586044724,14.878245860447237,101-500,7.749086385649602,Low
22614,2011-08,615.0,226.38328808213265,388.61671191786735,501-1000,63.189709254937775,High
22614,2011-09,277.0,478.1522847337035,201.15228473370348,101-500,72.61815333346696,High
22614,2011-10,298.0,282.552972347839,15.447027652161012,101-500,5.183566326228528,Low
22614,2011-11,78.0,150.29017381639085,72.29017381639085,51-100,92.6797100210139,High
22615,2011-07,146.0,160.3204625174301,14.320462517430087,101-500,9.808535970842525,Low
22615,2011-08,248.0,178.54274135772454,69.45725864227546,101-500,28.00695912994978,Moderate
22615,2011-09,259.0,217.9513969974834,41.048603002516586,101-500,15.848881468153122,Low
22615,2011-10,80.0,210.81340612833608,130.81340612833606,51-100,163.51675766042007,High
22615,2011-11,33.0,89.09774522696097,56.09774522696097,11-50,169.9931673544272,High
22616,2011-07,2444.0,1670.1362005429066,773.8637994570934,1001-5000,31.66382158171413,Moderate
22616,2011-08,1600.0,1892.0489629776923,292.0489629776923,1001-5000,18.25306018610577,Low
22616,2011-09,1553.0,1883.1372174175588,330.1372174175588,1001-5000,21.25803074163289,Moderate
22616,2011-10,2979.0,1976.529002928283,1002.470997071717,1001-5000,33.65125871338426,Moderate
22616,2011-11,623.0,1344.3066851245908,721.3066851245908,501-1000,115.77956422545599,High
22617,2011-07,127.0,110.85475715802788,16.145242841972134,101-500,12.712789639348138,Low
22617,2011-08,135.0,152.47995875068065,17.47995875068065,101-500,12.948117593096779,Low
22617,2011-09,197.0,193.0314695312629,3.9685304687371,101-500,2.0144824714401524,Low
22617,2011-10,679.0,254.14427127229476,424.8557287277053,501-1000,62.570799518071475,High
22617,2011-11,107.0,362.95577820891,255.95577820891,101-500,239.21100767187852,High
22619,2011-07,246.0,138.1933559450606,107.8066440549394,101-500,43.823839046723336,Moderate
22619,2011-08,205.0,178.13225147007918,26.867748529920817,101-500,13.106218795083324,Low
22619,2011-09,267.0,216.5004962685501,50.49950373144989,101-500,18.913671809531795,Low
22619,2011-10,419.0,299.33785500183643,119.66214499816355,101-500,28.558984486435218,Moderate
22619,2011-11,197.0,211.777003146556,14.777003146555984,101-500,7.501016825662936,Low
22620,2011-07,223.0,398.59125902100544,175.59125902100544,101-500,78.74047489731186,High
22620,2011-08,254.0,309.9033703488997,55.90337034889973,101-500,22.00920092476367,Moderate
22620,2011-09,477.0,343.8659556437276,133.1340443562724,101-500,27.91070112290826,Moderate
22620,2011-10,674.0,515.3004874242009,158.69951257579908,501-1000,23.545921747151198,Moderate
22620,2011-11,181.0,263.4175822296545,82.4175822296545,101-500,45.53457581748867,Moderate
22621,2011-07,534.0,314.8657186888641,219.13428131113585,501-1000,41.03638226800297,Moderate
22621,2011-08,520.0,405.21136507197417,114.78863492802584,501-1000,22.074737486158817,Moderate
22621,2011-09,778.0,556.1094422452431,221.89055775475688,501-1000,28.52063724354202,Moderate
22621,2011-10,1425.0,906.725037249057,518.274962750943,1001-5000,36.37017282462758,Moderate
22621,2011-11,324.0,586.0824078930939,262.0824078930939,101-500,80.88963206576972,High
22622,2011-07,50.0,85.2947027074488,35.294702707448806,11-50,70.58940541489761,High
22622,2011-08,154.0,81.8257846330605,72.1742153669395,101-500,46.866373614895785,Moderate
22622,2011-09,110.0,157.3496051265187,47.349605126518696,101-500,43.045095569562456,Moderate
22622,2011-10,194.0,128.10406609088938,65.89593390911062,101-500,33.9669762418096,Moderate
22622,2011-11,40.0,118.3099678720411,78.3099678720411,11-50,195.77491968010276,High
22623,2011-07,118.0,56.99830148184939,61.00169851815061,101-500,51.696354676398826,High
22623,2011-08,132.0,116.77288871124058,15.227111288759415,101-500,11.535690370272285,Low
22623,2011-09,154.0,148.71068254471382,5.289317455286181,101-500,3.434621724211806,Low
22623,2011-10,126.0,199.85265705545888,73.85265705545888,101-500,58.61321988528483,High
22623,2011-11,18.0,91.16987852052164,73.16987852052165,11-50,406.49932511400914,High
22624,2011-07,198.0,160.07743533195404,37.922564668045965,101-500,19.15281043840705,Low
22624,2011-08,231.0,239.25062964359617,8.25062964359617,101-500,3.5717011444139266,Low
22624,2011-09,206.0,313.7156043374488,107.71560433744878,101-500,52.28912831914989,High
22624,2011-10,154.0,366.539663003744,212.53966300374395,101-500,138.01276818424932,High
22624,2011-11,69.0,112.70000145370008,43.70000145370007,51-100,63.33333544014502,High
22625,2011-07,144.0,123.16355454742424,20.836445452575745,101-500,14.469753786510934,Low
22625,2011-08,201.0,204.2807929893149,3.280792989314904,101-500,1.6322353180671163,Low
22625,2011-09,139.0,234.26393376336003,95.26393376336004,101-500,68.53520414630219,High
22625,2011-10,147.0,219.70790405904796,72.70790405904793,101-500,49.46115922384213,Moderate
22625,2011-11,52.0,102.79131644016704,50.79131644016704,51-100,97.67560853878277,High
22626,2011-07,51.0,43.2806205652566,7.719379434743402,51-100,15.136038107340005,Low
22626,2011-08,23.0,69.4322882868909,46.432288286890895,11-50,201.87951429082997,High
22626,2011-09,59.0,73.56002157541299,14.56002157541299,51-100,24.678002670191507,Moderate
22626,2011-10,26.0,72.33426561709787,46.33426561709787,11-50,178.20871391191488,High
22626,2011-11,24.0,42.9446917034242,18.9446917034242,11-50,78.93621543093417,High
22627,2011-07,88.0,83.98521705801797,4.014782941982034,51-100,4.5622533431614025,Low
22627,2011-08,131.0,122.13868943294926,8.861310567050737,101-500,6.764359211489111,Low
22627,2011-09,92.0,155.1206184827519,63.12061848275189,51-100,68.60936791603466,High
22627,2011-10,104.0,154.29861413643485,50.29861413643485,101-500,48.36405205426428,Moderate
22627,2011-11,35.0,87.70277450588891,52.70277450588891,11-50,150.57935573111115,High
22628,2011-07,60.0,106.18012902780455,46.18012902780457,51-100,76.96688171300762,High
22628,2011-08,64.0,88.2539442154264,24.2539442154264,51-100,37.89678783660375,Moderate
22628,2011-09,24.0,87.7828747869805,63.7828747869805,11-50,265.76197827908544,High
22628,2011-10,51.0,74.92448863546996,23.92448863546996,51-100,46.91076203033325,Moderate
22628,2011-11,24.0,39.64826302252984,15.64826302252984,11-50,65.20109592720766,High
22629,2011-07,1831.0,871.7543256039681,959.245674396032,1001-5000,52.38916845417979,High
22629,2011-08,971.0,1350.751092823522,379.751092823522,501-1000,39.109278354636665,Moderate
22629,2011-09,989.0,1232.7121712314022,243.71217123140215,501-1000,24.6422822276443,Moderate
22629,2011-10,1460.0,1094.4001241688882,365.59987583111183,1001-5000,25.041087385692588,Moderate
22629,2011-11,427.0,877.422081876596,450.42208187659605,101-500,105.48526507648619,High
22630,2011-07,1616.0,793.4929234591717,822.5070765408283,1001-5000,50.897715132476996,High
22630,2011-08,982.0,1232.411225342588,250.41122534258807,501-1000,25.500124780304283,Moderate
22630,2011-09,921.0,1138.7268045174776,217.7268045174776,501-1000,23.640261076816245,Moderate
22630,2011-10,884.0,1030.8512631164965,146.85126311649628,501-1000,16.612133836707724,Low
22630,2011-11,185.0,703.4958417391497,518.4958417391497,101-500,280.26802256170254,High
22631,2011-07,359.0,263.9909109446182,95.00908905538182,101-500,26.46492731347683,Moderate
22631,2011-08,316.0,319.27986297717297,3.279862977172968,101-500,1.0379313218901798,Low
22631,2011-09,431.0,342.53175528338915,88.46824471661085,101-500,20.526274876243818,Moderate
22631,2011-10,410.0,326.71905338524414,83.28094661475586,101-500,20.31242600359899,Moderate
22631,2011-11,72.0,245.0855600515844,173.0855600515844,51-100,240.3966111827561,High
22632,2011-09,733.0,842.7964446205526,109.79644462055262,501-1000,14.979051107851655,Low
22632,2011-10,1352.0,802.2611973370491,549.7388026629509,1001-5000,40.66115404311767,Moderate
22632,2011-11,260.0,749.8380173520272,489.8380173520272,101-500,188.39923744308737,High
22633,2011-07,169.0,23.662915311205,145.337084688795,101-500,85.99827496378401,High
22633,2011-08,685.0,116.10547188672176,568.8945281132783,501-1000,83.05029607493114,High
22633,2011-09,1446.0,577.807880024712,868.192119975288,1001-5000,60.040948822634036,High
22633,2011-10,1129.0,1323.822503606301,194.8225036063011,1001-5000,17.256200496572287,Low
22633,2011-11,444.0,615.4573829628525,171.4573829628525,101-500,38.61652769433615,Moderate
22634,2011-07,100.0,65.51319237902725,34.486807620972755,51-100,34.486807620972755,Moderate
22634,2011-08,51.0,106.1646599253006,55.1646599253006,51-100,108.1659998535306,High
22634,2011-09,49.0,79.57210044081431,30.57210044081431,11-50,62.39204171594758,High
22634,2011-10,107.0,99.08107179526505,7.918928204734954,101-500,7.400867481060704,Low
22634,2011-11,30.0,78.79454529677281,48.79454529677281,11-50,162.64848432257602,High
22635,2011-07,146.0,59.50111351362596,86.49888648637403,101-500,59.24581266190002,High
22635,2011-08,48.0,132.21805416658,84.21805416658,11-50,175.45427951370834,High
22635,2011-09,32.0,80.93656750087128,48.93656750087128,11-50,152.92677344022275,High
22635,2011-10,86.0,82.26550553109041,3.734494468909588,51-100,4.342435428964637,Low
22635,2011-11,19.0,59.4632725543152,40.4632725543152,11-50,212.96459239113267,High
22636,2011-07,38.0,50.11317290088733,12.113172900887328,11-50,31.876770791808756,Moderate
22636,2011-08,21.0,63.4202094214896,42.4202094214896,11-50,202.00099724518856,High
22636,2011-09,47.0,69.6359677583065,22.635967758306503,11-50,48.16163352831171,Moderate
22636,2011-10,89.0,69.4322882868909,19.567711713109105,51-100,21.986192936077646,Moderate
22636,2011-11,17.0,70.41369446289569,53.41369446289569,11-50,314.1982027229158,High
22637,2011-07,200.0,155.82529863821526,44.17470136178474,101-500,22.08735068089237,Moderate
22637,2011-08,994.0,208.10371403328372,785.8962859667163,501-1000,79.06401267270788,High
22637,2011-09,294.0,527.3847371061719,233.38473710617188,101-500,79.38256364155507,High
22637,2011-10,124.0,307.37440916102656,183.37440916102656,101-500,147.88258803308594,High
22638,2011-10,20.0,43.56940226901292,23.56940226901292,11-50,117.84701134506459,High
22638,2011-11,54.0,36.40366154877783,17.596338451222167,51-100,32.585811946707715,Moderate
22639,2011-07,61.0,56.62476628901717,4.375233710982833,51-100,7.172514280299727,Low
22639,2011-08,43.0,62.89140457696729,19.89140457696729,11-50,46.259080411551835,Moderate
22639,2011-09,117.0,63.78228198368006,53.21771801631994,101-500,45.48522907377773,Moderate
22639,2011-10,85.0,132.42630140651238,47.42630140651238,51-100,55.795648713543976,High
22639,2011-11,79.0,62.66849737417038,16.33150262582962,51-100,20.672788133961546,Moderate
22640,2011-07,1.0,23.662915311205,22.662915311205,0-10,2266.2915311205,High
22640,2011-08,7.0,22.77980270700908,15.779802707009082,0-10,225.4257529572726,High
22640,2011-09,17.0,23.662915311205,6.662915311205001,11-50,39.19361947767648,Moderate
22640,2011-10,17.0,31.50061404352229,14.50061404352229,11-50,85.29772966777817,High
22640,2011-11,44.0,29.17134067284116,14.828659327158842,11-50,33.70149847081555,Moderate
22641,2011-07,1.0,30.490546015955317,29.490546015955317,0-10,2949.0546015955315,High
22641,2011-08,2.0,30.07356861521602,28.07356861521602,0-10,1403.678430760801,High
22641,2011-09,27.0,23.662915311205,3.3370846887949988,11-50,12.359572921462957,Low
22641,2011-10,11.0,43.96731898098783,32.96731898098783,11-50,299.70289982716207,High
22641,2011-11,3.0,25.65304033507125,22.65304033507125,0-10,755.101344502375,High
22642,2011-10,37.0,67.87049769213388,30.87049769213388,11-50,83.43377754630778,High
22642,2011-11,59.0,46.33292682165676,12.667073178343244,51-100,21.469615556513975,Moderate
22643,2011-09,10.0,30.07356861521602,20.07356861521602,0-10,200.73568615216018,High
22643,2011-10,32.0,23.662915311205,8.337084688794999,11-50,26.05338965248437,Moderate
22643,2011-11,48.0,41.07484019495439,6.92515980504561,11-50,14.427416260511686,Low
22644,2011-07,47.0,145.69006861217986,98.69006861217986,11-50,209.9788693876167,High
22644,2011-08,191.0,95.98784427598774,95.01215572401226,101-500,49.74458414869752,Moderate
22644,2011-09,31.0,206.5521046162285,175.5521046162285,11-50,566.2971116652532,High
22644,2011-10,214.0,95.02697377022253,118.97302622977747,101-500,55.59487206998948,High
22644,2011-11,583.0,115.60232017184973,467.3976798281503,501-1000,80.17112861546318,High
22645,2011-07,77.0,108.48836331826269,31.488363318262685,51-100,40.89397833540608,Moderate
22645,2011-08,188.0,111.34286137920368,76.65713862079632,101-500,40.775073734466126,Moderate
22645,2011-09,135.0,193.222219389006,58.22221938900597,101-500,43.127569917782196,Moderate
22645,2011-10,257.0,162.0105090427244,94.9894909572756,101-500,36.96089142306444,Moderate
22645,2011-11,302.0,113.88588499705016,188.11411500294983,101-500,62.289442053956904,High
22646,2011-07,179.0,223.73665606960213,44.73665606960213,101-500,24.992545290280518,Moderate
22646,2011-08,308.0,214.0973549427273,93.90264505727274,101-500,30.487871771841796,Moderate
22646,2011-09,340.0,302.0542879371452,37.9457120628548,101-500,11.160503547898472,Low
22646,2011-10,581.0,310.5169161731304,270.4830838268696,501-1000,46.55474764662127,Moderate
22646,2011-11,755.0,231.3606403413909,523.6393596586091,501-1000,69.35620657729922,High
22647,2011-09,4.0,30.490546015955317,26.490546015955317,0-10,662.2636503988829,High
22647,2011-10,15.0,31.250795183370133,16.250795183370133,11-50,108.33863455580088,High
22647,2011-11,127.0,23.180962216271443,103.81903778372856,101-500,81.74727384545555,High
22649,2011-07,46.0,75.77234236520349,29.772342365203485,11-50,64.72248340261628,High
22649,2011-08,28.0,80.93656750087128,52.93656750087128,11-50,189.05916964596884,High
22649,2011-09,53.0,55.0657581938004,2.0657581938003986,51-100,3.8976569694347143,Low
22649,2011-10,55.0,70.85837113169114,15.858371131691143,51-100,28.833402057620262,Moderate
22649,2011-11,19.0,46.99752527159605,27.997525271596047,11-50,147.35539616629498,High
22650,2011-07,41.0,72.91382921279329,31.91382921279329,11-50,77.83860783608118,High
22650,2011-08,63.0,70.24421310914205,7.244213109142052,51-100,11.498750966892146,Low
22650,2011-09,90.0,87.23747719796783,2.7625228020321657,51-100,3.06946978003574,Low
22650,2011-10,153.0,103.72623333902024,49.27376666097975,101-500,32.205076249006375,Moderate
22650,2011-11,29.0,95.3035914254254,66.30359142542541,11-50,228.63307388077726,High
22651,2011-07,76.0,170.2018197769739,94.2018197769739,51-100,123.94976286443935,High
22651,2011-08,103.0,120.8582222787502,17.85822227875019,101-500,17.338079882281736,Low
22651,2011-09,287.0,145.46619759982013,141.53380240017987,101-500,49.31491372828567,Moderate
22651,2011-10,136.0,217.86594460222648,81.86594460222648,101-500,60.195547501637115,High
22651,2011-11,49.0,107.67229349783196,58.67229349783196,11-50,119.73937448537136,High
22652,2011-07,311.0,390.89556975766266,79.89556975766266,101-500,25.68989381275327,Moderate
22652,2011-08,421.0,434.5011523438285,13.501152343828435,101-500,3.206924547227657,Low
22652,2011-09,798.0,415.1710550985164,382.8289449014836,501-1000,47.97355199266712,Moderate
22652,2011-10,40.0,623.6431342977759,583.6431342977759,11-50,1459.1078357444396,High
22653,2011-07,42.0,125.94921987739389,83.94921987739389,11-50,199.87909494617594,High
22653,2011-08,245.0,90.8003428844626,154.1996571155374,101-500,62.93863555736221,High
22653,2011-09,202.0,250.4579202015645,48.45792020156446,101-500,23.989069406715082,Moderate
22653,2011-10,325.0,205.18629407503383,119.81370592496616,101-500,36.865755669220356,Moderate
22653,2011-11,162.0,189.82029439047216,27.820294390472185,101-500,17.173021228686533,Low
22654,2011-07,51.0,57.74596165948805,6.745961659488053,51-100,13.227375802917752,Low
22654,2011-08,91.0,72.44508629506628,18.554913704933725,51-100,20.390015060366732,Moderate
22654,2011-09,93.0,114.33815157107944,21.33815157107944,51-100,22.94424900116069,Moderate
22654,2011-10,177.0,116.57484417053676,60.42515582946325,101-500,34.138506118340814,Moderate
22654,2011-11,32.0,112.045536558404,80.04553655840401,11-50,250.14230174501253,High
22655,2011-07,0.0,18.880484830624948,18.880484830624948,0-10,,
22655,2011-10,1.0,18.880484830624948,17.880484830624948,0-10,1788.0484830624948,High
22659,2011-07,633.0,972.4814843755282,339.4814843755282,501-1000,53.63056625205817,High
22659,2011-08,1055.0,903.1411506115091,151.85884938849074,1001-5000,14.394203733506231,Low
22659,2011-09,678.0,1048.982747414849,370.982747414849,501-1000,54.71721938272108,High
22659,2011-10,965.0,922.8662013867998,42.13379861320016,501-1000,4.366196747481882,Low
22659,2011-11,101.0,455.9399458210111,354.93994582101107,101-500,351.4256889316941,High
22660,2011-07,17.0,26.78491845970312,9.784918459703118,11-50,57.55834388060658,High
22660,2011-08,125.0,27.324083977610904,97.67591602238907,101-500,78.14073281791126,High
22660,2011-09,16.0,99.37658457298512,83.37658457298511,11-50,521.1036535811569,High
22660,2011-10,66.0,45.76294478443311,20.23705521556689,51-100,30.662204872071047,Moderate
22660,2011-11,12.0,42.65672022620672,30.656720226206723,11-50,255.4726685517227,High
22661,2011-07,707.0,418.37207924713147,288.62792075286853,501-1000,40.82431693817094,Moderate
22661,2011-08,332.0,522.767623106853,190.76762310685297,101-500,57.46012744182318,High
22661,2011-09,493.0,485.2460382213754,7.753961778624614,101-500,1.572811719802153,Low
22661,2011-10,424.0,513.0863180454935,89.0863180454935,101-500,21.010924067333374,Moderate
22661,2011-11,96.0,300.7516125937911,204.7516125937911,51-100,213.28292978519906,High
22662,2011-07,961.0,627.2281754078541,333.7718245921459,501-1000,34.73171952051466,Moderate
22662,2011-08,654.0,811.9114124353167,157.91141243531672,501-1000,24.145475907540785,Moderate
22662,2011-09,316.0,842.5812649041467,526.5812649041467,101-500,166.63964079245147,High
22662,2011-10,551.0,632.9715152969699,81.97151529696987,501-1000,14.876863030303062,Low
22662,2011-11,69.0,415.2337931437653,346.2337931437653,51-100,501.78810600545694,High
22663,2011-07,511.0,327.8185560677877,183.1814439322123,501-1000,35.847640691235284,Moderate
22663,2011-08,414.0,423.0191375019998,9.019137501999808,101-500,2.178535628502369,Low
22663,2011-09,147.0,431.1542689539575,284.1542689539575,101-500,193.30222377820238,High
22663,2011-10,290.0,269.7789512902911,20.221048709708896,101-500,6.972775417140999,Low
22663,2011-11,70.0,173.83935629502145,103.83935629502145,51-100,148.34193756431634,High
22664,2011-07,32.0,62.83432137360497,30.83432137360497,11-50,96.35725429251552,High
22664,2011-08,37.0,75.2683081786465,38.26830817864651,11-50,103.42785994228785,High
22664,2011-09,37.0,69.18785891232828,32.18785891232828,11-50,86.99421327656293,High
22664,2011-10,65.0,75.2683081786465,10.268308178646508,51-100,15.797397197917707,Low
22664,2011-11,123.0,55.327112928785645,67.67288707121435,101-500,55.01860737497102,High
22665,2011-07,56.0,106.88664200183878,50.88664200183878,51-100,90.86900357471211,High
22665,2011-08,153.0,107.6474463067078,45.35255369329221,101-500,29.642191956400136,Moderate
22665,2011-09,107.0,163.33073467395943,56.33073467395943,101-500,52.64554642426115,High
22665,2011-10,57.0,139.10505294901432,82.10505294901432,51-100,144.04395254213037,High
22666,2011-07,452.0,678.5105118970815,226.51051189708156,101-500,50.11294510997379,High
22666,2011-08,1397.0,620.516845639327,776.483154360673,1001-5000,55.582187141064644,High
22666,2011-09,418.0,1033.2158460989845,615.2158460989845,101-500,147.18082442559438,High
22666,2011-10,1219.0,861.3569141367185,357.6430858632815,1001-5000,29.339055444075594,Moderate
22666,2011-11,483.0,529.7643465239669,46.76434652396688,101-500,9.682059321732272,Low
22667,2011-07,176.0,323.6057225358021,147.6057225358021,101-500,83.866887804433,High
22667,2011-08,318.0,243.39667039395903,74.60332960604094,101-500,23.46016654278017,Moderate
22667,2011-09,243.0,355.2771812069652,112.27718120696515,101-500,46.20460131973875,Moderate
22667,2011-10,328.0,252.2785369276652,75.72146307233484,101-500,23.085811912297206,Moderate
22667,2011-11,168.0,210.9680707986561,42.9680707986561,101-500,25.57623261824768,Moderate
22668,2011-07,101.0,205.4463701824881,104.4463701824881,101-500,103.41224770543376,High
22668,2011-08,283.0,166.90119848684648,116.09880151315352,101-500,41.024311488746825,Moderate
22668,2011-09,141.0,256.48847610319774,115.48847610319774,101-500,81.90672064056578,High
22668,2011-10,76.0,191.88406761375424,115.88406761375424,51-100,152.47903633388717,High
22668,2011-11,13.0,75.12794234119735,62.12794234119736,11-50,477.9072487784412,High
22669,2011-07,50.0,82.42468865995191,32.42468865995191,11-50,64.84937731990382,High
22669,2011-08,130.0,84.74925978833426,45.25074021166574,101-500,34.80826170128134,Moderate
22669,2011-09,117.0,152.0438904046928,35.0438904046928,101-500,29.952043080934022,Moderate
22669,2011-10,86.0,123.63842539651914,37.63842539651914,51-100,43.76561092618505,Moderate
22669,2011-11,37.0,75.23663338307185,38.23663338307185,11-50,103.34225238668067,High
22670,2011-07,223.0,145.0484585271393,77.9515414728607,101-500,34.955848194107936,Moderate
22670,2011-08,167.0,201.6095706556024,34.60957065560237,101-500,20.724293805749923,Moderate
22670,2011-09,127.0,198.92515696642727,71.92515696642727,101-500,56.63398186332855,High
22670,2011-10,154.0,176.1227346616487,22.122734661648707,101-500,14.365412117953705,Low
22670,2011-11,118.0,102.93419848249822,15.065801517501782,101-500,12.767628404662526,Low
22671,2011-07,100.0,181.20127388106988,81.20127388106988,51-100,81.20127388106988,High
22671,2011-08,43.0,126.76074195476826,83.76074195476826,11-50,194.79242315062385,High
22671,2011-09,47.0,104.13022811168516,57.13022811168517,11-50,121.5536768333727,High
22671,2011-10,39.0,91.95129218455122,52.95129218455122,11-50,135.77254406295185,High
22671,2011-11,13.0,55.385618499804224,42.385618499804224,11-50,326.0432192292633,High
22672,2011-07,145.0,182.954595085337,37.95459508533699,101-500,26.175582817473785,Moderate
22672,2011-08,33.0,170.32023369910237,137.32023369910237,11-50,416.12192030031025,High
22672,2011-09,97.0,101.86509028114848,4.865090281148468,51-100,5.0155569908747095,Low
22672,2011-10,80.0,115.37680608488506,35.37680608488506,51-100,44.221007606106326,Moderate
22672,2011-11,47.0,75.5065205648968,28.506520564896803,11-50,60.65217141467405,High
22673,2011-07,81.0,85.51882738125964,4.518827381259641,51-100,5.578799236123013,Low
22673,2011-08,74.0,112.93931145409904,38.93931145409903,51-100,52.620691154187874,High
22673,2011-09,30.0,109.99744511255514,79.99744511255514,11-50,266.65815037518377,High
22673,2011-10,33.0,77.86541137616767,44.86541137616767,11-50,135.95579204899295,High
22673,2011-11,23.0,44.34487452729556,21.34487452729556,11-50,92.80380229258938,High
22674,2011-07,148.0,149.77696689143875,1.7769668914387466,101-500,1.20065330502618,Low
22674,2011-08,23.0,193.69877062614395,170.69877062614393,11-50,742.1685679397563,High
22674,2011-09,68.0,97.25415806178091,29.254158061780917,51-100,43.02082067908958,Moderate
22674,2011-10,66.0,99.434412974888,33.43441297488799,51-100,50.65820147710301,High
22674,2011-11,19.0,61.91703580542594,42.91703580542594,11-50,225.87913581803124,High
22675,2011-07,122.0,166.4385005349959,44.43850053499591,101-500,36.42500043852124,Moderate
22675,2011-08,27.0,151.9656795373213,124.96567953732132,11-50,462.8358501382271,High
22675,2011-09,58.0,95.3931679737626,37.3931679737626,51-100,64.47097926510793,High
22675,2011-10,43.0,93.57633651661376,50.57633651661375,11-50,117.61938724793895,High
22675,2011-11,62.0,55.69151103311144,6.308488966888561,51-100,10.174982204658969,Low
22676,2011-07,155.0,82.90538180029084,72.09461819970916,101-500,46.51265690303817,Moderate
22676,2011-08,79.0,147.2192906896428,68.2192906896428,51-100,86.35353251853519,High
22676,2011-09,129.0,113.02358493570212,15.976415064297868,101-500,12.384817879300673,Low
22676,2011-10,141.0,151.68085970992885,10.680859709928852,101-500,7.575077808460179,Low
22676,2011-11,43.0,91.31361564458936,48.31361564458936,11-50,112.35724568509153,High
22677,2011-07,144.0,71.83578855580878,72.16421144419122,101-500,50.1140357251328,High
22677,2011-08,80.0,140.14455827092544,60.14455827092544,51-100,75.1806978386568,High
22677,2011-09,122.0,104.88513015779812,17.11486984220187,101-500,14.028581837870385,Low
22677,2011-10,82.0,132.26876106720667,50.26876106720667,51-100,61.30336715513008,High
22677,2011-11,31.0,69.7654280844434,38.7654280844434,11-50,125.04976801433354,High
22678,2011-07,124.0,72.26149298466639,51.73850701533361,101-500,41.724602431720655,Moderate
22678,2011-08,58.0,123.32066196362078,65.32066196362078,51-100,112.62183097175998,High
22678,2011-09,106.0,95.90534637865213,10.094653621347874,101-500,9.523258133347051,Low
22678,2011-10,57.0,122.6462604165374,65.6462604165374,51-100,115.16887792374983,High
22678,2011-11,35.0,55.00752602723994,20.00752602723994,11-50,57.164360077828405,High
22679,2011-07,114.0,49.603216742038114,64.39678325796189,101-500,56.488406366633235,High
22679,2011-08,31.0,114.95474908748469,83.95474908748469,11-50,270.8217712499506,High
22679,2011-09,93.0,87.9912491825735,5.008750817426503,51-100,5.385753567125272,Low
22679,2011-10,61.0,101.17497537366371,40.17497537366371,51-100,65.86061536666182,High
22679,2011-11,20.0,53.99468191103994,33.99468191103994,11-50,169.9734095551997,High
22680,2011-07,98.0,57.00838941861773,40.99161058138227,51-100,41.828174062634965,Moderate
22680,2011-08,35.0,114.70503524588504,79.70503524588503,11-50,227.7286721311001,High
22680,2011-09,99.0,87.9912491825735,11.008750817426504,51-100,11.119950320632832,Low
22680,2011-10,101.0,109.97735221276358,8.977352212763577,101-500,8.88846753738968,Low
22680,2011-11,24.0,66.91668199069983,42.91668199069983,11-50,178.81950829458262,High
22681,2011-07,95.0,59.134670178335725,35.865329821664275,51-100,37.7529787596466,Moderate
22681,2011-08,31.0,105.49195713080626,74.49195713080626,11-50,240.29663590582663,High
22681,2011-09,58.0,87.9912491825735,29.991249182573497,51-100,51.70905031478189,High
22681,2011-10,95.0,60.886796816606434,34.113203183393566,51-100,35.90863492988796,Moderate
22681,2011-11,13.0,69.38180275074971,56.38180275074971,11-50,433.706175005767,High
22682,2011-07,84.0,70.27858839898975,13.721411601010246,51-100,16.335013810726483,Low
22682,2011-08,25.0,96.02086281595648,71.02086281595648,11-50,284.0834512638259,High
22682,2011-09,70.0,68.8682228654602,1.1317771345398029,51-100,1.6168244779140042,Low
22682,2011-10,68.0,69.77606496441807,1.7760649644180688,51-100,2.6118602417912777,Low
22682,2011-11,32.0,62.006982518976166,30.00698251897617,11-50,93.77182037180053,High
22683,2011-07,87.0,69.27210466786396,17.727895332136043,51-100,20.37689118636327,Moderate
22683,2011-08,31.0,96.02086281595648,65.02086281595648,11-50,209.7447187611499,High
22683,2011-09,77.0,76.89322943539203,0.1067705646079701,51-100,0.1386630709194417,Low
22683,2011-10,47.0,92.91177962978828,45.91177962978827,11-50,97.68463751018781,High
22683,2011-11,10.0,51.74104063650568,41.74104063650568,0-10,417.4104063650568,High
22684,2011-07,83.0,44.06120026299905,38.93879973700095,51-100,46.914216550603555,Moderate
22684,2011-08,25.0,96.02086281595648,71.02086281595648,11-50,284.0834512638259,High
22684,2011-09,37.0,67.10558697017801,30.10558697017801,11-50,81.36645127075137,High
22684,2011-10,44.0,60.27786970982343,16.277869709823428,11-50,36.99515843141688,Moderate
22684,2011-11,11.0,52.634205874244735,41.634205874244735,11-50,378.49278067495214,High
22685,2011-07,79.0,57.37203428305349,21.627965716946512,51-100,27.37717179360318,Moderate
22685,2011-08,27.0,101.16588888989916,74.16588888989916,11-50,274.6884773699969,High
22685,2011-09,26.0,59.30752197897869,33.307521978978684,11-50,128.10585376530264,High
22685,2011-10,54.0,62.15807828860166,8.158078288601658,51-100,15.107552386299366,Low
22685,2011-11,11.0,49.93871405840608,38.93871405840608,11-50,353.98830962187344,High
22686,2011-07,195.0,48.71823410946507,146.28176589053493,101-500,75.01629020027433,High
22686,2011-08,33.0,167.3123571743508,134.3123571743508,11-50,407.00714295257825,High
22686,2011-09,208.0,89.76807624612387,118.23192375387612,101-500,56.84227103551736,High
22686,2011-10,52.0,166.63514458641575,114.63514458641576,51-100,220.45220112772262,High
22686,2011-11,123.0,66.61665509840466,56.383344901595336,101-500,45.840117806175066,Moderate
22687,2011-09,1.0,348.04360599021965,347.04360599021965,0-10,34704.360599021966,High
22687,2011-10,22.0,67.57638015066907,45.57638015066907,11-50,207.16536432122302,High
22687,2011-11,8.0,978.3556990584264,970.3556990584264,0-10,12129.44623823033,High
22688,2011-09,4.0,404.51195002919394,400.51195002919394,0-10,10012.79875072985,High
22688,2011-10,12.0,56.753552122572565,44.753552122572565,11-50,372.9462676881047,High
22688,2011-11,2.0,303.30197492495887,301.30197492495887,0-10,15065.098746247944,High
22689,2011-07,60.0,26.14897936991689,33.85102063008311,51-100,56.418367716805186,High
22689,2011-08,308.0,75.99063204631422,232.0093679536858,101-500,75.3277168680798,High
22689,2011-09,177.0,281.7461354931461,104.74613549314608,101-500,59.17860762324637,High
22689,2011-10,72.0,258.78729252393674,186.78729252393677,51-100,259.4267951721344,High
22690,2011-07,63.0,126.07880904821972,63.07880904821971,51-100,100.12509372733287,High
22690,2011-08,270.0,211.88686362777167,58.113136372228325,101-500,21.523383841566044,Moderate
22690,2011-09,76.0,240.11441952284085,164.11441952284085,51-100,215.9400256879485,High
22690,2011-10,74.0,145.7780205979246,71.77802059792461,51-100,96.99732513233054,High
22690,2011-11,28.0,69.88391553414847,41.88391553414847,11-50,149.58541262195882,High
22691,2011-07,25.0,47.367960460797015,22.36796046079701,11-50,89.47184184318805,High
22691,2011-08,138.0,63.4202094214896,74.5797905785104,101-500,54.043326506166956,High
22691,2011-09,14.0,120.92662901120856,106.92662901120856,11-50,763.761635794347,High
22691,2011-10,35.0,44.905541822002114,9.905541822002114,11-50,28.30154806286318,Moderate
22691,2011-11,11.0,34.843482645770244,23.843482645770244,11-50,216.75893314336588,High
22692,2011-07,119.0,126.23736757985544,7.237367579855444,101-500,6.081821495676844,Low
22692,2011-08,387.0,164.8459123763699,222.1540876236301,101-500,57.40415700868995,High
22692,2011-09,96.0,294.923021188467,198.92302118846695,51-100,207.21148040465306,High
22692,2011-10,76.0,149.97580533142778,73.97580533142778,51-100,97.33658596240498,High
22692,2011-11,21.0,73.47675794528945,52.47675794528945,11-50,249.8893235489974,High
22693,2011-07,315.0,1178.125780858947,863.1257808589471,101-500,274.00818439966577,High
22693,2011-08,417.0,796.8088480501676,379.8088480501676,101-500,91.08125852522005,High
22693,2011-09,904.0,643.4542418864861,260.5457581135139,501-1000,28.821433419636495,Moderate
22693,2011-10,1133.0,761.8215428641831,371.17845713581687,1001-5000,32.76067582840396,Moderate
22693,2011-11,257.0,526.5729539399053,269.57295393990535,101-500,104.89219997661688,High
22694,2011-07,50.0,64.4592426303505,14.459242630350502,11-50,28.918485260701004,Moderate
22694,2011-08,261.0,75.19993777772957,185.8000622222704,101-500,71.18776330355189,High
22694,2011-09,220.0,215.36641856027447,4.633581439725475,101-500,2.106173381693398,Low
22694,2011-10,594.0,267.58456899134893,326.41543100865107,501-1000,54.952092762399175,High
22694,2011-11,54.0,234.4304622039185,180.4304622039185,51-100,334.13048556281205,High
22695,2011-09,163.0,127.91340848187174,35.08659151812826,101-500,21.525516268790344,Moderate
22695,2011-10,104.0,151.37624582471298,47.37624582471298,101-500,45.55408252376248,Moderate
22695,2011-11,210.0,81.7018512936671,128.29814870633288,101-500,61.09435652682518,High
22696,2011-07,61.0,23.662915311205,37.337084688795,51-100,61.20833555540164,High
22696,2011-08,156.0,55.373282584956826,100.62671741504316,101-500,64.50430603528407,High
22696,2011-09,139.0,145.84846976227018,6.848469762270184,101-500,4.92695666350373,Low
22696,2011-10,140.0,139.93263416233063,0.0673658376693708,101-500,0.048118455478122005,Low
22696,2011-11,17.0,95.78772337993352,78.78772337993351,11-50,463.45719635255006,High
22697,2011-07,554.0,638.0747907230058,84.07479072300578,501-1000,15.175955004152666,Low
22697,2011-08,813.0,703.2210486504462,109.77895134955384,501-1000,13.502946045455577,Low
22697,2011-09,640.0,835.4327987004813,195.43279870048127,501-1000,30.5363747969502,Moderate
22697,2011-10,523.0,969.6331987141576,446.63319871415774,501-1000,85.39831715375865,High
22697,2011-11,317.0,399.44264084864886,82.44264084864886,101-500,26.007142223548534,Moderate
22698,2011-07,501.0,580.9010190543796,79.90101905437962,501-1000,15.948307196482958,Low
22698,2011-08,739.0,574.3743030558797,164.62569694412025,501-1000,22.27681961354807,Moderate
22698,2011-09,619.0,771.4486839312234,152.4486839312234,501-1000,24.628220344301035,Moderate
22698,2011-10,453.0,700.7897445596869,247.7897445596869,101-500,54.69972286085804,High
22698,2011-11,254.0,333.67048819120555,79.67048819120555,101-500,31.366333933545494,Moderate
22699,2011-07,632.0,1057.7480097585897,425.74800975858966,501-1000,67.36519141749837,High
22699,2011-08,997.0,846.4535843636437,150.5464156363563,501-1000,15.099941387799026,Low
22699,2011-09,885.0,992.7531487943764,107.75314879437632,501-1000,12.175497038912578,Low
22699,2011-10,614.0,1050.238128186812,436.238128186812,501-1000,71.04855507928534,High
22699,2011-11,315.0,372.1047244803431,57.10472448034312,101-500,18.12848396201369,Low
22700,2011-07,1.0,107.97963014698378,106.97963014698378,0-10,10697.963014698378,High
22700,2011-08,0.0,34.45800472192613,34.45800472192613,0-10,,
22701,2011-07,17.0,60.481901820193706,43.481901820193706,11-50,255.77589305996295,High
22701,2011-08,16.0,37.78816671882706,21.788166718827057,11-50,136.1760419926691,High
22701,2011-09,15.0,55.85827654541477,40.85827654541477,11-50,272.3885103027651,High
22701,2011-10,35.0,33.83036707811235,1.1696329218876471,11-50,3.3418083482504204,Low
22701,2011-11,84.0,35.091673940890246,48.90832605910976,51-100,58.22419768941638,High
22702,2011-07,20.0,116.4598780195012,96.4598780195012,11-50,482.29939009750603,High
22702,2011-08,6.0,47.66433837623703,41.66433837623703,0-10,694.4056396039506,High
22702,2011-09,7.0,35.40722481345579,28.40722481345579,0-10,405.81749733508275,High
22702,2011-10,6.0,28.99657150944475,22.99657150944475,0-10,383.27619182407915,High
22702,2011-11,2.0,22.44272998155136,20.44272998155136,0-10,1022.1364990775679,High
22703,2011-07,11.0,55.32778926248647,44.32778926248647,11-50,402.9799023862406,High
22703,2011-08,34.0,32.818781055306346,1.1812189446936543,11-50,3.474173366746042,Low
22703,2011-09,34.0,67.76177606752802,33.76177606752802,11-50,99.2993413750824,High
22703,2011-10,58.0,75.2683081786465,17.268308178646507,51-100,29.77294513559742,Moderate
22703,2011-11,103.0,56.33995704498567,46.66004295501433,101-500,45.30101257768382,Moderate
22704,2011-07,425.0,464.96897587978265,39.96897587978265,101-500,9.404464912890035,Low
22704,2011-08,425.0,445.9009984904354,20.900998490435427,101-500,4.917881997749513,Low
22704,2011-09,550.0,482.4081418617363,67.59185813826372,501-1000,12.289428752411585,Low
22704,2011-10,350.0,558.6622268251979,208.66222682519788,101-500,59.61777909291368,High
22704,2011-11,200.0,309.5248811824352,109.5248811824352,101-500,54.7624405912176,High
22705,2011-07,200.0,174.5425693404915,25.457430659508503,101-500,12.72871532975425,Low
22705,2011-08,175.0,174.49397559219506,0.5060244078049436,101-500,0.2891568044599678,Low
22705,2011-09,225.0,179.07328672999537,45.926713270004655,101-500,20.41187256444651,Moderate
22705,2011-10,100.0,195.01516950837663,95.01516950837664,51-100,95.01516950837664,High
22705,2011-11,50.0,123.3806624733822,73.3806624733822,11-50,146.7613249467644,High
22706,2011-07,50.0,312.04519573341184,262.04519573341184,11-50,524.0903914668237,High
22706,2011-08,150.0,137.90538511450418,12.094614885495815,101-500,8.063076590330544,Low
22706,2011-09,200.0,193.77551750610183,6.224482493898165,101-500,3.1122412469490826,Low
22706,2011-10,25.0,169.07343545933415,144.07343545933415,11-50,576.2937418373366,High
22706,2011-11,100.0,97.15487555999654,2.84512444000346,51-100,2.84512444000346,Low
22707,2011-07,75.0,165.4499061036368,90.4499061036368,51-100,120.59987480484908,High
22707,2011-08,75.0,117.28575177453638,42.28575177453638,51-100,56.381002366048506,High
22707,2011-09,100.0,126.00939686884068,26.00939686884068,51-100,26.00939686884068,Moderate
22707,2011-10,200.0,119.18757910104874,80.81242089895126,101-500,40.40621044947563,Moderate
22707,2011-11,25.0,107.41680105509182,82.41680105509182,11-50,329.6672042203673,High
22708,2011-07,200.0,196.09503368861175,3.904966311388222,101-500,1.9524831556941111,Low
22708,2011-08,225.0,195.9745688143365,29.02543118566348,101-500,12.90019163807266,Low
22708,2011-09,325.0,202.92133160665932,122.07866839334064,101-500,37.562667197950965,Moderate
22708,2011-10,375.0,269.8360552677796,105.16394473222044,101-500,28.043718595258788,Moderate
22708,2011-11,100.0,169.18243017211773,69.18243017211773,51-100,69.18243017211773,High
22709,2011-07,100.0,144.82953717148257,44.82953717148257,51-100,44.82953717148257,Moderate
22709,2011-08,275.0,136.37452348805806,138.62547651194194,101-500,50.409264186160705,High
22709,2011-09,100.0,186.61327146160508,86.61327146160508,51-100,86.61327146160508,High
22709,2011-10,0.0,134.31235282120537,134.31235282120537,0-10,,
22710,2011-07,225.0,316.1409904637187,91.14099046371872,101-500,40.50710687276388,Moderate
22710,2011-08,275.0,232.44278644693603,42.557213553063946,101-500,15.475350382932342,Low
22710,2011-09,950.0,271.3114263865833,678.6885736134167,501-1000,71.4409024856228,High
22710,2011-10,275.0,476.2539712723904,201.2539712723904,101-500,73.18326228086923,High
22710,2011-11,75.0,169.4564137578203,94.45641375782029,51-100,125.94188501042704,High
22711,2011-07,100.0,233.7295492035245,133.7295492035245,51-100,133.7295492035245,High
22711,2011-08,225.0,192.12947437427545,32.87052562572458,101-500,14.609122500322036,Low
22711,2011-09,350.0,220.7931958260074,129.2068041739926,101-500,36.91622976399788,Moderate
22711,2011-10,150.0,257.8404727408493,107.8404727408493,101-500,71.89364849389953,High
22711,2011-11,100.0,164.805692198123,64.80569219812301,51-100,64.80569219812301,High
22712,2011-07,481.0,297.0155349727202,183.98446502727975,101-500,38.250408529579985,Moderate
22712,2011-08,495.0,428.9369050792851,66.06309492071489,101-500,13.346079781962603,Low
22712,2011-09,424.0,508.4226705462581,84.42267054625813,101-500,19.911007204306163,Low
22712,2011-10,399.0,474.0953317984698,75.09533179846983,101-500,18.82088516252377,Low
22712,2011-11,279.0,317.79239047177924,38.79239047177924,101-500,13.904082606372489,Low
22713,2011-07,162.0,301.69599492315973,139.69599492315973,101-500,86.23209563158008,High
22713,2011-08,211.0,270.1645796857242,59.16457968572422,101-500,28.040085159111005,Moderate
22713,2011-09,623.0,261.6339668809845,361.3660331190155,501-1000,58.00417867078901,High
22713,2011-10,133.0,436.5862678466536,303.58626784665364,101-500,228.26035176440124,High
22713,2011-11,51.0,180.89232058689723,129.89232058689723,51-100,254.69082468019067,High
22714,2011-07,86.0,274.23898053595593,188.23898053595596,51-100,218.88253550692554,High
22714,2011-08,201.0,170.41179510273577,30.588204897264237,101-500,15.218012386698627,Low
22714,2011-09,256.0,264.9909781071226,8.9909781071226,101-500,3.512100823094766,Low
22714,2011-10,659.0,224.7506619407846,434.2493380592154,501-1000,65.89519545663359,High
22714,2011-11,33.0,286.8892584709111,253.8892584709111,11-50,769.3613893057912,High
22715,2011-07,172.0,164.37548198154667,7.62451801845333,101-500,4.432859313054261,Low
22715,2011-08,207.0,195.237928375344,11.762071624656016,101-500,5.682160205147834,Low
22715,2011-09,48.0,204.1227186516052,156.12271865160517,11-50,325.25566385751074,High
22715,2011-10,6.0,122.9113503934031,116.9113503934031,0-10,1948.522506556718,High
22716,2011-07,268.0,278.9511096495862,10.951109649586217,101-500,4.0862349438754535,Low
22716,2011-08,296.0,264.40195857099843,31.59804142900157,101-500,10.675013996284314,Low
22716,2011-09,328.0,301.70350936981885,26.296490630181157,101-500,8.017222753104011,Low
22716,2011-10,110.0,307.3579840484663,197.35798404846628,101-500,179.41634913496932,High
22716,2011-11,95.0,153.57959059966953,58.57959059966953,51-100,61.662726947020566,High
22717,2011-07,145.0,151.46656389359788,6.466563893597879,101-500,4.459699236964054,Low
22717,2011-08,133.0,160.734428357593,27.734428357593004,101-500,20.852953652325567,Moderate
22717,2011-09,62.0,166.4444217909151,104.4444217909151,51-100,168.4587448240566,High
22717,2011-10,88.0,111.15599889037676,23.15599889037675,51-100,26.313635102700854,Moderate
22717,2011-11,3.0,78.47412864446333,75.47412864446333,0-10,2515.8042881487777,High
22718,2011-07,137.0,106.86680254237766,30.133197457622344,101-500,21.995034640600252,Moderate
22718,2011-08,218.0,168.2782916405912,49.72170835940881,101-500,22.80812310064624,Moderate
22718,2011-09,94.0,200.40060583141616,106.40060583141616,51-100,113.19213386320868,High
22718,2011-10,109.0,150.5375137334056,41.5375137334056,101-500,38.1078107645923,Moderate
22718,2011-11,12.0,102.90471167620926,90.90471167620926,11-50,757.5392639684105,High
22720,2011-07,618.0,613.2906570428416,4.709342957158356,501-1000,0.7620296047181805,Low
22720,2011-08,1243.0,658.1555043409116,584.8444956590884,1001-5000,47.051045507569455,Moderate
22720,2011-09,603.0,933.5550080135022,330.5550080135022,501-1000,54.818409289138,High
22720,2011-10,574.0,884.0775349017051,310.0775349017051,501-1000,54.020476463711695,High
22720,2011-11,169.0,402.290137592203,233.290137592203,101-500,138.04150153384793,High
22721,2011-07,18.0,115.80236802004018,97.80236802004018,11-50,543.3464890002232,High
22721,2011-08,31.0,55.497747830539794,24.497747830539797,11-50,79.02499300174128,High
22721,2011-09,50.0,70.34852174395907,20.34852174395907,11-50,40.69704348791814,Moderate
22721,2011-10,51.0,70.85837113169114,19.858371131691143,51-100,38.93798261115911,Moderate
22721,2011-11,171.0,53.78446536619413,117.21553463380587,101-500,68.54709627707946,High
22722,2011-09,827.0,701.7732490097147,125.22675099028528,501-1000,15.142291534496408,Low
22722,2011-10,529.0,944.4651305152636,415.4651305152637,501-1000,78.53783185543736,High
22722,2011-11,100.0,275.27475371147216,175.27475371147216,51-100,175.27475371147216,High
22723,2011-07,108.0,115.88016318864358,7.880163188643579,101-500,7.296447396892203,Low
22723,2011-08,18.0,121.02447668412968,103.02447668412968,11-50,572.3582038007205,High
22723,2011-09,19.0,50.08270116952205,31.082701169522053,11-50,163.5931640501161,High
22723,2011-10,44.0,60.53511815722241,16.535118157222414,11-50,37.5798139936873,Moderate
22723,2011-11,128.0,46.85366589406288,81.14633410593711,101-500,63.39557352026337,High
22725,2011-07,118.0,129.21765493680658,11.217654936806582,101-500,9.506487234581849,Low
22725,2011-08,181.0,144.63642161965376,36.36357838034624,101-500,20.090374795771403,Moderate
22725,2011-09,379.0,202.29759342622685,176.70240657377315,101-500,46.623326272763364,Moderate
22725,2011-10,259.0,390.1738975462049,131.1738975462049,101-500,50.6462924888822,High
22725,2011-11,110.0,128.75015728875903,18.750157288759027,101-500,17.04559753523548,Low
22726,2011-07,624.0,382.2451985741528,241.75480142584723,501-1000,38.74275663875757,Moderate
22726,2011-08,678.0,607.735912741713,70.26408725828696,501-1000,10.363434698862385,Low
22726,2011-09,1065.0,728.5186084599852,336.4813915400148,1001-5000,31.59449685821735,Moderate
22726,2011-10,1002.0,1006.2721202489304,4.272120248930378,1001-5000,0.4263593062804768,Low
22726,2011-11,383.0,701.3770126752981,318.37701267529815,101-500,83.12715735647471,High
22727,2011-07,743.0,322.08376971063296,420.91623028936704,501-1000,56.65090582629435,High
22727,2011-08,699.0,567.3177555584577,131.68224444154225,501-1000,18.838661579619778,Low
22727,2011-09,1152.0,757.1818662107573,394.81813378924267,1001-5000,34.272407446982875,Moderate
22727,2011-10,958.0,1131.200889673306,173.20088967330594,501-1000,18.079424809322123,Low
22727,2011-11,1060.0,638.575221110473,421.42477888952703,1001-5000,39.757054612219534,Moderate
22728,2011-07,844.0,288.1827914004692,555.8172085995308,501-1000,65.85511950231407,High
22728,2011-08,466.0,628.4207537442541,162.42075374425406,101-500,34.85423900091289,Moderate
22728,2011-09,1079.0,623.1156454271592,455.8843545728408,1001-5000,42.250635270884224,Moderate
22728,2011-10,545.0,1107.1192620338843,562.1192620338843,501-1000,103.14114899704299,High
22728,2011-11,213.0,337.45458357666905,124.45458357666904,101-500,58.42938196087748,High
22729,2011-07,291.0,220.1055924275082,70.89440757249179,101-500,24.362339371990306,Moderate
22729,2011-08,273.0,282.8471037944791,9.847103794479096,101-500,3.60699772691542,Low
22729,2011-09,142.0,336.0340867997764,194.0340867997764,101-500,136.64372309843407,High
22729,2011-10,24.0,226.18789713051936,202.18789713051936,11-50,842.4495713771639,High
22729,2011-11,4.0,75.85550068204691,71.85550068204691,0-10,1796.3875170511728,High
22730,2011-07,412.0,151.4583944651774,260.54160553482257,101-500,63.238253770588,High
22730,2011-08,319.0,287.202602418025,31.79739758197502,101-500,9.96783623259405,Low
22730,2011-09,497.0,407.67663828178337,89.32336171821663,101-500,17.972507387971152,Low
22730,2011-10,438.0,497.229504543735,59.22950454373501,101-500,13.52271793235959,Low
22730,2011-11,112.0,201.8996985171691,89.8996985171691,101-500,80.26758796175812,High
22731,2011-08,265.0,67.25527994975525,197.74472005024475,101-500,74.62064907556406,High
22731,2011-09,424.0,198.89899398216372,225.10100601783623,101-500,53.08985990986703,High
22731,2011-10,217.0,342.9575939582905,125.95759395829047,101-500,58.044974174327415,High
22731,2011-11,42.0,117.62335599313836,75.62335599313835,11-50,180.05560950747227,High
22732,2011-08,244.0,120.10609657121962,123.89390342878038,101-500,50.77618992982802,High
22732,2011-09,534.0,220.68617895143703,313.31382104856294,501-1000,58.67300019636011,High
22732,2011-10,519.0,498.0312122302733,20.96878776972676,501-1000,4.040228857365464,Low
22732,2011-11,53.0,192.2711680871933,139.2711680871933,51-100,262.77578884376095,High
22733,2011-08,308.0,92.85716568734286,215.1428343126572,101-500,69.85156958203156,High
22733,2011-09,483.0,296.80903968232576,186.19096031767424,101-500,38.54885306784146,Moderate
22733,2011-10,478.0,412.7503742513477,65.2496257486523,101-500,13.650549319801739,Low
22733,2011-11,42.0,239.0693718077977,197.0693718077977,11-50,469.21279001856595,High
22734,2011-07,236.0,23.662915311205,212.337084688795,101-500,89.97334096982839,High
22734,2011-08,715.0,203.1943527449603,511.8056472550397,501-1000,71.58120940629925,High
22734,2011-09,816.0,571.8557565700117,244.14424342998825,501-1000,29.91963767524366,Moderate
22734,2011-10,1214.0,959.1343387643316,254.8656612356685,1001-5000,20.993876543300534,Moderate
22734,2011-11,137.0,684.4829685844411,547.4829685844411,101-500,399.6226048061614,High
22735,2011-08,81.0,105.7470005049084,24.747000504908414,51-100,30.551852475195574,Moderate
22735,2011-09,218.0,104.32748694452356,113.67251305547644,101-500,52.14335461260388,High
22735,2011-10,200.0,209.0860181140168,9.08601811401681,101-500,4.543009057008405,Low
22735,2011-11,18.0,121.96950710104096,103.96950710104096,11-50,577.6083727835609,High
22736,2011-07,164.0,36.33708139307624,127.66291860692375,101-500,77.84324305300228,High
22736,2011-08,150.0,119.44738109130388,30.55261890869612,101-500,20.368412605797413,Moderate
22736,2011-09,325.0,149.7324579171749,175.2675420828251,101-500,53.9284744870231,High
22736,2011-10,353.0,375.2318629724696,22.23186297246957,101-500,6.297978179169849,Low
22736,2011-11,48.0,180.81278702524108,132.81278702524108,11-50,276.6933063025856,High
22737,2011-07,72.0,36.33708139307624,35.66291860692376,51-100,49.53183139850522,Moderate
22737,2011-08,212.0,86.13612104681619,125.8638789531838,101-500,59.36975422319991,High
22737,2011-09,396.0,192.742734961522,203.257265038478,101-500,51.32759218143384,High
22737,2011-10,434.0,405.47937689884617,28.52062310115383,101-500,6.571572143123003,Low
22737,2011-11,53.0,179.342502149947,126.342502149947,51-100,238.3820795282019,High
22738,2011-08,665.0,131.40854765290956,533.5914523470905,501-1000,80.23931614241961,High
22738,2011-09,514.0,458.780808368501,55.21919163149897,501-1000,10.743033391342212,Low
22738,2011-10,420.0,555.9402721506661,135.94027215066615,101-500,32.36673146444432,Moderate
22738,2011-11,103.0,184.7326106062268,81.73261060622676,101-500,79.35204913225898,High
22739,2011-07,181.0,58.41020890845402,122.58979109154598,101-500,67.72916634892043,High
22739,2011-08,237.0,153.93729432877015,83.06270567122985,101-500,35.04755513554002,Moderate
22739,2011-09,513.0,219.25040671517925,293.7495932848208,501-1000,57.26112929528671,High
22739,2011-10,449.0,660.6727014973977,211.67270149739767,101-500,47.14314064530015,Moderate
22739,2011-11,90.0,206.6512417826652,116.6512417826652,51-100,129.612490869628,High
22740,2011-07,0.0,898.8081808536625,898.8081808536625,0-10,,
22741,2011-07,1061.0,575.3052688951906,485.6947311048094,1001-5000,45.77707173466629,Moderate
22741,2011-08,1123.0,654.4481305015653,468.5518694984347,1001-5000,41.72322969710015,Moderate
22741,2011-09,806.0,844.3607615366177,38.3607615366177,501-1000,4.759399694369442,Low
22741,2011-10,692.0,908.42875765413,216.42875765412987,501-1000,31.275832030943622,Moderate
22741,2011-11,315.0,413.7769409424432,98.77694094244316,101-500,31.357759029347037,Moderate
22742,2011-07,43.0,40.53337915891737,2.46662084108263,11-50,5.736327537401465,Low
22742,2011-08,26.0,54.65082861581605,28.650828615816053,11-50,110.19549467621559,High
22742,2011-09,51.0,55.74711302630796,4.747113026307957,51-100,9.308064757466584,Low
22742,2011-10,38.0,75.19993777772957,37.19993777772957,11-50,97.89457309928835,High
22742,2011-11,273.0,44.22312730875428,228.77687269124573,101-500,83.80105226785558,High
22743,2011-07,66.0,48.99701080975224,17.00298919024776,51-100,25.762104833708726,Moderate
22743,2011-08,46.0,81.66575180437363,35.66575180437363,11-50,77.53424305298616,High
22743,2011-09,75.0,82.90530830079335,7.905308300793351,51-100,10.540411067724467,Low
22743,2011-10,57.0,98.99222889610652,41.992228896106525,51-100,73.6705770107132,High
22743,2011-11,249.0,57.9648783017312,191.0351216982688,101-500,76.72093240894328,High
22744,2011-07,37.0,53.84614930117228,16.846149301172282,11-50,45.53013324641157,Moderate
22744,2011-08,47.0,48.638749750414746,1.638749750414746,11-50,3.486701596627119,Low
22744,2011-09,41.0,81.28038704404783,40.28038704404783,11-50,98.24484644889714,High
22744,2011-10,78.0,80.64017047025665,2.640170470256649,51-100,3.384833936226473,Low
22744,2011-11,253.0,64.24194859837081,188.7580514016292,101-500,74.6079254551894,High
22745,2011-07,194.0,137.56625352989934,56.43374647010066,101-500,29.08956003613436,Moderate
22745,2011-08,123.0,195.2090656862342,72.2090656862342,101-500,58.70655746848309,High
22745,2011-09,213.0,159.29955976232193,53.70044023767807,101-500,25.211474289989706,Moderate
22745,2011-10,247.0,244.38052841494545,2.6194715850545838,101-500,1.0605148117629895,Low
22745,2011-11,34.0,124.88862462650832,90.88862462650832,11-50,267.3194841956127,High
22746,2011-07,103.0,99.29637856396978,3.703621436030218,101-500,3.5957489670196296,Low
22746,2011-08,76.0,137.347844777041,61.34784477704099,51-100,80.7208483908434,High
22746,2011-09,159.0,106.6682332489804,52.331766751019615,101-500,32.91306084969787,Moderate
22746,2011-10,147.0,168.34329783025086,21.34329783025086,101-500,14.519250224660448,Low
22746,2011-11,27.0,99.07549094353064,72.07549094353064,11-50,266.94626275381717,High
22747,2011-07,49.0,81.1422266362552,32.1422266362552,11-50,65.59638089031674,High
22747,2011-08,57.0,88.42210088358951,31.422100883589508,51-100,55.12649277822721,High
22747,2011-09,107.0,87.17175269105729,19.828247308942707,101-500,18.531072251348323,Low
22747,2011-10,73.0,131.4372739508684,58.43727395086839,51-100,80.05106020666902,High
22747,2011-11,21.0,62.361245604485376,41.361245604485376,11-50,196.95831240231132,High
22748,2011-07,128.0,144.5343864612573,16.5343864612573,101-500,12.917489422857265,Low
22748,2011-08,131.0,162.95412546559513,31.954125465595126,101-500,24.392462187477197,Moderate
22748,2011-09,228.0,163.2039717678242,64.79602823217581,101-500,28.419310628147286,Moderate
22748,2011-10,282.0,244.6777493132764,37.322250686723606,101-500,13.234840669050923,Low
22748,2011-11,35.0,151.44821225736692,116.44821225736692,11-50,332.7091778781912,High
22749,2011-07,166.0,129.26946258542495,36.73053741457505,101-500,22.126829767816297,Moderate
22749,2011-08,207.0,177.3878851951218,29.61211480487819,101-500,14.305369470955648,Low
22749,2011-09,413.0,208.19077161217209,204.80922838782791,101-500,49.5906122004426,Moderate
22749,2011-10,361.0,414.1346339958455,53.13463399584549,101-500,14.718735178904568,Low
22749,2011-11,129.0,218.4329908060604,89.43299080606036,101-500,69.32789984965919,High
22750,2011-07,136.0,115.59297275602312,20.40702724397687,101-500,15.005167091159462,Low
22750,2011-08,250.0,158.12652088781968,91.87347911218032,101-500,36.74939164487213,Moderate
22750,2011-09,298.0,250.4579202015645,47.54207979843554,101-500,15.953718053166288,Low
22750,2011-10,291.0,323.8784965744732,32.87849657447316,101-500,11.298452431090434,Low
22750,2011-11,67.0,152.17044991020995,85.17044991020995,51-100,127.12007449285068,High
22751,2011-07,66.0,86.65498926808392,20.654989268083924,51-100,31.295438284975642,Moderate
22751,2011-08,406.0,94.93805234158152,311.0619476584185,101-500,76.61624326562033,High
22751,2011-09,222.0,291.4365604057026,69.43656040570261,101-500,31.27772991247865,Moderate
22751,2011-10,161.0,268.6934173629825,107.69341736298249,101-500,66.89032134346739,High
22751,2011-11,44.0,112.85955440809488,68.85955440809487,11-50,156.4989872911247,High
22752,2011-07,51.0,120.80628118116675,69.80628118116677,51-100,136.87506113954268,High
22752,2011-08,136.0,80.93656750087128,55.06343249912872,101-500,40.48781801406523,Moderate
22752,2011-09,87.0,156.1083976568024,69.1083976568024,51-100,79.43493983540505,High
22752,2011-10,253.0,118.4904770938186,134.5095229061814,101-500,53.16581933050648,High
22752,2011-11,189.0,111.63550799352755,77.36449200647243,101-500,40.93359365421822,Moderate
22753,2011-07,43.0,81.2819724711415,38.2819724711415,11-50,89.02784295614302,High
22753,2011-08,29.0,75.3960432495828,46.3960432495828,11-50,159.98635603304413,High
22753,2011-09,27.0,67.75904312743599,40.75904312743599,11-50,150.95941899050365,High
22753,2011-10,181.0,79.49243223532098,101.50756776467902,101-500,56.08152915175637,High
22753,2011-11,252.0,90.4692999059681,161.53070009403189,101-500,64.09948416429837,High
22754,2011-07,52.0,109.37891890502624,57.378918905026254,51-100,110.34407481735818,High
22754,2011-08,84.0,100.62543177997138,16.62543177997138,51-100,19.79218069044212,Low
22754,2011-09,83.0,118.99039455022736,35.99039455022735,51-100,43.361921144852225,Moderate
22754,2011-10,220.0,129.92436279394462,90.07563720605538,101-500,40.943471457297896,Moderate
22754,2011-11,616.0,92.28875615301575,523.7112438469842,501-1000,85.01805906606886,High
22755,2011-07,42.0,117.89899670943414,75.89899670943414,11-50,180.71189692722416,High
22755,2011-08,42.0,101.10491620745532,59.10491620745532,11-50,140.72599097013173,High
22755,2011-09,48.0,97.58123737732063,49.58123737732065,11-50,103.29424453608469,High
22755,2011-10,203.0,97.10175294983672,105.89824705016328,101-500,52.16662416264201,High
22755,2011-11,474.0,104.51253373988568,369.48746626011433,101-500,77.95094224896927,High
22756,2011-07,58.0,69.26225738799772,11.26225738799772,51-100,19.417685151720203,Low
22756,2011-08,10.0,59.54990942669151,49.54990942669151,0-10,495.49909426691505,High
22756,2011-09,17.0,58.572376200937065,41.572376200937065,11-50,244.54338941727687,High
22756,2011-10,71.0,56.91119303594032,14.088806964059684,51-100,19.843390090224908,Low
22756,2011-11,175.0,45.07838508196632,129.92161491803367,101-500,74.24092281030495,High
22757,2011-07,95.0,64.37923074942249,30.62076925057751,51-100,32.23238868481843,Moderate
22757,2011-08,42.0,99.10843515576116,57.10843515576117,11-50,135.97246465657423,High
22757,2011-09,30.0,74.82502261371458,44.82502261371458,11-50,149.41674204571527,High
22757,2011-10,87.0,75.74779260613045,11.252207393869554,51-100,12.933571717091441,Low
22757,2011-11,368.0,61.750066945704674,306.2499330542953,101-500,83.22009050388459,High
22758,2011-07,68.0,71.06987772525238,3.0698777252523826,51-100,4.514526066547622,Low
22758,2011-08,36.0,78.08379036978273,42.08379036978273,11-50,116.89941769384093,High
22758,2011-09,41.0,86.62678212251653,45.62678212251653,11-50,111.28483444516226,High
22758,2011-10,111.0,79.49473364099507,31.50526635900493,101-500,28.383122845950385,Moderate
22758,2011-11,537.0,71.66111955075931,465.3388804492407,501-1000,86.65528499985861,High
22759,2011-07,299.0,217.72296479269,81.27703520731,101-500,27.18295491883278,Moderate
22759,2011-08,442.0,287.1159127638359,154.88408723616408,101-500,35.041648695964724,Moderate
22759,2011-09,1425.0,319.9019988315781,1105.098001168422,1001-5000,77.55073692409978,High
22759,2011-10,911.0,948.111081415237,37.11108141523698,501-1000,4.073664260728538,Low
22760,2011-07,18.0,45.32509711395132,27.325097113951315,11-50,151.8060950775073,High
22760,2011-08,54.0,55.31483882999223,1.314838829992226,51-100,2.4348867222078256,Low
22761,2011-07,1.0,18.880484830624948,17.880484830624948,0-10,1788.0484830624948,High
22761,2011-08,1.0,18.880484830624948,17.880484830624948,0-10,1788.0484830624948,High
22761,2011-09,6.0,18.880484830624948,12.880484830624948,0-10,214.67474717708245,High
22761,2011-10,3.0,19.32134866516658,16.32134866516658,0-10,544.0449555055526,High
22761,2011-11,1.0,13.371347529813546,12.371347529813546,0-10,1237.1347529813545,High
22762,2011-07,14.0,26.987573766833865,12.987573766833863,11-50,92.76838404881332,High
22762,2011-08,11.0,27.57848097911741,16.578480979117412,11-50,150.71346344652193,High
22762,2011-09,11.0,26.987573766833865,15.987573766833863,11-50,145.34157969848965,High
22762,2011-10,13.0,26.987573766833865,13.987573766833863,11-50,107.59672128333742,High
22762,2011-11,6.0,21.227239435877333,15.227239435877332,0-10,253.78732393128885,High
22763,2011-07,12.0,27.57848097911741,15.578480979117412,11-50,129.82067482597844,High
22763,2011-08,15.0,26.736376736688747,11.736376736688747,11-50,78.24251157792497,High
22763,2011-09,19.0,46.70150729623069,27.701507296230687,11-50,145.7974068222668,High
22763,2011-10,22.0,33.25108654469409,11.25108654469409,11-50,51.14130247588222,High
22763,2011-11,13.0,32.80487954950077,19.804879549500768,11-50,152.34522730385208,High
22766,2011-07,138.0,219.6443464028634,81.64434640286339,101-500,59.16256985714738,High
22766,2011-08,771.0,194.58155463008708,576.4184453699129,501-1000,74.76244427625329,High
22766,2011-09,202.0,578.365161165309,376.365161165309,101-500,186.31938671549952,High
22766,2011-10,264.0,291.35559223715313,27.35559223715313,101-500,10.361966756497397,Low
22766,2011-11,53.0,154.6091199781841,101.60911997818413,51-100,191.71532071355495,High
22767,2011-07,42.0,61.12603477037147,19.12603477037147,11-50,45.53817802469397,Moderate
22767,2011-08,210.0,77.94717918406879,132.05282081593123,101-500,62.88229562663392,High
22767,2011-09,34.0,165.0906687114327,131.0906687114327,11-50,385.56079032774323,High
22767,2011-10,75.0,86.43486838614483,11.434868386144828,51-100,15.246491181526437,Low
22767,2011-11,25.0,59.83685079282959,34.83685079282959,11-50,139.34740317131835,High
22768,2011-07,40.0,65.51319237902725,25.513192379027245,11-50,63.78298094756811,High
22768,2011-08,208.0,71.93510031866747,136.06489968133252,101-500,65.41581715448679,High
22768,2011-09,76.0,165.0906687114327,89.0906687114327,51-100,117.22456409399041,High
22768,2011-10,94.0,123.19314307093904,29.193143070939044,51-100,31.056535181850048,Moderate
22768,2011-11,46.0,78.32215697381208,32.322156973812085,11-50,70.26555863872193,High
22770,2011-07,8.0,18.880484830624948,10.880484830624948,0-10,136.00606038281185,High
22770,2011-08,11.0,19.32134866516658,8.321348665166578,11-50,75.64862422878707,High
22770,2011-09,11.0,22.299746579460663,11.299746579460663,11-50,102.72496890418785,High
22770,2011-10,7.0,26.130170804402876,19.130170804402876,0-10,273.2881543486125,High
22770,2011-11,2.0,20.222864668366185,18.222864668366185,0-10,911.1432334183093,High
22771,2011-07,587.0,476.60855470357,110.39144529643004,501-1000,18.806038380993193,Low
22771,2011-08,571.0,549.3845115497631,21.615488450236853,501-1000,3.785549641022216,Low
22771,2011-09,468.0,617.1382230296484,149.13822302964843,101-500,31.867141673001804,Moderate
22771,2011-10,585.0,562.6229323413452,22.377067658654823,501-1000,3.8251397707102264,Low
22771,2011-11,77.0,316.50848745703587,239.50848745703587,51-100,311.04998371043615,High
22772,2011-07,201.0,275.1229595242667,74.12295952426672,101-500,36.877094290679956,Moderate
22772,2011-08,249.0,274.285015643064,25.28501564306401,101-500,10.154624756250605,Low
22772,2011-09,236.0,269.7128890347132,33.71288903471316,101-500,14.285122472336084,Low
22772,2011-10,248.0,251.5688639068853,3.568863906885298,101-500,1.4390580269698783,Low
22772,2011-11,37.0,146.58694256273716,109.58694256273716,11-50,296.18092584523555,High
22773,2011-07,74.0,144.4330342301773,70.4330342301773,51-100,95.17977598672609,High
22773,2011-08,179.0,114.3947013355622,64.60529866443781,101-500,36.092345622590955,Moderate
22773,2011-09,138.0,166.82842497158046,28.82842497158046,101-500,20.89016302288439,Moderate
22773,2011-10,116.0,153.92974148550616,37.92974148550616,101-500,32.69805300474669,Moderate
22773,2011-11,42.0,86.13245674408132,44.13245674408133,11-50,105.0772779620984,High
22774,2011-07,54.0,122.73211556082384,68.73211556082383,51-100,127.2816954830071,High
22774,2011-08,126.0,91.18772088053028,34.81227911946971,101-500,27.628792951960087,Moderate
22774,2011-09,206.0,123.25422423177328,82.74577576822671,101-500,40.167852314673155,Moderate
22774,2011-10,189.0,168.42105980423986,20.57894019576014,101-500,10.888328145904836,Low
22774,2011-11,12.0,114.2515252802372,102.2515252802372,11-50,852.0960440019767,High
22775,2011-07,275.0,238.272272597809,36.72772740219099,101-500,13.35553723716036,Low
22775,2011-08,222.0,275.53351792984506,53.53351792984506,101-500,24.114197265695974,Moderate
22775,2011-09,256.0,229.26324315350743,26.73675684649257,101-500,10.444045643161159,Low
22775,2011-10,375.0,253.79441218212705,121.20558781787297,101-500,32.321490084766126,Moderate
22775,2011-11,85.0,202.87498397293092,117.87498397293096,51-100,138.67645173285996,High
22776,2011-07,49.0,113.67612548241384,64.67612548241385,11-50,131.99209282125275,High
22776,2011-08,87.0,106.49662195145036,19.49662195145035,51-100,22.40991028902339,Moderate
22776,2011-09,94.0,160.34969723256322,66.34969723256322,51-100,70.58478428996087,High
22776,2011-10,84.0,176.1332214160573,92.1332214160573,51-100,109.68240644768726,High
22776,2011-11,23.0,77.79866344036319,54.79866344036319,11-50,238.2550584363617,High
22778,2011-07,91.0,55.14681942484827,35.85318057515173,51-100,39.39909953313377,Moderate
22778,2011-08,58.0,91.67929616991805,33.67929616991805,51-100,58.067752017100084,High
22778,2011-09,50.0,87.17175269105729,37.17175269105729,11-50,74.34350538211459,High
22778,2011-10,83.0,84.74925978833426,1.7492597883342569,51-100,2.1075419136557314,Low
22779,2011-07,45.0,84.15111727151944,39.15111727151944,11-50,87.00248282559875,High
22779,2011-08,105.0,88.90158531107345,16.098414688926553,101-500,15.331823513263384,Low
22779,2011-09,121.0,116.3467110295686,4.653288970431404,101-500,3.845693363992896,Low
22779,2011-10,99.0,127.11464850949942,28.114648509499418,51-100,28.398634858080218,Moderate
22779,2011-11,19.0,78.86482130216157,59.86482130216157,11-50,315.07800685348195,High
22780,2011-07,13.0,92.1027120982335,79.1027120982335,11-50,608.4824007556423,High
22780,2011-08,108.0,59.00307203780579,48.99692796219421,101-500,45.36752589092057,Moderate
22780,2011-09,48.0,111.89855160544094,63.89855160544094,11-50,133.1219825113353,High
22780,2011-10,84.0,84.26977536085032,0.2697753608503177,51-100,0.32116114386942585,Low
22780,2011-11,18.0,64.29736776573459,46.29736776573459,11-50,257.20759869852554,High
22781,2011-07,37.0,67.13811363577277,30.13811363577277,11-50,81.45436117776424,High
22781,2011-08,52.0,77.49894558107998,25.49894558107998,51-100,49.03643380976919,Moderate
22781,2011-09,45.0,77.94717918406879,32.94717918406879,11-50,73.21595374237508,High
22781,2011-10,62.0,79.57210044081431,17.57210044081431,51-100,28.342097485184368,Moderate
22781,2011-11,16.0,56.28536992291288,40.28536992291288,11-50,251.7835620182055,High
22782,2011-07,2.0,25.7320019691776,23.7320019691776,0-10,1186.60009845888,High
22782,2011-08,4.0,23.831952288031584,19.831952288031584,0-10,495.7988072007896,High
22782,2011-09,4.0,18.880484830624948,14.880484830624948,0-10,372.0121207656237,High
22782,2011-10,8.0,18.880484830624948,10.880484830624948,0-10,136.00606038281185,High
22782,2011-11,5.0,15.385484807274446,10.385484807274446,0-10,207.70969614548892,High
22784,2011-07,135.0,114.73874531293258,20.26125468706742,101-500,15.008336805235126,Low
22784,2011-08,110.0,155.5020899919634,45.5020899919634,101-500,41.36553635633037,Moderate
22784,2011-09,49.0,134.42436962176723,85.42436962176723,11-50,174.33544820768822,High
22784,2011-10,130.0,92.55149585941211,37.44850414058787,101-500,28.806541646606053,Moderate
22784,2011-11,33.0,98.21769836576334,65.21769836576334,11-50,197.62938898716163,High
22785,2011-07,1.0,30.993935762671164,29.993935762671164,0-10,2999.3935762671163,High
22785,2011-08,5.0,25.29113813463597,20.29113813463597,0-10,405.8227626927193,High
22785,2011-09,9.0,18.880484830624948,9.880484830624948,0-10,109.78316478472163,High
22785,2011-10,8.0,20.894622108085866,12.894622108085862,0-10,161.18277635107327,High
22785,2011-11,123.0,19.161847656987074,103.83815234301292,101-500,84.42126206749018,High
22786,2011-08,7.0,18.880484830624948,11.880484830624948,0-10,169.7212118660707,High
22786,2011-09,8.0,19.32134866516658,11.321348665166578,0-10,141.51685831458224,High
22786,2011-10,7.0,21.506521300427544,14.506521300427544,0-10,207.23601857753633,High
22786,2011-11,16.0,17.799764794678428,1.7997647946784276,11-50,11.248529966740172,Low
22789,2011-07,44.0,82.42468865995191,38.42468865995191,11-50,87.32883786352707,High
22789,2011-08,44.0,64.74858020851175,20.748580208511758,11-50,47.155864110253994,Moderate
22789,2011-09,46.0,63.52182778699152,17.521827786991516,11-50,38.09092997172069,Moderate
22789,2011-10,12.0,82.6448541041048,70.6448541041048,11-50,588.7071175342066,High
22789,2011-11,17.0,36.895459542763966,19.89545954276397,11-50,117.03211495743511,High
22791,2011-07,561.0,505.2542319636448,55.74576803635523,501-1000,9.93685704747865,Low
22791,2011-08,937.0,611.9298576179102,325.0701423820898,501-1000,34.692651268099226,Moderate
22791,2011-09,566.0,719.8957313998468,153.8957313998468,501-1000,27.190058551209685,Moderate
22791,2011-10,1325.0,682.7583612821418,642.2416387178582,1001-5000,48.4710670730459,Moderate
22791,2011-11,475.0,533.9159501335889,58.91595013358892,101-500,12.403357922860826,Low
22792,2011-07,88.0,98.02240845690083,10.022408456900848,51-100,11.38910051920551,Low
22792,2011-08,298.0,105.16043388895709,192.83956611104293,101-500,64.71126379565199,High
22792,2011-09,211.0,246.15446057516948,35.15446057516948,101-500,16.66088178917985,Low
22792,2011-10,819.0,209.6310061698183,609.3689938301817,501-1000,74.40402855069374,High
22792,2011-11,292.0,369.6002345830696,77.60023458306961,101-500,26.5754228024211,Moderate
22794,2011-07,20.0,37.04921547530995,17.04921547530995,11-50,85.24607737654975,High
22794,2011-08,24.0,59.80194726583856,35.801947265838564,11-50,149.17478027432736,High
22794,2011-09,13.0,63.4202094214896,50.4202094214896,11-50,387.8477647806892,High
22794,2011-10,18.0,49.65753198441787,31.657531984417872,11-50,175.87517769121038,High
22794,2011-11,8.0,21.95429651791308,13.95429651791308,0-10,174.4287064739135,High
22795,2011-07,96.0,94.18172914814625,1.8182708518537536,51-100,1.89403213734766,Low
22795,2011-08,202.0,122.62392440627356,79.37607559372644,101-500,39.29508692758735,Moderate
22795,2011-09,66.0,192.53543683318955,126.53543683318956,51-100,191.720358838166,High
22795,2011-10,155.0,120.3188953151396,34.68110468486039,101-500,22.374906248297023,Moderate
22795,2011-11,67.0,104.0978541327167,37.09785413271671,51-100,55.369931541368224,High
22796,2011-07,36.0,58.42438432664962,22.424384326649623,11-50,62.28995646291562,High
22796,2011-08,54.0,73.56002157541299,19.56002157541299,51-100,36.22226217669072,Moderate
22796,2011-09,37.0,77.94717918406879,40.94717918406879,11-50,110.66805184883457,High
22796,2011-10,67.0,73.56002157541299,6.560021575412989,51-100,9.791076978228341,Low
22796,2011-11,12.0,49.13300802711517,37.13300802711517,11-50,309.4417335592931,High
22797,2011-07,7.0,39.62575233494941,32.62575233494941,0-10,466.08217621356306,High
22797,2011-08,5.0,39.46703881543393,34.46703881543393,0-10,689.3407763086786,High
22797,2011-09,13.0,20.943469348717425,7.943469348717425,11-50,61.10361037474943,High
22797,2011-10,16.0,23.117862457787364,7.117862457787364,11-50,44.48664036117103,Moderate
22797,2011-11,2.0,26.23340333648351,24.23340333648351,0-10,1211.6701668241753,High
22798,2011-07,125.0,184.6984193692859,59.69841936928589,101-500,47.75873549542871,Moderate
22798,2011-08,137.0,143.23208584972642,6.232085849726417,101-500,4.548967773522932,Low
22798,2011-09,273.0,157.51128002300393,115.48871997699608,101-500,42.303560431134095,Moderate
22798,2011-10,156.0,242.1853459401627,86.1853459401627,101-500,55.24701662830943,High
22798,2011-11,197.0,115.9063156706644,81.0936843293356,101-500,41.1643067661602,Moderate
22799,2011-07,11.0,26.344054625161487,15.344054625161489,11-50,139.49140568328627,High
22799,2011-08,11.0,20.93838308258221,9.93838308258221,11-50,90.34893711438372,High
22799,2011-09,6.0,26.130170804402876,20.130170804402876,0-10,335.50284674004797,High
22799,2011-10,12.0,25.7320019691776,13.7320019691776,11-50,114.43334974314668,High
22799,2011-11,30.0,16.55580866645044,13.44419133354956,11-50,44.81397111183186,Moderate
22800,2011-07,44.0,59.78885138670662,15.788851386706618,11-50,35.88375315160595,Moderate
22800,2011-08,53.0,80.93656750087128,27.93656750087128,51-100,52.71050471862506,High
22800,2011-09,69.0,79.31164624412575,10.311646244125754,51-100,14.944414846559065,Low
22800,2011-10,89.0,106.76029477989056,17.76029477989057,51-100,19.955387393135474,Low
22800,2011-11,29.0,68.17700186343838,39.17700186343838,11-50,135.09310987392544,High
22801,2011-07,84.0,99.06061722725872,15.060617227258716,51-100,17.929306222927043,Low
22801,2011-08,30.0,101.2738276121924,71.27382761219239,11-50,237.57942537397466,High
22801,2011-09,154.0,62.69377997164607,91.30622002835392,101-500,59.289753265164876,High
22801,2011-10,137.0,140.94507673895137,3.945076738951372,101-500,2.879618057628739,Low
22801,2011-11,47.0,95.5221245185333,48.5221245185333,11-50,103.23856280539002,High
22802,2011-07,2.0,18.880484830624948,16.880484830624948,0-10,844.0242415312474,High
22802,2011-08,3.0,18.880484830624948,15.880484830624948,0-10,529.3494943541649,High
22802,2011-09,5.0,18.880484830624948,13.880484830624948,0-10,277.60969661249896,High
22802,2011-10,9.0,18.880484830624948,9.880484830624948,0-10,109.78316478472163,High
22802,2011-11,20.0,15.385484807274446,4.614515192725554,11-50,23.072575963627767,Moderate
22803,2011-07,1.0,18.880484830624948,17.880484830624948,0-10,1788.0484830624948,High
22803,2011-08,0.0,18.880484830624948,18.880484830624948,0-10,,
22804,2011-07,165.0,195.7233828422635,30.723382842263504,101-500,18.620232025614243,Low
22804,2011-08,117.0,202.7111730991536,85.71117309915357,101-500,73.25741290525946,High
22804,2011-09,171.0,163.92857139625372,7.071428603746284,101-500,4.135338364763909,Low
22804,2011-10,787.0,190.2666811888066,596.7333188111934,501-1000,75.82380162785176,High
22804,2011-11,28.0,394.15704614992825,366.15704614992825,11-50,1307.7037362497438,High
22805,2011-07,117.0,113.53455486717768,3.4654451328223104,101-500,2.9619189169421456,Low
22805,2011-08,127.0,139.23560603183304,12.235606031833044,101-500,9.634335458136254,Low
22805,2011-09,204.0,146.13976422078198,57.860235779218016,101-500,28.362860676087266,Moderate
22805,2011-10,147.0,199.8836938164575,52.88369381645751,101-500,35.975301915957495,Moderate
22805,2011-11,26.0,100.951906064021,74.95190606402099,11-50,288.2765617846961,High
22806,2011-07,4.0,45.074625784998425,41.074625784998425,0-10,1026.8656446249606,High
22806,2011-08,31.0,47.23437491446998,16.23437491446998,11-50,52.368951336999935,High
22806,2011-09,7.0,38.05247889203013,31.05247889203013,0-10,443.6068413147161,High
22806,2011-10,19.0,33.87169754583188,14.87169754583188,11-50,78.27209234648357,High
22806,2011-11,66.0,23.93670448806192,42.06329551193808,51-100,63.73226592717891,High
22807,2011-07,65.0,93.85392353843748,28.85392353843747,51-100,44.39065159759611,Moderate
22807,2011-08,33.0,71.10383919765702,38.103839197657024,11-50,115.46617938683947,High
22807,2011-09,42.0,60.47155756825066,18.47155756825066,11-50,43.979898972025374,Moderate
22807,2011-10,78.0,74.75768900807529,3.242310991924711,51-100,4.156808964006039,Low
22807,2011-11,104.0,64.2875308219792,39.7124691780208,101-500,38.185066517327684,Moderate
22808,2011-11,26.0,13.371347529813546,12.628652470186454,11-50,48.5717402699479,Moderate
22809,2011-08,187.0,110.8139019181408,76.1860980818592,101-500,40.74122892078032,Moderate
22809,2011-09,271.0,198.2705110239648,72.72948897603519,101-500,26.83744980665505,Moderate
22809,2011-10,468.0,283.89775789378444,184.1022421062156,101-500,39.33808592013154,Moderate
22809,2011-11,97.0,204.11188608255512,107.11188608255512,51-100,110.4246248273764,High
22810,2011-07,74.0,23.220666541550717,50.77933345844929,51-100,68.62072088979633,High
22810,2011-08,95.0,63.35173198784295,31.648268012157047,51-100,33.31396632858636,Moderate
22810,2011-09,198.0,111.12278904202516,86.87721095797484,101-500,43.87737927170446,Moderate
22810,2011-10,360.0,195.4589119884633,164.5410880115367,101-500,45.70585778098241,Moderate
22810,2011-11,4.0,203.84726929892523,199.84726929892523,0-10,4996.181732473131,High
22811,2011-07,98.0,62.76595097268805,35.23404902731195,51-100,35.95311125235913,Moderate
22811,2011-08,106.0,89.97667263294107,16.023327367058926,101-500,15.1163465726971,Low
22811,2011-09,156.0,97.9709527064916,58.0290472935084,101-500,37.19810723942846,Moderate
22811,2011-10,195.0,132.15559239928265,62.84440760071735,101-500,32.22790133370121,Moderate
22811,2011-11,160.0,102.33350340599624,57.66649659400376,101-500,36.04156037125235,Moderate
22812,2011-07,112.0,47.84058084675586,64.15941915324413,101-500,57.2851956725394,High
22812,2011-08,627.0,92.738289630498,534.261710369502,501-1000,85.2092042056622,High
22812,2011-09,544.0,424.9512869349568,119.04871306504316,501-1000,21.8839546075447,Moderate
22812,2011-10,136.0,458.88989274892816,322.88989274892816,101-500,237.41903878597662,High
22812,2011-11,4.0,122.07676468272906,118.07676468272906,0-10,2951.9191170682266,High
22813,2011-07,79.0,80.77584637910765,1.775846379107648,51-100,2.2479068089970227,Low
22813,2011-08,550.0,103.14455441884571,446.8554455811543,501-1000,81.24644465111896,High
22813,2011-09,235.0,351.3768138501987,116.37681385019869,101-500,49.52204844689306,Moderate
22813,2011-10,244.0,209.50890133589368,34.49109866410632,101-500,14.135696173814063,Low
22813,2011-11,65.0,138.61133324821063,73.61133324821063,51-100,113.24820499724713,High
22814,2011-07,114.0,224.31382676847025,110.31382676847022,101-500,96.7665147091844,High
22814,2011-08,135.0,188.78292760470265,53.78292760470265,101-500,39.839205633113075,Moderate
22814,2011-09,169.0,191.80778847508543,22.80778847508543,101-500,13.495732825494338,Low
22814,2011-10,190.0,195.3791064475689,5.379106447568859,101-500,2.831108656615189,Low
22814,2011-11,223.0,114.99484314560624,108.00515685439376,101-500,48.43280576430213,Moderate
22815,2011-07,266.0,281.6935145375288,15.693514537528756,101-500,5.899817495311562,Low
22815,2011-08,394.0,254.85857247809665,139.14142752190338,101-500,35.31508312738664,Moderate
22815,2011-09,162.0,365.4495634613268,203.4495634613268,101-500,125.58615028476963,High
22815,2011-10,290.0,255.1669077254199,34.83309227458011,101-500,12.011411129165555,Low
22815,2011-11,109.0,146.0463263486402,37.04632634864021,101-500,33.98745536572496,Moderate
22816,2011-07,24.0,81.32403995279083,57.32403995279083,11-50,238.85016646996178,High
22816,2011-08,594.0,80.6184283036409,513.3815716963591,501-1000,86.42787402295608,High
22816,2011-09,885.0,393.9921321652742,491.0078678347258,501-1000,55.481115009573536,High
22816,2011-10,1482.0,685.8836535595202,796.1163464404798,1001-5000,53.71905171663156,High
22816,2011-11,252.0,408.6322370982484,156.63223709824837,101-500,62.15564964216205,High
22817,2011-07,109.0,242.5030935605045,133.5030935605045,101-500,122.4799023490867,High
22817,2011-08,173.0,189.1975370771888,16.19753707718877,101-500,9.362738194906802,Low
22817,2011-09,129.0,237.63939158431864,108.63939158431862,101-500,84.2165826235028,High
22817,2011-10,380.0,199.73169436014723,180.2683056398528,101-500,47.439027799961266,Moderate
22817,2011-11,76.0,183.15970446647236,107.15970446647232,51-100,140.99961114009517,High
22818,2011-07,108.0,94.77676991470416,13.223230085295851,101-500,12.243731560459121,Low
22818,2011-08,638.0,120.0445359269064,517.9554640730936,501-1000,81.18424201772628,High
22818,2011-09,829.0,472.913346159283,356.086653840717,501-1000,42.953758002499036,Moderate
22818,2011-10,1376.0,728.6019058176847,647.3980941823153,1001-5000,47.04928010045896,Moderate
22818,2011-11,195.0,484.10673023334846,289.10673023334846,101-500,148.25986165812742,High
22819,2011-07,155.0,229.75881466283735,74.75881466283738,101-500,48.231493330862826,Moderate
22819,2011-08,280.0,194.9480692212596,85.05193077874043,101-500,30.375689563835866,Moderate
22819,2011-09,266.0,273.37838243855776,7.378382438557763,101-500,2.7738279844202114,Low
22819,2011-10,337.0,242.2713761027817,94.72862389721833,101-500,28.10938394576212,Moderate
22819,2011-11,75.0,197.90705128931148,122.90705128931148,51-100,163.87606838574865,High
22820,2011-07,26.0,193.7692520194237,167.7692520194237,11-50,645.2663539208604,High
22820,2011-08,49.0,88.69476275352059,39.69476275352059,11-50,81.00971990514407,High
22820,2011-09,49.0,93.16283458563396,44.162834585633945,11-50,90.12823384823254,High
22820,2011-10,16.0,87.10875389056862,71.10875389056862,11-50,444.4297118160539,High
22820,2011-11,13.0,56.97528295823784,43.97528295823784,11-50,338.2714073710603,High
22821,2011-07,28.0,270.6780963329334,242.67809633293345,11-50,866.7074869033337,High
22821,2011-08,102.0,107.2476759675498,5.24767596754981,101-500,5.144780360342951,Low
22821,2011-09,65.0,136.20740386222246,71.20740386222246,51-100,109.54985209572688,High
22821,2011-10,106.0,109.821536088143,3.821536088142992,101-500,3.6052227246632,Low
22821,2011-11,29.0,85.8418878204781,56.84188782047811,11-50,196.00650972578657,High
22822,2011-07,14.0,37.08102964506817,23.08102964506817,11-50,164.86449746477265,High
22822,2011-08,6.0,28.631397469642938,22.631397469642938,0-10,377.1899578273823,High
22822,2011-09,11.0,26.78491845970312,15.784918459703118,11-50,143.4992587245738,High
22822,2011-10,11.0,21.45874003497597,10.458740034975976,11-50,95.07945486341796,High
22822,2011-11,3.0,20.62103350359146,17.62103350359146,0-10,587.3677834530487,High
22823,2011-09,0.0,18.880484830624948,18.880484830624948,0-10,,
22824,2011-07,5.0,19.890552858191903,14.890552858191906,0-10,297.8110571638381,High
22824,2011-08,5.0,20.05558943831896,15.05558943831896,0-10,301.11178876637916,High
22824,2011-09,1.0,18.880484830624948,17.880484830624948,0-10,1788.0484830624948,High
22824,2011-10,1.0,18.880484830624948,17.880484830624948,0-10,1788.0484830624948,High
22825,2011-07,4.0,25.29113813463597,21.29113813463597,0-10,532.2784533658992,High
22825,2011-08,2.0,18.880484830624948,16.880484830624948,0-10,844.0242415312474,High
22825,2011-09,9.0,18.880484830624948,9.880484830624948,0-10,109.78316478472163,High
22825,2011-10,2.0,19.32134866516658,17.32134866516658,0-10,866.067433258329,High
22826,2011-07,7.0,20.894622108085866,13.894622108085862,0-10,198.49460154408374,High
22826,2011-08,12.0,21.506521300427544,9.506521300427544,11-50,79.2210108368962,High
22826,2011-09,4.0,42.19804031194208,38.19804031194208,0-10,954.951007798552,High
22826,2011-10,16.0,25.29113813463597,9.291138134635968,11-50,58.0696133414748,High
22827,2011-09,4.0,18.880484830624948,14.880484830624948,0-10,372.0121207656237,High
22827,2011-10,2.0,18.880484830624948,16.880484830624948,0-10,844.0242415312474,High
22829,2011-07,12.0,28.631397469642938,16.631397469642938,11-50,138.59497891369114,High
22829,2011-08,16.0,27.78929322721427,11.78929322721427,11-50,73.68308267008918,High
22829,2011-09,8.0,32.393683582263094,24.39368358226309,0-10,304.9210447782886,High
22829,2011-10,1.0,25.7320019691776,24.7320019691776,0-10,2473.20019691776,High
22831,2011-07,16.0,122.41026171311309,106.41026171311309,11-50,665.0641357069568,High
22831,2011-08,46.0,56.03093054459978,10.030930544599784,11-50,21.806370749129965,Moderate
22831,2011-09,27.0,72.17119601731423,45.17119601731423,11-50,167.3007259900527,High
22831,2011-10,29.0,58.2704769051428,29.2704769051428,11-50,100.93267898325105,High
22831,2011-11,12.0,37.88222384574748,25.882223845747475,11-50,215.68519871456232,High
22832,2011-07,6.0,18.880484830624948,12.880484830624948,0-10,214.67474717708245,High
22832,2011-08,12.0,19.32134866516658,7.321348665166578,11-50,61.01123887638815,High
22832,2011-09,1.0,22.06494596726185,21.06494596726185,0-10,2106.4945967261847,High
22832,2011-10,21.0,25.29113813463597,4.291138134635968,11-50,20.433991117314136,Moderate
22834,2011-07,25.0,28.99657150944475,3.996571509444749,11-50,15.986286037778996,Low
22834,2011-08,99.0,42.39404553806855,56.605954461931454,51-100,57.177731779728745,High
22834,2011-09,180.0,119.43708322284448,60.56291677715552,101-500,33.646064876197514,Moderate
22834,2011-10,252.0,194.97942756097936,57.02057243902064,101-500,22.62721128532565,Moderate
22834,2011-11,99.0,117.39419629108644,18.394196291086445,51-100,18.57999625362267,Low
22835,2011-07,386.0,59.50111351362596,326.49888648637403,101-500,84.58520375294664,High
22835,2011-08,387.0,270.4225099855344,116.57749001446558,101-500,30.123382432678447,Moderate
22835,2011-09,416.0,444.0254607976967,28.025460797696724,101-500,6.736889614830943,Low
22835,2011-10,996.0,493.8386669277231,502.1613330722769,501-1000,50.417804525329004,High
22835,2011-11,285.0,658.7739146858901,373.7739146858901,101-500,131.14874199504916,High
22837,2011-07,4.0,20.32739698018124,16.327396980181238,0-10,408.18492450453095,High
22837,2011-08,9.0,20.32739698018124,11.327396980181238,0-10,125.8599664464582,High
22838,2011-07,15.0,38.44549670512516,23.44549670512516,11-50,156.30331136750107,High
22838,2011-08,72.0,47.754423786756206,24.245576213243798,51-100,33.67441140728305,Moderate
22838,2011-09,27.0,81.79455440077776,54.79455440077776,11-50,202.94279407695467,High
22838,2011-10,95.0,73.56002157541299,21.43997842458701,51-100,22.568398341670537,Moderate
22838,2011-11,9.0,66.67521291487873,57.67521291487873,0-10,640.835699054208,High
22839,2011-07,22.0,52.4123054612483,30.4123054612483,11-50,138.2377520965832,High
22839,2011-08,71.0,64.84629226628985,6.153707733710149,51-100,8.667193991141055,Low
22839,2011-09,20.0,81.79455440077776,61.79455440077776,11-50,308.9727720038888,High
22839,2011-10,40.0,71.26088901505203,31.26088901505203,11-50,78.15222253763008,High
22839,2011-11,5.0,33.694096681689985,28.694096681689985,0-10,573.8819336337997,High
22840,2011-07,45.0,80.08121383705114,35.08121383705114,11-50,77.95825297122475,High
22840,2011-08,107.0,80.93656750087128,26.063432499128723,101-500,24.358348130026844,Moderate
22840,2011-09,49.0,127.36836196633304,78.36836196633305,11-50,159.93543258435318,High
22840,2011-10,76.0,94.8816935929095,18.8816935929095,51-100,24.844333674880918,Moderate
22840,2011-11,12.0,68.86372994551301,56.863729945513015,11-50,473.8644162126085,High
22841,2011-07,46.0,29.530130899793463,16.469869100206537,11-50,35.80406326131856,Moderate
22841,2011-08,75.0,68.53722036717663,6.46277963282337,51-100,8.61703951043116,Low
22841,2011-09,29.0,95.17953660864356,66.17953660864355,11-50,228.205298650495,High
22841,2011-10,38.0,73.56002157541299,35.56002157541299,11-50,93.57900414582365,High
22841,2011-11,6.0,35.12017952649024,29.12017952649024,0-10,485.336325441504,High
22842,2011-07,14.0,56.99830148184939,42.99830148184939,11-50,307.13072487035276,High
22842,2011-08,72.0,47.12741184449009,24.87258815550991,51-100,34.5452613270971,Moderate
22842,2011-09,28.0,81.79455440077776,53.79455440077776,11-50,192.12340857420628,High
22842,2011-10,42.0,73.56002157541299,31.56002157541299,11-50,75.14290851288807,High
22842,2011-11,1.0,39.17301309466207,38.17301309466207,0-10,3817.301309466207,High
22843,2011-07,23.0,44.29718310437633,21.29718310437633,11-50,92.59644827989709,High
22843,2011-08,55.0,71.93510031866747,16.935100318667466,51-100,30.7910914884863,Moderate
22843,2011-09,19.0,69.4322882868909,50.432288286890895,11-50,265.43309624679415,High
22843,2011-10,17.0,44.50737298677684,27.507372986776844,11-50,161.80807639280496,High
22843,2011-11,1.0,21.95429651791308,20.95429651791308,0-10,2095.429651791308,High
22844,2011-07,107.0,119.72848540048732,12.72848540048733,101-500,11.895780748118998,Low
22844,2011-08,59.0,137.20024017860138,78.20024017860138,51-100,132.54277996373114,High
22844,2011-09,52.0,111.63529188111464,59.63529188111464,51-100,114.68325361752815,High
22844,2011-10,98.0,104.5978643780612,6.597864378061203,51-100,6.732514671491023,Low
22844,2011-11,25.0,82.3674512433054,57.3674512433054,11-50,229.4698049732216,High
22845,2011-07,67.0,76.96840328844922,9.968403288449224,51-100,14.87821386335705,Low
22845,2011-08,27.0,105.95970327834598,78.95970327834598,11-50,292.4433454753555,High
22845,2011-09,69.0,74.92448863546996,5.924488635469956,51-100,8.586215413724574,Low
22845,2011-10,64.0,99.41944752986242,35.419447529862424,51-100,55.342886765410036,High
22845,2011-11,25.0,57.03806564025806,32.03806564025806,11-50,128.15226256103225,High
22846,2011-07,56.0,60.390330645815176,4.390330645815176,51-100,7.839876153241386,Low
22846,2011-08,87.0,73.76034846189812,13.239651538101882,51-100,15.217990273680323,Low
22846,2011-09,42.0,114.33815157107944,72.33815157107944,11-50,172.23369421685578,High
22846,2011-10,69.0,93.51722653285252,24.517226532852533,51-100,35.532212366452946,Moderate
22846,2011-11,25.0,58.98263881454202,33.98263881454202,11-50,135.93055525816808,High
22847,2011-07,75.0,116.20269562056288,41.20269562056288,51-100,54.93692749408384,High
22847,2011-08,161.0,116.3134292198398,44.6865707801602,101-500,27.755634024944225,Moderate
22847,2011-09,73.0,210.86232988226143,137.86232988226143,51-100,188.85250668802937,High
22847,2011-10,91.0,114.52219496118208,23.52219496118208,51-100,25.84856589140888,Moderate
22847,2011-11,19.0,82.46848177595008,63.46848177595008,11-50,334.0446409260531,High
22848,2011-07,16.0,41.1261612382453,25.126161238245302,11-50,157.03850773903315,High
22848,2011-08,25.0,34.30400303521964,9.304003035219637,11-50,37.21601214087855,Moderate
22848,2011-09,16.0,63.4202094214896,47.4202094214896,11-50,296.37630888431,High
22849,2011-07,11.0,29.97848419744105,18.97848419744105,11-50,172.53167452219137,High
22849,2011-08,0.0,22.11348769027621,22.11348769027621,0-10,,
22851,2011-07,171.0,248.79157815947823,77.79157815947826,101-500,45.49215097045513,Moderate
22851,2011-08,148.0,238.1626928308434,90.1626928308434,101-500,60.92073839921851,High
22851,2011-09,166.0,244.8048765599501,78.80487655995012,101-500,47.47281720478922,Moderate
22851,2011-10,214.0,196.87027675056052,17.12972324943945,101-500,8.004543574504416,Low
22851,2011-11,20.0,128.26867131207345,108.26867131207344,11-50,541.3433565603672,High
22852,2011-07,22.0,60.38191564677714,38.38191564677714,11-50,174.46325293989608,High
22852,2011-08,34.0,47.46147104475877,13.461471044758769,11-50,39.59256189634932,Moderate
22852,2011-09,34.0,67.31952729787373,33.319527297873734,11-50,97.99860969962863,High
22852,2011-10,33.0,72.81590245181864,39.81590245181864,11-50,120.65424985399586,High
22852,2011-11,20.0,42.59820605200875,22.59820605200875,11-50,112.99103026004373,High
22853,2011-07,19.0,57.77020311827876,38.77020311827876,11-50,204.05370062251978,High
22853,2011-08,28.0,40.61469475117604,12.61469475117604,11-50,45.052481254200146,Moderate
22853,2011-09,33.0,49.49615271284574,16.496152712845742,11-50,49.988341554078005,Moderate
22853,2011-10,44.0,69.18785891232828,25.18785891232828,11-50,57.245133891655186,High
22853,2011-11,19.0,40.57059035386233,21.57059035386233,11-50,113.5294229150649,High
22854,2011-07,39.0,73.17774309361059,34.17774309361059,11-50,87.63523870156561,High
22854,2011-08,2.0,66.04087859256089,64.04087859256089,0-10,3202.043929628044,High
22855,2011-07,33.0,152.88450688992853,119.88450688992852,11-50,363.2863845149349,High
22856,2011-09,0.0,54.007806803971285,54.007806803971285,0-10,,
22859,2011-09,120.0,25.02738237126197,94.97261762873802,101-500,79.14384802394835,High
22859,2011-10,31.0,90.11760215810824,59.11760215810823,11-50,190.7019424455104,High
22863,2011-07,13.0,57.58379889190058,44.58379889190058,11-50,342.95229916846597,High
22863,2011-08,28.0,38.649439491016906,10.649439491016906,11-50,38.033712467917525,Moderate
22863,2011-09,2.0,49.56096804081744,47.56096804081744,0-10,2378.048402040872,High
22863,2011-10,43.0,33.87169754583188,9.12830245416812,11-50,21.22861035853051,Moderate
22863,2011-11,9.0,35.483144767202134,26.48314476720213,0-10,294.2571640800237,High
22865,2011-07,279.0,28.614382768611637,250.3856172313884,101-500,89.74394882845462,High
22865,2011-08,2114.0,170.92327558870878,1943.0767244112917,1001-5000,91.91469841113017,High
22865,2011-09,1639.0,1890.4973677259663,251.49736772596637,1001-5000,15.344561789259693,Low
22865,2011-10,2523.0,1754.5481373792525,768.4518626207475,1001-5000,30.45786217283978,Moderate
22865,2011-11,811.0,1485.7174489725037,674.7174489725037,501-1000,83.19573970067863,High
22866,2011-09,1098.0,1489.6693748961582,391.66937489615816,1001-5000,35.67116346959546,Moderate
22866,2011-10,2360.0,1140.545751549113,1219.454248450887,1001-5000,51.67179018859691,High
22866,2011-11,567.0,1550.2685890975326,983.2685890975326,501-1000,173.41597691314507,High
22867,2011-09,965.0,1266.6697240309554,301.6697240309554,501-1000,31.261111298544602,Moderate
22867,2011-10,1655.0,895.7549948242138,759.2450051757862,1001-5000,45.8758311284463,Moderate
22867,2011-11,747.0,807.3035914543758,60.303591454375805,501-1000,8.07276994034482,Low
22868,2011-07,2.0,26.077195298608974,24.077195298608974,0-10,1203.8597649304486,High
22868,2011-08,1.0,23.662915311205,22.662915311205,0-10,2266.2915311205,High
22868,2011-09,2.0,23.662915311205,21.662915311205,0-10,1083.14576556025,High
22868,2011-10,3.0,22.77980270700908,19.77980270700908,0-10,659.3267569003026,High
22869,2011-07,4.0,25.23618875412428,21.23618875412428,0-10,530.904718853107,High
22869,2011-08,4.0,26.077195298608974,22.077195298608974,0-10,551.9298824652243,High
22869,2011-09,3.0,23.662915311205,20.662915311205,0-10,688.7638437068333,High
22869,2011-10,3.0,23.662915311205,20.662915311205,0-10,688.7638437068333,High
22870,2011-07,4.0,25.23618875412428,21.23618875412428,0-10,530.904718853107,High
22870,2011-08,3.0,24.672983338771957,21.672983338771957,0-10,722.4327779590652,High
22870,2011-09,4.0,23.662915311205,19.662915311205,0-10,491.57288278012504,High
22870,2011-10,3.0,23.662915311205,20.662915311205,0-10,688.7638437068333,High
22871,2011-07,2.0,28.614382768611637,26.614382768611637,0-10,1330.7191384305818,High
22871,2011-08,0.0,23.662915311205,23.662915311205,0-10,,
22872,2011-07,4.0,23.662915311205,19.662915311205,0-10,491.57288278012504,High
22872,2011-08,2.0,23.662915311205,21.662915311205,0-10,1083.14576556025,High
22872,2011-09,0.0,23.662915311205,23.662915311205,0-10,,
22873,2011-07,1.0,24.79393998447,23.79393998447,0-10,2379.393998447,High
22873,2011-08,0.0,24.672983338771957,24.672983338771957,0-10,,
22874,2011-07,2.0,30.07356861521602,28.07356861521602,0-10,1403.678430760801,High
22874,2011-08,3.0,23.662915311205,20.662915311205,0-10,688.7638437068333,High
22874,2011-09,0.0,22.77980270700908,22.77980270700908,0-10,,
22875,2011-07,2.0,23.220666541550717,21.220666541550717,0-10,1061.033327077536,High
22875,2011-08,1.0,23.662915311205,22.662915311205,0-10,2266.2915311205,High
22875,2011-09,0.0,23.662915311205,23.662915311205,0-10,,
22876,2011-07,1.0,30.07356861521602,29.07356861521602,0-10,2907.356861521602,High
22876,2011-08,2.0,23.662915311205,21.662915311205,0-10,1083.14576556025,High
22877,2011-08,2.0,23.662915311205,21.662915311205,0-10,1083.14576556025,High
22877,2011-09,1.0,22.77980270700908,21.77980270700908,0-10,2177.980270700908,High
22878,2011-07,7.0,24.395771149244723,17.395771149244723,0-10,248.51101641778178,High
22878,2011-08,2.0,27.25229990630298,25.25229990630298,0-10,1262.614995315149,High
22878,2011-09,1.0,24.672983338771957,23.672983338771957,0-10,2367.2983338771955,High
22878,2011-10,2.0,22.77980270700908,20.77980270700908,0-10,1038.990135350454,High
22879,2011-07,3.0,23.662915311205,20.662915311205,0-10,688.7638437068333,High
22879,2011-08,4.0,22.77980270700908,18.77980270700908,0-10,469.49506767522695,High
22879,2011-09,1.0,23.662915311205,22.662915311205,0-10,2266.2915311205,High
22880,2011-07,6.0,24.838019918899004,18.838019918899004,0-10,313.96699864831675,High
22880,2011-08,6.0,28.172133998957356,22.172133998957356,0-10,369.53556664928925,High
22880,2011-09,3.0,23.662915311205,20.662915311205,0-10,688.7638437068333,High
22880,2011-10,2.0,23.662915311205,21.662915311205,0-10,1083.14576556025,High
22881,2011-07,8.0,23.662915311205,15.662915311205,0-10,195.7864413900625,High
22881,2011-08,8.0,23.220666541550717,15.220666541550711,0-10,190.2583317693839,High
22881,2011-09,2.0,27.65046874152825,25.65046874152825,0-10,1282.5234370764126,High
22881,2011-10,2.0,25.19408269441306,23.19408269441306,0-10,1159.704134720653,High
22881,2011-11,1.0,15.215893151548745,14.215893151548745,0-10,1421.5893151548744,High
22882,2011-07,12.0,24.672983338771957,12.672983338771951,11-50,105.60819448976626,High
22882,2011-08,3.0,25.964263843645977,22.964263843645977,0-10,765.4754614548659,High
22882,2011-09,1.0,30.07356861521602,29.07356861521602,0-10,2907.356861521602,High
22882,2011-10,3.0,23.662915311205,20.662915311205,0-10,688.7638437068333,High
22882,2011-11,2.0,15.215893151548745,13.215893151548745,0-10,660.7946575774372,High
22883,2011-07,5.0,23.662915311205,18.662915311205,0-10,373.2583062241,High
22883,2011-08,3.0,22.77980270700908,19.77980270700908,0-10,659.3267569003026,High
22883,2011-09,2.0,23.662915311205,21.662915311205,0-10,1083.14576556025,High
22883,2011-10,2.0,23.662915311205,21.662915311205,0-10,1083.14576556025,High
22883,2011-11,2.0,16.09900575574465,14.099005755744647,0-10,704.9502877872324,High
22884,2011-07,4.0,23.662915311205,19.662915311205,0-10,491.57288278012504,High
22884,2011-08,3.0,22.77980270700908,19.77980270700908,0-10,659.3267569003026,High
22884,2011-09,1.0,23.662915311205,22.662915311205,0-10,2266.2915311205,High
22884,2011-10,5.0,23.662915311205,18.662915311205,0-10,373.2583062241,High
22885,2011-07,4.0,30.07356861521602,26.07356861521602,0-10,651.8392153804004,High
22885,2011-08,2.0,22.77980270700908,20.77980270700908,0-10,1038.990135350454,High
22885,2011-09,1.0,23.662915311205,22.662915311205,0-10,2266.2915311205,High
22885,2011-10,3.0,23.662915311205,20.662915311205,0-10,688.7638437068333,High
22885,2011-11,4.0,15.215893151548745,11.215893151548745,0-10,280.3973287887186,High
22886,2011-07,7.0,23.662915311205,16.662915311205,0-10,238.0416473029286,High
22886,2011-08,5.0,24.838019918899004,19.838019918899004,0-10,396.7603983779801,High
22886,2011-09,0.0,24.672983338771957,24.672983338771957,0-10,,
22887,2011-07,3.0,23.662915311205,20.662915311205,0-10,688.7638437068333,High
22887,2011-08,4.0,22.77980270700908,18.77980270700908,0-10,469.49506767522695,High
22887,2011-09,1.0,23.662915311205,22.662915311205,0-10,2266.2915311205,High
22887,2011-10,0.0,23.662915311205,23.662915311205,0-10,,
22888,2011-07,3.0,23.662915311205,20.662915311205,0-10,688.7638437068333,High
22888,2011-08,3.0,22.77980270700908,19.77980270700908,0-10,659.3267569003026,High
22888,2011-09,1.0,23.662915311205,22.662915311205,0-10,2266.2915311205,High
22888,2011-10,2.0,23.662915311205,21.662915311205,0-10,1083.14576556025,High
22888,2011-11,1.0,15.215893151548745,14.215893151548745,0-10,1421.5893151548744,High
22889,2011-07,4.0,23.95490731470309,19.95490731470309,0-10,498.8726828675772,High
22889,2011-08,8.0,22.77980270700908,14.779802707009082,0-10,184.74753383761353,High
22889,2011-09,0.0,23.662915311205,23.662915311205,0-10,,
22890,2011-07,9.0,40.13563958486037,31.135639584860364,0-10,345.95155094289294,High
22890,2011-08,13.0,27.18308729492839,14.183087294928391,11-50,109.10067149944918,High
22890,2011-09,34.0,25.841308816974475,8.158691183025525,11-50,23.996150538310367,Moderate
22890,2011-10,60.0,63.4202094214896,3.420209421489602,51-100,5.700349035816004,Low
22890,2011-11,6.0,47.26173722885749,41.26173722885749,0-10,687.6956204809582,High
22891,2011-07,19.0,27.18308729492839,8.183087294928391,11-50,43.06888049962311,Moderate
22891,2011-08,42.0,38.20332091160377,3.796679088396232,11-50,9.039712115229124,Low
22891,2011-09,19.0,69.4322882868909,50.432288286890895,11-50,265.43309624679415,High
22891,2011-10,50.0,43.2806205652566,6.719379434743402,11-50,13.438758869486806,Low
22891,2011-11,14.0,36.8577131176726,22.857713117672603,11-50,163.26937941194717,High
22892,2011-07,224.0,178.14935583091756,45.85064416908244,101-500,20.469037575483235,Moderate
22892,2011-08,108.0,213.74294958985303,105.74294958985304,101-500,97.91013850912319,High
22892,2011-09,350.0,175.43792450357142,174.56207549642858,101-500,49.87487871326531,Moderate
22892,2011-10,78.0,301.0453690885158,223.04536908851583,51-100,285.9556013955331,High
22893,2011-07,162.0,126.57955017067788,35.42044982932212,101-500,21.86447520328526,Moderate
22893,2011-08,267.0,164.56506737837708,102.43493262162292,101-500,38.36514330397862,Moderate
22893,2011-09,78.0,198.83515333199816,120.8351533319982,51-100,154.91686324615154,High
22893,2011-10,62.0,164.49169151178018,102.49169151178018,51-100,165.30917985770998,High
22893,2011-11,27.0,59.20253581295085,32.20253581295085,11-50,119.26865115907721,High
22894,2011-07,24.0,43.2806205652566,19.2806205652566,11-50,80.3359190219025,High
22894,2011-08,10.0,43.89901426915106,33.89901426915106,0-10,338.9901426915106,High
22894,2011-09,18.0,29.928299735018733,11.928299735018731,11-50,66.26833186121517,High
22894,2011-10,11.0,52.56962638990191,41.56962638990191,11-50,377.9056944536538,High
22894,2011-11,2.0,21.673949994116978,19.673949994116978,0-10,983.6974997058488,High
22895,2011-07,159.0,118.65999658953363,40.340003410466366,101-500,25.371071327337336,Moderate
22895,2011-08,224.0,162.13334207233655,61.866657927663454,101-500,27.619043717706898,Moderate
22895,2011-09,109.0,204.16154368156444,95.16154368156444,101-500,87.30416851519674,High
22895,2011-10,163.0,158.78680362830815,4.213196371691851,101-500,2.5847830501176996,Low
22895,2011-11,26.0,104.22565057127306,78.22565057127306,11-50,300.86788681258867,High
22896,2011-07,82.0,103.55137837107615,21.55137837107617,51-100,26.28216874521484,Moderate
22896,2011-08,93.0,116.91827529008404,23.91827529008405,51-100,25.718575580735536,Moderate
22896,2011-09,67.0,123.7224425271868,56.7224425271868,51-100,84.66036198087582,High
22896,2011-10,106.0,100.98913543770986,5.010864562290138,101-500,4.727230719141639,Low
22896,2011-11,20.0,85.9835517282755,65.9835517282755,11-50,329.91775864137753,High
22897,2011-07,59.0,111.34153250244472,52.34153250244471,51-100,88.71446186855036,High
22897,2011-08,83.0,98.37694834489288,15.376948344892869,51-100,18.526443789027553,Low
22897,2011-09,169.0,108.35804328924335,60.64195671075663,101-500,35.88281462174949,Moderate
22897,2011-10,187.0,170.33501506402538,16.664984935974616,101-500,8.911756650253805,Low
22897,2011-11,12.0,121.6668651609678,109.6668651609678,11-50,913.8905430080649,High
22898,2011-07,288.0,140.47675106006523,147.52324893993477,101-500,51.223350326366244,High
22898,2011-08,185.0,240.66221649450384,55.66221649450384,101-500,30.0876845916237,Moderate
22898,2011-09,160.0,210.7199242746616,50.71992427466162,101-500,31.69995267166351,Moderate
22898,2011-10,422.0,201.6573527372008,220.3426472627992,101-500,52.213897455639625,High
22898,2011-11,81.0,200.4264738617229,119.42647386172294,51-100,147.44009118731228,High
22899,2011-07,176.0,124.2482298530224,51.75177014697759,101-500,29.404414856237267,Moderate
22899,2011-08,242.0,168.90336099889564,73.09663900110436,101-500,30.205222727729076,Moderate
22899,2011-09,132.0,216.51348455775232,84.51348455775232,101-500,64.02536708920631,High
22899,2011-10,335.0,184.6823056202558,150.3176943797442,101-500,44.8709535461923,Moderate
22899,2011-11,102.0,194.3862743580734,92.3862743580734,101-500,90.57477878242489,High
22900,2011-07,245.0,421.4626791470607,176.46267914706067,101-500,72.02558332533089,High
22900,2011-08,404.0,309.7365665150698,94.2634334849302,101-500,23.33253304082431,Moderate
22900,2011-09,250.0,467.19420664885166,217.1942066488517,101-500,86.87768265954068,High
22900,2011-10,407.0,327.67225027488377,79.32774972511623,101-500,19.490847598308658,Low
22900,2011-11,139.0,222.08903554355692,83.08903554355695,101-500,59.776284563710036,High
22902,2011-07,24.0,91.56991047738798,67.56991047738798,11-50,281.54129365578325,High
22902,2011-08,168.0,74.08680686703589,93.91319313296412,101-500,55.900710198192925,High
22902,2011-09,89.0,147.47208183849776,58.47208183849776,51-100,65.69896835786265,High
22902,2011-10,116.0,113.66130459005328,2.338695409946709,101-500,2.01611673271268,Low
22902,2011-11,17.0,81.76857841064226,64.76857841064226,11-50,380.9916377096604,High
22903,2011-07,21.0,30.07356861521602,9.073568615216018,11-50,43.207469596266755,Moderate
22903,2011-08,10.0,38.45572272993172,28.455722729931715,0-10,284.55722729931716,High
22903,2011-09,12.0,30.47173745044129,18.47173745044129,11-50,153.93114542034408,High
22903,2011-10,50.0,30.679774547501896,19.320225452498104,11-50,38.64045090499621,Moderate
22903,2011-11,15.0,39.14450750906207,24.144507509062077,11-50,160.9633833937472,High
22904,2011-07,220.0,155.82529863821526,64.17470136178474,101-500,29.170318800811245,Moderate
22904,2011-08,100.0,205.4935588105071,105.4935588105071,51-100,105.49355881050711,High
22904,2011-09,326.0,141.1994755536244,184.8005244463756,101-500,56.68727743753852,High
22904,2011-10,125.0,294.21408487760834,169.21408487760834,101-500,135.37126790208666,High
22905,2011-07,22.0,47.798332145535184,25.798332145535184,11-50,117.26514611606902,High
22905,2011-08,16.0,50.064832595215,34.064832595214995,11-50,212.9052037200937,High
22905,2011-09,118.0,37.78816671882706,80.21183328117294,101-500,67.97612989929911,High
22905,2011-10,151.0,114.47526466000076,36.52473533999925,101-500,24.188566450330633,Moderate
22905,2011-11,97.0,95.3035914254254,1.6964085745745905,51-100,1.7488748191490624,Low
22906,2011-07,126.0,108.48836331826269,17.511636681737315,101-500,13.898124350585169,Low
22906,2011-08,110.0,133.025219335672,23.02521933567201,101-500,20.932017577883645,Moderate
22906,2011-09,139.0,123.40271868500275,15.597281314997232,101-500,11.221065694242613,Low
22906,2011-10,235.0,162.801149018043,72.19885098195701,101-500,30.722915311471066,Moderate
22906,2011-11,137.0,109.50666269727112,27.49333730272889,101-500,20.068129418050283,Moderate
22907,2011-07,595.0,638.3549639706091,43.35496397060911,501-1000,7.286548566488927,Low
22907,2011-08,612.0,653.8701709804006,41.87017098040064,501-1000,6.841531205947817,Low
22907,2011-09,501.0,762.0286852412967,261.02868524129667,501-1000,52.10153398029874,High
22907,2011-10,288.0,639.5926756214074,351.5926756214073,101-500,122.08079014632199,High
22907,2011-11,180.0,255.01564416679344,75.01564416679346,101-500,41.67535787044081,Moderate
22908,2011-07,281.0,358.7672971177625,77.76729711776255,101-500,27.67519470383009,Moderate
22908,2011-08,293.0,340.02848617233184,47.02848617233184,101-500,16.050677874515987,Low
22908,2011-09,204.0,361.888622718735,157.888622718735,101-500,77.39638368565441,High
22908,2011-10,148.0,317.0641206668576,169.0641206668576,101-500,114.23251396409297,High
22908,2011-11,142.0,172.8776778851474,30.877677885147392,101-500,21.74484358108971,Moderate
22909,2011-07,604.0,287.55660920585365,316.44339079414635,501-1000,52.39128986658053,High
22909,2011-08,2170.0,365.9022183061405,1804.0977816938596,1001-5000,83.13814662183685,High
22909,2011-09,1646.0,1435.6851976090854,210.31480239091456,1001-5000,12.777326998232963,Low
22909,2011-10,2395.0,1754.674481290572,640.325518709428,1001-5000,26.735929799976116,Moderate
22909,2011-11,706.0,1412.2289117041153,706.2289117041153,501-1000,100.03242375412398,High
22910,2011-07,467.0,275.75761076105334,191.24238923894663,101-500,40.95126107900356,Moderate
22910,2011-08,1613.0,297.3349519457531,1315.6650480542469,1001-5000,81.56633899902337,High
22910,2011-09,1719.0,1571.6746139221398,147.32538607786023,1001-5000,8.570412220934278,Low
22910,2011-10,3822.0,1873.8194605800984,1948.1805394199016,1001-5000,50.97280322919679,High
22910,2011-11,861.0,2022.9389481002308,1161.9389481002308,501-1000,134.95225878051463,High
22911,2011-07,0.0,57.77020311827876,57.77020311827876,0-10,,
22911,2011-10,112.0,34.87607231334302,77.12392768665697,101-500,68.86064972022943,High
22911,2011-11,9.0,74.69153086612788,65.69153086612788,0-10,729.905898512532,High
22912,2011-07,15.0,29.520614601832158,14.520614601832154,11-50,96.80409734554769,High
22912,2011-08,18.0,28.631397469642938,10.631397469642938,11-50,59.0633192757941,High
22912,2011-09,9.0,32.393683582263094,23.39368358226309,0-10,259.929817580701,High
22912,2011-10,13.0,26.78491845970312,13.784918459703118,11-50,106.03783430540861,High
22913,2011-07,22.0,39.01044533520115,17.010445335201148,11-50,77.32020606909612,High
22913,2011-08,9.0,45.154586066807326,36.154586066807326,0-10,401.71762296452584,High
22913,2011-09,10.0,26.78491845970312,16.784918459703118,0-10,167.84918459703118,High
22913,2011-10,8.0,25.723901448324007,17.723901448324007,0-10,221.54876810405008,High
22913,2011-11,5.0,20.62103350359146,15.62103350359146,0-10,312.42067007182925,High
22914,2011-07,29.0,51.28711121158909,22.28711121158909,11-50,76.85210762616927,High
22914,2011-08,12.0,64.84629226628985,52.84629226628985,11-50,440.3857688857488,High
22914,2011-09,16.0,30.534505667304607,14.534505667304607,11-50,90.84066042065379,High
22914,2011-10,11.0,52.56962638990191,41.56962638990191,11-50,377.9056944536538,High
22914,2011-11,8.0,21.673949994116978,13.673949994116978,0-10,170.9243749264622,High
22915,2011-07,327.0,189.37730467166853,137.62269532833147,101-500,42.08645117074357,Moderate
22915,2011-08,91.0,259.87940085379665,168.87940085379665,51-100,185.58175917999634,High
22915,2011-09,196.0,157.4611147496621,38.5388852503379,101-500,19.662696556294847,Low
22915,2011-10,285.0,195.11792265297527,89.88207734702473,101-500,31.53757099895605,Moderate
22915,2011-11,504.0,133.97955894369372,370.0204410563063,501-1000,73.41675417783856,High
22916,2011-07,72.0,191.48425798684323,119.48425798684325,51-100,165.95035831506007,High
22916,2011-08,33.0,146.20102282829097,113.20102282829096,11-50,343.03340250997263,High
22916,2011-09,92.0,103.14993100767812,11.14993100767812,51-100,12.119490225737087,Low
22916,2011-10,75.0,105.18611059393592,30.186110593935908,51-100,40.248147458581215,Moderate
22916,2011-11,60.0,69.5829799139247,9.582979913924705,51-100,15.971633189874506,Low
22917,2011-07,61.0,199.90644798943995,138.90644798943993,51-100,227.71548850727856,High
22917,2011-08,33.0,138.2482641855521,105.2482641855521,11-50,318.93413389561243,High
22917,2011-09,90.0,100.7179202837916,10.717920283791583,51-100,11.908800315323981,Low
22917,2011-10,90.0,104.70662616645195,14.706626166451969,51-100,16.340695740502188,Low
22917,2011-11,55.0,73.17154752757683,18.171547527576838,51-100,33.039177322866976,Moderate
22918,2011-07,61.0,193.21902453915607,132.21902453915607,51-100,216.75249924451813,High
22918,2011-08,32.0,133.88296603347484,101.88296603347484,11-50,318.3842688546089,High
22918,2011-09,84.0,103.14993100767812,19.14993100767812,51-100,22.797536913902526,Moderate
22918,2011-10,89.0,104.4676607296407,15.467660729640698,51-100,17.379394078247977,Low
22918,2011-11,60.0,73.17154752757683,13.171547527576834,51-100,21.952579212628056,Moderate
22919,2011-07,73.0,152.7340413153826,79.7340413153826,51-100,109.22471413066108,High
22919,2011-08,27.0,122.76562449825542,95.76562449825542,11-50,354.6874981416867,High
22919,2011-09,84.0,87.92240905116599,3.922409051165985,51-100,4.6695345847214105,Low
22919,2011-10,72.0,96.4686317771683,24.468631777168294,51-100,33.98421080162263,Moderate
22919,2011-11,48.0,64.09050936606555,16.090509366065547,11-50,33.52189451263656,Moderate
22920,2011-07,61.0,328.319392333409,267.319392333409,51-100,438.22851202198194,High
22920,2011-08,15.0,232.2542397318727,217.2542397318727,11-50,1448.3615982124848,High
22920,2011-09,82.0,131.56046362512444,49.56046362512444,51-100,60.43958978673712,High
22920,2011-10,81.0,140.93107129761324,59.93107129761325,51-100,73.98897691063364,High
22920,2011-11,57.0,131.83500411019222,74.83500411019222,51-100,131.28948089507406,High
22921,2011-07,35.0,178.69717138825993,143.69717138825993,11-50,410.5633468235998,High
22921,2011-08,67.0,121.49964813646773,54.49964813646771,51-100,81.34275841263837,High
22921,2011-09,78.0,116.6360757259018,38.63607572590179,51-100,49.533430417822814,Moderate
22921,2011-10,72.0,101.3578175878282,29.357817587828198,51-100,40.77474664976138,Moderate
22921,2011-11,47.0,66.83246094926145,19.83246094926145,11-50,42.19672542396053,Moderate
22922,2011-07,98.0,129.49094901376748,31.49094901376748,51-100,32.13362144261988,Moderate
22922,2011-08,132.0,107.95311518158933,24.046884818410675,101-500,18.21733698364445,Low
22922,2011-09,125.0,126.65048323434873,1.6504832343487124,101-500,1.32038658747897,Low
22922,2011-10,88.0,141.75881302326684,53.75881302326684,51-100,61.089560253712314,High
22922,2011-11,150.0,78.83634534829905,71.16365465170095,101-500,47.4424364344673,Moderate
22923,2011-07,78.0,152.02965510242308,74.02965510242308,51-100,94.90981423387575,High
22923,2011-08,60.0,107.31537064894243,47.31537064894245,51-100,78.85895108157075,High
22923,2011-09,102.0,103.30618737597996,1.3061873759799454,101-500,1.280575858803868,Low
22923,2011-10,87.0,106.05435760820014,19.05435760820013,51-100,21.90156046919555,Moderate
22923,2011-11,168.0,78.47705542732274,89.52294457267726,101-500,53.287467007545985,High
22924,2011-07,66.0,109.23278474761044,43.23278474761044,51-100,65.50421931456127,High
22924,2011-08,132.0,91.03123748839222,40.96876251160778,101-500,31.03694129667256,Moderate
22924,2011-09,120.0,121.9758551041254,1.975855104125387,101-500,1.6465459201044892,Low
22924,2011-10,90.0,115.27663057420592,25.27663057420591,51-100,28.085145082451014,Moderate
22924,2011-11,174.0,72.8135716219128,101.1864283780872,101-500,58.153119757521374,High
22925,2011-07,12.0,71.07703764143976,59.07703764143976,11-50,492.308647011998,High
22925,2011-08,33.0,41.1261612382453,8.126161238245302,11-50,24.624731024985767,Moderate
22925,2011-09,34.0,63.4202094214896,29.4202094214896,11-50,86.53002771026352,High
22927,2011-07,25.0,69.37948597672248,44.37948597672248,11-50,177.5179439068899,High
22927,2011-08,26.0,73.56002157541299,47.56002157541299,11-50,182.92315990543457,High
22927,2011-09,0.0,47.4698860437968,47.4698860437968,0-10,,
22928,2011-07,14.0,29.520614601832158,15.520614601832154,11-50,110.86153287022967,High
22928,2011-08,10.0,28.631397469642938,18.631397469642938,0-10,186.3139746964294,High
22928,2011-09,40.0,26.130170804402876,13.869829195597127,11-50,34.67457298899282,Moderate
22928,2011-10,53.0,63.4202094214896,10.420209421489602,51-100,19.66077249337661,Low
22928,2011-11,14.0,52.1595441094486,38.1595441094486,11-50,272.56817221034714,High
22929,2011-09,2.0,18.880484830624948,16.880484830624948,0-10,844.0242415312474,High
22930,2011-07,46.0,59.40124087303106,13.401240873031057,11-50,29.133132332676208,Moderate
22930,2011-08,45.0,56.494780103356966,11.494780103356966,11-50,25.543955785237703,Moderate
22930,2011-09,61.0,82.6448541041048,21.644854104104795,51-100,35.48336738377835,Moderate
22930,2011-10,92.0,87.23747719796783,4.762522802032166,51-100,5.17665521960018,Low
22930,2011-11,16.0,62.66849737417038,46.66849737417038,11-50,291.67810858856484,High
22931,2011-07,10.0,39.20535374407164,29.20535374407164,0-10,292.0535374407164,High
22931,2011-08,13.0,31.126485105741544,18.126485105741544,11-50,139.4345008133965,High
22931,2011-09,23.0,31.732691038027447,8.732691038027447,11-50,37.96822190446716,Moderate
22931,2011-10,18.0,48.638749750414746,30.638749750414743,11-50,170.21527639119302,High
22931,2011-11,15.0,23.18817441877701,8.18817441877701,11-50,54.58782945851339,High
22932,2011-07,29.0,41.61425386168853,12.614253861688532,11-50,43.497427109270795,Moderate
22932,2011-08,20.0,45.33178604104481,25.331786041044808,11-50,126.65893020522402,High
22932,2011-09,12.0,47.67908176916022,35.67908176916022,11-50,297.3256814096685,High
22932,2011-10,7.0,31.732691038027447,24.732691038027447,0-10,353.3241576861064,High
22932,2011-11,16.0,23.56257555028119,7.562575550281188,11-50,47.26609718925743,Moderate
22933,2011-09,2.0,20.24495189068193,18.24495189068193,0-10,912.2475945340964,High
22933,2011-10,1.0,23.662915311205,22.662915311205,0-10,2266.2915311205,High
22933,2011-11,2.0,16.09900575574465,14.099005755744647,0-10,704.9502877872324,High
22934,2011-10,1.0,24.672983338771957,23.672983338771957,0-10,2367.2983338771955,High
22935,2011-07,12.0,50.43545938526214,38.43545938526214,11-50,320.2954948771845,High
22935,2011-08,8.0,33.09715809808441,25.097158098084407,0-10,313.71447622605507,High
22935,2011-09,5.0,31.126485105741544,26.126485105741544,0-10,522.5297021148309,High
22935,2011-10,15.0,25.19408269441306,10.194082694413058,11-50,67.96055129608706,High
22935,2011-11,6.0,19.684707300268578,13.684707300268578,0-10,228.07845500447627,High
22936,2011-07,2.0,32.818781055306346,30.818781055306346,0-10,1540.9390527653172,High
22936,2011-08,6.0,18.880484830624948,12.880484830624948,0-10,214.67474717708245,High
22936,2011-09,11.0,19.32134866516658,8.321348665166578,11-50,75.64862422878707,High
22936,2011-10,7.0,25.402137845789117,18.402137845789117,0-10,262.8876835112731,High
22936,2011-11,6.0,22.465579125326656,16.465579125326656,0-10,274.4263187554443,High
22937,2011-07,28.0,59.00307203780579,31.003072037805783,11-50,110.72525727787779,High
22937,2011-08,44.0,50.48270123795567,6.482701237955666,11-50,14.733411904444695,Low
22937,2011-09,58.0,56.07691146061629,1.9230885393837056,51-100,3.3156698954891475,Low
22937,2011-10,12.0,84.1823643742548,72.1823643742548,11-50,601.51970311879,High
22937,2011-11,14.0,40.67484012652078,26.674840126520778,11-50,190.53457233229128,High
22938,2011-07,89.0,172.39110133761102,83.39110133761102,51-100,93.69786667147305,High
22938,2011-08,120.0,136.54466333322708,16.544663333227078,101-500,13.787219444355896,Low
22938,2011-09,148.0,138.6087238571191,9.391276142880912,101-500,6.345456853297914,Low
22938,2011-10,398.0,164.79377020361645,233.20622979638355,101-500,58.594530099593854,High
22938,2011-11,4.0,182.94840493565388,178.94840493565388,0-10,4473.710123391347,High
22939,2011-07,44.0,46.6124830813658,2.612483081365802,11-50,5.937461548558642,Low
22939,2011-08,10.0,70.85837113169114,60.85837113169114,0-10,608.5837113169115,High
22939,2011-09,44.0,40.51995530595943,3.480044694040572,11-50,7.909192486455846,Low
22939,2011-10,57.0,69.4322882868909,12.432288286890897,51-100,21.81103208226473,Moderate
22939,2011-11,50.0,48.27458134505749,1.7254186549425086,11-50,3.450837309885017,Low
22940,2011-07,405.0,53.4491944345088,351.5508055654912,101-500,86.80266804086203,High
22940,2011-08,250.0,171.23461262629135,78.76538737370865,101-500,31.506154949483463,Moderate
22940,2011-09,453.0,264.3597350245334,188.6402649754666,101-500,41.642442599440756,Moderate
22940,2011-10,395.0,619.6184562853863,224.6184562853863,101-500,56.86543197098387,High
22940,2011-11,81.0,217.2283217944216,136.22832179442156,51-100,168.18311332644637,High
22941,2011-09,231.0,470.0600330333232,239.0600330333232,101-500,103.48919178931742,High
22941,2011-10,432.0,281.1581801912437,150.84181980875633,101-500,34.917087918693596,Moderate
22941,2011-11,180.0,209.3374997014648,29.337499701464765,101-500,16.2986109452582,Low
22942,2011-09,158.0,109.38616262215572,48.61383737784429,101-500,30.768251504964738,Moderate
22942,2011-10,134.0,161.98816405677226,27.988164056772263,101-500,20.886689594606167,Moderate
22942,2011-11,137.0,93.7530279513432,43.246972048656815,101-500,31.567132882231252,Moderate
22943,2011-07,18.0,19.890552858191903,1.8905528581919064,11-50,10.50307143439948,Low
22943,2011-08,244.0,27.722252812836174,216.2777471871638,101-500,88.63842097834582,High
22943,2011-09,536.0,203.94564534879137,332.05435465120866,501-1000,61.950439300598624,High
22943,2011-10,162.0,490.89858985269,328.89858985269,101-500,203.02382089672224,High
22943,2011-11,19.0,115.09517471397557,96.09517471397557,11-50,505.76407744197667,High
22944,2011-10,1464.0,825.5800083877548,638.4199916122452,1001-5000,43.60792292433369,Moderate
22944,2011-11,126.0,506.15775117771153,380.15775117771153,101-500,301.7125009346917,High
22945,2011-07,562.0,100.27322113665564,461.7267788633444,501-1000,82.1577898333353,High
22945,2011-08,577.0,334.23614383310485,242.76385616689515,501-1000,42.073458607780786,Moderate
22945,2011-09,592.0,466.6988839847919,125.30111601520817,501-1000,21.165729056623,Moderate
22945,2011-10,772.0,447.2173501161619,324.7826498838381,501-1000,42.070291435730326,Moderate
22945,2011-11,42.0,333.8387253121582,291.8387253121582,11-50,694.8541078860909,High
22946,2011-07,90.0,28.875383244493204,61.12461675550679,51-100,67.91624083945199,High
22946,2011-08,58.0,92.28054977542136,34.28054977542136,51-100,59.10439616451959,High
22946,2011-09,118.0,96.41920386305952,21.58079613694049,101-500,18.288810285542787,Low
22946,2011-10,109.0,133.84392453492538,24.843924534925375,101-500,22.7925913164453,Moderate
22946,2011-11,7.0,78.79454529677281,71.79454529677281,0-10,1025.6363613824687,High
22947,2011-09,158.0,61.76431224496997,96.23568775503004,101-500,60.908663136094965,High
22947,2011-10,511.0,168.13053967592114,342.8694603240789,501-1000,67.09774174639509,High
22948,2011-07,120.0,126.07573168701116,6.075731687011171,101-500,5.063109739175975,Low
22948,2011-08,135.0,134.27077665750312,0.7292233424968799,101-500,0.5401654388865776,Low
22948,2011-09,109.0,128.48435308402478,19.48435308402477,101-500,17.87555328809612,Low
22948,2011-10,207.0,136.8109405028209,70.1890594971791,101-500,33.90775821119764,Moderate
22948,2011-11,83.0,108.76283196598337,25.762831965983366,51-100,31.039556585522128,Moderate
22949,2011-07,51.0,49.60504797524646,1.3949520247535432,51-100,2.7352000485363592,Low
22949,2011-08,112.0,57.44137852067328,54.55862147932672,101-500,48.713054892256,Moderate
22949,2011-09,65.0,117.49214785883017,52.492147858830165,51-100,80.75715055204641,High
22949,2011-10,65.0,70.59677510003105,5.596775100031053,51-100,8.610423230817005,Low
22949,2011-11,1.0,51.79396448249728,50.79396448249728,0-10,5079.396448249728,High
22950,2011-07,772.0,881.2048826408426,109.20488264084258,501-1000,14.145710186637642,Low
22950,2011-08,2345.0,376.9193996764303,1968.0806003235696,1001-5000,83.9266780521778,High
22950,2011-09,979.0,1520.964949307452,541.9649493074519,501-1000,55.35903465857527,High
22950,2011-10,17.0,1113.65825459067,1096.65825459067,11-50,6450.930909356882,High
22951,2011-07,676.0,438.2982757998557,237.70172420014427,501-1000,35.16297695268407,Moderate
22951,2011-08,908.0,541.5457581639214,366.4542418360786,501-1000,40.35839667798223,Moderate
22951,2011-09,793.0,700.0619234247212,92.93807657527884,501-1000,11.719807890955718,Low
22951,2011-10,735.0,745.594944624971,10.594944624971047,501-1000,1.4414890646219112,Low
22951,2011-11,143.0,342.22168885817894,199.2216888581789,101-500,139.31586633439085,High
22952,2011-07,810.0,1078.8129492048502,268.81294920485016,501-1000,33.18678385245064,Moderate
22952,2011-08,3710.0,507.9439109376704,3202.0560890623296,1001-5000,86.3087894625965,High
22952,2011-09,3799.0,2539.875533402659,1259.1244665973409,1001-5000,33.14357637792421,Moderate
22952,2011-10,4347.0,2381.9900013670517,1965.0099986329487,1001-5000,45.20381869410971,Moderate
22952,2011-11,750.0,1947.9094079893855,1197.9094079893855,501-1000,159.72125439858473,High
22953,2011-07,12.0,78.19857529017418,66.19857529017418,11-50,551.6547940847847,High
22953,2011-08,39.0,56.66097260262466,17.66097260262466,11-50,45.28454513493503,Moderate
22953,2011-09,16.0,60.25251101631748,44.25251101631748,11-50,276.5781938519842,High
22953,2011-10,39.0,58.52285034757092,19.522850347570923,11-50,50.05859063479724,High
22953,2011-11,1.0,39.127774336338014,38.127774336338014,0-10,3812.7774336338016,High
22954,2011-07,18.0,68.348672058015,50.348672058015,11-50,279.71484476675,High
22954,2011-08,25.0,58.81543192963594,33.81543192963594,11-50,135.26172771854377,High
22954,2011-09,5.0,59.85434218109221,54.85434218109221,0-10,1097.0868436218443,High
22954,2011-10,7.0,47.07767581774337,40.07767581774337,0-10,572.5382259677624,High
22955,2011-07,35.0,70.08750818666502,35.08750818666502,11-50,100.25002339047148,High
22955,2011-08,122.0,57.77020311827876,64.22979688172124,101-500,52.64737449321413,High
22955,2011-09,54.0,126.84708819061024,72.84708819061025,51-100,134.90201516779678,High
22955,2011-10,271.0,64.63968494611105,206.3603150538889,101-500,76.14771773206232,High
22955,2011-11,60.0,123.08848138315778,63.08848138315778,51-100,105.14746897192964,High
22956,2011-07,320.0,143.47427701224694,176.52572298775306,101-500,55.16428843367282,High
22956,2011-08,147.0,158.63029988547262,11.630299885472624,101-500,7.911768629573214,Low
22956,2011-09,85.0,145.08368245169257,60.08368245169257,51-100,70.68668523728537,High
22956,2011-10,73.0,124.21605003400474,51.21605003400474,51-100,70.15897264932156,High
22956,2011-11,105.0,68.20691746290417,36.79308253709583,101-500,35.041030987710315,Moderate
22959,2011-08,950.0,309.7157932152441,640.284206784756,501-1000,67.3983375562901,High
22959,2011-09,1050.0,579.3048513010675,470.6951486989325,1001-5000,44.82810939989833,Moderate
22959,2011-10,1950.0,697.6961572746004,1252.3038427253996,1001-5000,64.22070988335382,High
22959,2011-11,226.0,613.910961817411,387.910961817411,101-500,171.6420185032792,High
22960,2011-07,524.0,733.3252642599213,209.32526425992123,501-1000,39.94756951525214,Moderate
22960,2011-08,864.0,685.2893611647132,178.71063883528677,501-1000,20.684101717047078,Moderate
22960,2011-09,675.0,872.8254400427703,197.8254400427703,501-1000,29.307472598928936,Moderate
22960,2011-10,1036.0,926.0703196777353,109.92968032226486,1001-5000,10.61097300407962,Low
22960,2011-11,256.0,765.5707286377049,509.57072863770486,101-500,199.05106587410347,High
22961,2011-07,1432.0,1006.665366487778,425.3346335122219,1001-5000,29.70213921174734,Moderate
22961,2011-08,1653.0,1347.3767263031689,305.6232736968311,1001-5000,18.48900627325052,Low
22961,2011-09,1595.0,1600.328600302612,5.328600302611903,1001-5000,0.3340815236747275,Low
22961,2011-10,1574.0,1789.8832967489443,215.88329674894453,1001-5000,13.715584291546667,Low
22961,2011-11,1016.0,1174.5003714473817,158.50037144738167,1001-5000,15.600430260569063,Low
22962,2011-07,79.0,262.8074215494952,183.8074215494952,51-100,232.66762221455087,High
22962,2011-08,174.0,160.34168047235147,13.65831952764853,101-500,7.8496089239359375,Low
22962,2011-09,282.0,212.53922147863312,69.46077852136688,101-500,24.63148174516556,Moderate
22962,2011-10,311.0,256.165806223594,54.83419377640598,101-500,17.631573561545334,Low
22962,2011-11,50.0,196.52637978310548,146.52637978310548,11-50,293.05275956621097,High
22963,2011-07,125.0,220.64495711393727,95.64495711393732,101-500,76.51596569114986,High
22963,2011-08,234.0,193.758447410312,40.24155258968801,101-500,17.197244696447868,Low
22963,2011-09,256.0,230.1789576130608,25.82104238693921,101-500,10.08634468239813,Low
22963,2011-10,175.0,242.59384540173957,67.59384540173954,101-500,38.625054515279736,Moderate
22963,2011-11,38.0,128.67444159394807,90.67444159394807,11-50,238.61695156302125,High
22964,2011-07,131.0,167.16826262100557,36.16826262100557,101-500,27.609360779393562,Moderate
22964,2011-08,252.0,169.10931952377118,82.89068047622882,101-500,32.89312717310667,Moderate
22964,2011-09,164.0,223.27159979707503,59.27159979707503,101-500,36.141219388460385,Moderate
22964,2011-10,276.0,194.63405159136408,81.36594840863594,101-500,29.480416090085487,Moderate
22964,2011-11,102.0,145.85373673289956,43.85373673289956,101-500,42.993859542058395,Moderate
22965,2011-07,60.0,131.6329180910175,71.6329180910175,51-100,119.3881968183625,High
22965,2011-08,125.0,99.53330359521676,25.46669640478325,101-500,20.3733571238266,Moderate
22965,2011-09,95.0,156.30368019153374,61.30368019153374,51-100,64.53018967529867,High
22965,2011-10,178.0,128.60024395936287,49.39975604063713,101-500,27.752671932942206,Moderate
22965,2011-11,28.0,108.82938462677048,80.82938462677048,11-50,288.6763736670374,High
22966,2011-07,544.0,360.2336643873127,183.76633561268733,501-1000,33.78057639939105,Moderate
22966,2011-08,754.0,488.0648564025765,265.9351435974235,501-1000,35.269912943955376,Moderate
22966,2011-09,868.0,714.228919790609,153.77108020939102,501-1000,17.715562236104958,Low
22966,2011-10,1146.0,932.6422893346104,213.35771066538973,1001-5000,18.61760127970242,Low
22966,2011-11,269.0,486.7137072658852,217.7137072658852,101-500,80.93446366761532,High
22968,2011-07,6.0,49.34717894825256,43.34717894825256,0-10,722.452982470876,High
22968,2011-08,6.0,28.14938551976011,22.14938551976011,0-10,369.15642532933515,High
22968,2011-09,10.0,19.32134866516658,9.321348665166578,0-10,93.21348665166578,High
22968,2011-10,40.0,19.32134866516658,20.67865133483342,11-50,51.69662833708355,High
22968,2011-11,2.0,32.80487954950077,30.804879549500768,0-10,1540.2439774750385,High
22969,2011-07,1066.0,627.2166463428453,438.7833536571548,1001-5000,41.16166544626218,Moderate
22969,2011-08,1956.0,829.2261727609517,1126.7738272390484,1001-5000,57.60602388747691,High
22969,2011-09,832.0,1369.5396792268857,537.5396792268857,501-1000,64.60813452246222,High
22969,2011-10,608.0,1095.4586712212806,487.4586712212806,501-1000,80.17412355613168,High
22969,2011-11,230.0,395.6727189266408,165.6727189266408,101-500,72.03161692462643,High
22970,2011-07,125.0,290.5398084007924,165.53980840079242,101-500,132.43184672063396,High
22970,2011-08,286.0,258.31773254004463,27.68226745995537,101-500,9.679114496487891,Low
22970,2011-09,410.0,328.9836518256914,81.01634817430858,101-500,19.760084920563067,Low
22970,2011-10,302.0,378.4367647071948,76.43676470719475,101-500,25.310186989137335,Moderate
22970,2011-11,86.0,197.9402678974565,111.9402678974565,51-100,130.16310220634475,High
22971,2011-07,141.0,186.04592196652,45.04592196652001,101-500,31.947462387602844,Moderate
22971,2011-08,196.0,186.566461635318,9.433538364681992,101-500,4.813029777898975,Low
22971,2011-09,59.0,186.9312452755817,127.93124527558167,51-100,216.83261911115537,High
22971,2011-10,231.0,123.44381490622024,107.55618509377976,101-500,46.561119088216344,Moderate
22971,2011-11,38.0,120.3248223424631,82.3248223424631,11-50,216.6442693222713,High
22972,2011-07,85.0,106.88664200183878,21.88664200183878,51-100,25.748990590398563,Moderate
22972,2011-08,91.0,114.9314289928558,23.93142899285581,51-100,26.298273618522867,Moderate
22972,2011-09,227.0,91.9911775079502,135.00882249204977,101-500,59.47525219914087,High
22972,2011-10,122.0,202.1746973843362,80.17469738433621,101-500,65.71696506912804,High
22972,2011-11,43.0,95.43328473442936,52.43328473442935,11-50,121.9378714754171,High
22973,2011-07,79.0,70.79966330464009,8.200336695359908,51-100,10.380173032101151,Low
22973,2011-08,31.0,98.99222889610652,67.99222889610652,11-50,219.3297706326017,High
22973,2011-09,115.0,58.73650134311045,56.263498656889546,101-500,48.924781440773515,Moderate
22973,2011-10,130.0,114.95474908748469,15.045250912515314,101-500,11.573269932704088,Low
22973,2011-11,71.0,81.79538682202697,10.79538682202697,51-100,15.204770171868972,Low
22974,2011-07,86.0,85.47439553342969,0.5256044665703143,51-100,0.6111679843840865,Low
22974,2011-08,93.0,107.87855886175944,14.87855886175943,51-100,15.998450388988633,Low
22974,2011-09,89.0,109.77731643514858,20.777316435148578,51-100,23.34529936533548,Moderate
22974,2011-10,121.0,104.2057177665042,16.794282233495807,101-500,13.879572093798187,Low
22974,2011-11,33.0,80.94693069372862,47.94693069372862,11-50,145.2937293749352,High
22975,2011-07,86.0,69.41217873681259,16.587821263187408,51-100,19.28816425952024,Low
22975,2011-08,36.0,78.45697199207626,42.45697199207626,11-50,117.93603331132294,High
22975,2011-09,75.0,79.28468452207288,4.28468452207288,51-100,5.712912696097174,Low
22975,2011-10,96.0,98.99222889610652,2.992228896106525,51-100,3.116905100110963,Low
22975,2011-11,20.0,73.6370694245108,53.6370694245108,11-50,268.185347122554,High
22976,2011-07,77.0,78.61715387778335,1.6171538777833518,51-100,2.1001998412770804,Low
22976,2011-08,8.0,82.04286257278586,74.04286257278586,0-10,925.5357821598233,High
22976,2011-09,59.0,60.627593678284335,1.6275936782843343,51-100,2.7586333530242957,Low
22976,2011-10,86.0,76.26263296865429,9.737367031345713,51-100,11.322519803890362,Low
22976,2011-11,27.0,65.13361813422028,38.133618134220285,11-50,141.23562271933437,High
22977,2011-07,56.0,55.33751843470797,0.6624815652920333,51-100,1.1830027951643451,Low
22977,2011-08,33.0,69.53107527245307,36.531075272453066,11-50,110.70022809834263,High
22977,2011-09,35.0,70.17741080837023,35.177410808370226,11-50,100.50688802391494,High
22977,2011-10,40.0,50.064832595215,10.064832595214996,11-50,25.16208148803749,Moderate
22977,2011-11,6.0,42.59820605200875,36.59820605200875,0-10,609.9701008668125,High
22978,2011-08,869.0,215.63977968342536,653.3602203165747,501-1000,75.18529577866222,High
22978,2011-09,121.0,487.9676647314344,366.9676647314344,101-500,303.279061761516,High
22978,2011-10,88.0,232.6888127562099,144.6888127562099,51-100,164.41910540478398,High
22978,2011-11,11.0,139.21376519008692,128.21376519008692,11-50,1165.5796835462447,High
22979,2011-09,196.0,624.2615866458152,428.2615866458152,101-500,218.50080951317102,High
22979,2011-10,379.0,322.2297151550917,56.7702848449083,101-500,14.978966977548366,Low
22979,2011-11,60.0,293.10702214224074,233.10702214224077,51-100,388.51170357040127,High
22980,2011-08,158.0,254.3322480527752,96.3322480527752,101-500,60.969777248591896,High
22980,2011-09,141.0,240.32643790120852,99.32643790120856,101-500,70.4442821994387,High
22980,2011-10,120.0,173.54880558884886,53.54880558884887,101-500,44.62400465737406,Moderate
22980,2011-11,13.0,93.70324830307293,80.70324830307293,11-50,620.7942177159456,High
22981,2011-09,32.0,41.49967738374909,9.499677383749088,11-50,29.6864918242159,Moderate
22981,2011-10,43.0,67.76177606752802,24.761776067528015,11-50,57.58552573843724,High
22981,2011-11,10.0,40.57059035386233,30.57059035386233,0-10,305.70590353862326,High
22982,2011-09,87.0,93.70232021466956,6.7023202146695695,51-100,7.703816338700655,Low
22982,2011-10,103.0,121.82368495379764,18.82368495379765,101-500,18.275422285240435,Low
22982,2011-11,34.0,80.07298090210291,46.07298090210291,11-50,135.5087673591262,High
22983,2011-07,458.0,424.263604808957,33.736395191043016,101-500,7.366025150882755,Low
22983,2011-08,605.0,459.6862638209852,145.31373617901477,501-1000,24.01879936843219,Moderate
22983,2011-09,456.0,580.5815383221117,124.58153832211168,101-500,27.320512789936775,Moderate
22983,2011-10,405.0,518.4910650156181,113.49106501561812,101-500,28.02248518904151,Moderate
22983,2011-11,102.0,275.35083086071825,173.35083086071825,101-500,169.95179496148847,High
22984,2011-07,373.0,204.07030415516547,168.92969584483453,101-500,45.289462692985126,Moderate
22984,2011-08,470.0,282.73496365201936,187.26503634798064,101-500,39.843624754889504,Moderate
22984,2011-09,96.0,374.3552548676557,278.3552548676557,51-100,289.95339048714135,High
22984,2011-10,113.0,206.3458831605215,93.34588316052152,101-500,82.60697624824913,High
22984,2011-11,37.0,164.2816670955996,127.2816670955996,11-50,344.0045056637827,High
22985,2011-07,125.0,383.5196472228589,258.51964722285885,101-500,206.81571777828708,High
22985,2011-08,200.0,273.6696886006207,73.6696886006207,101-500,36.83484430031035,Moderate
22985,2011-09,175.0,190.19552270498207,15.195522704982125,101-500,8.683155831418357,Low
22985,2011-10,175.0,192.07954681123312,17.079546811233115,101-500,9.759741034990352,Low
22985,2011-11,50.0,130.26762974734717,80.26762974734717,11-50,160.53525949469434,High
22986,2011-07,351.0,317.3231113210967,33.67688867890331,101-500,9.594555179174732,Low
22986,2011-08,350.0,347.9855484467358,2.014451553264223,101-500,0.5755575866469209,Low
22986,2011-09,275.0,371.7994144944042,96.79941449440418,101-500,35.199787088874245,Moderate
22986,2011-10,400.0,341.0204343828506,58.979565617149376,101-500,14.744891404287344,Low
22986,2011-11,100.0,220.9872452201338,120.9872452201338,51-100,120.9872452201338,High
22987,2011-09,2.0,69.00608018421298,67.00608018421298,0-10,3350.304009210649,High
22988,2011-07,1006.0,559.8991784697087,446.10082153029134,1001-5000,44.34401804476057,Moderate
22988,2011-08,703.0,755.8873666044956,52.88736660449558,501-1000,7.5230962453052035,Low
22988,2011-09,753.0,771.2582069059513,18.258206905951283,501-1000,2.4247286727690947,Low
22988,2011-10,908.0,827.6039095730927,80.39609042690734,501-1000,8.854194980936931,Low
22988,2011-11,433.0,475.0676717654492,42.06767176544918,101-500,9.715397636362397,Low
22989,2011-08,260.0,347.9335256102876,87.93352561028757,101-500,33.82058677318753,Moderate
22989,2011-09,181.0,298.21613508762005,117.21613508762005,101-500,64.76029562851936,High
22989,2011-10,104.0,260.17073515294567,156.17073515294567,101-500,150.16416841629393,High
22989,2011-11,45.0,126.47765922896107,81.47765922896107,11-50,181.06146495324683,High
22990,2011-08,31.0,66.21075932634682,35.21075932634682,11-50,113.58309460111877,High
22990,2011-09,35.0,64.84629226628985,29.84629226628985,11-50,85.27512076082814,High
22990,2011-10,36.0,64.84629226628985,28.84629226628985,11-50,80.12858962858292,High
22990,2011-11,109.0,41.31977044667867,67.68022955332134,101-500,62.09195371864343,High
22991,2011-08,393.0,477.4345104120374,84.43451041203741,101-500,21.484608247337764,Moderate
22991,2011-09,707.0,314.41663228809523,392.5833677119048,501-1000,55.52805766787904,High
22991,2011-10,430.0,515.9384514739538,85.93845147395382,101-500,19.985686389291583,Low
22991,2011-11,81.0,315.16793659544817,234.16793659544817,51-100,289.0962180190718,High
22992,2011-08,517.0,571.7234927728584,54.72349277285844,501-1000,10.584814849682484,Low
22992,2011-09,836.0,532.4272488272812,303.5727511727188,501-1000,36.31253004458359,Moderate
22992,2011-10,901.0,644.7520379485658,256.24796205143423,501-1000,28.440395344221336,Moderate
22992,2011-11,100.0,487.66289988190505,387.66289988190505,51-100,387.66289988190505,High
22993,2011-08,1320.0,1338.5107632136817,18.510763213681457,1001-5000,1.4023305464910196,Low
22993,2011-09,1185.0,1316.4055005187415,131.40550051874152,1001-5000,11.089071773733462,Low
22993,2011-10,1687.0,1568.4662010139948,118.5337989860052,1001-5000,7.026306993835519,Low
22993,2011-11,502.0,838.0602818837996,336.0602818837996,501-1000,66.94427925972103,High
22994,2011-08,277.0,176.85173785203614,100.14826214796386,101-500,36.15460727363317,Moderate
22994,2011-09,224.0,242.9337357351704,18.933735735170387,101-500,8.452560596058209,Low
22994,2011-10,289.0,233.040180737226,55.959819262773976,101-500,19.363259260475424,Low
22994,2011-11,122.0,145.88371056215578,23.883710562155784,101-500,19.576811936193266,Low
22995,2011-08,246.0,245.32796156795587,0.6720384320441326,101-500,0.2731863544894848,Low
22995,2011-09,171.0,285.1602661796758,114.16026617967576,101-500,66.76038957875775,High
22995,2011-10,192.0,250.8016095733426,58.8016095733426,101-500,30.625838319449272,Moderate
22995,2011-11,68.0,109.72681658372028,41.72681658372028,51-100,61.36296556429453,High
22996,2011-08,491.0,423.1229295271236,67.87707047287637,101-500,13.824250605473804,Low
22996,2011-09,515.0,510.7297878223721,4.270212177627911,501-1000,0.8291674131316333,Low
22996,2011-10,586.0,545.1505367376063,40.84946326239367,501-1000,6.970898167643972,Low
22996,2011-11,156.0,264.2769773554446,108.2769773554446,101-500,69.4083188175927,High
22997,2011-08,322.0,234.96908627266305,87.03091372733695,101-500,27.02823407681272,Moderate
22997,2011-09,211.0,324.3687711936106,113.3687711936106,101-500,53.72927544720881,High
22997,2011-10,373.0,245.32796156795587,127.67203843204412,101-500,34.228428534060086,Moderate
22997,2011-11,111.0,215.72417607673947,104.72417607673948,101-500,94.34610457363918,High
22998,2011-08,1396.0,1175.411838881502,220.588161118498,1001-5000,15.80144420619613,Low
22998,2011-09,1505.0,1355.1211540590225,149.8788459409775,1001-5000,9.958727305048338,Low
22998,2011-10,1656.0,1668.4672547565874,12.467254756587408,1001-5000,0.7528535481031043,Low
22998,2011-11,310.0,955.3921538760948,645.3921538760948,101-500,208.1910173793854,High
22999,2011-08,300.0,264.0147913189295,35.9852086810705,101-500,11.995069560356834,Low
22999,2011-09,272.0,342.0328112191423,70.03281121914227,101-500,25.74735706586113,Moderate
22999,2011-10,237.0,328.3288663139945,91.32886631399452,101-500,38.53538663037744,Moderate
22999,2011-11,101.0,130.0048979832905,29.004897983290505,101-500,28.717720775535156,Moderate
23000,2011-08,344.0,297.6194175042396,46.38058249576039,101-500,13.482727469697789,Low
23000,2011-09,439.0,332.7708324071904,106.22916759280956,101-500,24.19798806214341,Moderate
23000,2011-10,330.0,337.9468700743586,7.946870074358628,101-500,2.408142446775342,Low
23000,2011-11,101.0,217.0816275865544,116.08162758655442,101-500,114.93230454114298,High
23002,2011-08,326.0,185.8554059844049,140.1445940155951,101-500,42.98913926858745,Moderate
23002,2011-09,222.0,283.04202965799743,61.04202965799743,101-500,27.4964097558547,Moderate
23002,2011-10,319.0,241.9578060518116,77.04219394818841,101-500,24.15115797748853,Moderate
23002,2011-11,84.0,194.85804781310455,110.85804781310458,51-100,131.9738664441721,High
23004,2011-08,172.0,194.9480692212596,22.948069221259573,101-500,13.341900710034635,Low
23004,2011-09,252.0,219.8158399766313,32.18416002336869,101-500,12.771492072765353,Low
23004,2011-10,270.0,236.9513313391793,33.04866866082068,101-500,12.240247652155809,Low
23004,2011-11,114.0,155.23699148243875,41.236991482438754,101-500,36.172799545998906,Moderate
23005,2011-08,878.0,439.8140600908156,438.1859399091844,501-1000,49.907282449793215,Moderate
23005,2011-09,618.0,628.1692842715756,10.169284271575634,501-1000,1.6455152543002645,Low
23005,2011-10,1276.0,650.4261367400796,625.5738632599204,1001-5000,49.02616483228216,Moderate
23005,2011-11,170.0,522.0211019179285,352.0211019179285,101-500,207.0712364223109,High
23006,2011-08,208.0,150.46270886910378,57.53729113089622,101-500,27.66215919754626,Moderate
23006,2011-09,174.0,198.5890866910214,24.589086691021407,101-500,14.131659017828396,Low
23006,2011-10,156.0,191.65450110150817,35.654501101508174,101-500,22.8554494240437,Moderate
23006,2011-11,6.0,112.06296379416008,106.06296379416008,0-10,1767.7160632360014,High
23007,2011-09,60.0,69.4322882868909,9.432288286890897,51-100,15.720480478151494,Low
23007,2011-10,61.0,85.52919059473432,24.52919059473432,51-100,40.2117878602202,Moderate
23007,2011-11,14.0,55.67359858020109,41.67359858020109,11-50,297.6685612871506,High
23008,2011-09,23.0,69.4322882868909,46.432288286890895,11-50,201.87951429082997,High
23008,2011-10,37.0,73.56002157541299,36.56002157541299,11-50,98.81086912273781,High
23008,2011-11,6.0,32.80487954950077,26.804879549500768,0-10,446.7479924916795,High
23009,2011-09,45.0,44.29718310437633,0.7028168956236698,11-50,1.5618153236081551,Low
23009,2011-10,54.0,70.85837113169114,16.858371131691143,51-100,31.219205799428046,Moderate
23009,2011-11,8.0,52.1595441094486,44.1595441094486,0-10,551.9943013681076,High
23010,2011-09,18.0,26.49605647227472,8.496056472274716,11-50,47.200313734859535,Moderate
23010,2011-10,46.0,51.516709899376366,5.516709899376366,11-50,11.992847607339927,Low
23010,2011-11,7.0,36.8577131176726,29.857713117672603,0-10,426.53875882389434,High
23040,2011-10,27.0,101.80360269409525,74.80360269409525,11-50,277.05038034850094,High
23040,2011-11,22.0,42.9446917034242,20.9446917034242,11-50,95.20314410647364,High
23041,2011-10,51.0,64.63968494611105,13.639684946111046,51-100,26.74448028649225,Moderate
23041,2011-11,19.0,47.130524047664544,28.130524047664544,11-50,148.05538972455022,High
23042,2011-10,35.0,28.477214409267923,6.522785590732077,11-50,18.636530259234508,Low
23042,2011-11,6.0,33.46547208916983,27.46547208916983,0-10,457.7578681528305,High
23043,2011-11,4.0,38.38987696833964,34.38987696833964,0-10,859.746924208491,High
23044,2011-11,1.0,23.51572046481592,22.51572046481592,0-10,2251.572046481592,High
23045,2011-11,1.0,41.024062251612,40.024062251612,0-10,4002.4062251612,High
23046,2011-11,3.0,58.635495891152665,55.635495891152665,0-10,1854.516529705089,High
23048,2011-10,79.0,208.9564826222364,129.9564826222364,51-100,164.5018767370081,High
23048,2011-11,7.0,69.76406779409452,62.76406779409452,0-10,896.629539915636,High
23049,2011-09,22.0,32.18198392726494,10.181983927264938,11-50,46.281745123931536,Moderate
23049,2011-10,22.0,63.4202094214896,41.4202094214896,11-50,188.2736791885891,High
23049,2011-11,4.0,38.13690285859675,34.13690285859675,0-10,853.4225714649187,High
23050,2011-09,36.0,52.734811463681226,16.734811463681226,11-50,46.485587399114515,Moderate
23050,2011-10,8.0,46.51905312686432,38.51905312686432,0-10,481.488164085804,High
23050,2011-11,9.0,35.97711622997972,26.97711622997972,0-10,299.7457358886636,High
23051,2011-09,13.0,37.04921547530995,24.04921547530995,11-50,184.99396519469192,High
23051,2011-10,8.0,27.78929322721427,19.78929322721427,0-10,247.36616534017836,High
23051,2011-11,4.0,21.275781158891704,17.275781158891704,0-10,431.8945289722926,High
23052,2011-09,16.0,83.71297232526298,67.71297232526298,11-50,423.20607703289363,High
23052,2011-10,18.0,41.52546871111872,23.52546871111872,11-50,130.697048395104,High
23052,2011-11,10.0,23.318763577970056,13.318763577970056,0-10,133.18763577970057,High
23053,2011-09,26.0,29.089267065251835,3.0892670652518355,11-50,11.881796404814752,Low
23053,2011-10,2.0,39.22758349972414,37.22758349972414,0-10,1861.379174986207,High
23053,2011-11,7.0,23.5801297644404,16.580129764440397,0-10,236.85899663486282,High
23054,2011-09,7.0,64.84629226628985,57.84629226628985,0-10,826.3756038041407,High
23054,2011-10,2.0,29.530130899793463,27.530130899793463,0-10,1376.506544989673,High
23054,2011-11,4.0,15.43433204790601,11.43433204790601,0-10,285.85830119765023,High
23055,2011-10,242.0,170.30438227153255,71.69561772846743,101-500,29.62628831754852,Moderate
23056,2011-10,242.0,409.2412379269373,167.24123792693734,101-500,69.10794955658568,High
23057,2011-10,241.0,164.99599414066768,76.00400585933232,101-500,31.53693189183914,Moderate
23060,2011-10,41.0,57.37203428305349,16.372034283053488,11-50,39.9317909342768,Moderate
23060,2011-11,22.0,40.26469782055511,18.264697820555103,11-50,83.02135372979592,High
23061,2011-10,86.0,109.39606609380589,23.39606609380587,51-100,27.204728016053338,Moderate
23061,2011-11,26.0,67.53216170561254,41.53216170561254,11-50,159.73908348312514,High
23064,2011-10,100.0,71.2630330978652,28.7369669021348,51-100,28.736966902134796,Moderate
23067,2011-10,44.0,76.23358349348202,32.233583493482016,11-50,73.25814430336823,High
23067,2011-11,3.0,48.32154310053453,45.32154310053453,0-10,1510.7181033511508,High
23068,2011-10,106.0,121.02447668412968,15.024476684129668,101-500,14.174034607669498,Low
23068,2011-11,17.0,80.34599759775767,63.34599759775767,11-50,372.6235152809275,High
23069,2011-10,14.0,26.338207901463477,12.338207901463472,11-50,88.1300564390248,High
23069,2011-11,2.0,21.671174843080724,19.671174843080724,0-10,983.5587421540362,High
23070,2011-11,4.0,37.9149960880042,33.914996088004195,0-10,847.8749022001049,High
23073,2011-10,26.0,63.4202094214896,37.4202094214896,11-50,143.9238823903446,High
23073,2011-11,4.0,41.31977044667867,37.31977044667867,0-10,932.9942611669667,High
23075,2011-10,72.0,57.16174887899183,14.83825112100817,51-100,20.60868211251135,Moderate
23075,2011-11,18.0,47.90617064465322,29.906170644653223,11-50,166.14539247029566,High
23076,2011-09,1229.0,881.2978798013505,347.7021201986495,1001-5000,28.291466248873025,Moderate
23076,2011-10,1212.0,930.7511142270956,281.24888577290426,1001-5000,23.205353611625764,Moderate
23076,2011-11,248.0,627.7770016991184,379.7770016991184,101-500,153.13588778190257,High
23077,2011-09,1561.0,968.2305911461798,592.7694088538202,1001-5000,37.97369691568355,Moderate
23077,2011-10,2522.0,1491.528317050797,1030.471682949203,1001-5000,40.85930543018251,Moderate
23077,2011-11,548.0,1225.910405836727,677.910405836727,501-1000,123.70627843735895,High
23078,2011-09,724.0,791.3510676127721,67.35106761277211,501-1000,9.302633648172943,Low
23078,2011-10,1130.0,840.4753137630976,289.5246862369024,1001-5000,25.6216536492834,Moderate
23078,2011-11,33.0,501.2953717749355,468.2953717749355,11-50,1419.0768841664712,High
23079,2011-11,7.0,38.28379596247285,31.28379596247285,0-10,446.91137089246934,High
23080,2011-11,283.0,195.0450132238181,87.9549867761819,101-500,31.07950062762611,Moderate
23081,2011-11,42.0,86.09369836700014,44.093698367000144,11-50,104.9849961119051,High
23082,2011-11,165.0,260.50001320226613,95.50001320226612,101-500,57.878795880161285,High
23083,2011-11,150.0,341.11837840354053,191.11837840354053,101-500,127.41225226902702,High
23084,2011-11,4304.0,3645.226415778565,658.7735842214347,1001-5000,15.306077700312146,Low
23085,2011-11,36.0,83.44709710543174,47.44709710543174,11-50,131.7974919595326,High
23086,2011-11,35.0,81.63805297190984,46.63805297190984,11-50,133.25157991974243,High
23087,2011-11,9.0,67.30533064021311,58.30533064021312,0-10,647.8370071134791,High
23088,2011-11,34.0,66.26177173786282,32.261771737862816,11-50,94.88756393489064,High
23089,2011-11,93.0,216.0635050567291,123.0635050567291,51-100,132.32634952336463,High
23090,2011-11,386.0,192.2711680871933,193.7288319128067,101-500,50.188816557721935,High
23092,2011-11,22.0,50.55853138072161,28.55853138072161,11-50,129.81150627600732,High
23093,2011-11,25.0,54.2772612030258,29.277261203025795,11-50,117.10904481210318,High
23096,2011-11,12.0,144.50019971613435,132.50019971613435,11-50,1104.1683309677862,High
23099,2011-11,9.0,22.069343678306,13.069343678305998,0-10,145.21492975895555,High
23100,2011-11,112.0,241.3643563426733,129.36435634267326,101-500,115.50388959167255,High
23101,2011-11,34.0,194.4936467745627,160.4936467745627,11-50,472.0401375722433,High
23102,2011-11,6.0,126.27109378828852,120.27109378828852,0-10,2004.5182298048087,High
23103,2011-11,198.0,485.9666721592645,287.96667215926453,101-500,145.43771321174975,High
23104,2011-11,7.0,36.8577131176726,29.857713117672603,0-10,426.53875882389434,High
23106,2011-11,23.0,41.84978009478648,18.849780094786475,11-50,81.95556562950641,High
23107,2011-11,37.0,37.37494397024791,0.3749439702479051,11-50,1.0133620817510949,Low
23108,2011-11,127.0,172.548217883724,45.54821788372399,101-500,35.86473849112126,Moderate
23109,2011-11,234.0,316.25274936498,82.25274936497999,101-500,35.15074759187179,Moderate
23110,2011-11,20.0,76.8467324374565,56.846732437456495,11-50,284.23366218728245,High
23111,2011-11,45.0,41.31977044667867,3.680229553321333,11-50,8.178287896269628,Low
23112,2011-11,35.0,56.03814955844032,21.03814955844032,11-50,60.10899873840092,High
23118,2011-11,90.0,70.25980282693017,19.74019717306983,51-100,21.933552414522033,Moderate
23126,2011-09,181.0,152.41507102696758,28.58492897303242,101-500,15.792778438139457,Low
23126,2011-10,213.0,196.70868017177037,16.29131982822966,101-500,7.648506961610169,Low
23126,2011-11,50.0,118.89237831245248,68.89237831245248,11-50,137.78475662490496,High
23127,2011-09,118.0,74.92448863546996,43.07551136453005,101-500,36.50467064790682,Moderate
23127,2011-10,146.0,129.09309354653334,16.90690645346666,101-500,11.58007291333333,Low
23127,2011-11,40.0,94.2436889132032,54.2436889132032,11-50,135.609222283008,High
23128,2011-09,63.0,43.2806205652566,19.7193794347434,51-100,31.300602277370476,Moderate
23128,2011-10,57.0,75.3893784408109,18.3893784408109,51-100,32.26206744001912,Moderate
23128,2011-11,22.0,56.68644269640112,34.68644269640112,11-50,157.6656486200051,High
23129,2011-11,18.0,121.82803566633828,103.82803566633828,11-50,576.822420368546,High
23130,2011-11,35.0,122.75065107312584,87.75065107312584,11-50,250.7161459232167,High
23131,2011-10,107.0,195.4589119884633,88.45891198846331,101-500,82.67188036304982,High
23131,2011-11,3.0,95.03881937028756,92.03881937028756,0-10,3067.9606456762517,High
23132,2011-10,217.0,288.51308525042884,71.51308525042884,101-500,32.955338825082414,Moderate
23132,2011-11,9.0,116.17770238903998,107.17770238903998,0-10,1190.8633598782221,High
23133,2011-10,164.0,247.83993067712493,83.83993067712495,101-500,51.12190894946643,High
23133,2011-11,15.0,114.51105980401364,99.51105980401364,11-50,663.407065360091,High
23135,2011-10,1.0,87.01005012910397,86.01005012910397,0-10,8601.005012910397,High
23135,2011-11,19.0,27.42855564753268,8.428555647532676,11-50,44.360819197540394,Moderate
23136,2011-10,7.0,26.809277329909374,19.809277329909374,0-10,282.9896761415625,High
23136,2011-11,11.0,22.06794565314775,11.06794565314775,11-50,100.61768775588862,High
23137,2011-10,10.0,23.220666541550717,13.220666541550711,0-10,132.20666541550713,High
23137,2011-11,13.0,19.644310416413624,6.644310416413624,11-50,51.11008012625865,High
23138,2011-10,38.0,104.0795472476257,66.0795472476257,11-50,173.89354538848866,High
23138,2011-11,2.0,66.15922756654902,64.15922756654902,0-10,3207.961378327451,High
23139,2011-10,26.0,46.44350086315816,20.44350086315816,11-50,78.62884947368524,High
23139,2011-11,32.0,41.89895389107967,9.898953891079673,11-50,30.934230909623977,Moderate
23140,2011-10,1.0,40.48315529738041,39.48315529738041,0-10,3948.315529738041,High
23141,2011-11,21.0,20.32426158756392,0.675738412436079,11-50,3.2178019639813287,Low
23142,2011-10,2.0,18.880484830624948,16.880484830624948,0-10,844.0242415312474,High
23144,2011-10,768.0,584.9919921715142,183.0080078284858,501-1000,23.829167686000755,Moderate
23144,2011-11,161.0,423.2443618473678,262.2443618473678,101-500,162.88469679960735,High
23145,2011-10,233.0,320.4568191881463,87.45681918814631,101-500,37.53511553139327,Moderate
23145,2011-11,86.0,147.80149716119757,61.80149716119757,51-100,71.86220600139251,High
23146,2011-10,93.0,107.83723712857277,14.837237128572752,51-100,15.954018417820166,Low
23146,2011-11,32.0,77.135390956461,45.135390956461,11-50,141.04809673894064,High
23147,2011-10,162.0,227.82270440818127,65.82270440818127,101-500,40.63129901739585,Moderate
23147,2011-11,44.0,149.80475221292645,105.80475221292645,11-50,240.46534593846917,High
23148,2011-10,277.0,240.89664743013932,36.10335256986065,101-500,13.033701288758357,Low
23148,2011-11,81.0,168.00986802825815,87.00986802825815,51-100,107.4195901583434,High
23150,2011-10,26.0,33.83036707811235,7.830367078112353,11-50,30.116796454278283,Moderate
23150,2011-11,15.0,41.07484019495439,26.07484019495439,11-50,173.8322679663626,High
23151,2011-11,26.0,16.09900575574465,9.900994244255353,11-50,38.080747093289816,Moderate
23152,2011-10,35.0,101.59636321057944,66.59636321057945,11-50,190.27532345879845,High
23152,2011-11,3.0,47.21646476037545,44.21646476037545,0-10,1473.8821586791817,High
23153,2011-10,40.0,68.74561014267398,28.745610142673986,11-50,71.86402535668496,High
23153,2011-11,7.0,34.649425171235954,27.649425171235954,0-10,394.99178816051364,High
23154,2011-09,157.0,307.93202056223885,150.93202056223885,101-500,96.13504494410118,High
23154,2011-10,461.0,231.3921109166591,229.6078890833409,101-500,49.80648353217807,Moderate
23154,2011-11,156.0,212.87051610199467,56.87051610199467,101-500,36.45545903974018,Moderate
23155,2011-09,186.0,164.07184768869357,21.928152311306437,101-500,11.789329199627117,Low
23155,2011-10,175.0,234.0111027909912,59.01110279099117,101-500,33.72063016628067,Moderate
23155,2011-11,6.0,115.93820160914736,109.93820160914736,0-10,1832.303360152456,High
23156,2011-09,304.0,169.20156912609238,134.79843087390762,101-500,44.34158910325909,Moderate
23156,2011-10,159.0,291.6075538828514,132.6075538828514,101-500,83.4009772848122,High
23156,2011-11,51.0,119.4116816875346,68.41168168753461,51-100,134.14055232849924,High
23157,2011-09,864.0,409.7980344116052,454.2019655883949,501-1000,52.56967194310126,High
23157,2011-10,669.0,705.6140497075221,36.6140497075221,501-1000,5.47295212369538,Low
23157,2011-11,1.0,306.42164182460164,305.42164182460164,0-10,30542.164182460165,High
23158,2011-09,293.0,302.0542879371452,9.054287937145205,101-500,3.090200661141708,Low
23158,2011-10,295.0,275.0339063117201,19.966093688279894,101-500,6.768167351959287,Low
23158,2011-11,155.0,166.56454764840282,11.564547648402822,101-500,7.46099848284053,Low
23159,2011-09,269.0,238.90752818693983,30.092471813060143,101-500,11.186792495561392,Low
23159,2011-10,236.0,259.36158025738536,23.36158025738536,101-500,9.898974685332778,Low
23160,2011-11,8.0,66.36940459543976,58.36940459543976,0-10,729.617557442997,High
23161,2011-11,14.0,83.58220541682256,69.58220541682256,11-50,497.01575297730403,High
23162,2011-10,149.0,210.7199242746616,61.71992427466162,101-500,41.42276796957156,Moderate
23162,2011-11,56.0,122.80263598816924,66.80263598816923,51-100,119.29042140744505,High
23163,2011-10,70.0,259.3622724319058,189.3622724319058,51-100,270.5175320455797,High
23163,2011-11,81.0,89.8908379655522,8.890837965552194,51-100,10.976343167348388,Low
23164,2011-11,7.0,66.05192822489367,59.05192822489367,0-10,843.5989746413381,High
23165,2011-11,208.0,294.737514051806,86.73751405180593,101-500,41.70072790952209,Moderate
23166,2011-07,427.0,1070.967851297757,643.9678512977571,101-500,150.81214316106724,High
23166,2011-08,346.0,342.9502366666096,3.049763333390388,101-500,0.8814344894191873,Low
23166,2011-09,250.0,410.7535692803274,160.75356928032744,101-500,64.30142771213097,High
23166,2011-10,659.0,346.98030216667416,312.01969783332584,501-1000,47.34745035407069,Moderate
23166,2011-11,207.0,327.2205899175209,120.2205899175209,101-500,58.07757967029995,High
23167,2011-11,414.0,399.9156675929216,14.084332407078364,101-500,3.4020126587145807,Low
23168,2011-11,121.0,303.63236844005127,182.63236844005127,101-500,150.93584168599278,High
23169,2011-11,40.0,212.13536748979428,172.13536748979428,11-50,430.33841872448573,High
23170,2011-11,130.0,401.3219085527234,271.3219085527234,101-500,208.70916042517186,High
23171,2011-11,154.0,389.9722657477958,235.9722657477958,101-500,153.2287439920752,High
23172,2011-11,178.0,228.3841380264094,50.3841380264094,101-500,28.30569552045472,Moderate
23173,2011-11,39.0,182.7261749040107,143.7261749040107,11-50,368.5286536000274,High
23174,2011-11,42.0,165.89034148545673,123.89034148545672,11-50,294.9770035368017,High
23175,2011-11,35.0,218.1631309123929,183.1631309123929,11-50,523.3232311782654,High
23176,2011-09,163.0,256.28676431598586,93.28676431598586,101-500,57.23114375213857,High
23176,2011-10,568.0,205.74353849689325,362.2564615031067,501-1000,63.77754603927935,High
23176,2011-11,31.0,224.9419305908197,193.9419305908197,11-50,625.6191309381281,High
23177,2011-09,126.0,197.3108214708927,71.3108214708927,101-500,56.595890056264054,High
23177,2011-10,601.0,173.12330741036513,427.8766925896349,501-1000,71.19412522290098,High
23177,2011-11,523.0,225.13517547361505,297.8648245263849,501-1000,56.95312132435658,High
23178,2011-09,16.0,48.638749750414746,32.638749750414746,11-50,203.99218594009216,High
23178,2011-10,32.0,46.21565959001035,14.215659590010349,11-50,44.42393621878234,Moderate
23178,2011-11,18.0,35.091673940890246,17.091673940890246,11-50,94.95374411605692,High
23179,2011-09,8.0,24.84278722510156,16.842787225101556,0-10,210.53484031376945,High
23179,2011-10,50.0,23.220666541550717,26.779333458449287,11-50,53.55866691689858,High
23179,2011-11,3.0,39.93258564474566,36.93258564474566,0-10,1231.0861881581886,High
23180,2011-09,5.0,31.99551474703782,26.99551474703782,0-10,539.9102949407564,High
23180,2011-10,11.0,25.29113813463597,14.291138134635968,11-50,129.91943758759973,High
23180,2011-11,14.0,15.551433898939289,1.5514338989392886,11-50,11.081670706709204,Low
23181,2011-09,11.0,44.29718310437633,33.29718310437633,11-50,302.70166458523937,High
23181,2011-10,25.0,27.18308729492839,2.1830872949283915,11-50,8.732349179713566,Low
23181,2011-11,10.0,38.78804580356491,28.788045803564916,0-10,287.88045803564916,High
23182,2011-09,227.0,472.4086871325792,245.4086871325792,101-500,108.10955380289833,High
23182,2011-10,328.0,333.685893683929,5.6858936839290095,101-500,1.733504171929576,Low
23182,2011-11,53.0,213.01022642870865,160.01022642870862,51-100,301.90608760133705,High
23183,2011-09,22.0,63.4202094214896,41.4202094214896,11-50,188.2736791885891,High
23183,2011-10,19.0,75.2683081786465,56.26830817864651,11-50,296.14899041392897,High
23183,2011-11,6.0,21.95429651791308,15.95429651791308,0-10,265.90494196521803,High
23184,2011-09,65.0,119.10224843653042,54.10224843653042,51-100,83.23422836389295,High
23184,2011-10,130.0,101.99768056560738,28.002319434392614,101-500,21.540245718763547,Moderate
23184,2011-11,38.0,92.60364198726292,54.60364198726293,11-50,143.6937947033235,High
23185,2011-09,27.0,75.41632788483953,48.41632788483953,11-50,179.3197329068131,High
23185,2011-10,107.0,80.6184283036409,26.381571696359103,101-500,24.6556744825786,Moderate
23185,2011-11,9.0,85.13833901163045,76.13833901163045,0-10,845.9815445736716,High
23186,2011-09,188.0,408.3296953907938,220.3296953907938,101-500,117.1966464844648,High
23186,2011-10,479.0,215.17032282517715,263.82967717482285,101-500,55.07926454589204,High
23186,2011-11,54.0,244.3814510247282,190.3814510247282,51-100,352.55824263838554,High
23187,2011-09,300.0,507.7914648126493,207.7914648126493,101-500,69.26382160421643,High
23187,2011-10,10.0,365.1946071202394,355.1946071202394,0-10,3551.9460712023943,High
23190,2011-11,39.0,156.06294725756953,117.06294725756952,11-50,300.1614032245372,High
23191,2011-11,82.0,176.02086157840284,94.02086157840284,51-100,114.65958729073517,High
23192,2011-11,223.0,320.62138047933706,97.62138047933706,101-500,43.776403802393304,Moderate
23193,2011-09,41.0,169.89433263069944,128.89433263069944,11-50,314.37642105048644,High
23193,2011-10,524.0,113.37547003182334,410.6245299681767,501-1000,78.36345991759097,High
23193,2011-11,407.0,232.8656838249346,174.1343161750654,101-500,42.78484426905784,Moderate
23194,2011-09,79.0,189.57006737802456,110.57006737802456,51-100,139.96211060509438,High
23194,2011-10,555.0,146.1369573795238,408.8630426204762,501-1000,73.66901668837409,High
23194,2011-11,37.0,227.99704627790035,190.99704627790035,11-50,516.2082331835145,High
23199,2011-10,1553.0,2175.340881479865,622.340881479865,1001-5000,40.073463070178036,Moderate
23199,2011-11,240.0,1553.197950519434,1313.197950519434,101-500,547.1658127164308,High
23200,2011-11,120.0,565.3842182979043,445.38421829790434,101-500,371.1535152482536,High
23201,2011-10,1951.0,1887.7714366175687,63.22856338243082,1001-5000,3.240828466552067,Low
23201,2011-11,631.0,864.8013705614256,233.80137056142564,501-1000,37.052515144441465,Moderate
23202,2011-11,490.0,824.888879794092,334.888879794092,101-500,68.34466934573307,High
23203,2011-11,666.0,2688.931258406867,2022.931258406867,501-1000,303.7434321932233,High
23204,2011-10,993.0,992.9515873067832,0.0484126932167328,501-1000,0.00487539710138296,Low
23204,2011-11,366.0,404.1473499462397,38.14734994623967,101-500,10.422773209355102,Low
23205,2011-10,822.0,860.1128608222986,38.11286082229856,501-1000,4.63660107327233,Low
23205,2011-11,185.0,471.64067999256633,286.64067999256633,101-500,154.9409081040899,High
23206,2011-10,1265.0,1478.452471310287,213.45247131028668,1001-5000,16.873713147058236,Low
23206,2011-11,194.0,764.5358703946011,570.5358703946011,101-500,294.0906548425779,High
23207,2011-10,885.0,974.7895706325652,89.78957063256519,501-1000,10.145714195770077,Low
23207,2011-11,113.0,678.5456791694247,565.5456791694247,101-500,500.4829019198449,High
23208,2011-10,709.0,973.5583791869076,264.5583791869075,501-1000,37.31429889801234,Moderate
23208,2011-11,331.0,402.57348675703696,71.57348675703696,101-500,21.62340989638579,Moderate
23209,2011-11,456.0,789.9754375117454,333.97543751174544,101-500,73.24022752450557,High
23221,2011-11,110.0,220.0988724276825,110.09887242768252,101-500,100.08988402516592,High
23226,2011-11,34.0,104.57254480272586,70.57254480272586,11-50,207.5663082433113,High
23227,2011-11,40.0,142.15742281255345,102.15742281255343,11-50,255.39355703138358,High
23228,2011-11,39.0,188.09545555367188,149.09545555367188,11-50,382.29603988120994,High
23230,2011-07,300.0,786.263339809999,486.263339809999,101-500,162.08777993666635,High
23230,2011-08,500.0,625.2638366661284,125.26383666612844,101-500,25.052767333225688,Moderate
23230,2011-09,650.0,616.8962805216061,33.10371947839394,501-1000,5.092879919752915,Low
23230,2011-10,900.0,708.1152140202691,191.88478597973085,501-1000,21.32053177552565,Moderate
23230,2011-11,100.0,470.3348564007607,370.3348564007607,51-100,370.3348564007607,High
23231,2011-07,725.0,737.7501441939335,12.750144193933464,501-1000,1.758640578473581,Low
23231,2011-08,874.0,814.5095129116082,59.490487088391774,501-1000,6.806691886543681,Low
23231,2011-09,500.0,821.7875705871763,321.78757058717633,101-500,64.35751411743527,High
23231,2011-10,550.0,753.0397369224721,203.0397369224721,501-1000,36.91631580408583,Moderate
23231,2011-11,200.0,364.9654541984521,164.9654541984521,101-500,82.48272709922605,High
23232,2011-07,675.0,754.1747713866639,79.1747713866639,501-1000,11.729595760987245,Low
23232,2011-08,725.0,780.7338269732655,55.733826973265536,501-1000,7.68742441010559,Low
23232,2011-09,1350.0,837.1638076495016,512.8361923504984,1001-5000,37.98786610003692,Moderate
23232,2011-10,1025.0,900.6241321773451,124.37586782265488,1001-5000,12.134231007088282,Low
23232,2011-11,250.0,466.50435268941817,216.50435268941817,101-500,86.60174107576726,High
23233,2011-07,600.0,430.5468378651988,169.45316213480123,501-1000,28.242193689133536,Moderate
23233,2011-08,275.0,490.150076772764,215.15007677276395,101-500,78.23639155373235,High
23233,2011-09,1100.0,381.43265479634925,718.5673452036508,1001-5000,65.3243041094228,High
23233,2011-10,225.0,661.7058546275356,436.7058546275356,101-500,194.09149094557137,High
23233,2011-11,25.0,224.9975360819356,199.9975360819356,11-50,799.9901443277424,High
23253,2011-10,14.0,29.530130899793463,15.530130899793464,11-50,110.92950642709619,High
23253,2011-11,3.0,22.227192249117245,19.227192249117245,0-10,640.9064083039082,High
23254,2011-10,317.0,204.2689984210172,112.7310015789828,101-500,35.561830151098675,Moderate
23254,2011-11,34.0,193.49923030686267,159.49923030686267,11-50,469.11538325547843,High
23255,2011-10,114.0,153.57961728331802,39.579617283318015,101-500,34.718962529226324,Moderate
23255,2011-11,34.0,82.56231283796824,48.56231283796824,11-50,142.8303318763772,High
23256,2011-10,345.0,292.2395373983608,52.760462601639176,101-500,15.29288771062005,Low
23256,2011-11,120.0,215.8684086468081,95.86840864680812,101-500,79.89034053900677,High
23280,2011-11,195.0,150.92783642118957,44.07216357881043,101-500,22.601109527595092,Moderate
23281,2011-11,147.0,74.69042463995862,72.30957536004138,101-500,49.19018731975604,Moderate
23282,2011-11,12.0,85.91699906748839,73.91699906748839,11-50,615.9749922290699,High
23283,2011-10,105.0,213.0253942236254,108.0253942236254,101-500,102.8813278320242,High
23283,2011-11,47.0,94.57798190485352,47.57798190485352,11-50,101.2297487337309,High
23284,2011-10,729.0,1665.1285995861217,936.1285995861216,501-1000,128.41270227518814,High
23284,2011-11,186.0,590.3145983105912,404.3145983105912,101-500,217.37343995193075,High
23298,2011-11,138.0,864.0953748951877,726.0953748951877,101-500,526.1560687646288,High
23299,2011-11,4.0,37.26548603217981,33.26548603217981,0-10,831.6371508044951,High
23300,2011-11,441.0,689.954018770564,248.95401877056395,101-500,56.45215845137505,High
23301,2011-11,700.0,1360.822415240141,660.822415240141,501-1000,94.40320217716301,High
23302,2011-11,435.0,112.5042108941524,322.4957891058476,101-500,74.13696301283854,High
23348,2011-10,206.0,315.3228125835725,109.3228125835725,101-500,53.06932649687985,High
23444,2011-11,10.0,37.33466886207594,27.334668862075937,0-10,273.3466886207593,High
35001G,2011-11,27.0,42.058674270100354,15.058674270100354,11-50,55.77286766703835,High
35004B,2011-07,9.0,60.67806851889584,51.67806851889584,0-10,574.200761321065,High
35004B,2011-08,8.0,45.26563411454795,37.26563411454795,0-10,465.8204264318494,High
35004B,2011-09,99.0,25.325732613098733,73.67426738690126,51-100,74.41845190596086,High
35004B,2011-10,19.0,79.77021338563159,60.77021338563159,11-50,319.8432283454294,High
35004B,2011-11,10.0,38.99823568596543,28.998235685965422,0-10,289.98235685965426,High
35004G,2011-09,7.0,19.32134866516658,12.321348665166578,0-10,176.01926664523683,High
35004G,2011-10,15.0,19.32134866516658,4.321348665166578,11-50,28.80899110111052,Moderate
35004G,2011-11,25.0,16.834707493526775,8.165292506473225,11-50,32.6611700258929,Moderate
35095A,2011-07,38.0,83.10773651948286,45.107736519482856,11-50,118.70456978811276,High
35095A,2011-08,10.0,89.88216192130167,79.88216192130167,0-10,798.8216192130167,High
35095A,2011-09,36.0,73.16230987530064,37.16230987530064,11-50,103.2286385425018,High
35095A,2011-10,204.0,85.79200454884123,118.20799545115877,101-500,57.94509580939155,High
35095A,2011-11,49.0,108.80093015573124,59.80093015573125,11-50,122.04271460353317,High
35095B,2011-07,37.0,77.11456897603917,40.114568976039166,11-50,108.41775398929505,High
35095B,2011-08,78.0,74.3397363824527,3.660263617547301,51-100,4.69264566352218,Low
35095B,2011-09,39.0,103.05404768442328,64.05404768442327,11-50,164.2411479087776,High
35095B,2011-10,91.0,98.83043551306945,7.830435513069432,51-100,8.60487419018619,Low
35095B,2011-11,17.0,67.48532795249449,50.48532795249449,11-50,296.9725173676146,High
35265,2011-08,1.0,35.69166701496239,34.69166701496239,0-10,3469.166701496239,High
35265,2011-09,2.0,23.662915311205,21.662915311205,0-10,1083.14576556025,High
35443,2011-09,1.0,36.86889358311649,35.86889358311649,0-10,3586.8893583116487,High
35443,2011-10,3.0,36.86889358311649,33.86889358311649,0-10,1128.9631194372164,High
35471D,2011-07,131.0,110.88274926476326,20.117250735236738,101-500,15.356679950562397,Low
35471D,2011-08,338.0,169.30574435408855,168.69425564591145,101-500,49.90954309050635,Moderate
35471D,2011-09,181.0,301.5632027358277,120.5632027358277,101-500,66.60950427393796,High
35471D,2011-10,718.0,222.9938857113028,495.0061142886972,501-1000,68.94235575051493,High
35471D,2011-11,102.0,247.38115519547767,145.38115519547767,101-500,142.53054430929183,High
35598B,2011-09,27.0,169.9062134363073,142.9062134363073,11-50,529.2822719863233,High
35598B,2011-10,135.0,90.05899847620334,44.94100152379666,101-500,33.28963075836789,Moderate
35598D,2011-07,48.0,49.66666375998973,1.6666637599897245,11-50,3.47221616664526,Low
35598D,2011-08,337.0,63.975418419579775,273.0245815804202,101-500,81.01619631466474,High
35598D,2011-09,54.0,184.73956364986276,130.73956364986273,51-100,242.11030305530136,High
35598D,2011-10,77.0,86.87276222555971,9.872762225559711,51-100,12.821769124103522,Low
35598D,2011-11,48.0,83.66932985773914,35.66932985773914,11-50,74.31110387028988,High
35599B,2011-09,28.0,31.99551474703782,3.99551474703782,11-50,14.26969552513507,Low
35599B,2011-10,80.0,44.29718310437633,35.70281689562367,51-100,44.62852111952959,Moderate
35599B,2011-11,72.0,54.96312685110663,17.03687314889337,51-100,23.66232381790746,Moderate
35599D,2011-08,21.0,24.27281612257321,3.2728161225732144,11-50,15.584838678920068,Low
35599D,2011-09,12.0,39.29614033481127,27.29614033481127,11-50,227.46783612342725,High
35599D,2011-10,80.0,30.23752577784761,49.76247422215239,51-100,62.20309277769049,High
35599D,2011-11,41.0,60.50404433551643,19.504044335516436,11-50,47.57083984272302,Moderate
35637A,2011-07,88.0,20.491672524342565,67.50832747565744,51-100,76.71400849506527,High
35637A,2011-08,42.0,72.15810101757948,30.158101017579483,11-50,71.8050024228083,High
35637A,2011-09,9.0,60.449074123701024,51.449074123701024,0-10,571.6563791522336,High
35637A,2011-10,7.0,43.93447875819712,36.93447875819712,0-10,527.6354108313875,High
35637C,2011-07,0.0,19.32134866516658,19.32134866516658,0-10,,
35638B,2011-08,0.0,45.074625784998425,45.074625784998425,0-10,,
35646,2011-07,77.0,64.05525761947891,12.944742380521092,51-100,16.811353740936482,Low
35646,2011-08,89.0,88.34358052949858,0.6564194705014188,51-100,0.7375499668555268,Low
35646,2011-09,35.0,103.72623333902024,68.72623333902025,11-50,196.360666682915,High
35646,2011-10,129.0,59.107090508193686,69.89290949180631,101-500,54.1805499936483,High
35646,2011-11,15.0,91.66348617799468,76.66348617799467,11-50,511.0899078532978,High
35648,2011-07,155.0,91.6776779242691,63.322322075730895,101-500,40.85311101660058,Moderate
35648,2011-08,99.0,145.56381421710074,46.56381421710074,51-100,47.03415577484923,Moderate
35648,2011-09,118.0,120.33586715710392,2.3358671571039338,101-500,1.9795484382236728,Low
35648,2011-10,148.0,140.55126702351106,7.448732976488941,101-500,5.032927686816852,Low
35648,2011-11,12.0,96.8754200109001,84.8754200109001,11-50,707.2951667575009,High
35649,2011-07,4.0,24.672983338771957,20.672983338771957,0-10,516.8245834692989,High
35649,2011-08,5.0,23.662915311205,18.662915311205,0-10,373.2583062241,High
35649,2011-09,11.0,23.662915311205,12.662915311205,11-50,115.11741192004546,High
35649,2011-10,14.0,25.800306681014387,11.800306681014389,11-50,84.2879048643885,High
35649,2011-11,5.0,18.372971815631345,13.372971815631344,0-10,267.45943631262685,High
35651,2011-07,12.0,61.1189753179181,49.1189753179181,11-50,409.32479431598415,High
35651,2011-08,91.0,44.06120026299905,46.93879973700095,51-100,51.58109861208895,High
35651,2011-09,12.0,76.89783649884318,64.89783649884318,11-50,540.8153041570265,High
35651,2011-10,33.0,47.84058084675586,14.840580846755865,11-50,44.971457111381405,Moderate
35653,2011-07,4.0,71.07257510125513,67.07257510125513,0-10,1676.814377531378,High
35810A,2011-07,26.0,99.91059783715464,73.91059783715465,11-50,284.2715301429025,High
35810A,2011-08,28.0,71.78988045842148,43.78988045842148,11-50,156.39243020864814,High
35810A,2011-09,34.0,55.4798043857134,21.4798043857134,11-50,63.175895252098236,High
35818B,2011-09,0.0,53.75041448553835,53.75041448553835,0-10,,
35818P,2011-10,125.0,80.6184283036409,44.3815716963591,101-500,35.50525735708728,Moderate
35818P,2011-11,2.0,92.19243351267338,90.19243351267338,0-10,4509.621675633669,High
35819B,2011-09,101.0,78.54920735920436,22.45079264079564,101-500,22.2285075651442,Moderate
35819B,2011-10,90.0,113.6751771101014,23.6751771101014,51-100,26.305752344557114,Moderate
35833P,2011-07,0.0,24.84014187935909,24.84014187935909,0-10,,
35833P,2011-10,19.0,36.86889358311649,17.86889358311649,11-50,94.04680833219204,High
35911A,2011-07,2.0,62.629174774678674,60.629174774678674,0-10,3031.458738733934,High
35911A,2011-08,63.0,46.02475932721784,16.975240672782164,51-100,26.944826464733595,Moderate
35911A,2011-09,10.0,67.79932373106047,57.79932373106047,0-10,577.9932373106047,High
35911A,2011-10,2.0,60.44035318638146,58.44035318638146,0-10,2922.0176593190727,High
35912B,2011-07,0.0,63.215185779967925,63.215185779967925,0-10,,
35916A,2011-07,14.0,76.73410394288948,62.73410394288948,11-50,448.10074244921066,High
35916A,2011-08,0.0,65.24397464376403,65.24397464376403,0-10,,
35916B,2011-07,21.0,76.73410394288948,55.73410394288948,11-50,265.4004949661404,High
35916B,2011-08,1.0,74.92913294674493,73.92913294674493,0-10,7392.913294674493,High
35916B,2011-09,1.0,43.15523680949894,42.15523680949894,0-10,4215.523680949894,High
35916C,2011-07,12.0,47.93349926191359,35.93349926191359,11-50,299.44582718261324,High
35916C,2011-08,0.0,50.11898170691747,50.11898170691747,0-10,,
35923,2011-07,62.0,148.6320036919821,86.6320036919821,51-100,139.72903821287437,High
35923,2011-08,50.0,462.10822356391446,412.10822356391446,11-50,824.216447127829,High
35923,2011-09,386.0,104.00685544011588,281.9931445598841,101-500,73.05521879789744,High
35923,2011-10,130.0,215.6314342747764,85.63143427477641,101-500,65.87033405752032,High
35923,2011-11,24.0,118.44963459606242,94.44963459606242,11-50,393.54014415026006,High
35924,2011-07,74.0,76.90789607715575,2.9078960771557547,51-100,3.9295892934537227,Low
35924,2011-08,2.0,76.22586368982559,74.22586368982559,0-10,3711.293184491279,High
35924,2011-09,84.0,48.59884197452697,35.40115802547303,51-100,42.144235744610754,Moderate
35924,2011-10,13.0,73.27370941481288,60.273709414812885,11-50,463.6439185754837,High
35924,2011-11,1.0,41.64113835135249,40.64113835135249,0-10,4064.113835135249,High
35933,2011-07,12.0,67.85211108535559,55.85211108535559,11-50,465.43425904462987,High
35933,2011-08,122.0,52.05811853597356,69.94188146402644,101-500,57.329411036087244,High
35933,2011-09,31.0,120.54263028015572,89.54263028015572,11-50,288.8471944521152,High
35933,2011-10,9.0,80.6184283036409,71.6184283036409,0-10,795.7603144848988,High
35953,2011-07,33.0,40.20784410359308,7.207844103593075,11-50,21.841951829069924,Moderate
35953,2011-08,300.0,59.85434218109221,240.1456578189078,101-500,80.04855260630261,High
35953,2011-09,857.0,232.95114797576883,624.0488520242311,501-1000,72.81783570877842,High
35953,2011-10,1935.0,504.90992522276895,1430.0900747772312,1001-5000,73.9064638127768,High
35953,2011-11,390.0,719.4038845426674,329.40388454266736,101-500,84.46253449811984,High
35954,2011-08,555.0,69.00608018421298,485.993919815787,501-1000,87.56647203888055,High
35954,2011-09,232.0,400.2108254018252,168.21082540182522,101-500,72.50466612147639,High
35954,2011-10,250.0,175.13777936193853,74.86222063806147,101-500,29.94488825522459,Moderate
35961,2011-07,373.0,151.3945118223011,221.6054881776989,101-500,59.4116590288737,High
35961,2011-08,200.0,232.09595584014303,32.09595584014306,101-500,16.04797792007153,Low
35961,2011-09,172.0,222.0854869736342,50.08548697363421,101-500,29.119469170717565,Moderate
35961,2011-10,250.0,221.46050486232863,28.539495137671334,101-500,11.415798055068533,Low
35961,2011-11,74.0,155.01075399373306,81.01075399373306,51-100,109.47399188342305,High
35964,2011-08,96.0,23.662915311205,72.337084688795,51-100,75.35112988416147,High
35964,2011-09,305.0,110.15750315277012,194.84249684722988,101-500,63.882785851550786,High
35964,2011-10,269.0,279.3266502916069,10.326650291606882,101-500,3.8389034541289524,Low
35964,2011-11,83.0,143.05813895586206,60.05813895586206,51-100,72.3592035612796,High
35965,2011-07,5.0,93.47625057848846,88.47625057848846,0-10,1769.5250115697693,High
35965,2011-08,18.0,63.18230476957736,45.18230476957736,11-50,251.01280427542977,High
35965,2011-09,0.0,44.14323484610648,44.14323484610648,0-10,,
35967,2011-07,58.0,56.52524707912482,1.4747529208751828,51-100,2.542677449784798,Low
35967,2011-08,66.0,69.77140684740681,3.771406847406809,51-100,5.714252799101225,Low
35967,2011-09,121.0,95.2483200868916,25.751679913108404,101-500,21.28238009347802,Moderate
35967,2011-10,117.0,146.53691722408576,29.536917224085755,101-500,25.24522839665449,Moderate
35967,2011-11,46.0,87.87419806520917,41.87419806520917,11-50,91.03086535915037,High
35968,2011-07,12.0,67.85211108535559,55.85211108535559,11-50,465.43425904462987,High
35968,2011-08,21.0,52.05811853597356,31.05811853597356,11-50,147.89580255225505,High
35968,2011-09,38.0,63.9617351837617,25.961735183761697,11-50,68.3203557467413,High
35968,2011-10,13.0,67.57999733941274,54.57999733941274,11-50,419.84613338009797,High
35970,2011-07,139.0,138.78580757717867,0.214192422821327,101-500,0.15409526821678202,Low
35970,2011-08,989.0,150.1395006763851,838.8604993236149,501-1000,84.8190595878276,High
35970,2011-09,1375.0,763.4045159069698,611.5954840930302,1001-5000,44.479671570402196,Moderate
35970,2011-10,1812.0,1240.61617073348,571.38382926652,1001-5000,31.53332391095585,Moderate
35970,2011-11,391.0,1297.0035544702523,906.0035544702524,101-500,231.7144640588881,High
35971,2011-07,7.0,43.40411356563551,36.40411356563551,0-10,520.0587652233645,High
35971,2011-08,9.0,33.87169754583188,24.87169754583188,0-10,276.3521949536875,High
35971,2011-09,37.0,24.672983338771957,12.327016661228049,11-50,33.3162612465623,Moderate
35971,2011-10,116.0,48.601084793131456,67.39891520686854,101-500,58.102513109369426,High
35971,2011-11,6.0,74.27506826314878,68.27506826314878,0-10,1137.917804385813,High
35972,2011-07,0.0,39.64372617670296,39.64372617670296,0-10,,
35972,2011-10,4.0,49.33662815779473,45.33662815779473,0-10,1133.4157039448683,High
37327,2011-07,240.0,267.7913461964928,27.791346196492785,101-500,11.579727581871994,Low
37327,2011-08,150.0,181.16602335436855,31.166023354368576,101-500,20.777348902912387,Moderate
37327,2011-09,6.0,185.5301845567661,179.5301845567661,0-10,2992.1697426127685,High
37327,2011-10,16.0,112.67728489383244,96.67728489383244,11-50,604.2330305864527,High
37340,2011-07,378.0,358.8710382019014,19.1289617980986,101-500,5.0605719042588895,Low
37340,2011-08,178.0,239.93531801412104,61.93531801412104,101-500,34.79512247984328,Moderate
37340,2011-09,210.0,302.0326441533554,92.03264415335542,101-500,43.82506864445496,Moderate
37340,2011-10,294.0,243.6337167171285,50.366283282871535,101-500,17.13138887172501,Low
37340,2011-11,40.0,160.5503743659655,120.5503743659655,11-50,301.3759359149137,High
37342,2011-07,55.0,251.5991287992487,196.5991287992487,51-100,357.45296145317946,High
37342,2011-08,1.0,125.71450178185424,124.71450178185424,0-10,12471.450178185423,High
37370,2011-09,3.0,52.41404658847251,49.41404658847251,0-10,1647.1348862824168,High
37370,2011-10,7.0,30.904207808623585,23.904207808623585,0-10,341.48868298033693,High
37413,2011-08,52.0,93.77120536795428,41.771205367954266,51-100,80.32924109221973,High
37413,2011-09,35.0,88.63210850113572,53.63210850113572,11-50,153.23459571753062,High
37413,2011-10,97.0,100.67438700061034,3.674387000610338,51-100,3.7880278356807606,Low
37413,2011-11,28.0,61.34812944095082,33.34812944095082,11-50,119.10046228911007,High
37446,2011-07,68.0,92.73891435698036,24.738914356980345,51-100,36.380756407324036,Moderate
37446,2011-08,69.0,83.56009825375222,14.560098253752216,51-100,21.10159167210466,Moderate
37446,2011-09,62.0,111.89620268594427,49.89620268594429,51-100,80.47774626765208,High
37446,2011-10,62.0,104.16328978845652,42.16328978845651,51-100,68.00530611041373,High
37446,2011-11,32.0,55.0451869743921,23.045186974392102,11-50,72.01620929497533,High
37447,2011-07,85.0,64.13041803274503,20.869581967254973,51-100,24.552449373241146,Moderate
37447,2011-08,20.0,83.83568872759243,63.83568872759243,11-50,319.1784436379622,High
37447,2011-09,67.0,56.43736878274951,10.562631217250493,51-100,15.765121219776853,Low
37447,2011-10,56.0,66.17650855897823,10.176508558978227,51-100,18.17233671246112,Low
37447,2011-11,25.0,57.16110446119723,32.16110446119723,11-50,128.64441784478893,High
37448,2011-07,76.0,91.09042604990404,15.09042604990404,51-100,19.85582374987374,Low
37448,2011-08,37.0,106.18874882149645,69.18874882149645,11-50,186.9966184364769,High
37448,2011-09,79.0,69.41217873681259,9.587821263187408,51-100,12.13648261162963,Low
37448,2011-10,141.0,98.99222889610652,42.00777110389348,101-500,29.792745463754244,Moderate
37448,2011-11,37.0,86.49849182447791,49.49849182447791,11-50,133.7797076337241,High
37449,2011-07,69.0,33.04843123756337,35.95156876243663,51-100,52.103722844111054,High
37449,2011-08,8.0,63.52893104609546,55.52893104609546,0-10,694.1116380761932,High
37449,2011-09,72.0,44.29933588971623,27.700664110283768,51-100,38.47314459761634,Moderate
37449,2011-10,41.0,80.42662075094404,39.42662075094404,11-50,96.16248963644888,High
37449,2011-11,3.0,46.69163273828883,43.69163273828883,0-10,1456.387757942961,High
37450,2011-07,54.0,57.67609039768941,3.676090397689414,51-100,6.807574810535952,Low
37450,2011-08,37.0,55.63466269096202,18.634662690962017,11-50,50.36395321881626,High
37450,2011-09,49.0,58.62760608070975,9.627606080709748,11-50,19.64817567491785,Low
37450,2011-10,54.0,81.28038704404783,27.280387044047828,51-100,50.51923526675524,High
37450,2011-11,4.0,53.607984186022094,49.607984186022094,0-10,1240.1996046505524,High
37462E,2011-07,0.0,53.7800346390345,53.7800346390345,0-10,,
37462E,2011-11,1.0,31.32628418532182,30.32628418532182,0-10,3032.628418532182,High
37467,2011-07,36.0,62.629174774678674,26.629174774678678,11-50,73.969929929663,High
37467,2011-08,0.0,61.28042502589245,61.28042502589245,0-10,,
37468,2011-07,0.0,49.783661322427456,49.783661322427456,0-10,,
37475,2011-07,5.0,26.130170804402876,21.130170804402876,0-10,422.6034160880575,High
37475,2011-08,1.0,22.46986942572293,21.46986942572293,0-10,2146.986942572293,High
37475,2011-09,1.0,18.880484830624948,17.880484830624948,0-10,1788.0484830624948,High
37475,2011-10,16.0,18.880484830624948,2.8804848306249475,11-50,18.003030191405923,Low
37475,2011-11,1.0,16.229949257960634,15.229949257960634,0-10,1522.9949257960634,High
37476,2011-07,0.0,18.880484830624948,18.880484830624948,0-10,,
37479P,2011-07,6.0,58.39992132961428,52.39992132961428,0-10,873.332022160238,High
37479P,2011-08,30.0,66.13019498229461,36.13019498229461,11-50,120.43398327431538,High
37479P,2011-09,20.0,61.7334619622918,41.7334619622918,11-50,208.667309811459,High
37479P,2011-10,22.0,66.70694762385203,44.70694762385203,11-50,203.2133982902365,High
37489A,2011-07,2.0,47.36938133502347,45.36938133502347,0-10,2268.4690667511736,High
37489A,2011-08,9.0,44.594548741437,35.594548741437,0-10,395.49498601596673,High
37489A,2011-09,4.0,44.594548741437,40.594548741437,0-10,1014.863718535925,High
37489A,2011-10,4.0,49.54601619884365,45.54601619884365,0-10,1138.6504049710913,High
37489B,2011-07,0.0,47.36938133502347,47.36938133502347,0-10,,
37489D,2011-07,2.0,47.36938133502347,45.36938133502347,0-10,2268.4690667511736,High
37489D,2011-08,11.0,44.594548741437,33.594548741437,11-50,305.4049885585182,High
37489D,2011-09,5.0,45.15866666832712,40.15866666832712,0-10,803.1733333665425,High
37489D,2011-10,7.0,51.00520204544804,44.00520204544804,0-10,628.6457435064005,High
37489D,2011-11,2.0,30.76216625843171,28.76216625843171,0-10,1438.1083129215854,High
37495,2011-07,20.0,68.84640023900629,48.846400239006286,11-50,244.23200119503142,High
37495,2011-08,23.0,53.44798046594701,30.44798046594701,11-50,132.382523764987,High
37495,2011-09,77.0,48.196500980760455,28.803499019239545,51-100,37.407141583427986,Moderate
37495,2011-10,44.0,90.5639635878498,46.5639635878498,11-50,105.82718997238591,High
37495,2011-11,4.0,53.860958295765,49.860958295765,0-10,1246.523957394125,High
37500,2011-07,26.0,26.344054625161487,0.3440546251614869,11-50,1.3232870198518727,Low
37500,2011-08,44.0,40.48315529738041,3.516844702619593,11-50,7.992828869589983,Low
37500,2011-09,49.0,70.85837113169114,21.858371131691143,11-50,44.6089206769207,Moderate
37500,2011-10,81.0,77.94717918406879,3.052820815931213,51-100,3.768914587569399,Low
37500,2011-11,15.0,61.39006176884028,46.39006176884028,11-50,309.2670784589352,High
37501,2011-07,1.0,22.788545143096076,21.788545143096076,0-10,2178.8545143096076,High
40001,2011-07,74.0,108.12423096403208,34.124230964032066,51-100,46.11382562707036,Moderate
40001,2011-08,125.0,87.63311238038742,37.36688761961258,101-500,29.89351009569006,Moderate
40001,2011-09,147.0,124.10885697339172,22.89114302660829,101-500,15.572206140549858,Low
40001,2011-10,15.0,121.35895817585347,106.35895817585347,11-50,709.0597211723565,High
40016,2011-07,123.0,356.3948561251162,233.39485612511615,101-500,189.7519155488749,High
40016,2011-08,938.0,193.6037749459848,744.3962250540152,501-1000,79.35993870511889,High
40046A,2011-09,12.0,36.86889358311649,24.86889358311649,11-50,207.24077985930407,High
44234,2011-07,48.0,81.46650653562591,33.46650653562591,11-50,69.72188861588732,High
44234,2011-08,19.0,88.3589681200781,69.3589681200781,11-50,365.04720063199005,High
44234,2011-09,0.0,72.07298594106612,72.07298594106612,0-10,,
44235,2011-11,3.0,31.81508274895722,28.81508274895722,0-10,960.5027582985739,High
46000M,2011-07,10.0,73.19277762976708,63.19277762976708,0-10,631.9277762976708,High
46000M,2011-08,136.0,41.37628823731895,94.62371176268104,101-500,69.57625864903018,High
46000M,2011-09,189.0,136.55962081261842,52.44037918738158,101-500,27.74623237427597,Moderate
46000M,2011-10,139.0,192.742734961522,53.74273496152202,101-500,38.6638381018144,Moderate
46000M,2011-11,26.0,95.78062657691363,69.78062657691363,11-50,268.3870252958217,High
46000R,2011-07,10.0,39.963043786979625,29.963043786979625,0-10,299.63043786979625,High
46000R,2011-08,10.0,36.1781431658262,26.1781431658262,0-10,261.78143165826197,High
46000R,2011-09,17.0,42.588796469837234,25.588796469837234,11-50,150.52233217551313,High
46000R,2011-10,18.0,48.64427215063682,30.644272150636823,11-50,170.2459563924268,High
46000R,2011-11,2.0,34.81188966763152,32.81188966763152,0-10,1640.5944833815759,High
46000S,2011-07,73.0,108.38360516576404,35.38360516576405,51-100,48.47069200789596,Moderate
46000S,2011-08,287.0,108.44959228278827,178.55040771721173,101-500,62.212685615753216,High
46000S,2011-09,185.0,246.63394500265343,61.63394500265344,101-500,33.31564594738024,Moderate
46000S,2011-10,220.0,209.6310061698183,10.368993830181694,101-500,4.7131790137189515,Low
46000S,2011-11,35.0,111.81749496872568,76.81749496872568,11-50,219.47855705350196,High
46000U,2011-09,28.0,38.27511575243527,10.27511575243527,11-50,36.6968419729831,Moderate
46000U,2011-10,0.0,60.25251101631748,60.25251101631748,0-10,,
46118,2011-08,46.0,35.891028356414644,10.108971643585356,11-50,21.976025312142077,Moderate
46118,2011-09,38.0,66.26458988171883,28.264589881718837,11-50,74.38049968873378,High
46118,2011-10,35.0,66.09910323905221,31.09910323905221,11-50,88.85458068300632,High
46118,2011-11,8.0,48.581372306072886,40.581372306072886,0-10,507.26715382591107,High
46138B,2011-07,0.0,51.71168632628831,51.71168632628831,0-10,,
46775D,2011-07,6.0,18.880484830624948,12.880484830624948,0-10,214.67474717708245,High
46775D,2011-08,12.0,19.32134866516658,7.321348665166578,11-50,61.01123887638815,High
46775D,2011-09,4.0,22.06494596726185,18.06494596726185,0-10,451.6236491815462,High
46775D,2011-10,4.0,25.29113813463597,21.29113813463597,0-10,532.2784533658992,High
46775D,2011-11,2.0,13.371347529813546,11.371347529813546,0-10,568.5673764906772,High
46776A,2011-07,9.0,27.73127016441572,18.73127016441572,0-10,208.12522404906355,High
46776A,2011-08,39.0,24.79393998447,14.206060015530005,11-50,36.4257949116154,Moderate
46776A,2011-09,13.0,66.42445937815945,53.424459378159455,11-50,410.9573798319958,High
46776A,2011-10,37.0,44.45936909822432,7.459369098224322,11-50,20.160457022227895,Moderate
46776A,2011-11,20.0,34.649425171235954,14.649425171235954,11-50,73.24712585617978,High
46776B,2011-07,6.0,20.32739698018124,14.327396980181238,0-10,238.7899496696873,High
46776B,2011-08,43.0,23.220666541550717,19.779333458449287,11-50,45.998449903370435,Moderate
46776B,2011-09,15.0,69.67024342141514,54.67024342141514,11-50,364.46828947610095,High
46776B,2011-10,34.0,63.58239541533759,29.582395415337587,11-50,87.0070453392282,High
46776B,2011-11,16.0,34.649425171235954,18.649425171235954,11-50,116.55890732022472,High
46776C,2011-07,0.0,18.880484830624948,18.880484830624948,0-10,,
46776C,2011-10,27.0,31.477798855501558,4.477798855501554,11-50,16.58444020556131,Low
46776C,2011-11,15.0,36.75922468413843,21.75922468413843,11-50,145.0614978942562,High
46776D,2011-07,1.0,20.32739698018124,19.32739698018124,0-10,1932.739698018124,High
46776D,2011-08,15.0,22.77980270700908,7.779802707009082,11-50,51.865351380060545,High
46776D,2011-09,9.0,26.80636808607464,17.80636808607464,0-10,197.84853428971826,High
46776D,2011-10,18.0,29.63131984556173,11.631319845561734,11-50,64.61844358645408,High
46776D,2011-11,17.0,21.85085772940845,4.85085772940845,11-50,28.534457231814407,Moderate
46776E,2011-07,4.0,22.77980270700908,18.77980270700908,0-10,469.49506767522695,High
46776E,2011-08,14.0,22.77980270700908,8.779802707009082,11-50,62.7128764786363,High
46776E,2011-09,11.0,27.663771048505637,16.663771048505634,11-50,151.48882771368758,High
46776E,2011-10,14.0,30.029488680787008,16.029488680787008,11-50,114.49634771990719,High
46776E,2011-11,5.0,23.913889300041195,18.913889300041195,0-10,378.27778600082394,High
46776F,2011-07,7.0,27.17891411873389,20.17891411873389,0-10,288.27020169619846,High
46776F,2011-08,50.0,25.63494652895469,24.365053471045314,11-50,48.73010694209063,Moderate
46776F,2011-09,34.0,69.67024342141514,35.67024342141514,11-50,104.91248065122099,High
46776F,2011-10,38.0,76.89322943539203,38.89322943539203,11-50,102.35060377734743,High
46776F,2011-11,22.0,42.59820605200875,20.59820605200875,11-50,93.62820932731249,High
47310M,2011-07,65.0,43.50696952939764,21.493030470602363,51-100,33.066200724003636,Moderate
47310M,2011-08,27.0,61.17893940560428,34.17893940560428,11-50,126.58866446520105,High
47310M,2011-09,52.0,86.62678212251653,34.62678212251653,51-100,66.5899656202241,High
47310M,2011-10,61.0,75.19993777772957,14.199937777729572,51-100,23.27858652086815,Moderate
47310M,2011-11,35.0,56.952034185531176,21.952034185531176,11-50,62.72009767294622,High
47341B,2011-07,0.0,39.64372617670296,39.64372617670296,0-10,,
47341B,2011-10,6.0,36.86889358311649,30.86889358311649,0-10,514.4815597186082,High
47343A,2011-07,48.0,63.215185779967925,15.215185779967925,11-50,31.69830370826651,Moderate
47348A,2011-07,12.0,74.84781853465259,62.84781853465259,11-50,523.7318211221049,High
47348A,2011-08,9.0,46.21158315885264,37.21158315885264,0-10,413.4620350983627,High
47351B,2011-08,0.0,49.41619243103684,49.41619243103684,0-10,,
47367B,2011-07,10.0,24.838019918899004,14.838019918899004,0-10,148.38019918899005,High
47367B,2011-08,0.0,24.672983338771957,24.672983338771957,0-10,,
47369A,2011-07,0.0,25.800306681014387,25.800306681014387,0-10,,
47369A,2011-11,1.0,15.215893151548745,14.215893151548745,0-10,1421.5893151548744,High
47369B,2011-07,0.0,50.81536332890858,50.81536332890858,0-10,,
47369B,2011-10,5.0,18.880484830624948,13.880484830624948,0-10,277.60969661249896,High
47369B,2011-11,1.0,13.371347529813546,12.371347529813546,0-10,1237.1347529813545,High
47420,2011-07,24.0,71.53044144884656,47.53044144884656,11-50,198.04350603686066,High
47420,2011-08,41.0,80.6184283036409,39.6184283036409,11-50,96.63031293570951,High
47420,2011-09,0.0,72.75302121907757,72.75302121907757,0-10,,
47421,2011-07,14.0,76.21228559470957,62.21228559470957,11-50,444.37346853363977,High
47421,2011-08,89.0,54.2646898384592,34.7353101615408,51-100,39.02843838375371,Moderate
47421,2011-09,137.0,94.66627328766856,42.333726712331455,101-500,30.900530446957262,Moderate
47421,2011-10,190.0,148.0634777215456,41.93652227845439,101-500,22.07185383076547,Moderate
47421,2011-11,26.0,107.41680105509182,81.41680105509182,11-50,313.14154251958394,High
47422,2011-07,56.0,74.84781853465259,18.84781853465259,51-100,33.656818811879624,Moderate
47422,2011-08,127.0,70.65762718593737,56.34237281406263,101-500,44.364073081939075,Moderate
47422,2011-09,43.0,128.41576949766616,85.41576949766616,11-50,198.64132441317713,High
47422,2011-10,48.0,86.63050716904222,38.63050716904222,11-50,80.48022326883796,High
47422,2011-11,1.0,69.07758698383662,68.07758698383662,0-10,6807.758698383663,High
47469,2011-11,2.0,83.13858952226626,81.13858952226626,0-10,4056.929476113313,High
47471,2011-08,6.0,45.60461676900396,39.60461676900396,0-10,660.0769461500661,High
47471,2011-09,5.0,40.458278178214485,35.458278178214485,0-10,709.1655635642896,High
47471,2011-10,33.0,36.86889358311649,3.868893583116488,11-50,11.723919948837842,Low
47471,2011-11,6.0,41.74869776388526,35.74869776388526,0-10,595.8116293980877,High
47480,2011-07,6.0,63.89061390081768,57.89061390081768,0-10,964.843565013628,High
47480,2011-08,36.0,35.23616460588887,0.7638353941111333,11-50,2.121764983642037,Low
47480,2011-09,15.0,64.45481235815807,49.45481235815807,11-50,329.6987490543871,High
47480,2011-10,37.0,63.58239541533759,26.582395415337587,11-50,71.84431193334483,High
47480,2011-11,113.0,35.091673940890246,77.90832605910975,101-500,68.94542129124757,High
47481,2011-09,4.0,43.27954688712752,39.27954688712752,0-10,981.988672178188,High
47481,2011-10,8.0,36.86889358311649,28.86889358311649,0-10,360.8611697889561,High
47503A,2011-07,513.0,217.1527038104372,295.8472961895628,501-1000,57.670038243579505,High
47503A,2011-08,446.0,386.1223205145596,59.87767948544041,101-500,13.425488673865562,Low
47503A,2011-09,441.0,362.21895342213617,78.78104657786383,101-500,17.86418289747479,Low
47503A,2011-10,391.0,339.5117141591525,51.48828584084748,101-500,13.168359550088871,Low
47503H,2011-07,3.0,23.662915311205,20.662915311205,0-10,688.7638437068333,High
47503H,2011-08,9.0,23.662915311205,14.662915311205,0-10,162.9212812356111,High
47503H,2011-09,43.0,27.10260903507105,15.897390964928944,11-50,36.97067666262545,Moderate
47503H,2011-10,23.0,67.63198911771649,44.631989117716486,11-50,194.05212659876733,High
47503H,2011-11,1.0,56.18912780014267,55.18912780014267,0-10,5518.912780014267,High
47504H,2011-07,347.0,26.72825990333516,320.27174009666487,101-500,92.29733143996106,High
47504H,2011-08,81.0,235.4667920020948,154.46679200209482,51-100,190.69974321246275,High
47504H,2011-09,69.0,122.66669354066951,53.66669354066953,51-100,77.777816725608,High
47504H,2011-10,126.0,120.3339016358164,5.666098364183597,101-500,4.496903463637776,Low
47504H,2011-11,101.0,86.45576551709742,14.54423448290258,101-500,14.400232161289683,Low
47504K,2011-07,475.0,154.71377924115436,320.2862207588456,101-500,67.42867805449382,High
47504K,2011-08,524.0,337.540650293011,186.45934970698897,501-1000,35.58384536392919,Moderate
47504K,2011-09,120.0,461.0517814285317,341.0517814285317,101-500,284.2098178571097,High
47504K,2011-10,24.0,201.1685788800528,177.1685788800528,11-50,738.20241200022,High
47518F,2011-07,72.0,156.56019046817906,84.56019046817906,51-100,117.44470898358203,High
47518F,2011-08,133.0,124.17883405721604,8.821165942783963,101-500,6.632455596078168,Low
47518F,2011-09,36.0,135.4886721527328,99.4886721527328,11-50,276.35742264648,High
47518F,2011-10,77.0,176.81401617477232,99.81401617477232,51-100,129.62859243476925,High
47559B,2011-07,88.0,129.0882453344326,41.0882453344326,51-100,46.69118788003704,Moderate
47559B,2011-08,70.0,123.66502268045063,53.66502268045065,51-100,76.6643181149295,High
47559B,2011-09,186.0,116.5708308161676,69.42916918383241,101-500,37.327510313888396,Moderate
47559B,2011-10,331.0,199.42413965576384,131.57586034423616,101-500,39.75101520973902,Moderate
47559B,2011-11,77.0,191.70326010463845,114.70326010463845,51-100,148.9652728631668,High
47563A,2011-07,44.0,70.18689066673883,26.186890666738837,11-50,59.51566060622463,High
47563A,2011-08,21.0,63.78228198368006,42.78228198368006,11-50,203.72515230323836,High
47563A,2011-09,47.0,72.96917561828555,25.969175618285547,11-50,55.2535651452884,High
47563A,2011-10,29.0,73.77385493292932,44.773854932929325,11-50,154.39260321699768,High
47563A,2011-11,24.0,44.22312730875428,20.22312730875428,11-50,84.26303045314283,High
47566,2011-07,1695.0,1953.239377415872,258.2393774158718,1001-5000,15.235361499461462,Low
47566,2011-08,1133.0,2602.428352881643,1469.4283528816431,1001-5000,129.6935880742845,High
47566,2011-09,620.0,1748.9410571945402,1128.9410571945402,501-1000,182.08726728944197,High
47566,2011-10,916.0,1030.9473967846448,114.94739678464477,501-1000,12.548842443738511,Low
47566,2011-11,136.0,765.9088313672937,629.9088313672937,101-500,463.1682583583042,High
47566B,2011-07,103.0,276.3111063449325,173.3111063449325,101-500,168.2632100436238,High
47566B,2011-08,44.0,208.52760448030452,164.52760448030455,11-50,373.92637381887397,High
47566B,2011-09,37.0,111.87246141369,74.87246141369,11-50,202.3580038207838,High
47566B,2011-10,19.0,91.39668109147944,72.39668109147944,11-50,381.03516363936546,High
47566B,2011-11,1.0,47.01613177302404,46.01613177302404,0-10,4601.613177302404,High
47566b,2011-07,0.0,52.4123054612483,52.4123054612483,0-10,,
47566b,2011-10,2.0,25.7320019691776,23.7320019691776,0-10,1186.60009845888,High
47567B,2011-07,75.0,47.367960460797015,27.632039539202985,51-100,36.84271938560398,Moderate
47567B,2011-08,79.0,68.39902235678335,10.600977643216652,51-100,13.418959042046394,Low
47567B,2011-09,55.0,96.80445786538908,41.80445786538907,51-100,76.0081052097983,High
47567B,2011-10,52.0,61.33829125589024,9.33829125589024,51-100,17.95825241517354,Low
47567B,2011-11,14.0,47.88674240378526,33.88674240378526,11-50,242.04816002703757,High
47574A,2011-07,19.0,112.77990317352052,93.77990317352052,11-50,493.57843775537117,High
47574A,2011-08,64.0,87.78334383844607,23.783343838446072,51-100,37.16147474757199,Moderate
47574A,2011-09,20.0,97.71894571764324,77.71894571764325,11-50,388.59472858821624,High
47578A,2011-07,12.0,45.27532174778516,33.27532174778516,11-50,277.2943478982097,High
47578A,2011-08,44.0,41.07529102450324,2.9247089754967632,11-50,6.647065853401735,Low
47578A,2011-09,20.0,65.57383946442853,45.57383946442853,11-50,227.86919732214264,High
47578A,2011-10,56.0,65.45991056707504,9.459910567075042,51-100,16.89269744120543,Low
47578A,2011-11,21.0,51.10539996157344,30.10539996157344,11-50,143.359047436064,High
47580,2011-07,3.0,37.592653190732506,34.592653190732506,0-10,1153.0884396910835,High
47580,2011-08,32.0,31.126485105741544,0.8735148942584559,11-50,2.7297340445576745,Low
47580,2011-09,14.0,43.96731898098783,29.967318980987827,11-50,214.05227843562736,High
47580,2011-10,11.0,35.32000772054642,24.32000772054642,11-50,221.09097927769471,High
47580,2011-11,4.0,23.56257555028119,19.56257555028119,0-10,489.0643887570297,High
47585A,2011-07,15.0,56.31162333763243,41.31162333763243,11-50,275.41082225088286,High
47585A,2011-08,7.0,35.2759277861174,28.2759277861174,0-10,403.9418255159629,High
47585A,2011-09,10.0,26.78491845970312,16.784918459703118,0-10,167.84918459703118,High
47585A,2011-10,9.0,21.38433318325905,12.384333183259052,0-10,137.60370203621167,High
47585A,2011-11,4.0,20.222864668366185,16.222864668366185,0-10,405.5716167091546,High
47586A,2011-08,2.0,23.662915311205,21.662915311205,0-10,1083.14576556025,High
47586A,2011-09,0.0,23.662915311205,23.662915311205,0-10,,
47590A,2011-07,186.0,191.84013197301988,5.840131973019879,101-500,3.139855899473053,Low
47590A,2011-08,197.0,219.87153543268207,22.871535432682062,101-500,11.609916463290388,Low
47590A,2011-09,149.0,224.15542483846784,75.15542483846784,101-500,50.43988244192472,High
47590A,2011-10,125.0,208.66852808164285,83.66852808164285,101-500,66.93482246531428,High
47590A,2011-11,6.0,104.71715456464108,98.71715456464108,0-10,1645.2859094106846,High
47590B,2011-07,229.0,210.9106573110816,18.089342688918435,101-500,7.899276283370496,Low
47590B,2011-08,232.0,236.70095433460537,4.70095433460537,101-500,2.0262734200885215,Low
47590B,2011-09,146.0,282.58316023805054,136.58316023805054,101-500,93.55010975208941,High
47590B,2011-10,125.0,214.4073803242432,89.40738032424318,101-500,71.52590425939455,High
47590B,2011-11,16.0,139.2880437943389,123.2880437943389,11-50,770.5502737146181,High
47591D,2011-07,226.0,178.24029618386172,47.75970381613829,101-500,21.13261230802579,Moderate
47591D,2011-08,232.0,213.5864755432073,18.413524456792658,101-500,7.936863989996835,Low
47591D,2011-09,299.0,250.61072579192063,48.38927420807934,101-500,16.18370374852152,Low
47591D,2011-10,700.0,328.47379691916217,371.5262030808378,501-1000,53.07517186869111,High
47591D,2011-11,94.0,299.60509604322766,205.6050960432277,51-100,218.7288255779018,High
47591d,2011-07,6.0,29.15784757461465,23.15784757461465,0-10,385.9641262435775,High
47591d,2011-08,0.0,25.7320019691776,25.7320019691776,0-10,,
47593B,2011-07,282.0,218.40208207443132,63.59791792556865,101-500,22.552453165095265,Moderate
47593B,2011-08,28.0,248.339514828044,220.339514828044,11-50,786.9268386715858,High
47593B,2011-09,103.0,148.15436144210503,45.15436144210503,101-500,43.83918586612139,Moderate
47593B,2011-10,225.0,167.59083956066928,57.40916043933072,101-500,25.515182417480318,Moderate
47593B,2011-11,213.0,121.28609418603638,91.71390581396362,101-500,43.05817174364489,Moderate
47594A,2011-09,8.0,23.662915311205,15.662915311205,0-10,195.7864413900625,High
47594A,2011-10,6.0,27.25229990630298,21.25229990630298,0-10,354.204998438383,High
47594B,2011-07,1.0,23.662915311205,22.662915311205,0-10,2266.2915311205,High
47594B,2011-08,7.0,23.662915311205,16.662915311205,0-10,238.0416473029286,High
47594B,2011-09,6.0,23.662915311205,17.662915311205,0-10,294.38192185341666,High
47594B,2011-10,1.0,24.672983338771957,23.672983338771957,0-10,2367.2983338771955,High
47599A,2011-07,179.0,230.6674209919517,51.6674209919517,101-500,28.864481001090336,Moderate
47599A,2011-08,209.0,224.3553479836328,15.35534798363281,101-500,7.347056451498952,Low
47599A,2011-09,62.0,199.3672698825577,137.36726988255774,51-100,221.5601127138028,High
47599A,2011-10,26.0,117.75458709672748,91.75458709672748,11-50,352.9022580643364,High
47599A,2011-11,12.0,67.6879037670873,55.687903767087306,11-50,464.0658647257276,High
47599B,2011-07,143.0,136.66408826535047,6.335911734649528,101-500,4.430707506747922,Low
47599B,2011-08,31.0,117.17144705071742,86.17144705071742,11-50,277.97240984102393,High
47599B,2011-09,82.0,85.08859465076988,3.0885946507698776,51-100,3.7665788424022897,Low
47599B,2011-10,186.0,82.27419715986856,103.72580284013144,101-500,55.766560666737334,High
47599B,2011-11,12.0,88.8723503475687,76.8723503475687,11-50,640.6029195630725,High
48111,2011-07,52.0,68.1223144739856,16.122314473985597,51-100,31.004450911510762,Moderate
48111,2011-08,534.0,79.57210044081431,454.4278995591857,501-1000,85.09885759535312,High
48111,2011-09,43.0,335.8816254616001,292.8816254616001,11-50,681.1200592130235,High
48111,2011-10,66.0,100.93004107156102,34.93004107156102,51-100,52.92430465388034,High
48111,2011-11,15.0,263.1292492460099,248.12924924600992,11-50,1654.1949949733994,High
48116,2011-07,38.0,105.22790584375105,67.22790584375103,11-50,176.91554169408167,High
48116,2011-08,439.0,83.56480242187048,355.43519757812953,101-500,80.96473748932335,High
48116,2011-09,38.0,167.91107536460964,129.91107536460964,11-50,341.8712509594991,High
48116,2011-10,22.0,82.95796048665822,60.95796048665822,11-50,277.0816385757192,High
48116,2011-11,18.0,49.12421618838228,31.12421618838228,11-50,172.91231215767934,High
48129,2011-07,40.0,62.015251902560685,22.015251902560685,11-50,55.03812975640171,High
48129,2011-08,363.0,64.84629226628985,298.1537077337101,101-500,82.13600764014053,High
48129,2011-09,30.0,217.83642412733744,187.83642412733744,11-50,626.1214137577914,High
48129,2011-10,44.0,96.23289251713778,52.232892517137785,11-50,118.71111935713132,High
48129,2011-11,22.0,37.8336662029555,15.8336662029555,11-50,71.97121001343409,High
48138,2011-07,123.0,250.99217056523523,127.99217056523524,101-500,104.05867525628882,High
48138,2011-08,786.0,230.1082482874372,555.8917517125628,501-1000,70.72414143925737,High
48138,2011-09,167.0,622.512268926314,455.5122689263141,101-500,272.76183768042756,High
48138,2011-10,203.0,326.7287560670037,123.7287560670037,101-500,60.95012614138113,High
48138,2011-11,75.0,168.21272895992232,93.21272895992232,51-100,124.28363861322975,High
48173C,2011-07,29.0,301.3990888861423,272.3990888861423,11-50,939.3072030556631,High
48173C,2011-08,131.0,197.9067863239614,66.9067863239614,101-500,51.073882690046865,High
48173C,2011-09,80.0,136.4090952494234,56.40909524942339,51-100,70.51136906177923,High
48173C,2011-10,111.0,134.090969527799,23.09096952779899,101-500,20.80267525026936,Moderate
48173C,2011-11,7.0,105.44358499048909,98.44358499048909,0-10,1406.3369284355583,High
48184,2011-07,138.0,159.13543197869507,21.135431978695067,101-500,15.31553041934425,Low
48184,2011-08,559.0,162.11436646222657,396.8856335377734,501-1000,70.9992188797448,High
48184,2011-09,93.0,419.2868647670106,326.2868647670106,51-100,350.84609114732325,High
48184,2011-10,149.0,155.55979741813897,6.55979741813897,101-500,4.402548602777832,Low
48184,2011-11,48.0,103.56972884993252,55.56972884993252,11-50,115.7702684373594,High
48185,2011-07,89.0,157.9548779902316,68.95487799023161,51-100,77.47739100026023,High
48185,2011-08,622.0,197.3136054522968,424.6863945477032,501-1000,68.27755539352141,High
48185,2011-09,80.0,410.5612923141068,330.5612923141068,51-100,413.20161539263347,High
48185,2011-10,139.0,186.3962465859063,47.39624658590631,101-500,34.09801912655131,Moderate
48185,2011-11,13.0,138.75072043293858,125.75072043293858,11-50,967.3132340995276,High
48187,2011-07,148.0,465.69238357841294,317.69238357841294,101-500,214.6570159313601,High
48187,2011-08,769.0,293.2455720147789,475.7544279852211,501-1000,61.866635628767376,High
48187,2011-09,129.0,628.07596203219,499.07596203219,101-500,386.8805907226279,High
48187,2011-10,243.0,327.0897435075236,84.08974350752356,101-500,34.6048327191455,Moderate
48187,2011-11,42.0,167.2022896424248,125.2022896424248,11-50,298.100689624821,High
48188,2011-07,74.0,339.5524930518657,265.5524930518657,51-100,358.8547203403591,High
48188,2011-08,192.0,219.7532195916158,27.75321959161579,101-500,14.454801870633224,Low
48188,2011-09,109.0,216.6920948125574,107.6920948125574,101-500,98.80008698399762,High
48188,2011-10,40.0,200.18323559486376,160.18323559486376,11-50,400.4580889871594,High
48188,2011-11,1.0,62.40146268159974,61.40146268159974,0-10,6140.146268159974,High
48194,2011-07,161.0,430.4211704767848,269.4211704767848,101-500,167.34234191104647,High
48194,2011-08,666.0,308.0395624585141,357.9604375414859,501-1000,53.74781344466755,High
48194,2011-09,134.0,510.0666287951565,376.0666287951565,101-500,280.6467379068332,High
48194,2011-10,206.0,322.17444065396256,116.17444065396256,101-500,56.39535954075853,High
48194,2011-11,30.0,170.74995063586863,140.74995063586863,11-50,469.1665021195621,High
51008,2011-09,25.0,23.662915311205,1.3370846887949988,11-50,5.348338755179995,Low
51008,2011-10,6.0,42.39404553806855,36.39404553806855,0-10,606.567425634476,High
51014A,2011-07,435.0,270.6780963329334,164.32190366706658,101-500,37.77515026829117,Moderate
51014A,2011-08,488.0,280.18170344309084,207.8182965569092,101-500,42.58571650756336,Moderate
51014A,2011-09,784.0,395.6035847796454,388.3964152203546,501-1000,49.5403590842289,Moderate
51014A,2011-10,963.0,609.4167883365088,353.5832116634912,501-1000,36.71684440950065,Moderate
51014A,2011-11,149.0,402.7323493804696,253.73234938046957,101-500,170.29016736944266,High
51014C,2011-07,247.0,180.66247750262576,66.33752249737424,101-500,26.85729655764139,Moderate
51014C,2011-08,301.0,203.42148115525288,97.57851884474712,101-500,32.418112573005686,Moderate
51014C,2011-09,405.0,299.28485221639124,105.71514778360876,101-500,26.102505625582413,Moderate
51014C,2011-10,826.0,326.9196528582217,499.0803471417783,501-1000,60.421349532902944,High
51014C,2011-11,76.0,366.2983308784235,290.2983308784235,51-100,381.97148799792564,High
51014L,2011-07,283.0,180.1829930751418,102.8170069248582,101-500,36.33109785330679,Moderate
51014L,2011-08,226.0,228.5876861686819,2.5876861686818984,101-500,1.1449938799477426,Low
51014L,2011-09,328.0,225.03343588642383,102.96656411357615,101-500,31.392245156578095,Moderate
51014L,2011-10,430.0,301.89138321114825,128.10861678885175,101-500,29.79270157880273,Moderate
51014L,2011-11,60.0,202.8755303150337,142.8755303150337,51-100,238.1258838583895,High
62018,2011-07,1253.0,138.82433652501564,1114.1756634749845,1001-5000,88.92064353351832,High
62018,2011-08,6.0,482.490834639468,476.490834639468,0-10,7941.5139106578,High
62018,2011-09,407.0,112.9015787711365,294.0984212288635,101-500,72.26005435598613,High
62018,2011-10,28.0,491.0232527987254,463.0232527987254,11-50,1653.654474281162,High
62018,2011-11,210.0,94.90678334596176,115.09321665403824,101-500,54.80629364478011,High
70006,2011-07,24.0,34.96065265442696,10.960652654426958,11-50,45.66938606011233,Moderate
70006,2011-08,8.0,42.39404553806855,34.394045538068546,0-10,429.9255692258568,High
70006,2011-09,97.0,32.818781055306346,64.18121894469365,51-100,66.16620509762232,High
70006,2011-10,68.0,84.96918299410102,16.96918299410102,51-100,24.95468087367797,Moderate
70006,2011-11,87.0,54.209838449830364,32.79016155016964,51-100,37.68984086226396,Moderate
70007,2011-07,12.0,45.227533329648736,33.227533329648736,11-50,276.8961110804062,High
70007,2011-08,16.0,45.453738691349606,29.453738691349606,11-50,184.08586682093505,High
70007,2011-09,141.0,36.73525022830151,104.26474977169848,101-500,73.94663104375778,High
70007,2011-10,118.0,133.69038565984354,15.690385659843542,101-500,13.296936999867409,Low
70007,2011-11,49.0,75.89998951989429,26.89998951989429,11-50,54.89793779570263,High
71038,2011-07,0.0,43.89901426915106,43.89901426915106,0-10,,
71038,2011-10,22.0,46.58066891160758,24.58066891160758,11-50,111.73031323457991,High
71050,2011-11,6.0,36.98359103089614,30.983591030896143,0-10,516.393183848269,High
71053,2011-07,138.0,142.30298497559693,4.302984975596928,101-500,3.1181050547803824,Low
71053,2011-08,204.0,187.49393168088716,16.50606831911287,101-500,8.091209960349447,Low
71053,2011-09,80.0,207.69612326923064,127.69612326923064,51-100,159.6201540865383,High
71053,2011-10,144.0,139.7598426293487,4.240157370651303,101-500,2.944553729618961,Low
71053,2011-11,17.0,103.66008931078518,86.66008931078518,11-50,509.7652312399128,High
71101E,2011-07,0.0,71.76062814254269,71.76062814254269,0-10,,
71101E,2011-10,30.0,60.44035318638146,30.440353186381454,11-50,101.46784395460485,High
71270,2011-07,32.0,24.672983338771957,7.327016661228047,11-50,22.896927066337646,Moderate
71270,2011-08,2.0,48.24058091518948,46.24058091518948,0-10,2312.0290457594742,High
71270,2011-09,47.0,33.87169754583188,13.12830245416812,11-50,27.932558413123658,Moderate
71270,2011-10,19.0,50.98946587395612,31.98946587395612,11-50,168.36560986292696,High
71270,2011-11,3.0,41.00970825527549,38.00970825527549,0-10,1266.9902751758498,High
71279,2011-07,0.0,48.24058091518948,48.24058091518948,0-10,,
71279,2011-10,18.0,36.293001458647225,18.293001458647225,11-50,101.62778588137347,High
71403,2011-07,1.0,19.32134866516658,18.32134866516658,0-10,1832.134866516658,High
71403,2011-08,19.0,21.294764818028927,2.294764818028927,11-50,12.0777095685733,Low
71403,2011-09,2.0,32.06381945887461,30.06381945887461,0-10,1503.1909729437307,High
71403,2011-10,17.0,29.190456011020103,12.190456011020103,11-50,71.70856477070649,High
71406C,2011-07,10.0,64.50829455587827,54.508294555878265,0-10,545.0829455587826,High
71406C,2011-08,30.0,53.75041448553835,23.75041448553835,11-50,79.16804828512784,High
71406C,2011-09,5.0,67.57999733941274,62.57999733941274,0-10,1251.5999467882548,High
71406C,2011-10,26.0,54.80333097606388,28.803330976063883,11-50,110.78204221563033,High
71459,2011-07,828.0,1305.626941541038,477.6269415410379,501-1000,57.68441322959396,High
71459,2011-08,1400.0,1046.3399826959007,353.66001730409926,1001-5000,25.261429807435658,Moderate
71459,2011-09,473.0,1240.6014555670836,767.6014555670836,101-500,162.28360582813605,High
71459,2011-10,892.0,933.1883838739342,41.188383873934185,501-1000,4.617531824432083,Low
71459,2011-11,104.0,518.0248219306183,414.0248219306183,101-500,398.10079031790224,High
71477,2011-07,449.0,473.3822856547996,24.382285654799546,101-500,5.430353152516602,Low
71477,2011-08,600.0,534.2571765818034,65.74282341819662,501-1000,10.957137236366103,Low
71477,2011-09,880.0,628.1295165549377,251.8704834450623,501-1000,28.621645846029807,Moderate
71477,2011-10,1042.0,655.5440844600743,386.45591553992574,1001-5000,37.087899763908425,Moderate
71477,2011-11,480.0,706.1162971517964,226.1162971517964,101-500,47.10756190662425,Moderate
71495B,2011-07,0.0,40.69664266722848,40.69664266722848,0-10,,
71496A,2011-07,2.0,63.215185779967925,61.215185779967925,0-10,3060.759288998396,High
71496A,2011-08,0.0,36.612622130732,36.612622130732,0-10,,
71510,2011-08,0.0,36.86889358311649,36.86889358311649,0-10,,
72122,2011-07,19.0,57.95774400525176,38.95774400525176,11-50,205.04075792237768,High
72122,2011-08,3.0,58.81543192963594,55.81543192963594,0-10,1860.5143976545314,High
72122,2011-09,21.0,44.33246337765304,23.33246337765304,11-50,111.10696846501446,High
72122,2011-10,61.0,50.38954464832025,10.610455351679748,51-100,17.39418910111434,Low
72122,2011-11,21.0,44.06978211898716,23.06978211898716,11-50,109.8561053285103,High
72127,2011-07,0.0,57.95774400525176,57.95774400525176,0-10,,
72127,2011-10,26.0,44.33246337765304,18.33246337765304,11-50,70.50947452943477,High
72128,2011-07,0.0,57.95774400525176,57.95774400525176,0-10,,
72128,2011-10,19.0,60.84724162376123,41.84724162376123,11-50,220.2486401250591,High
72128,2011-11,2.0,39.14574710725875,37.14574710725875,0-10,1857.2873553629374,High
72130,2011-09,2.0,43.27954688712752,41.27954688712752,0-10,2063.9773443563763,High
72130,2011-10,30.0,45.60461676900396,15.60461676900396,11-50,52.0153892300132,High
72131,2011-09,101.0,23.662915311205,77.337084688795,101-500,76.57137097900495,High
72131,2011-10,7.0,82.30939923660775,75.30939923660775,0-10,1075.8485605229678,High
72132,2011-08,1.0,23.662915311205,22.662915311205,0-10,2266.2915311205,High
72132,2011-09,0.0,23.662915311205,23.662915311205,0-10,,
72133,2011-10,6.0,27.254421866763074,21.254421866763074,0-10,354.2403644460512,High
72133,2011-11,8.0,23.03651110011118,15.03651110011118,0-10,187.95638875138977,High
72134,2011-09,38.0,36.86889358311649,1.1311064168835117,11-50,2.976595833903978,Low
72134,2011-10,0.0,61.7334619622918,61.7334619622918,0-10,,
72225C,2011-08,168.0,80.6184283036409,87.3815716963591,101-500,52.012840295451845,High
72225C,2011-09,48.0,136.3531757446948,88.3531757446948,11-50,184.06911613478084,High
72225C,2011-10,96.0,92.18251662109466,3.8174833789053366,51-100,3.9765451863597256,Low
72232,2011-07,146.0,217.6488419235269,71.6488419235269,101-500,49.07454926268966,Moderate
72232,2011-08,402.0,237.10898844268428,164.89101155731572,101-500,41.01766456649645,Moderate
72232,2011-09,146.0,194.89295274215127,48.89295274215132,101-500,33.488323795994056,Moderate
72232,2011-10,328.0,162.45361952063982,165.54638047936018,101-500,50.47145746321957,High
72232,2011-11,144.0,134.79425933415428,9.205740665845724,101-500,6.392875462392864,Low
72349B,2011-07,87.0,33.11673594940015,53.88326405059985,51-100,61.9347862650573,High
72349B,2011-08,21.0,96.02086281595648,75.02086281595648,11-50,357.242203885507,High
72349B,2011-09,84.0,55.07290172269253,28.927098277307472,51-100,34.43702175869937,Moderate
72349B,2011-10,95.0,78.23472388875811,16.76527611124189,51-100,17.647659064465145,Low
72349B,2011-11,56.0,73.70362208529791,17.70362208529791,51-100,31.61361086660341,Moderate
72349b,2011-08,7.0,23.220666541550717,16.220666541550713,0-10,231.72380773643874,High
72349b,2011-09,10.0,25.405839176811675,15.405839176811677,0-10,154.05839176811676,High
72349b,2011-10,22.0,25.80400801203695,3.804008012036949,11-50,17.290945509258858,Low
72349b,2011-11,18.0,39.981448480331935,21.98144848033193,11-50,122.1191582240663,High
72351A,2011-07,53.0,70.56312803690122,17.56312803690122,51-100,33.137977428115505,Moderate
72351A,2011-08,71.0,57.09494674162218,13.90505325837782,51-100,19.584582054053268,Low
72351A,2011-09,55.0,77.50901515762388,22.50901515762388,51-100,40.925482104770694,Moderate
72351A,2011-10,40.0,84.26977536085032,44.26977536085032,11-50,110.67443840212579,High
72351A,2011-11,20.0,46.06707879629519,26.067078796295185,11-50,130.33539398147593,High
72351B,2011-07,181.0,119.9471569749916,61.05284302500839,101-500,33.73085250000464,Moderate
72351B,2011-08,223.0,161.07825318370564,61.92174681629436,101-500,27.767599469190294,Moderate
72351B,2011-09,76.0,171.92787303671238,95.92787303671238,51-100,126.22088557462156,High
72351B,2011-10,74.0,132.8211952316353,58.8211952316353,51-100,79.48810166437202,High
72351B,2011-11,32.0,70.74858876606221,38.74858876606221,11-50,121.08933989394441,High
72586,2011-07,94.0,53.7800346390345,40.219965360965496,51-100,42.78719719251649,Moderate
72586,2011-08,413.0,100.47600486065838,312.52399513934165,101-500,75.67166952526432,High
72586,2011-09,137.0,306.9614509334374,169.9614509334374,101-500,124.05945323608569,High
72586,2011-10,3.0,180.6954375623544,177.6954375623544,0-10,5923.181252078481,High
72586,2011-11,1.0,70.39402073246501,69.39402073246501,0-10,6939.402073246501,High
72598,2011-07,11.0,63.88240581883596,52.88240581883596,11-50,480.74914380759964,High
72598,2011-08,54.0,45.76848787483336,8.231512125166638,51-100,15.24354097253081,Low
72598,2011-09,101.0,65.81280490123979,35.18719509876021,101-500,34.83880702847546,Moderate
72598,2011-10,245.0,101.59075937493768,143.4092406250623,101-500,58.53438392859685,High
72598,2011-11,48.0,96.36686160017445,48.366861600174445,11-50,100.76429500036343,High
72741,2011-07,219.0,440.89593812229214,221.8959381222921,101-500,101.32234617456261,High
72741,2011-08,620.0,254.7225042165261,365.2774957834739,501-1000,58.91572512636676,High
72741,2011-09,636.0,436.0034532095876,199.9965467904124,501-1000,31.44599792302082,Moderate
72741,2011-10,899.0,515.2487214999971,383.75127850000285,501-1000,42.68646034482791,Moderate
72741,2011-11,102.0,405.72213188721486,303.72213188721486,101-500,297.76679596785766,High
72760B,2011-07,31.0,40.13563958486037,9.135639584860364,11-50,29.469805112452786,Moderate
72760B,2011-08,17.0,44.29718310437633,27.29718310437633,11-50,160.57166531986076,High
72760B,2011-09,32.0,55.31483882999223,23.314838829992222,11-50,72.8588713437257,High
72760B,2011-10,29.0,63.4202094214896,34.4202094214896,11-50,118.69037731548137,High
72760B,2011-11,13.0,34.230962394301024,21.230962394301024,11-50,163.3150953407771,High
72780,2011-07,12.0,40.65379420426992,28.653794204269914,11-50,238.78161836891593,High
72780,2011-08,24.0,37.43301151000661,13.433011510006608,11-50,55.9708812916942,High
72780,2011-09,18.0,59.85434218109221,41.85434218109221,11-50,232.52412322829005,High
72780,2011-10,13.0,51.68206617279216,38.68206617279216,11-50,297.5543551753243,High
72780,2011-11,6.0,30.50008089464775,24.50008089464775,0-10,408.33468157746245,High
72799C,2011-11,59.0,19.684707300268578,39.31529269973142,51-100,66.63608932157868,High
72799E,2011-07,17.0,30.07356861521602,13.073568615216018,11-50,76.90334479538834,High
72799E,2011-08,22.0,30.490546015955317,8.490546015955314,11-50,38.59339098161506,Moderate
72799E,2011-09,44.0,48.24058091518948,4.240580915189476,11-50,9.6376838981579,Low
72799E,2011-10,49.0,73.77385493292932,24.773854932929325,11-50,50.55888761822311,High
72799E,2011-11,208.0,46.651039620180605,161.3489603798194,101-500,77.57161556722086,High
72799F,2011-07,12.0,30.07356861521602,18.07356861521602,11-50,150.61307179346682,High
72799F,2011-08,24.0,24.83323917038098,0.8332391703809812,11-50,3.4718298765874214,Low
72799F,2011-09,14.0,48.24058091518948,34.24058091518948,11-50,244.57557796563916,High
72799F,2011-10,16.0,34.26709123002088,18.26709123002088,11-50,114.1693201876305,High
72800B,2011-07,1.0,23.662915311205,22.662915311205,0-10,2266.2915311205,High
72800B,2011-08,9.0,23.662915311205,14.662915311205,0-10,162.9212812356111,High
72800B,2011-09,3.0,23.662915311205,20.662915311205,0-10,688.7638437068333,High
72800B,2011-10,46.0,28.614382768611637,17.385617231388366,11-50,37.79482006823558,Moderate
72800B,2011-11,49.0,35.483144767202134,13.516855232797866,11-50,27.585418842444625,Moderate
72800C,2011-07,0.0,30.07356861521602,30.07356861521602,0-10,,
72800C,2011-10,29.0,23.78987073457604,5.210129265423959,11-50,17.965962984220546,Low
72800C,2011-11,49.0,32.5300426843658,16.469957315634197,11-50,33.61215778700857,Moderate
72800D,2011-07,4.0,23.662915311205,19.662915311205,0-10,491.57288278012504,High
72800D,2011-08,11.0,23.662915311205,12.662915311205,11-50,115.11741192004546,High
72800D,2011-09,3.0,24.22703323809511,21.22703323809511,0-10,707.5677746031704,High
72800D,2011-10,9.0,30.07356861521602,21.07356861521602,0-10,234.1507623912891,High
72800E,2011-07,15.0,43.85316316593845,28.853163165938447,11-50,192.35442110625632,High
72800E,2011-08,32.0,32.97296411568136,0.9729641156813572,11-50,3.0405128615042414,Low
72800E,2011-09,52.0,48.638749750414746,3.361250249585254,51-100,6.4639427876639495,Low
72800E,2011-10,75.0,75.19993777772957,0.1999377777295734,51-100,0.26658370363943124,Low
72800E,2011-11,107.0,65.86686985511633,41.13313014488367,101-500,38.44217770549876,Moderate
72801C,2011-09,2.0,46.8668635696465,44.8668635696465,0-10,2243.3431784823247,High
72801C,2011-10,0.0,43.27954688712752,43.27954688712752,0-10,,
72801D,2011-10,1.0,31.250795183370133,30.250795183370133,0-10,3025.0795183370133,High
72801D,2011-11,4.0,22.86935255952404,18.86935255952404,0-10,471.73381398810096,High
72801G,2011-09,2.0,31.250795183370133,29.250795183370133,0-10,1462.5397591685066,High
72801G,2011-10,7.0,36.86889358311649,29.86889358311649,0-10,426.698479758807,High
72801c,2011-07,1.0,24.672983338771957,23.672983338771957,0-10,2367.2983338771955,High
72801c,2011-08,2.0,23.662915311205,21.662915311205,0-10,1083.14576556025,High
72801c,2011-09,3.0,23.662915311205,20.662915311205,0-10,688.7638437068333,High
72801c,2011-10,4.0,23.662915311205,19.662915311205,0-10,491.57288278012504,High
72801c,2011-11,2.0,16.09900575574465,14.099005755744647,0-10,704.9502877872324,High
72801d,2011-07,2.0,23.662915311205,21.662915311205,0-10,1083.14576556025,High
72801d,2011-08,2.0,23.662915311205,21.662915311205,0-10,1083.14576556025,High
72801d,2011-09,8.0,23.662915311205,15.662915311205,0-10,195.7864413900625,High
72801d,2011-10,2.0,23.662915311205,21.662915311205,0-10,1083.14576556025,High
72801d,2011-11,7.0,18.513285743148625,11.513285743148623,0-10,164.4755106164089,High
72802A,2011-07,9.0,43.52507021133354,34.52507021133354,0-10,383.61189123703934,High
72802A,2011-08,13.0,25.7320019691776,12.7320019691776,11-50,97.93847668598154,High
72802A,2011-09,22.0,29.342457858133336,7.342457858133336,11-50,33.37480844606062,Moderate
72802A,2011-10,36.0,43.89901426915106,7.89901426915106,11-50,21.94170630319739,Moderate
72802A,2011-11,18.0,38.38987696833964,20.38987696833964,11-50,113.27709426855354,High
72802B,2011-07,27.0,48.196500980760455,21.19650098076045,11-50,78.50555918800167,High
72802B,2011-08,22.0,49.22441499033544,27.22441499033544,11-50,123.74734086516108,High
72802B,2011-09,557.0,49.22441499033544,507.77558500966455,501-1000,91.16258258701339,High
72802B,2011-10,165.0,286.62619430485177,121.62619430485177,101-500,73.7128450332435,High
72802C,2011-07,38.0,57.12375508612865,19.123755086128646,11-50,50.32567127928591,High
72802C,2011-08,33.0,54.43699525829974,21.43699525829974,11-50,64.9605916918174,High
72802C,2011-09,803.0,52.81207400155421,750.1879259984457,501-1000,93.42315392259599,High
72802C,2011-10,192.0,456.1447732652722,264.1447732652722,101-500,137.57540274232926,High
72803A,2011-07,19.0,23.220666541550717,4.220666541550713,11-50,22.21403442921428,Moderate
72803A,2011-08,4.0,32.46257723370501,28.46257723370501,0-10,711.5644308426253,High
72803A,2011-09,416.0,29.190456011020103,386.8095439889799,101-500,92.9830634588894,High
72803A,2011-10,6.0,176.72061253663338,170.72061253663338,0-10,2845.343542277223,High
72807A,2011-07,17.0,33.04843123756337,16.04843123756337,11-50,94.40253669154924,High
72807A,2011-08,19.0,33.44660007278864,14.44660007278864,11-50,76.03473722520336,High
72807A,2011-09,10.0,52.56962638990191,42.56962638990191,0-10,425.69626389901913,High
72807A,2011-10,86.0,27.18308729492839,58.81691270507161,51-100,68.3917589593856,High
72807B,2011-07,10.0,32.53071534602707,22.530715346027076,0-10,225.30715346027077,High
72807B,2011-08,21.0,26.78491845970312,5.784918459703118,11-50,27.547230760491036,Moderate
72807B,2011-09,16.0,39.62600445819977,23.626004458199773,11-50,147.66252786374858,High
72807B,2011-10,91.0,37.15040442107822,53.84959557892178,51-100,59.1753797570569,High
72807C,2011-07,24.0,70.5955495055695,46.59554950556949,11-50,194.14812293987288,High
72807C,2011-08,38.0,54.43699525829974,16.43699525829974,11-50,43.25525067973615,Moderate
72807C,2011-09,70.0,65.73550939847908,4.264490601520919,51-100,6.09212943074417,Low
72807C,2011-10,223.0,90.30944529795563,132.69055470204435,101-500,59.50249089777774,High
72811,2011-08,0.0,34.38247907205238,34.38247907205238,0-10,,
72812,2011-11,2.0,15.215893151548745,13.215893151548745,0-10,660.7946575774372,High
72816,2011-07,4.0,23.662915311205,19.662915311205,0-10,491.57288278012504,High
72816,2011-08,235.0,23.662915311205,211.337084688795,101-500,89.93067433565744,High
72816,2011-09,492.0,173.4276115179898,318.5723884820102,101-500,64.75048546382321,High
72817,2011-07,14.0,23.662915311205,9.662915311205,11-50,69.02082365146428,High
72817,2011-08,211.0,36.39490717365703,174.60509282634297,101-500,82.75122882765069,High
72817,2011-09,463.0,197.83313583121893,265.16686416878105,101-500,57.27146094358122,High
72817,2011-10,394.0,440.79618753377247,46.79618753377247,101-500,11.877204957810271,Low
72819,2011-07,0.0,28.614382768611637,28.614382768611637,0-10,,
72819,2011-10,9.0,43.56940226901292,34.56940226901292,0-10,384.10446965569906,High
72819,2011-11,64.0,22.509659059755663,41.49034094024434,51-100,64.82865771913178,High
75011,2011-07,73.0,41.90619333241492,31.09380666758508,51-100,42.594255709020665,Moderate
75011,2011-08,15.0,78.02510676098017,63.025106760980165,11-50,420.16737840653445,High
75011,2011-09,24.0,62.70282034209343,38.70282034209343,11-50,161.2617514253893,High
75011,2011-10,1.0,62.596293764288106,61.596293764288106,0-10,6159.62937642881,High
75049L,2011-07,1052.0,747.2218934530541,304.7781065469459,1001-5000,28.971302903702078,Moderate
75049L,2011-08,436.0,849.070015340013,413.070015340013,101-500,94.740829206425,High
75049L,2011-09,72.0,654.274346763017,582.274346763017,51-100,808.7143705041904,High
75049L,2011-10,875.0,252.42862358599007,622.5713764140099,501-1000,71.15101444731542,High
75049L,2011-11,8.0,521.4102134096089,513.4102134096089,0-10,6417.627667620111,High
78034B,2011-08,0.0,23.662915311205,23.662915311205,0-10,,
78124,2011-07,0.0,65.70680462120333,65.70680462120333,0-10,,
78124,2011-10,30.0,61.28042502589245,31.28042502589245,11-50,104.26808341964148,High
79000,2011-07,708.0,241.4354365830724,466.5645634169276,501-1000,65.89894963515927,High
79000,2011-08,12.0,575.3098915371141,563.3098915371141,11-50,4694.249096142618,High
79030D,2011-07,12.0,109.96625983601848,97.96625983601848,11-50,816.3854986334874,High
79030D,2011-08,12.0,96.50718664798508,84.50718664798507,11-50,704.2265553998756,High
79030D,2011-09,6.0,65.02185604568595,59.02185604568595,0-10,983.6976007614326,High
79030D,2011-10,12.0,64.54237161820201,52.54237161820201,11-50,437.8530968183501,High
79051A,2011-07,144.0,93.52458148708013,50.47541851291989,101-500,35.05237396730548,Moderate
79051A,2011-08,8.0,250.90714382134024,242.90714382134024,0-10,3036.339297766753,High
79051A,2011-09,58.0,94.08786930042974,36.08786930042975,51-100,62.22046431108578,High
79051A,2011-10,116.0,82.01267415325555,33.987325846744454,101-500,29.29941883340039,Moderate
79051A,2011-11,54.0,97.290097231603,43.290097231602985,51-100,80.16684672519071,High
79063C,2011-10,2.0,63.9617351837617,61.9617351837617,0-10,3098.0867591880847,High
79063C,2011-11,1.0,37.17281956244273,36.17281956244273,0-10,3617.2819562442733,High
79063D,2011-10,3.0,52.05811853597356,49.05811853597356,0-10,1635.2706178657854,High
79066K,2011-07,57.0,69.83327802386593,12.83327802386593,51-100,22.514522848887598,Moderate
79066K,2011-08,113.0,93.48697869771786,19.51302130228214,101-500,17.268160444497468,Low
79066K,2011-09,24.0,128.83969025881444,104.83969025881444,11-50,436.83204274506016,High
79066K,2011-10,223.0,69.38396438418148,153.61603561581853,101-500,68.8861146259276,High
79066K,2011-11,9.0,107.862296252905,98.862296252905,0-10,1098.469958365611,High
79066k,2011-07,6.0,23.662915311205,17.662915311205,0-10,294.38192185341666,High
79066k,2011-08,0.0,23.662915311205,23.662915311205,0-10,,
79144B,2011-07,19.0,64.63214224491466,45.63214224491466,11-50,240.16916971007717,High
79144B,2011-08,19.0,59.40772133111268,40.40772133111268,11-50,212.67221753217203,High
79144B,2011-09,41.0,56.82920504301733,15.829205043017332,11-50,38.607817178091054,Moderate
79144B,2011-10,14.0,70.83888687097202,56.83888687097202,11-50,405.99204907837156,High
79144B,2011-11,10.0,52.29781249928928,42.29781249928928,0-10,422.97812499289284,High
79144C,2011-07,7.0,65.68339916357228,58.68339916357228,0-10,838.3342737653184,High
79144C,2011-08,26.0,53.75041448553835,27.75041448553835,11-50,106.73236340591674,High
79144C,2011-09,38.0,56.59114827445753,18.59114827445753,11-50,48.92407440646719,Moderate
79144C,2011-10,5.0,68.51802868090768,63.51802868090768,0-10,1270.3605736181537,High
79144C,2011-11,6.0,42.82859011961936,36.82859011961936,0-10,613.8098353269894,High
79149B,2011-09,0.0,44.594548741437,44.594548741437,0-10,,
79160,2011-07,96.0,26.641313225499086,69.35868677450091,51-100,72.24863205677178,High
79160,2011-08,0.0,85.97076197846769,85.97076197846769,0-10,,
79160,2011-11,8.0,29.21626100321628,21.21626100321628,0-10,265.2032625402035,High
79163,2011-07,192.0,193.9465035266593,1.9465035266593131,101-500,1.0138039201350588,Low
79163,2011-08,20.0,205.2397791547848,185.2397791547848,11-50,926.1988957739239,High
79190A,2011-07,18.0,69.30319641110634,51.30319641110634,11-50,285.0177578394797,High
79190A,2011-08,57.0,56.82920504301733,0.1707949569826681,51-100,0.29964027540818966,Low
79190A,2011-09,19.0,75.89226337071659,56.89226337071659,11-50,299.4329651090347,High
79190A,2011-10,90.0,72.07298594106612,17.927014058933878,51-100,19.91890450992653,Low
79190A,2011-11,39.0,58.2956066988123,19.2956066988123,11-50,49.47591461233923,Moderate
79190B,2011-07,33.0,62.25449946028422,29.254499460284222,11-50,88.64999836449763,High
79190B,2011-08,41.0,68.94446439946971,27.94446439946971,11-50,68.15723024260905,High
79190B,2011-09,13.0,74.51565711435981,61.51565711435981,11-50,473.1973624181524,High
79190B,2011-10,84.0,66.13019498229461,17.86980501770539,51-100,21.273577402030224,Moderate
79190B,2011-11,45.0,72.44625696645114,27.446256966451145,11-50,60.99168214766921,High
79190D,2011-07,23.0,60.49025797513437,37.49025797513437,11-50,163.001121631019,High
79190D,2011-08,38.0,66.69377700088216,28.693777000882164,11-50,75.5099394760057,High
79190D,2011-09,3.0,67.97816617463802,64.97816617463802,0-10,2165.938872487934,High
79190D,2011-10,26.0,65.24397464376403,39.243974643764034,11-50,150.93836401447703,High
79190D,2011-11,15.0,47.901079479286494,32.901079479286494,11-50,219.34052986190994,High
79191B,2011-07,12.0,46.05437948071399,34.05437948071399,11-50,283.7864956726166,High
79191B,2011-08,12.0,43.27954688712752,31.279546887127523,11-50,260.6628907260627,High
79191B,2011-09,20.0,43.27954688712752,23.279546887127523,11-50,116.39773443563762,High
79191B,2011-10,23.0,55.18316353491566,32.18316353491566,11-50,139.92679797789415,High
79191B,2011-11,14.0,46.42012853331217,32.42012853331217,11-50,231.57234666651553,High
79191C,2011-07,185.0,80.01482733071018,104.98517266928982,101-500,56.74874198339991,High
79191C,2011-08,87.0,150.79487015817026,63.794870158170255,51-100,73.32743696341409,High
79191C,2011-09,48.0,104.82002534025612,56.82002534025612,11-50,118.37505279220026,High
79191C,2011-10,198.0,96.45029864820046,101.54970135179954,101-500,51.28772795545431,High
79191C,2011-11,36.0,91.85656300742468,55.85656300742467,11-50,155.15711946506852,High
79191D,2011-11,4.0,23.03651110011118,19.03651110011118,0-10,475.91277750277953,High
79302M,2011-07,5.0,38.897971499586,33.897971499586,0-10,677.95942999172,High
79302M,2011-08,69.0,30.07356861521602,38.92643138478398,51-100,56.41511794896229,High
79302M,2011-09,51.0,62.90948321818867,11.909483218188669,51-100,23.351927878801312,Moderate
79302M,2011-10,69.0,63.78228198368006,5.217718016319942,51-100,7.561910168579626,Low
79302M,2011-11,30.0,60.67248913137839,30.67248913137839,11-50,102.24163043792798,High
79321,2011-07,398.0,584.1306391060202,186.13063910602023,101-500,46.76649223769353,Moderate
79321,2011-08,675.0,441.679709402814,233.32029059718604,501-1000,34.565968977360896,Moderate
79321,2011-09,828.0,591.3445818902,236.65541810980005,501-1000,28.5815722354831,Moderate
79321,2011-10,2092.0,758.0521775316599,1333.94782246834,1001-5000,63.76423625565679,High
79321,2011-11,462.0,945.7019312490464,483.7019312490464,101-500,104.69738771624381,High
79336,2011-08,6.0,61.7334619622918,55.7334619622918,0-10,928.8910327048633,High
79403,2011-07,12.0,46.05437948071399,34.05437948071399,11-50,283.7864956726166,High
79403,2011-08,0.0,43.27954688712752,43.27954688712752,0-10,,
79406,2011-07,9.0,74.84781853465259,65.84781853465259,0-10,731.6424281628065,High
79406,2011-08,0.0,46.12694965944646,46.12694965944646,0-10,,
81952V,2011-08,42.0,89.38528183343668,47.38528183343668,11-50,112.82209960342067,High
81952V,2011-09,8.0,132.02594272398343,124.02594272398343,0-10,1550.3242840497928,High
81952V,2011-10,10.0,66.13019498229461,56.13019498229461,0-10,561.3019498229461,High
82001S,2011-07,108.0,87.86232444824746,20.137675551752537,101-500,18.64599588125235,Low
82001S,2011-08,74.0,119.95610828184677,45.95610828184675,51-100,62.10284902952263,High
82001S,2011-09,128.0,102.68312457086552,25.316875429134484,101-500,19.778808929011316,Low
82001S,2011-10,276.0,147.02215307632864,128.97784692367136,101-500,46.73110395785194,Moderate
82001S,2011-11,14.0,117.15148902375851,103.15148902375851,11-50,736.7963501697036,High
82001s,2011-11,21.0,51.355770268914654,30.35577026891465,11-50,144.55128699483166,High
82011A,2011-09,1.0,22.77980270700908,21.77980270700908,0-10,2177.980270700908,High
82011A,2011-10,2.0,22.77980270700908,20.77980270700908,0-10,1038.990135350454,High
82011B,2011-08,2.0,22.77980270700908,20.77980270700908,0-10,1038.990135350454,High
82011B,2011-09,12.0,22.77980270700908,10.779802707009082,11-50,89.83168922507568,High
82011B,2011-10,12.0,24.3909904007267,12.3909904007267,11-50,103.25825333938916,High
82011C,2011-09,17.0,22.77980270700908,5.7798027070090825,11-50,33.9988394529946,Moderate
82011C,2011-10,12.0,30.048297246301026,18.048297246301026,11-50,150.40247705250854,High
82482,2011-07,825.0,869.2069800111402,44.20698001114022,501-1000,5.358421819532148,Low
82482,2011-08,970.0,940.7936257559325,29.20637424406766,501-1000,3.010966416914192,Low
82482,2011-09,793.0,974.7553691899452,181.75536918994533,501-1000,22.919970894066246,Moderate
82482,2011-10,1095.0,1066.0113514111335,28.98864858886645,1001-5000,2.6473651679330095,Low
82482,2011-11,149.0,549.3170166003194,400.31701660031945,101-500,268.66913865793254,High
82483,2011-07,220.0,137.84852176285537,82.15147823714463,101-500,37.34158101688392,Moderate
82483,2011-08,212.0,271.2027943874994,59.20279438749941,101-500,27.925846409197835,Moderate
82483,2011-09,191.0,251.7616386490156,60.76163864901562,101-500,31.812376256029122,Moderate
82483,2011-10,313.0,276.5368902489597,36.46310975104029,101-500,11.649555831003289,Low
82483,2011-11,112.0,189.60737687696235,77.60737687696235,101-500,69.29230078300209,High
82484,2011-07,265.0,399.6334417536066,134.63344175360658,101-500,50.805072359851536,High
82484,2011-08,518.0,348.33665971164004,169.66334028835996,501-1000,32.75354059620849,Moderate
82484,2011-09,290.0,582.0597404458118,292.0597404458118,101-500,100.71025532614202,High
82484,2011-10,366.0,401.3542631814154,35.35426318141543,101-500,9.65963474902061,Low
82484,2011-11,390.0,284.036993297878,105.96300670212202,101-500,27.170001718492827,Moderate
82486,2011-07,208.0,155.05208333741712,52.94791666258288,101-500,25.455729164703307,Moderate
82486,2011-08,163.0,237.15283675358637,74.15283675358634,101-500,45.49253788563579,Moderate
82486,2011-09,171.0,218.2456629521735,47.24566295217349,101-500,27.62904266208976,Moderate
82486,2011-10,286.0,245.19169746664792,40.80830253335208,101-500,14.268637249423803,Low
82486,2011-11,91.0,137.50152870857488,46.50152870857488,51-100,51.100580998433934,High
82494L,2011-07,573.0,548.5763270879131,24.42367291208689,501-1000,4.262421101585845,Low
82494L,2011-08,767.0,653.9345896636158,113.06541033638416,501-1000,14.741252977364297,Low
82494L,2011-09,593.0,761.3792879117962,168.37928791179615,501-1000,28.394483627621614,Moderate
82494L,2011-10,1058.0,781.1826333101465,276.81736668985354,1001-5000,26.16421235253814,Moderate
82494L,2011-11,212.0,520.0064368524343,308.00643685243426,101-500,145.28605511907276,High
82494l,2011-09,19.0,19.32134866516658,0.3213486651665782,11-50,1.691308764034622,Low
82494l,2011-10,41.0,28.732320840403144,12.267679159596856,11-50,29.92116868194355,Moderate
82494l,2011-11,18.0,41.883843893461375,23.88384389346137,11-50,132.68802163034096,High
82551,2011-07,191.0,231.87186972535923,40.87186972535923,101-500,21.398884672962946,Moderate
82551,2011-08,398.0,246.7322814739167,151.2677185260833,101-500,38.00696445378978,Moderate
82551,2011-09,81.0,309.71577231449425,228.71577231449425,51-100,282.36515100554846,High
82551,2011-10,486.0,179.3830443273002,306.61695567269976,101-500,63.08990857462958,High
82551,2011-11,39.0,190.24126891873587,151.24126891873587,11-50,387.7981254326561,High
82552,2011-07,263.0,253.89962036473847,9.100379635261532,101-500,3.4602203936355638,Low
82552,2011-08,323.0,253.2311853600614,69.7688146399386,101-500,21.600252210507307,Moderate
82552,2011-09,59.0,312.75360877258777,253.75360877258777,51-100,430.09086232641994,High
82552,2011-10,470.0,150.61595869597986,319.3840413040201,101-500,67.95405134128087,High
82552,2011-11,61.0,182.8793182770612,121.87931827706116,51-100,199.80216110993632,High
82567,2011-07,73.0,98.98446904581392,25.984469045813924,51-100,35.59516307645743,Moderate
82567,2011-08,63.0,109.21270050671843,46.212700506718434,51-100,73.35349286780703,High
82567,2011-09,47.0,103.28700897423552,56.28700897423552,11-50,119.75959356220322,High
82567,2011-10,89.0,98.69438588037248,9.69438588037248,51-100,10.892568404912899,Low
82567,2011-11,56.0,71.6921300682258,15.692130068225794,51-100,28.02166083611749,Moderate
82578,2011-07,236.0,185.2924244989057,50.70757550109434,101-500,21.486260805548447,Moderate
82578,2011-08,169.0,225.71210105221445,56.71210105221445,101-500,33.557456243913876,Moderate
82578,2011-09,157.0,214.85782394486927,57.85782394486933,101-500,36.85211716233716,Moderate
82578,2011-10,83.0,192.41204515568768,109.41204515568768,51-100,131.82174115143096,High
82578,2011-11,300.0,88.83617768388922,211.1638223161108,101-500,70.38794077203694,High
82580,2011-07,546.0,455.5063723206089,90.49362767939112,501-1000,16.573924483404966,Low
82580,2011-08,734.0,554.4939292201365,179.5060707798635,501-1000,24.45586795365988,Moderate
82580,2011-09,335.0,693.4551092686427,358.4551092686427,101-500,107.00152515481871,High
82580,2011-10,406.0,553.5614096150767,147.56140961507674,101-500,36.34517478203861,Moderate
82580,2011-11,198.0,260.04414676522714,62.04414676522714,101-500,31.335427659205628,Moderate
82581,2011-07,450.0,294.7897908821666,155.2102091178334,101-500,34.49115758174075,Moderate
82581,2011-08,281.0,378.5475283022701,97.54752830227012,101-500,34.71442288337015,Moderate
82581,2011-09,177.0,337.10948049508494,160.10948049508494,101-500,90.45733361304234,High
82581,2011-10,309.0,302.19633082989947,6.803669170100534,101-500,2.2018346828804316,Low
82581,2011-11,123.0,183.7284152645276,60.7284152645276,101-500,49.37269533701431,Moderate
82582,2011-07,419.0,280.7289384101556,138.2710615898444,101-500,33.000253362731364,Moderate
82582,2011-08,539.0,322.8397570738199,216.1602429261801,501-1000,40.10394117368833,Moderate
82582,2011-09,426.0,481.20486806526816,55.20486806526816,101-500,12.958889217199099,Low
82582,2011-10,575.0,421.5873099818273,153.41269001817267,501-1000,26.680467829247423,Moderate
82582,2011-11,207.0,244.2373549018681,37.23735490186806,101-500,17.989060339066697,Low
82583,2011-07,118.0,294.3791870657631,176.37918706576312,101-500,149.47388734386703,High
82583,2011-08,1334.0,217.84194777229996,1116.1580522277,1001-5000,83.67001890762369,High
82583,2011-09,1179.0,872.2872526600595,306.7127473399405,1001-5000,26.014652022047542,Moderate
82583,2011-10,936.0,1156.9365749746712,220.9365749746712,501-1000,23.604334933191367,Moderate
82583,2011-11,310.0,528.3357286098168,218.3357286098168,101-500,70.4308801967151,High
82600,2011-07,531.0,536.8020553536601,5.80205535366008,501-1000,1.0926657916497324,Low
82600,2011-08,1030.0,508.618740246632,521.3812597533681,1001-5000,50.6195397818804,High
82600,2011-09,4.0,817.0489359860632,813.0489359860632,0-10,20326.22339965158,High
82600,2011-10,828.0,180.7939860798957,647.2060139201043,501-1000,78.16497752658265,High
82600,2011-11,394.0,406.0868857605777,12.08688576057773,101-500,3.067737502684703,Low
82613B,2011-07,9.0,46.3815989683918,37.3815989683918,0-10,415.35109964879774,High
82613B,2011-08,19.0,31.126485105741544,12.126485105741544,11-50,63.82360581969234,High
82613B,2011-09,4.0,35.84018230858723,31.84018230858723,0-10,796.0045577146808,High
82613B,2011-10,9.0,31.126485105741544,22.126485105741544,0-10,245.84983450823938,High
82613B,2011-11,2.0,17.27411036343866,15.27411036343866,0-10,763.705518171933,High
82613C,2011-07,12.0,32.49095216579853,20.49095216579853,11-50,170.75793471498775,High
82613C,2011-08,15.0,27.061260268600503,12.061260268600506,11-50,80.40840179067004,High
82613C,2011-09,5.0,31.52187878993057,26.52187878993057,0-10,530.4375757986114,High
82613C,2011-10,18.0,31.05957968893889,13.05957968893889,11-50,72.55322049410495,High
82613C,2011-11,1.0,22.92663646049496,21.92663646049496,0-10,2192.663646049496,High
82613D,2011-07,17.0,38.09971728835849,21.09971728835849,11-50,124.1159840491676,High
82613D,2011-08,28.0,36.73525022830151,8.73525022830151,11-50,31.19732224393396,Moderate
82613D,2011-09,7.0,67.76177606752802,60.76177606752802,0-10,868.0253723932575,High
82613D,2011-10,20.0,34.26986638105715,14.269866381057149,11-50,71.34933190528574,High
82613D,2011-11,1.0,33.39704646221813,32.39704646221813,0-10,3239.7046462218127,High
82616B,2011-07,24.0,62.629174774678674,38.629174774678674,11-50,160.9548948944945,High
82616B,2011-08,42.0,67.36087429221072,25.360874292210724,11-50,60.38303402907316,High
82616B,2011-09,84.0,67.11965209065086,16.88034790934914,51-100,20.09565227303469,Moderate
82616B,2011-10,86.0,102.10131208227472,16.10131208227473,51-100,18.72245590962178,Low
82616B,2011-11,10.0,69.45543746876848,59.45543746876848,0-10,594.5543746876848,High
82616C,2011-07,15.0,64.05525761947891,49.05525761947891,11-50,327.03505079652604,High
82616C,2011-08,43.0,56.08995196675644,13.089951966756438,11-50,30.44174875989869,Moderate
82616C,2011-09,54.0,54.65082861581605,0.650828615816053,51-100,1.2052381774371352,Low
82616C,2011-10,88.0,81.28038704404783,6.719612955952172,51-100,7.635923813582014,Low
82616C,2011-11,17.0,69.45543746876848,52.45543746876848,11-50,308.5613968751087,High
84006,2011-07,37.0,67.95050322278972,30.95050322278972,11-50,83.65000871024249,High
84006,2011-08,43.0,68.98579554895622,25.98579554895622,11-50,60.4320826719912,High
84006,2011-09,37.0,73.77112199283728,36.77112199283728,11-50,99.38141079145211,High
84006,2011-10,340.0,67.99800856424723,272.0019914357528,101-500,80.0005857163979,High
84006,2011-11,76.0,183.64684511691507,107.64684511691507,51-100,141.64058568015142,High
84012,2011-07,75.0,30.490546015955317,44.50945398404468,51-100,59.34593864539291,High
84012,2011-08,154.0,71.48501720516552,82.51498279483448,101-500,53.58115765898342,High
84012,2011-09,140.0,122.83482872200152,17.165171277998482,101-500,12.260836627141773,Low
84012,2011-10,386.0,149.14571227740947,236.85428772259053,101-500,61.36121443590427,High
84012,2011-11,124.0,193.0291272531167,69.02912725311671,101-500,55.668651010577996,High
84029E,2011-07,27.0,24.27281612257321,2.7271838774267856,11-50,10.100681027506614,Low
84029E,2011-08,476.0,44.29718310437633,431.7028168956237,101-500,90.69386909571926,High
84029E,2011-09,595.0,394.7489615272959,200.25103847270407,501-1000,33.65563671810152,Moderate
84029E,2011-10,1286.0,505.9170896244685,780.0829103755316,1001-5000,60.65963533246747,High
84029E,2011-11,401.0,697.765465956793,296.76546595679304,101-500,74.0063506126666,High
84029G,2011-07,101.0,53.77677252130528,47.22322747869472,101-500,46.75567077098487,Moderate
84029G,2011-08,327.0,101.15039048476784,225.84960951523215,101-500,69.06715887315967,High
84029G,2011-09,241.0,319.5745592918629,78.57455929186295,101-500,32.603551573387115,Moderate
84029G,2011-10,704.0,269.5362514438526,434.4637485561474,501-1000,61.71360064718002,High
84029G,2011-11,280.0,340.3390621729333,60.339062172933325,101-500,21.549665061761903,Moderate
84030E,2011-07,45.0,50.27159701249437,5.271597012494368,11-50,11.714660027765262,Low
84030E,2011-08,262.0,77.94717918406879,184.05282081593123,101-500,70.24916825035544,High
84030E,2011-09,219.0,243.45169856097436,24.451698560974336,101-500,11.165159160262254,Low
84030E,2011-10,408.0,258.1922352931519,149.8077647068481,101-500,36.717589388933355,Moderate
84030E,2011-11,83.0,216.31026322284845,133.31026322284845,51-100,160.61477496728727,High
84030e,2011-09,8.0,18.880484830624948,10.880484830624948,0-10,136.00606038281185,High
84030e,2011-10,17.0,19.32134866516658,2.3213486651665782,11-50,13.654992148038694,Low
84030e,2011-11,9.0,18.64422924536461,9.644229245364606,0-10,107.1581027262734,High
84031A,2011-07,6.0,25.964263843645977,19.964263843645977,0-10,332.73773072743296,High
84031A,2011-08,35.0,30.029488680787008,4.970511319212992,11-50,14.20146091203712,Low
84031A,2011-09,36.0,62.6480965284468,26.6480965284468,11-50,74.02249035679667,High
84031A,2011-10,45.0,75.2683081786465,30.268308178646507,11-50,67.2629070636589,High
84031A,2011-11,108.0,53.437979714778685,54.56202028522132,101-500,50.5203891529827,High
84031B,2011-07,12.0,47.32485987458809,35.32485987458809,11-50,294.3738322882341,High
84031B,2011-08,38.0,33.380907053163206,4.619092946836794,11-50,12.155507754833668,Low
84031B,2011-09,32.0,63.4202094214896,31.4202094214896,11-50,98.188154442155,High
84031B,2011-10,42.0,71.93510031866747,29.935100318667462,11-50,71.27404837777968,High
84031B,2011-11,34.0,40.12834158420804,6.128341584208037,11-50,18.02453407120011,Low
84032A,2011-07,33.0,54.88554049283217,21.88554049283217,11-50,66.31981967524901,High
84032A,2011-08,91.0,69.18785891232828,21.81214108767172,51-100,23.969385810628264,Moderate
84032A,2011-09,91.0,112.202681507452,21.202681507452013,51-100,23.299650008189023,Moderate
84032A,2011-10,162.0,145.04118714507908,16.95881285492092,101-500,10.468402996864766,Low
84032A,2011-11,152.0,98.01612741144696,53.98387258855303,101-500,35.515705650363834,Moderate
84032B,2011-07,13.0,31.92004762515584,18.92004762515584,11-50,145.53882788581413,High
84032B,2011-08,51.0,31.07794338272717,19.92205661727283,51-100,39.06285611229966,Moderate
84032B,2011-09,74.0,73.77385493292932,0.226145067070675,51-100,0.30560144198739864,Low
84032B,2011-10,157.0,111.44939310617576,45.55060689382425,101-500,29.013125410079144,Moderate
84032B,2011-11,318.0,97.53664298396303,220.46335701603695,101-500,69.32809969057766,High
84050,2011-07,197.0,156.89038210697433,40.10961789302567,101-500,20.36021212843943,Moderate
84050,2011-08,52.0,180.18492269139557,128.18492269139554,51-100,246.5094667142222,High
84050,2011-09,297.0,118.07261858624658,178.92738141375344,101-500,60.24490956692035,High
84050,2011-10,46.0,250.8406030371619,204.8406030371619,11-50,445.3056587764389,High
84051,2011-07,2.0,57.95799612850213,55.95799612850213,0-10,2797.8998064251064,High
84051,2011-08,138.0,44.33246337765304,93.66753662234696,101-500,67.87502653793258,High
84051,2011-09,24.0,112.2718242138781,88.2718242138781,11-50,367.79926755782543,High
84051,2011-10,15.0,68.98579554895622,53.98579554895622,11-50,359.9053036597081,High
84051,2011-11,24.0,35.716267968730904,11.716267968730904,11-50,48.81778320304544,Moderate
84077,2011-07,2261.0,3894.056544894606,1633.0565448946058,1001-5000,72.22718022532534,High
84077,2011-08,3515.0,4555.301267069504,1040.3012670695043,1001-5000,29.596053117197847,Moderate
84077,2011-09,8084.0,3718.587405808992,4365.412594191008,5000+,54.00065059612825,High
84077,2011-10,4559.0,6690.238254946959,2131.2382549469594,1001-5000,46.74793276918095,Moderate
84077,2011-11,1367.0,3163.368202911127,1796.368202911127,1001-5000,131.40952471917532,High
84078A,2011-07,33.0,70.04009096597974,37.04009096597974,11-50,112.24269989690832,High
84078A,2011-08,7.0,73.56002157541299,66.56002157541299,0-10,950.8574510773284,High
84078A,2011-09,21.0,29.928299735018733,8.928299735018733,11-50,42.515713023898726,Moderate
84078A,2011-10,27.0,56.1405845239786,29.140584523978603,11-50,107.92809082955037,High
84078A,2011-11,4.0,32.80487954950077,28.804879549500768,0-10,720.1219887375192,High
84086C,2011-10,65.0,32.818781055306346,32.181218944693654,51-100,49.50956760722101,Moderate
84192,2011-07,1.0,47.10729597123951,46.10729597123951,0-10,4610.729597123951,High
84192,2011-08,0.0,42.87327753104866,42.87327753104866,0-10,,
84192,2011-11,5.0,41.35052892865999,36.35052892865999,0-10,727.0105785731997,High
84199,2011-09,13.0,44.594548741437,31.594548741437,11-50,243.03499031874614,High
84199,2011-10,48.0,45.15866666832712,2.841333331672878,11-50,5.919444440985163,Low
84199,2011-11,5.0,35.02828863010708,30.02828863010708,0-10,600.5657726021417,High
84212,2011-07,612.0,1274.6093457631157,662.6093457631155,501-1000,108.26950094168552,High
84212,2011-08,1512.0,847.5365781104846,664.4634218895154,1001-5000,43.94599351121134,Moderate
84212,2011-09,534.0,846.0325680136608,312.0325680136608,501-1000,58.43306517109753,High
84212,2011-10,565.0,1056.4526306094076,491.4526306094076,501-1000,86.98276647954117,High
84212,2011-11,48.0,464.6889757186591,416.6889757186591,11-50,868.1020327472064,High
84247E,2011-08,29.0,30.07356861521602,1.0735686152160184,11-50,3.701960742124202,Low
84247E,2011-09,56.0,45.42597554892214,10.57402445107786,51-100,18.88218651978189,Low
84247E,2011-10,19.0,78.10191510793655,59.10191510793655,11-50,311.06271109440286,High
84247E,2011-11,3.0,40.67484012652078,37.67484012652078,0-10,1255.8280042173592,High
84247N,2011-07,1.0,23.662915311205,22.662915311205,0-10,2266.2915311205,High
84247N,2011-08,3.0,23.662915311205,20.662915311205,0-10,688.7638437068333,High
84247N,2011-09,3.0,23.662915311205,20.662915311205,0-10,688.7638437068333,High
84247N,2011-10,4.0,23.662915311205,19.662915311205,0-10,491.57288278012504,High
84249A,2011-07,25.0,59.43580519621113,34.43580519621113,11-50,137.7432207848445,High
84249A,2011-08,1.0,61.7334619622918,60.7334619622918,0-10,6073.346196229179,High
84249A,2011-09,3.0,47.07767581774337,44.07767581774337,0-10,1469.2558605914455,High
84249A,2011-10,1.0,36.86889358311649,35.86889358311649,0-10,3586.8893583116487,High
84249A,2011-11,1.0,23.03651110011118,22.03651110011118,0-10,2203.651110011118,High
84251B,2011-07,48.0,77.55893318218641,29.558933182186408,11-50,61.58111079622168,High
84251B,2011-08,1.0,75.01815904961427,74.01815904961427,0-10,7401.815904961427,High
84251C,2011-07,2.0,39.64372617670296,37.64372617670296,0-10,1882.186308835148,High
84251G,2011-07,0.0,91.69796255952583,91.69796255952583,0-10,,
84251G,2011-10,1.0,67.57999733941274,66.57999733941274,0-10,6657.999733941274,High
84251G,2011-11,36.0,42.82859011961936,6.828590119619356,11-50,18.968305887831548,Low
84279P,2011-07,53.0,43.2806205652566,9.719379434743402,51-100,18.338451763666797,Low
84279P,2011-08,28.0,73.33160616327504,45.33160616327504,11-50,161.898593440268,High
84279P,2011-09,36.0,76.89322943539203,40.89322943539203,11-50,113.59230398720008,High
84279P,2011-10,48.0,45.723265949176586,2.276734050823414,11-50,4.743195939215447,Low
84279P,2011-11,6.0,46.651039620180605,40.651039620180605,0-10,677.5173270030101,High
84341B,2011-08,290.0,97.4217936475312,192.5782063524688,101-500,66.40627805257544,High
84341B,2011-09,107.0,192.77818179608445,85.77818179608443,101-500,80.16652504306956,High
84341B,2011-10,4.0,129.22628508390662,125.22628508390662,0-10,3130.6571270976656,High
84347,2011-07,116.0,93.31571085016196,22.68428914983804,101-500,19.555421680894863,Low
84347,2011-08,764.0,120.10609657121962,643.8939034287804,501-1000,84.27930673151576,High
84347,2011-09,2003.0,538.6736636894533,1464.3263363105466,1001-5000,73.1066568302819,High
84347,2011-10,3064.0,1911.702944021953,1152.297055978047,1001-5000,37.60760626560206,Moderate
84347,2011-11,891.0,1437.0705465265912,546.0705465265912,501-1000,61.28737895921338,High
84352,2011-08,3.0,18.880484830624948,15.880484830624948,0-10,529.3494943541649,High
84356,2011-07,21.0,50.98622261644805,29.986222616448053,11-50,142.79153626880026,High
84356,2011-08,12.0,50.51294144119326,38.51294144119326,11-50,320.94117867661055,High
84356,2011-09,4.0,27.391124391989,23.391124391989,0-10,584.778109799725,High
84356,2011-10,36.0,26.344054625161487,9.655945374838511,11-50,26.82207048566253,Moderate
84356,2011-11,20.0,33.71844619891272,13.718446198912725,11-50,68.59223099456362,High
84358,2011-07,5.0,18.880484830624948,13.880484830624948,0-10,277.60969661249896,High
84360,2011-10,5.0,18.880484830624948,13.880484830624948,0-10,277.60969661249896,High
84360,2011-11,2.0,13.371347529813546,11.371347529813546,0-10,568.5673764906772,High
84375,2011-07,168.0,150.44020702209627,17.559792977903726,101-500,10.452257724942694,Low
84375,2011-08,351.0,226.826384438551,124.173615561449,101-500,35.37709845055527,Moderate
84375,2011-09,357.0,296.4832571147396,60.51674288526044,101-500,16.95146859531105,Low
84375,2011-10,606.0,370.2642988308598,235.7357011691402,501-1000,38.900280720980234,Moderate
84375,2011-11,153.0,241.2097044261761,88.2097044261761,101-500,57.65340158573602,High
84378,2011-07,172.0,471.89864734783833,299.89864734783833,101-500,174.3596786906037,High
84378,2011-08,246.0,288.260553009675,42.26055300967499,101-500,17.179086589298777,Low
84378,2011-09,635.0,311.310928059604,323.689071940396,501-1000,50.97465699848755,High
84378,2011-10,1390.0,615.531214666094,774.468785333906,1001-5000,55.717178801000436,High
84378,2011-11,182.0,526.4701955420743,344.4701955420743,101-500,189.26933820993094,High
84380,2011-07,465.0,384.0441346016878,80.9558653983122,101-500,17.409863526518752,Low
84380,2011-08,289.0,474.8329919876426,185.83299198764257,101-500,64.30207335212546,High
84380,2011-09,734.0,369.418821170976,364.58117882902405,501-1000,49.67046033092971,Moderate
84380,2011-10,503.0,616.2024355404822,113.20243554048216,501-1000,22.5054543818056,Moderate
84380,2011-11,173.0,238.59228914544423,65.59228914544425,101-500,37.91461800314696,Moderate
84406B,2011-07,327.0,114.6500749778826,212.34992502211745,101-500,64.93881499147322,High
84406B,2011-08,68.0,237.05779582663965,169.05779582663965,51-100,248.61440562741123,High
84406B,2011-09,72.0,110.91706978557605,38.91706978557603,51-100,54.05148581330005,High
84406B,2011-10,79.0,116.49249422557205,37.49249422557203,51-100,47.458853450091176,Moderate
84406B,2011-11,33.0,71.52873447810379,38.528734478103786,11-50,116.75374084273875,High
84429A,2011-07,5.0,23.78987073457604,18.78987073457604,0-10,375.7974146915208,High
84429A,2011-08,0.0,23.662915311205,23.662915311205,0-10,,
84429A,2011-11,2.0,17.269329614920636,15.269329614920636,0-10,763.4664807460318,High
84459A,2011-07,6.0,32.49095216579853,26.49095216579853,0-10,441.51586942997545,High
84459A,2011-08,0.0,25.02738237126197,25.02738237126197,0-10,,
84507B,2011-07,6.0,24.672983338771957,18.672983338771957,0-10,311.2163889795326,High
84507B,2011-08,2.0,24.79393998447,22.79393998447,0-10,1139.6969992235,High
84507C,2011-07,2.0,30.07356861521602,28.07356861521602,0-10,1403.678430760801,High
84507C,2011-08,0.0,23.662915311205,23.662915311205,0-10,,
84508A,2011-07,253.0,167.15777149597173,85.84222850402827,101-500,33.929734586572444,Moderate
84508A,2011-08,241.0,144.8523470473236,96.1476529526764,101-500,39.89529168160846,Moderate
84508B,2011-07,0.0,23.662915311205,23.662915311205,0-10,,
84508B,2011-10,8.0,23.662915311205,15.662915311205,0-10,195.7864413900625,High
84508C,2011-07,1.0,23.662915311205,22.662915311205,0-10,2266.2915311205,High
84508C,2011-08,6.0,23.662915311205,17.662915311205,0-10,294.38192185341666,High
84508C,2011-09,7.0,19.32134866516658,12.321348665166578,0-10,176.01926664523683,High
84508C,2011-10,19.0,23.662915311205,4.662915311205001,11-50,24.5416595326579,Moderate
84509A,2011-07,33.0,86.73926274968703,53.73926274968703,11-50,162.84625075662734,High
84509A,2011-08,55.0,83.41180905315623,28.411809053156237,51-100,51.65783464210225,High
84509A,2011-09,80.0,87.05718141597556,7.057181415975563,51-100,8.821476769969454,Low
84509A,2011-10,78.0,100.3930254790412,22.393025479041214,51-100,28.709007024411815,Moderate
84509A,2011-11,7.0,64.58843424978623,57.58843424978623,0-10,822.6919178540891,High
84509B,2011-07,10.0,50.21410972340527,40.21410972340527,0-10,402.1410972340528,High
84509B,2011-08,12.0,30.07356861521602,18.07356861521602,11-50,150.61307179346682,High
84509B,2011-09,11.0,30.23752577784761,19.23752577784761,11-50,174.8865979804328,High
84509B,2011-10,26.0,29.63131984556173,3.631319845561734,11-50,13.966614790622053,Low
84509B,2011-11,9.0,40.23442259007483,31.23442259007483,0-10,347.0491398897203,High
84509C,2011-07,10.0,32.06381945887461,22.06381945887461,0-10,220.6381945887461,High
84509C,2011-08,2.0,30.07356861521602,28.07356861521602,0-10,1403.678430760801,High
84509C,2011-09,10.0,29.190456011020103,19.190456011020103,0-10,191.90456011020103,High
84509C,2011-10,10.0,23.220666541550717,13.220666541550711,0-10,132.20666541550713,High
84509C,2011-11,2.0,22.06741029010138,20.06741029010138,0-10,1003.3705145050691,High
84509E,2011-07,0.0,23.662915311205,23.662915311205,0-10,,
84509G,2011-08,12.0,24.715831801730516,12.715831801730513,11-50,105.96526501442094,High
84509G,2011-09,10.0,24.3909904007267,14.3909904007267,0-10,143.909904007267,High
84509G,2011-10,18.0,26.203071397623503,8.203071397623503,11-50,45.57261887568613,Moderate
84509G,2011-11,22.0,26.957446874672318,4.957446874672314,11-50,22.5338494303287,Moderate
84509a,2011-07,10.0,25.29113813463597,15.291138134635968,0-10,152.9113813463597,High
84509a,2011-08,6.0,19.32134866516658,13.321348665166578,0-10,222.0224777527763,High
84509a,2011-09,7.0,25.7320019691776,18.7320019691776,0-10,267.60002813110856,High
84509a,2011-10,10.0,19.32134866516658,9.321348665166578,0-10,93.21348665166578,High
84509a,2011-11,12.0,16.39555283484141,4.395552834841411,11-50,36.62960695701176,Moderate
84509c,2011-07,4.0,18.880484830624948,14.880484830624948,0-10,372.0121207656237,High
84509c,2011-08,1.0,18.880484830624948,17.880484830624948,0-10,1788.0484830624948,High
84509c,2011-09,4.0,18.880484830624948,14.880484830624948,0-10,372.0121207656237,High
84509c,2011-10,4.0,18.880484830624948,14.880484830624948,0-10,372.0121207656237,High
84509c,2011-11,4.0,13.371347529813546,9.371347529813546,0-10,234.28368824533865,High
84510A,2011-07,63.0,102.80200281460073,39.80200281460071,51-100,63.17778224539795,High
84510A,2011-08,128.0,108.18856069221604,19.81143930778397,101-500,15.477686959206228,Low
84510A,2011-09,89.0,154.39389346475443,65.39389346475443,51-100,73.4762847918589,High
84510A,2011-10,129.0,123.7224425271868,5.2775574728132,101-500,4.0911298238862015,Low
84510A,2011-11,61.0,96.84970866693084,35.84970866693085,51-100,58.77001420808337,High
84510C,2011-07,23.0,25.67534341280964,2.6753434128096387,11-50,11.631927881781037,Low
84510C,2011-08,3.0,48.24058091518948,45.24058091518948,0-10,1508.0193638396495,High
84510C,2011-09,7.0,32.236806257093,25.236806257093,0-10,360.52580367275715,High
84510C,2011-10,7.0,36.8667716226564,29.8667716226564,0-10,426.66816603794854,High
84510C,2011-11,3.0,18.284178391005614,15.284178391005618,0-10,509.47261303352064,High
84510E,2011-09,2.0,24.84014187935909,22.84014187935909,0-10,1142.0070939679545,High
84510E,2011-10,10.0,36.86889358311649,26.86889358311649,0-10,268.6889358311649,High
84510E,2011-11,5.0,23.03651110011118,18.03651110011118,0-10,360.7302220022236,High
84510c,2011-07,3.0,23.662915311205,20.662915311205,0-10,688.7638437068333,High
84510c,2011-08,1.0,23.662915311205,22.662915311205,0-10,2266.2915311205,High
84510c,2011-09,2.0,23.662915311205,21.662915311205,0-10,1083.14576556025,High
84510c,2011-10,8.0,23.662915311205,15.662915311205,0-10,195.7864413900625,High
84510c,2011-11,3.0,16.09900575574465,13.099005755744647,0-10,436.6335251914882,High
84519A,2011-07,8.0,47.63254374969525,39.63254374969525,0-10,495.40679687119064,High
84519A,2011-08,27.0,31.126485105741544,4.126485105741544,11-50,15.283278169413125,Low
84519A,2011-09,5.0,45.98343013316653,40.98343013316653,0-10,819.6686026633305,High
84519A,2011-10,103.0,32.818781055306346,70.18121894469365,101-500,68.13710577154724,High
84519A,2011-11,13.0,63.99384615442599,50.99384615442599,11-50,392.2603550340461,High
84519B,2011-07,22.0,48.23874968198113,26.238749681981133,11-50,119.26704400900515,High
84519B,2011-08,20.0,49.97563714032968,29.97563714032968,11-50,149.87818570164842,High
84519B,2011-09,41.0,45.19333939540666,4.19333939540666,11-50,10.227657061967465,Low
84519B,2011-10,84.0,81.24226978951712,2.757730210482876,51-100,3.283012155336757,Low
84519B,2011-11,14.0,67.83051621202296,53.83051621202296,11-50,384.50368722873543,High
84522,2011-07,1.0,24.838019918899004,23.838019918899004,0-10,2383.8019918899004,High
84522,2011-08,0.0,23.662915311205,23.662915311205,0-10,,
84527,2011-07,0.0,32.818781055306346,32.818781055306346,0-10,,
84535B,2011-07,209.0,103.66552814957086,105.33447185042914,101-500,50.399268827956526,High
84535B,2011-08,86.0,155.56720744178716,69.56720744178716,51-100,80.8921016764967,High
84535B,2011-09,295.0,127.29850349089264,167.70149650910736,101-500,56.847964918341475,High
84535B,2011-10,166.0,228.2745229034928,62.27452290349282,101-500,37.51477283342941,Moderate
84535B,2011-11,7.0,119.84936054005058,112.84936054005058,0-10,1612.1337220007226,High
84536A,2011-07,319.0,305.15562693959635,13.844373060403656,101-500,4.3399288590607075,Low
84536A,2011-08,119.0,309.30716293774094,190.3071629377409,101-500,159.92198566196717,High
84536A,2011-09,372.0,230.2104959661829,141.78950403381714,101-500,38.11545807360675,Moderate
84536A,2011-10,543.0,323.26010214528515,219.73989785471483,501-1000,40.46775282775595,Moderate
84536A,2011-11,109.0,217.3343930974352,108.3343930974352,101-500,99.38935146553688,High
84536B,2011-07,79.0,390.2687227530124,311.2687227530124,51-100,394.0110414595094,High
84536B,2011-08,48.0,164.49169151178018,116.49169151178018,11-50,242.69102398287538,High
84536B,2011-09,453.0,264.4578790435538,188.54212095644615,101-500,41.62077725307862,Moderate
84536B,2011-10,159.0,380.90576875602096,221.90576875602096,101-500,139.56337657611382,High
84536B,2011-11,7.0,142.95020432943934,135.95020432943934,0-10,1942.145776134848,High
84549,2011-07,0.0,46.93161493535991,46.93161493535991,0-10,,
84558A,2011-07,56.0,56.75387210728672,0.7538721072867176,51-100,1.3462001915834243,Low
84558A,2011-08,7.0,78.70316871343987,71.70316871343987,0-10,1024.3309816205694,High
84558A,2011-09,45.0,47.23437491446998,2.2343749144699814,11-50,4.9652775877110695,Low
84558A,2011-10,49.0,50.59129703873085,1.5912970387308505,11-50,3.247544977001736,Low
84558A,2011-11,1.0,46.651039620180605,45.651039620180605,0-10,4565.103962018061,High
84559A,2011-07,27.0,72.09574517957792,45.09574517957792,11-50,167.02127844288117,High
84559A,2011-08,7.0,79.49243223532098,72.49243223532098,0-10,1035.6061747902997,High
84559A,2011-09,67.0,47.07767581774337,19.92232418225663,51-100,29.73481221232333,Moderate
84559A,2011-10,72.0,89.03487843191148,17.03487843191148,51-100,23.65955337765483,Moderate
84559A,2011-11,10.0,56.67495920988019,46.67495920988019,0-10,466.7495920988019,High
84559B,2011-07,38.0,40.65379420426992,2.6537942042699143,11-50,6.983668958605039,Low
84559B,2011-08,6.0,55.182911411665295,49.182911411665295,0-10,819.7151901944216,High
84559B,2011-09,13.0,55.60805611209916,42.60805611209916,11-50,327.7542777853782,High
84559B,2011-10,1.0,39.00628495292589,38.00628495292589,0-10,3800.628495292589,High
84559b,2011-07,1.0,23.662915311205,22.662915311205,0-10,2266.2915311205,High
84559b,2011-08,1.0,23.662915311205,22.662915311205,0-10,2266.2915311205,High
84568,2011-07,467.0,848.6879880961087,381.6879880961087,101-500,81.73190323257145,High
84568,2011-08,1550.0,948.3304739833592,601.6695260166409,1001-5000,38.81738877526716,Moderate
84568,2011-09,53.0,1343.995203382536,1290.995203382536,51-100,2435.840006382143,High
84568,2011-10,1076.0,1086.1842544367353,10.184254436735271,1001-5000,0.946492048023724,Low
84568,2011-11,146.0,447.240581623698,301.240581623698,101-500,206.32916549568358,High
84569A,2011-07,32.0,69.83327802386593,37.83327802386593,11-50,118.22899382458102,High
84569A,2011-08,12.0,67.36087429221072,55.36087429221072,11-50,461.3406191017559,High
84569A,2011-09,12.0,46.506655181875146,34.506655181875146,11-50,287.5554598489595,High
84569A,2011-10,12.0,32.303711673895656,20.303711673895656,11-50,169.1975972824638,High
84569A,2011-11,2.0,29.92906025877951,27.92906025877951,0-10,1396.4530129389755,High
84569D,2011-07,49.0,90.05275666752358,41.05275666752358,11-50,83.78113605617058,High
84569D,2011-08,8.0,75.06398805052585,67.06398805052585,0-10,838.2998506315731,High
84569D,2011-09,4.0,47.71385934195392,43.71385934195392,0-10,1092.846483548848,High
84569D,2011-10,25.0,27.13011178913449,2.1301117891344887,11-50,8.520447156537955,Low
84569D,2011-11,1.0,36.40340942552747,35.40340942552747,0-10,3540.340942552747,High
84580,2011-07,25.0,54.70355226360327,29.70355226360327,11-50,118.81420905441308,High
84580,2011-08,20.0,67.31952729787373,47.31952729787373,11-50,236.59763648936863,High
84580,2011-09,56.0,47.32345126519974,8.676548734800257,51-100,15.49383702642903,Low
84580,2011-10,70.0,76.23358349348202,6.233583493482016,51-100,8.90511927640288,Low
84580,2011-11,17.0,60.996778544428416,43.996778544428416,11-50,258.8045796731083,High
84581,2011-07,2.0,30.029488680787008,28.029488680787008,0-10,1401.4744340393504,High
84581,2011-08,14.0,29.190456011020103,15.190456011020103,11-50,108.50325722157217,High
84581,2011-09,35.0,26.80636808607464,8.193631913925358,11-50,23.4103768969296,Moderate
84581,2011-10,30.0,67.31952729787373,37.31952729787373,11-50,124.39842432624575,High
84581,2011-11,6.0,42.59820605200875,36.59820605200875,0-10,609.9701008668125,High
84592,2011-07,0.0,23.220666541550717,23.220666541550717,0-10,,
84592,2011-10,13.0,19.32134866516658,6.321348665166578,11-50,48.62575896281983,Moderate
84595E,2011-07,1.0,54.65082861581605,53.65082861581605,0-10,5365.082861581605,High
84596B,2011-07,412.0,523.9495481751419,111.9495481751419,101-500,27.172220430859685,Moderate
84596B,2011-08,399.0,462.05647427542095,63.05647427542095,101-500,15.803627637950113,Low
84596B,2011-09,411.0,510.0910009235236,99.0910009235236,101-500,24.10973258479893,Moderate
84596B,2011-10,597.0,518.4001962092857,78.5998037907143,501-1000,13.16579627985164,Low
84596B,2011-11,143.0,234.0913329043934,91.0913329043934,101-500,63.7002328002751,High
84596F,2011-07,205.0,377.157083400002,172.15708340000197,101-500,83.97906507317168,High
84596F,2011-08,224.0,322.08772097716815,98.08772097716816,101-500,43.7891611505215,Moderate
84596F,2011-09,336.0,339.10533534858394,3.1053353485839352,101-500,0.9242069489833141,Low
84596F,2011-10,461.0,420.2386924396476,40.76130756035241,101-500,8.841932225672974,Low
84596F,2011-11,142.0,206.447218461176,64.44721846117602,101-500,45.385365113504236,Moderate
84596G,2011-07,100.0,223.88763852230963,123.88763852230964,51-100,123.88763852230964,High
84596G,2011-08,147.0,177.3615774230658,30.3615774230658,101-500,20.654134301405307,Moderate
84596G,2011-09,138.0,194.70301276391984,56.70301276391984,101-500,41.08913968399988,Moderate
84596G,2011-10,140.0,194.84419083614472,54.84419083614472,101-500,39.174422025817655,Moderate
84596G,2011-11,32.0,108.48031381533562,76.48031381533562,11-50,239.00098067292382,High
84596L,2011-07,56.0,221.9007922250814,165.9007922250814,51-100,296.25141468764537,High
84596L,2011-08,60.0,140.5955597000779,80.5955597000779,51-100,134.32593283346316,High
84598,2011-07,99.0,82.14673970400311,16.85326029599689,51-100,17.02349524848171,Low
84598,2011-08,65.0,144.83363688828433,79.83363688828433,51-100,122.82097982812974,High
84598,2011-09,42.0,117.2151956890464,75.2151956890464,11-50,179.08379925963428,High
84598,2011-10,424.0,94.92371058793672,329.07628941206326,101-500,77.6123324085055,High
84598,2011-11,24.0,175.43164350410464,151.43164350410464,11-50,630.9651812671027,High
84600,2011-07,2.0,18.880484830624948,16.880484830624948,0-10,844.0242415312474,High
84600,2011-08,8.0,18.880484830624948,10.880484830624948,0-10,136.00606038281185,High
84600,2011-09,11.0,19.32134866516658,8.321348665166578,11-50,75.64862422878707,High
84600,2011-10,14.0,23.474851187154677,9.474851187154671,11-50,67.67750847967623,High
84600,2011-11,6.0,22.069343678306,16.069343678305998,0-10,267.8223946384333,High
84609,2011-09,24.0,21.333776766771223,2.666223233228777,11-50,11.109263471786573,Low
84609,2011-10,32.0,43.89901426915106,11.89901426915106,11-50,37.18441959109706,Moderate
84609,2011-11,4.0,39.8159598131399,35.8159598131399,0-10,895.3989953284974,High
84616,2011-09,6.0,18.880484830624948,12.880484830624948,0-10,214.67474717708245,High
84616,2011-10,1.0,19.32134866516658,18.32134866516658,0-10,1832.134866516658,High
84625A,2011-07,25.0,54.772555932334406,29.77255593233441,11-50,119.09022372933764,High
84625A,2011-08,76.0,68.414774913088,7.585225086912004,51-100,9.980559324884215,Low
84625A,2011-09,2.0,73.78875331267497,71.78875331267497,0-10,3589.4376656337486,High
84625A,2011-10,1.0,60.44035318638146,59.44035318638146,0-10,5944.035318638145,High
84625A,2011-11,24.0,24.568912018120635,0.5689120181206349,11-50,2.370466742169312,Low
84625C,2011-07,28.0,71.93173680246413,43.93173680246413,11-50,156.89906000880046,High
84625C,2011-08,73.0,68.414774913088,4.585225086912004,51-100,6.281130256043841,Low
84625C,2011-09,1.0,68.52049316676181,67.52049316676181,0-10,6752.049316676181,High
84637,2011-07,12.0,50.98622261644805,38.98622261644805,11-50,324.88518847040046,High
84637,2011-08,9.0,46.912319544327545,37.912319544327545,0-10,421.2479949369727,High
84638,2011-07,1.0,21.294764818028927,20.294764818028927,0-10,2029.4764818028927,High
84638,2011-08,0.0,18.880484830624948,18.880484830624948,0-10,,
84658,2011-10,2.0,25.7320019691776,23.7320019691776,0-10,1186.60009845888,High
84658,2011-11,6.0,19.78200083382456,13.782000833824558,0-10,229.70001389707596,High
84659A,2011-07,22.0,61.33986812788779,39.33986812788779,11-50,178.81758239948994,High
84659A,2011-08,10.0,75.2683081786465,65.2683081786465,0-10,652.6830817864651,High
84659A,2011-09,18.0,31.126485105741544,13.126485105741544,11-50,72.92491725411969,High
84659A,2011-10,13.0,37.38999788360179,24.389997883601787,11-50,187.61536833539836,High
84660A,2011-07,303.0,72.39235617649004,230.60764382351,101-500,76.1081332750858,High
84660A,2011-08,282.0,173.27315554046655,108.72684445953344,101-500,38.55561860267143,Moderate
84660A,2011-09,17.0,202.2810959165096,185.2810959165096,11-50,1089.8887995088799,High
84660B,2011-07,163.0,136.5286567951557,26.47134320484429,101-500,16.240087855732693,Low
84660B,2011-08,86.0,133.72307039203827,47.72307039203827,51-100,55.49194231632356,High
84660C,2011-08,43.0,145.12457226580804,102.12457226580804,11-50,237.499005269321,High
84660c,2011-07,3.0,18.880484830624948,15.880484830624948,0-10,529.3494943541649,High
84661A,2011-07,0.0,30.07356861521602,30.07356861521602,0-10,,
84661A,2011-10,2.0,23.662915311205,21.662915311205,0-10,1083.14576556025,High
84661A,2011-11,64.0,16.09900575574465,47.90099424425535,51-100,74.84530350664899,High
84661B,2011-07,0.0,25.19408269441306,25.19408269441306,0-10,,
84661B,2011-10,35.0,38.05247889203013,3.0524788920301305,11-50,8.72136826294323,Low
84661B,2011-11,17.0,48.183203470847616,31.183203470847616,11-50,183.43060865204478,High
84663A,2011-07,0.0,115.9812986581799,115.9812986581799,0-10,,
84665,2011-07,4.0,29.530130899793463,25.530130899793463,0-10,638.2532724948366,High
84665,2011-08,8.0,24.884868778557102,16.884868778557106,0-10,211.06085973196383,High
84665,2011-09,0.0,19.32134866516658,19.32134866516658,0-10,,
84673A,2011-07,5.0,72.09574517957792,67.09574517957792,0-10,1341.9149035915584,High
84673A,2011-08,1.0,54.80333097606388,53.80333097606388,0-10,5380.333097606388,High
84673A,2011-09,2.0,45.64746523196252,43.64746523196252,0-10,2182.373261598126,High
84673A,2011-10,4.0,44.594548741437,40.594548741437,0-10,1014.863718535925,High
84673B,2011-07,6.0,76.67271284365584,70.67271284365584,0-10,1177.8785473942642,High
84673B,2011-08,0.0,52.05811853597356,52.05811853597356,0-10,,
84673B,2011-11,1.0,34.81188966763152,33.81188966763152,0-10,3381.1889667631517,High
84674,2011-07,8.0,29.63131984556173,21.63131984556173,0-10,270.3914980695216,High
84674,2011-08,4.0,30.07356861521602,26.07356861521602,0-10,651.8392153804004,High
84674,2011-09,11.0,25.19408269441306,14.194082694413058,11-50,129.03711540375508,High
84674,2011-10,5.0,24.22703323809511,19.22703323809511,0-10,384.54066476190224,High
84674,2011-11,2.0,22.509659059755663,20.509659059755663,0-10,1025.4829529877832,High
84687,2011-07,15.0,25.7320019691776,10.7320019691776,11-50,71.54667979451735,High
84687,2011-08,0.0,21.333776766771223,21.333776766771223,0-10,,
84692,2011-07,455.0,660.1145861580865,205.11458615808647,101-500,45.08012882595307,Moderate
84692,2011-08,728.0,546.6545023927765,181.34549760722348,501-1000,24.91009582516806,Moderate
84692,2011-09,612.0,748.0803974377145,136.0803974377145,501-1000,22.235359058450083,Moderate
84692,2011-10,775.0,697.9962321007379,77.00376789926213,501-1000,9.935970051517694,Low
84692,2011-11,219.0,430.69562652779774,211.6956265277977,101-500,96.66466964739622,High
84706F,2011-10,4.0,23.662915311205,19.662915311205,0-10,491.57288278012504,High
84707A,2011-07,0.0,18.880484830624948,18.880484830624948,0-10,,
84707A,2011-10,10.0,20.894622108085866,10.894622108085862,0-10,108.94622108085863,High
84707A,2011-11,32.0,16.39555283484141,15.60444716515859,11-50,48.763897391120594,Moderate
84707B,2011-10,0.0,18.880484830624948,18.880484830624948,0-10,,
84708B,2011-07,4.0,19.890552858191903,15.890552858191906,0-10,397.26382145479766,High
84708B,2011-08,4.0,18.880484830624948,14.880484830624948,0-10,372.0121207656237,High
84708B,2011-09,4.0,18.880484830624948,14.880484830624948,0-10,372.0121207656237,High
84708B,2011-10,14.0,18.880484830624948,4.880484830624948,11-50,34.860605933035345,Moderate
84708B,2011-11,5.0,18.84428969538902,13.84428969538902,0-10,276.8857939077804,High
84711A,2011-10,2.0,18.880484830624948,16.880484830624948,0-10,844.0242415312474,High
84711A,2011-11,1.0,13.371347529813546,12.371347529813546,0-10,1237.1347529813545,High
84711B,2011-07,0.0,19.32134866516658,19.32134866516658,0-10,,
84711B,2011-10,3.0,18.880484830624948,15.880484830624948,0-10,529.3494943541649,High
84711B,2011-11,1.0,13.371347529813546,12.371347529813546,0-10,1237.1347529813545,High
84712B,2011-07,1.0,18.880484830624948,17.880484830624948,0-10,1788.0484830624948,High
84712B,2011-08,2.0,18.880484830624948,16.880484830624948,0-10,844.0242415312474,High
84712B,2011-09,1.0,18.880484830624948,17.880484830624948,0-10,1788.0484830624948,High
84712B,2011-10,8.0,18.880484830624948,10.880484830624948,0-10,136.00606038281185,High
84725,2011-07,1.0,31.67957669914906,30.67957669914906,0-10,3067.957669914906,High
84725,2011-08,29.0,43.70832840290643,14.708328402906432,11-50,50.71837380312563,High
84744,2011-08,2.0,36.86889358311649,34.86889358311649,0-10,1743.4446791558244,High
84744,2011-09,2.0,36.86889358311649,34.86889358311649,0-10,1743.4446791558244,High
84744,2011-10,1.0,36.86889358311649,35.86889358311649,0-10,3586.8893583116487,High
84748,2011-07,0.0,60.89761935823351,60.89761935823351,0-10,,
84754,2011-07,48.0,23.662915311205,24.337084688795,11-50,50.70225976832291,High
84754,2011-08,82.0,55.50823157824705,26.49176842175295,51-100,32.30703466067433,Moderate
84755,2011-07,1640.0,1726.4158314495187,86.41583144951869,1001-5000,5.269258015214554,Low
84755,2011-08,1264.0,1545.8152814912428,281.8152814912428,1001-5000,22.295512776205918,Moderate
84755,2011-09,716.0,1820.721582609732,1104.7215826097315,501-1000,154.2907238281748,High
84755,2011-10,904.0,1053.630491851424,149.63049185142404,501-1000,16.552045558785842,Low
84755,2011-11,164.0,644.5876381195984,480.5876381195984,101-500,293.0412427558527,High
84792,2011-07,40.0,54.6659896534945,14.6659896534945,11-50,36.66497413373625,Moderate
84792,2011-08,46.0,73.29956737872443,27.299567378724436,11-50,59.34688560592269,High
84792,2011-09,85.0,77.94717918406879,7.052820815931213,51-100,8.29743625403672,Low
84792,2011-10,103.0,98.76810422229568,4.23189577770431,101-500,4.108636677382825,Low
84792,2011-11,21.0,81.03123789623012,60.03123789623013,11-50,285.86303760109587,High
84795B,2011-07,14.0,45.32509711395132,31.325097113951315,11-50,223.75069367108082,High
84795B,2011-08,0.0,30.978441074508005,30.978441074508005,0-10,,
84795b,2011-08,1.0,18.880484830624948,17.880484830624948,0-10,1788.0484830624948,High
84795b,2011-09,0.0,18.880484830624948,18.880484830624948,0-10,,
84796A,2011-07,9.0,46.314791847021134,37.314791847021134,0-10,414.60879830023487,High
84796A,2011-08,0.0,28.875383244493204,28.875383244493204,0-10,,
84796B,2011-07,27.0,80.34753560325468,53.34753560325469,11-50,197.5834651972396,High
84796B,2011-08,1.0,73.56002157541299,72.56002157541299,0-10,7256.002157541299,High
84796B,2011-09,0.0,29.089267065251835,29.089267065251835,0-10,,
84796a,2011-07,7.0,20.05558943831896,13.05558943831896,0-10,186.5084205474137,High
84804A,2011-09,0.0,32.818781055306346,32.818781055306346,0-10,,
84804B,2011-08,3.0,48.24058091518948,45.24058091518948,0-10,1508.0193638396495,High
84804B,2011-09,0.0,32.818781055306346,32.818781055306346,0-10,,
84806B,2011-07,3.0,76.07745373472778,73.07745373472778,0-10,2435.915124490926,High
84806B,2011-08,11.0,59.74960276909117,48.74960276909117,11-50,443.17820699173785,High
84806B,2011-09,54.0,38.27466201072578,15.725337989274225,51-100,29.120996276433747,Moderate
84806B,2011-10,3.0,65.17567062920325,62.17567062920325,0-10,2072.522354306775,High
84806B,2011-11,24.0,45.917220286085865,21.917220286085865,11-50,91.32175119202444,High
84813,2011-07,40.0,20.894622108085866,19.105377891914134,11-50,47.763444729785334,Moderate
84813,2011-08,4.0,43.89901426915106,39.89901426915106,0-10,997.4753567287765,High
84813,2011-09,2.0,40.12178647073416,38.12178647073416,0-10,1906.089323536708,High
84813,2011-10,16.0,19.93340132115047,3.9334013211504697,11-50,24.583758257190436,Moderate
84813,2011-11,29.0,20.63984206910548,8.360157930894523,11-50,28.828130796188013,Moderate
84816,2011-07,2.0,18.880484830624948,16.880484830624948,0-10,844.0242415312474,High
84817,2011-07,20.0,41.49967738374909,21.499677383749088,11-50,107.49838691874545,High
84817,2011-08,6.0,44.62231875953844,38.62231875953844,0-10,643.705312658974,High
84817,2011-09,14.0,31.126485105741544,17.126485105741544,11-50,122.33203646958246,High
84817,2011-10,19.0,25.67534341280964,6.675343412809639,11-50,35.133386383208624,Moderate
84817,2011-11,211.0,28.773171837615887,182.22682816238407,101-500,86.36342566937634,High
84818,2011-07,397.0,159.7450118055462,237.2549881944538,101-500,59.76196176182715,High
84818,2011-08,251.0,262.7150136539174,11.715013653917424,101-500,4.667336117098576,Low
84818,2011-09,11.0,242.36595376444237,231.36595376444237,11-50,2103.3268524040213,High
84819,2011-07,6.0,24.144269767066064,18.144269767066064,0-10,302.40449611776774,High
84819,2011-08,1.0,23.220666541550717,22.220666541550717,0-10,2222.066654155072,High
84819,2011-09,6.0,22.77980270700908,16.779802707009082,0-10,279.6633784501514,High
84819,2011-10,11.0,23.220666541550717,12.220666541550711,11-50,111.09696855955191,High
84819,2011-11,218.0,16.220874912980477,201.7791250870195,101-500,92.55923169129335,High
84820,2011-09,4.0,18.880484830624948,14.880484830624948,0-10,372.0121207656237,High
84820,2011-10,2.0,18.880484830624948,16.880484830624948,0-10,844.0242415312474,High
84820,2011-11,52.0,13.371347529813546,38.62865247018645,51-100,74.28587013497395,High
84821,2011-07,24.0,60.8002722562681,36.8002722562681,11-50,153.33446773445044,High
84821,2011-08,12.0,59.85434218109221,47.85434218109221,11-50,398.78618484243503,High
84821,2011-09,29.0,47.07767581774337,18.07767581774337,11-50,62.33681316463231,High
84821,2011-10,29.0,59.85434218109221,30.854342181092207,11-50,106.39428338307657,High
84821,2011-11,52.0,47.44804254288714,4.551957457112856,51-100,8.753764340601645,Low
84826,2011-07,72.0,44.97738237494272,27.02261762505728,51-100,37.531413368135105,Moderate
84826,2011-08,0.0,71.82124017542853,71.82124017542853,0-10,,
84826,2011-11,92.0,29.605012974933462,62.39498702506654,51-100,67.8206380707245,High
84828,2011-07,20.0,156.03764512342775,136.03764512342775,11-50,680.1882256171388,High
84828,2011-08,13.0,94.95502550141995,81.95502550141997,11-50,630.4232730878459,High
84828,2011-09,29.0,42.22045979397441,13.220459793974412,11-50,45.587792393015214,Moderate
84828,2011-10,42.0,53.97240594865449,11.97240594865449,11-50,28.505728449177358,Moderate
84828,2011-11,32.0,42.15730551723746,10.15730551723746,11-50,31.741579741367058,Moderate
84832,2011-07,150.0,124.48745032481496,25.51254967518504,101-500,17.008366450123358,Low
84832,2011-08,365.0,162.7938303997393,202.2061696002607,101-500,55.398950575413885,High
84832,2011-09,598.0,297.63848067246045,300.36151932753955,501-1000,50.227678817314306,High
84832,2011-10,625.0,433.8208534239586,191.17914657604135,501-1000,30.588663452166614,Moderate
84832,2011-11,169.0,241.8093451159452,72.80934511594518,101-500,43.08245273132851,Moderate
84836,2011-07,535.0,375.9131951292952,159.08680487070484,501-1000,29.735851377701838,Moderate
84836,2011-08,527.0,423.0474543890927,103.9525456109073,501-1000,19.725340723132316,Low
84836,2011-09,911.0,542.7764471149546,368.22355288504536,501-1000,40.41970942755712,Moderate
84836,2011-10,781.0,790.1342196052165,9.134219605216458,501-1000,1.1695543668651034,Low
84836,2011-11,69.0,384.6824045654761,315.68240456547613,51-100,457.51073125431327,High
84842,2011-08,0.0,22.77980270700908,22.77980270700908,0-10,,
84843,2011-07,9.0,18.880484830624948,9.880484830624948,0-10,109.78316478472163,High
84843,2011-08,44.0,20.894622108085866,23.105377891914134,11-50,52.51222248162303,High
84843,2011-09,25.0,49.016025214838095,24.01602521483809,11-50,96.06410085935237,High
84843,2011-10,28.0,52.41390516632894,24.413905166328934,11-50,87.19251845117476,High
84843,2011-11,4.0,40.21412864836517,36.21412864836517,0-10,905.3532162091292,High
84846A,2011-08,0.0,23.662915311205,23.662915311205,0-10,,
84847,2011-07,1.0,23.220666541550717,22.220666541550717,0-10,2222.066654155072,High
84849A,2011-07,31.0,48.638749750414746,17.638749750414746,11-50,56.899192743273375,High
84849A,2011-08,33.0,48.638749750414746,15.638749750414746,11-50,47.39015075883257,Moderate
84849A,2011-09,1.0,50.064832595215,49.064832595215,0-10,4906.4832595215,High
84849A,2011-10,9.0,33.87169754583188,24.87169754583188,0-10,276.3521949536875,High
84849D,2011-07,17.0,33.87169754583188,16.87169754583188,11-50,99.245279681364,High
84849D,2011-08,15.0,36.89309879911278,21.893098799112774,11-50,145.95399199408516,High
84849D,2011-09,13.0,32.57479528045609,19.574795280456087,11-50,150.57534831120068,High
84849D,2011-10,92.0,30.679774547501896,61.32022545249811,51-100,66.65241897010664,High
84849D,2011-11,2.0,60.29515016020256,58.29515016020256,0-10,2914.757508010128,High
84859A,2011-07,12.0,48.638749750414746,36.638749750414746,11-50,305.3229145867896,High
84859A,2011-08,9.0,34.47790347811775,25.477903478117756,0-10,283.0878164235306,High
84859A,2011-09,3.0,31.126485105741544,28.126485105741544,0-10,937.5495035247181,High
84859A,2011-10,43.0,29.667299259137152,13.332700740862848,11-50,31.006280792704295,Moderate
84859A,2011-11,2.0,35.483144767202134,33.483144767202134,0-10,1674.1572383601067,High
84859B,2011-07,12.0,23.662915311205,11.662915311205,11-50,97.19096092670833,High
84859B,2011-08,4.0,24.83323917038098,20.83323917038098,0-10,520.8309792595245,High
84859B,2011-09,1.0,30.07356861521602,29.07356861521602,0-10,2907.356861521602,High
84859B,2011-10,6.0,23.662915311205,17.662915311205,0-10,294.38192185341666,High
84859B,2011-11,1.0,16.09900575574465,15.099005755744647,0-10,1509.9005755744647,High
84859C,2011-08,3.0,48.24058091518948,45.24058091518948,0-10,1508.0193638396495,High
84859C,2011-09,13.0,32.818781055306346,19.818781055306346,11-50,152.45216196389498,High
84859C,2011-10,17.0,25.886155660906496,8.886155660906496,11-50,52.27150388768527,High
84859C,2011-11,1.0,29.17134067284116,28.17134067284116,0-10,2817.134067284116,High
84870B,2011-08,2.0,22.77980270700908,20.77980270700908,0-10,1038.990135350454,High
84870B,2011-09,0.0,22.77980270700908,22.77980270700908,0-10,,
84870C,2011-09,5.0,22.77980270700908,17.779802707009082,0-10,355.59605414018165,High
84874B,2011-07,10.0,37.72286689189199,27.72286689189199,0-10,277.2286689189199,High
84875B,2011-08,25.0,35.04892411398598,10.048924113985985,11-50,40.19569645594394,Moderate
84875B,2011-09,3.0,54.007806803971285,51.007806803971285,0-10,1700.260226799043,High
84875B,2011-10,45.0,47.07767581774337,2.077675817743369,11-50,4.617057372763043,Low
84875B,2011-11,1.0,46.24057872375583,45.24057872375583,0-10,4524.057872375583,High
84875D,2011-08,9.0,43.09031835558093,34.09031835558093,0-10,378.7813150620104,High
84876B,2011-07,0.0,49.62258382556071,49.62258382556071,0-10,,
84876B,2011-10,43.0,60.44035318638146,17.440353186381458,11-50,40.55896089856153,Moderate
84876D,2011-07,14.0,69.49631584901205,55.49631584901205,11-50,396.4022560643718,High
84876D,2011-08,2.0,47.84058084675586,45.84058084675586,0-10,2292.0290423377933,High
84877B,2011-07,26.0,50.40727952055568,24.40727952055568,11-50,93.87415200213722,High
84877B,2011-08,1.0,57.94305491892171,56.94305491892171,0-10,5694.305491892171,High
84877B,2011-09,0.0,47.07767581774337,47.07767581774337,0-10,,
84877D,2011-07,9.0,50.59129703873085,41.59129703873085,0-10,462.12552265256505,High
84877D,2011-08,2.0,47.23437491446998,45.23437491446998,0-10,2261.718745723499,High
84879,2011-07,6545.0,2160.631927719048,4384.368072280953,5000+,66.98805305242098,High
84879,2011-08,3064.0,5378.722502451509,2314.722502451509,1001-5000,75.54577357870461,High
84879,2011-09,2744.0,2693.7924210665324,50.20757893346763,1001-5000,1.8297222643391995,Low
84879,2011-10,5219.0,3145.8918787715347,2073.1081212284653,5000+,39.72232460679182,Moderate
84879,2011-11,1330.0,3850.6472890080895,2520.6472890080904,1001-5000,189.52235255699927,High
84880,2011-07,18.0,33.04843123756337,15.04843123756337,11-50,83.60239576424094,High
84880,2011-08,31.0,33.44660007278864,2.446600072788641,11-50,7.892258299318197,Low
84880,2011-09,5.0,44.29718310437633,39.29718310437633,0-10,785.9436620875266,High
84880,2011-10,15.0,29.089267065251835,14.089267065251835,11-50,93.9284471016789,High
84880,2011-11,3.0,18.45082939940461,15.450829399404617,0-10,515.0276466468205,High
84882,2011-10,4.0,27.888171143024262,23.888171143024262,0-10,597.2042785756065,High
84884A,2011-07,30.0,30.243372501545625,0.2433725015456218,11-50,0.8112416718187392,Low
84884A,2011-08,11.0,43.52507021133354,32.52507021133354,11-50,295.68245646666855,High
84884A,2011-09,7.0,29.928299735018733,22.928299735018733,0-10,327.54713907169617,High
84884A,2011-10,10.0,25.7320019691776,15.7320019691776,0-10,157.320019691776,High
84884A,2011-11,13.0,17.44846932536693,4.448469325366929,11-50,34.21899481051484,Moderate
84884a,2011-09,1.0,18.880484830624948,17.880484830624948,0-10,1788.0484830624948,High
84884a,2011-10,3.0,18.880484830624948,15.880484830624948,0-10,529.3494943541649,High
84884a,2011-11,4.0,13.371347529813546,9.371347529813546,0-10,234.28368824533865,High
84907,2011-07,3.0,24.67098495779849,21.67098495779849,0-10,722.3661652599496,High
84907,2011-08,2.0,19.890552858191903,17.890552858191906,0-10,894.5276429095953,High
84912A,2011-07,26.0,61.33986812788779,35.33986812788779,11-50,135.92256972264533,High
84912A,2011-08,11.0,75.2683081786465,64.2683081786465,11-50,584.2573470786047,High
84912B,2011-07,25.0,62.83432137360497,37.83432137360497,11-50,151.3372854944199,High
84912B,2011-08,26.0,69.18785891232828,43.18785891232828,11-50,166.10714966280108,High
84912B,2011-09,20.0,69.18785891232828,49.18785891232828,11-50,245.9392945616414,High
84912B,2011-10,43.0,66.8887263519673,23.888726351967307,11-50,55.55517756271466,High
84912B,2011-11,6.0,39.14450750906207,33.14450750906207,0-10,552.4084584843679,High
84913A,2011-07,21.0,56.75387210728672,35.75387210728672,11-50,170.25653384422245,High
84913A,2011-08,0.0,66.8887263519673,66.8887263519673,0-10,,
84913B,2011-07,0.0,20.76826081472287,20.76826081472287,0-10,,
84913B,2011-10,10.0,23.18254080212684,13.18254080212684,0-10,131.8254080212684,High
84913B,2011-11,4.0,21.669776817922475,17.669776817922475,0-10,441.7444204480619,High
84915,2011-11,4.0,17.232539666773807,13.232539666773809,0-10,330.81349166934524,High
84919,2011-07,9.0,20.894622108085866,11.894622108085862,0-10,132.1624678676207,High
84919,2011-08,2.0,24.27281612257321,22.27281612257321,0-10,1113.6408061286606,High
84920,2011-07,4.0,52.433134766004336,48.433134766004336,0-10,1210.8283691501083,High
84920,2011-08,7.0,43.45499433071318,36.45499433071318,0-10,520.7856332959025,High
84920,2011-09,8.0,24.273583032076232,16.273583032076232,0-10,203.41978790095288,High
84920,2011-10,4.0,24.230734569117672,20.230734569117672,0-10,505.7683642279418,High
84920,2011-11,3.0,17.630173138952713,14.630173138952712,0-10,487.6724379650904,High
84923,2011-07,9.0,24.395771149244723,15.395771149244723,0-10,171.0641238804969,High
84923,2011-08,12.0,27.20821997187397,15.20821997187397,11-50,126.73516643228308,High
84923,2011-09,21.0,29.74062669335861,8.74062669335861,11-50,41.62203187313624,Moderate
84923,2011-10,25.0,44.3827252970149,19.3827252970149,11-50,77.5309011880596,High
84923,2011-11,11.0,34.649425171235954,23.649425171235954,11-50,214.9947742839632,High
84924A,2011-08,4.0,19.32134866516658,15.321348665166578,0-10,383.0337166291645,High
84924A,2011-09,3.0,34.29882444703528,31.29882444703528,0-10,1043.2941482345093,High
84924A,2011-10,18.0,18.880484830624948,0.8804848306249475,11-50,4.891582392360819,Low
84924A,2011-11,1.0,22.213115512024764,21.213115512024764,0-10,2121.3115512024765,High
84926A,2011-08,124.0,150.72551721664448,26.72551721664448,101-500,21.55283646503587,Moderate
84926A,2011-09,4.0,139.54493131474996,135.54493131474996,0-10,3388.623282868749,High
84926A,2011-10,96.0,91.10388181561636,4.896118184383639,51-100,5.100123108732958,Low
84926A,2011-11,24.0,78.59546979132736,54.59546979132736,11-50,227.48112413053065,High
84926D,2011-08,100.0,116.27477609125027,16.27477609125029,51-100,16.27477609125029,Low
84926D,2011-09,31.0,162.4607754615776,131.4607754615776,11-50,424.0670176179923,High
84926D,2011-10,59.0,70.82974703649712,11.829747036497125,51-100,20.05041870592733,Moderate
84926D,2011-11,29.0,56.3962318933575,27.396231893357506,11-50,94.46976514950865,High
84926E,2011-07,396.0,87.37071842837739,308.62928157162264,101-500,77.93668726556128,High
84926E,2011-08,124.0,233.91766326102385,109.91766326102385,101-500,88.64327682340632,High
84926E,2011-09,25.0,143.49938751907268,118.49938751907268,11-50,473.9975500762907,High
84926E,2011-10,86.0,122.62542670189704,36.62542670189703,51-100,42.587705467322124,Moderate
84926E,2011-11,28.0,78.22052396492256,50.22052396492256,11-50,179.35901416043774,High
84926F,2011-07,48.0,100.23539304817298,52.23539304817298,11-50,108.82373551702705,High
84926F,2011-08,31.0,86.63050716904222,55.63050716904222,11-50,179.45324893239425,High
84926F,2011-09,29.0,74.13990810666346,45.139908106663455,11-50,155.65485554021882,High
84926F,2011-10,62.0,60.58967460860216,1.4103253913978406,51-100,2.2747183732223237,Low
84926F,2011-11,4.0,52.78821916076157,48.78821916076157,0-10,1219.7054790190393,High
84927F,2011-07,78.0,23.662915311205,54.337084688795,51-100,69.66292908819872,High
84927F,2011-08,56.0,78.20909337911935,22.209093379119352,51-100,39.659095319855986,Moderate
84927F,2011-09,6.0,77.29806158026011,71.29806158026011,0-10,1188.3010263376684,High
84927F,2011-10,100.0,60.9198376138654,39.0801623861346,51-100,39.0801623861346,Moderate
84927F,2011-11,20.0,74.4168670356752,54.4168670356752,11-50,272.084335178376,High
84929,2011-08,144.0,376.5314963782619,232.53149637826192,101-500,161.48020581823747,High
84929,2011-09,144.0,353.36685823402325,209.36685823402323,101-500,145.39365155140501,High
84929,2011-10,126.0,274.55474794403943,148.55474794403943,101-500,117.9005936063805,High
84931A,2011-07,7.0,30.62681087021629,23.62681087021629,0-10,337.5258695745184,High
84931A,2011-08,10.0,30.07356861521602,20.07356861521602,0-10,200.73568615216018,High
84931A,2011-09,7.0,24.672983338771957,17.672983338771953,0-10,252.47119055388504,High
84931A,2011-10,26.0,30.07356861521602,4.073568615216018,11-50,15.667571596984686,Low
84931B,2011-07,8.0,24.22703323809511,16.22703323809511,0-10,202.83791547618887,High
84931B,2011-08,10.0,30.07356861521602,20.07356861521602,0-10,200.73568615216018,High
84931B,2011-09,19.0,26.077195298608974,7.077195298608974,11-50,37.24839630846829,Moderate
84931B,2011-10,66.0,36.33708139307624,29.66291860692376,51-100,44.943816071096606,Moderate
84931B,2011-11,1.0,48.88807777539087,47.88807777539087,0-10,4788.807777539087,High
84944,2011-07,5.0,160.8780525945625,155.8780525945625,0-10,3117.56105189125,High
84944,2011-08,0.0,129.31933996166808,129.31933996166808,0-10,,
84945,2011-07,540.0,490.54756591294034,49.45243408705966,501-1000,9.157858164270307,Low
84945,2011-08,1152.0,517.8451257221227,634.1548742778773,1001-5000,55.04816616995463,High
84945,2011-09,931.0,671.1751852610126,259.82481473898736,501-1000,27.908143366164058,Moderate
84945,2011-10,1801.0,788.3906192481244,1012.6093807518756,1001-5000,56.2248406858343,High
84945,2011-11,696.0,783.8651447546238,87.86514475462377,501-1000,12.62430240727353,Low
84946,2011-07,1600.0,1386.794888929019,213.20511107098105,1001-5000,13.325319441936315,Low
84946,2011-08,1387.0,1575.8856372841162,188.88563728411623,1001-5000,13.61828675444241,Low
84946,2011-09,1701.0,1428.0396951697812,272.9603048302188,1001-5000,16.047049078790053,Low
84946,2011-10,3389.0,2098.137676586355,1290.8623234136448,1001-5000,38.08977053448347,Moderate
84946,2011-11,692.0,1343.1318129515648,651.1318129515648,501-1000,94.0941926230585,High
84947,2011-07,571.0,372.55630289840633,198.44369710159367,501-1000,34.75371227698663,Moderate
84947,2011-08,1673.0,518.0739419172609,1154.926058082739,1001-5000,69.0332371836664,High
84947,2011-09,629.0,1277.0573527646047,648.0573527646047,501-1000,103.02978581313272,High
84947,2011-10,1237.0,876.6952759144727,360.30472408552725,1001-5000,29.127301866251194,Moderate
84947,2011-11,594.0,579.4460448210901,14.55395517890986,501-1000,2.450160804530279,Low
84949,2011-07,197.0,185.65256492839995,11.347435071600046,101-500,5.760119325685302,Low
84949,2011-08,316.0,205.442097845728,110.557902154272,101-500,34.98667789692152,Moderate
84949,2011-09,660.0,308.37716629629483,351.6228337037052,501-1000,53.276186924803824,High
84949,2011-10,771.0,497.5506411189978,273.4493588810022,501-1000,35.46684291582389,Moderate
84949,2011-11,371.0,357.7782857275738,13.221714272426198,101-500,3.563804386098705,Low
84950,2011-07,114.0,119.4444498876976,5.444449887697587,101-500,4.775833234822445,Low
84950,2011-08,210.0,137.01272824069903,72.98727175930097,101-500,34.75584369490522,Moderate
84950,2011-09,198.0,167.65313525231716,30.346864747682844,101-500,15.32669936751659,Low
84950,2011-10,210.0,163.6956741653374,46.30432583466259,101-500,22.049678968886948,Moderate
84950,2011-11,84.0,119.58315417415982,35.583154174159816,51-100,42.360897826380736,Moderate
84951A,2011-07,40.0,71.74837756921326,31.74837756921326,11-50,79.37094392303315,High
84951A,2011-08,50.0,58.62760608070975,8.627606080709747,11-50,17.255212161419493,Low
84951A,2011-09,31.0,61.75919189170927,30.75919189170927,11-50,99.22319965067507,High
84951A,2011-10,57.0,57.37203428305349,0.3720342830534875,51-100,0.6526917246552413,Low
84951A,2011-11,3.0,48.80459099316529,45.80459099316529,0-10,1526.8196997721764,High
84951B,2011-07,15.0,69.21885007383992,54.21885007383992,11-50,361.4590004922661,High
84951B,2011-08,6.0,48.23874968198113,42.23874968198113,0-10,703.9791613663522,High
84951B,2011-09,1.0,31.605969533225487,30.605969533225487,0-10,3060.596953322549,High
84951B,2011-10,67.0,24.715831801730516,42.28416819826949,51-100,63.1106988033873,High
84951B,2011-11,28.0,39.24354877946677,11.24354877946677,11-50,40.155531355238466,Moderate
84952A,2011-09,6.0,19.32134866516658,13.321348665166578,0-10,222.0224777527763,High
84952A,2011-10,8.0,20.33141669273354,12.33141669273354,0-10,154.14270865916927,High
84952B,2011-10,1.0,22.77980270700908,21.77980270700908,0-10,2177.980270700908,High
84952B,2011-11,1.0,13.371347529813546,12.371347529813546,0-10,1237.1347529813545,High
84968A,2011-07,27.0,27.57848097911741,0.5784809791174119,11-50,2.1425221448793037,Low
84968A,2011-08,16.0,43.89901426915106,27.89901426915106,11-50,174.36883918219414,High
84968A,2011-09,29.0,36.19181251287896,7.191812512878954,11-50,24.79935349268605,Moderate
84968A,2011-10,8.0,43.89901426915106,35.89901426915106,0-10,448.7376783643883,High
84968A,2011-11,1.0,24.4191624342073,23.4191624342073,0-10,2341.91624342073,High
84968C,2011-07,9.0,25.7320019691776,16.7320019691776,0-10,185.91113299086223,High
84968C,2011-08,4.0,25.7320019691776,21.7320019691776,0-10,543.30004922944,High
84968C,2011-09,5.0,23.831952288031584,18.831952288031584,0-10,376.6390457606317,High
84968C,2011-10,7.0,18.880484830624948,11.880484830624948,0-10,169.7212118660707,High
84968D,2011-07,3.0,21.294764818028927,18.294764818028927,0-10,609.8254939342976,High
84968D,2011-08,5.0,18.880484830624948,13.880484830624948,0-10,277.60969661249896,High
84968D,2011-09,4.0,18.880484830624948,14.880484830624948,0-10,372.0121207656237,High
84968D,2011-10,1.0,18.880484830624948,17.880484830624948,0-10,1788.0484830624948,High
84968D,2011-11,3.0,13.371347529813546,10.371347529813546,0-10,345.7115843271182,High
84968E,2011-07,25.0,18.880484830624948,6.1195151693750525,11-50,24.47806067750021,Moderate
84968E,2011-08,30.0,38.05247889203013,8.05247889203013,11-50,26.8415963067671,Moderate
84968E,2011-09,0.0,45.32509711395132,45.32509711395132,0-10,,
84968F,2011-07,26.0,19.890552858191903,6.109447141808094,11-50,23.497873622338822,Moderate
84968F,2011-08,4.0,38.05247889203013,34.05247889203013,0-10,851.3119723007533,High
84968F,2011-09,3.0,28.03635057472629,25.03635057472629,0-10,834.5450191575429,High
84968F,2011-10,3.0,18.880484830624948,15.880484830624948,0-10,529.3494943541649,High
84969,2011-07,10.0,77.74108316512556,67.74108316512556,0-10,677.4108316512555,High
84969,2011-08,29.0,47.23437491446998,18.23437491446998,11-50,62.8771548774827,High
84969,2011-09,42.0,64.30942655367882,22.30942655367882,11-50,53.117682270663856,High
84969,2011-10,46.0,70.85837113169114,24.858371131691143,11-50,54.039937242806836,High
84969,2011-11,4.0,45.37260401485052,41.37260401485052,0-10,1034.315100371263,High
84970L,2011-07,417.0,398.6465959793173,18.35340402068266,101-500,4.401295928221261,Low
84970L,2011-08,356.0,464.0466980780616,108.04669807806158,101-500,30.35019608934314,Moderate
84970L,2011-09,486.0,485.07590863843177,0.9240913615682302,101-500,0.19014225546671404,Low
84970L,2011-10,357.0,536.4026074511909,179.40260745119087,101-500,50.25283121882097,High
84970L,2011-11,168.0,298.8283878225651,130.8283878225651,101-500,77.87404037057448,High
84970S,2011-07,319.0,826.4980259042703,507.4980259042703,101-500,159.09029025212234,High
84970S,2011-08,576.0,601.609407986467,25.609407986466977,501-1000,4.446077775428295,Low
84970S,2011-09,473.0,706.7981800622164,233.7981800622164,101-500,49.42879071082799,Moderate
84970S,2011-10,441.0,676.2634042038065,235.26340420380652,101-500,53.347710703811,High
84970S,2011-11,341.0,391.7963081398023,50.79630813980225,101-500,14.896278046862829,Low
84970l,2011-08,11.0,50.59129703873085,39.59129703873085,11-50,359.92088217028044,High
84970l,2011-09,3.0,43.45499433071318,40.45499433071318,0-10,1348.4998110237725,High
84970l,2011-10,43.0,31.126485105741544,11.873514894258456,11-50,27.612825335484782,Moderate
84970l,2011-11,6.0,41.46631102126628,35.46631102126628,0-10,591.1051836877714,High
84970s,2011-08,34.0,42.39404553806855,8.394045538068546,11-50,24.68836922961337,Moderate
84970s,2011-09,25.0,50.064832595215,25.064832595214995,11-50,100.25933038085996,High
84970s,2011-10,32.0,55.74711302630796,23.74711302630796,11-50,74.20972820721238,High
84970s,2011-11,10.0,42.50092303975464,32.50092303975464,0-10,325.0092303975464,High
84971S,2011-07,69.0,155.47055870681052,86.47055870681052,51-100,125.31965029972541,High
84971S,2011-08,155.0,109.14034270007858,45.85965729992142,101-500,29.586875677368663,Moderate
84971S,2011-09,71.0,169.35129460672874,98.35129460672874,51-100,138.52295015032217,High
84971S,2011-10,93.0,111.89620268594427,18.89620268594429,51-100,20.31849751176805,Moderate
84971S,2011-11,87.0,72.14569430020221,14.854305699797791,51-100,17.073914597468725,Low
84974,2011-07,8.0,18.880484830624948,10.880484830624948,0-10,136.00606038281185,High
84974,2011-08,1.0,20.496453272860588,19.496453272860588,0-10,1949.6453272860588,High
84974,2011-09,5.0,21.294764818028927,16.294764818028927,0-10,325.8952963605785,High
84974,2011-10,1.0,18.880484830624948,17.880484830624948,0-10,1788.0484830624948,High
84976,2011-08,36.0,181.41635843231316,145.41635843231313,11-50,403.9343289786476,High
84976,2011-09,37.0,88.27726307357759,51.27726307357759,11-50,138.58719749615568,High
84976,2011-10,12.0,84.66097300331442,72.66097300331442,11-50,605.5081083609535,High
84976,2011-11,17.0,45.764773918098,28.764773918098,11-50,169.2045524594,High
84978,2011-07,956.0,988.6067651737732,32.60676517377317,501-1000,3.410749495164558,Low
84978,2011-08,766.0,1043.908000458377,277.90800045837705,501-1000,36.28041781440954,Moderate
84978,2011-09,472.0,1044.046787618096,572.046787618096,101-500,121.19635330891865,High
84978,2011-10,1253.0,825.8300506482931,427.1699493517069,1001-5000,34.09177568648898,Moderate
84978,2011-11,208.0,577.5292752745136,369.5292752745136,101-500,177.65830542043923,High
84984A,2011-08,5.0,20.32739698018124,15.327396980181238,0-10,306.54793960362474,High
84984A,2011-09,0.0,20.32739698018124,20.32739698018124,0-10,,
84984B,2011-09,0.0,20.32739698018124,20.32739698018124,0-10,,
84984D,2011-08,0.0,20.32739698018124,20.32739698018124,0-10,,
84987,2011-07,137.0,160.96651840721475,23.96651840721475,101-500,17.49380905636113,Low
84987,2011-08,149.0,217.5461342581789,68.54613425817891,101-500,46.004116951797926,Moderate
84987,2011-09,325.0,213.49649921132848,111.50350078867152,101-500,34.30876947343739,Moderate
84987,2011-10,384.0,286.18933302179664,97.81066697820336,101-500,25.471527858907123,Moderate
84987,2011-11,6.0,210.8586194714192,204.8586194714192,0-10,3414.310324523653,High
84988,2011-07,301.0,294.815015824547,6.184984175452996,101-500,2.0548120184229224,Low
84988,2011-08,174.0,342.68585804178264,168.68585804178264,101-500,96.94589542631185,High
84988,2011-09,302.0,310.86220040009977,8.862200400099766,101-500,2.9345034437416446,Low
84988,2011-10,555.0,315.4213838091256,239.57861619087447,501-1000,43.16731823259,Moderate
84988,2011-11,24.0,233.1683257650077,209.1683257650077,11-50,871.534690687532,High
84989A,2011-10,7.0,44.594548741437,37.594548741437,0-10,537.0649820205286,High
84989A,2011-11,1.0,30.76216625843171,29.76216625843171,0-10,2976.2166258431707,High
84989a,2011-07,10.0,23.662915311205,13.662915311205,0-10,136.62915311205,High
84991,2011-07,1418.0,1226.871108389623,191.12889161037697,1001-5000,13.478765275767064,Low
84991,2011-08,2391.0,1464.6564535080795,926.3435464919204,1001-5000,38.742933772142216,Moderate
84991,2011-09,1548.0,1737.396305705066,189.396305705066,1001-5000,12.234903469319509,Low
84991,2011-10,1425.0,1737.7042808502329,312.70428085023286,1001-5000,21.944160059665464,Moderate
84991,2011-11,136.0,917.3921691383148,781.3921691383148,101-500,574.5530655428786,High
84992,2011-07,639.0,1254.1840359745984,615.1840359745984,501-1000,96.27293207740195,High
84992,2011-08,1501.0,983.9119485354086,517.0880514645914,1001-5000,34.44957038405006,Moderate
84992,2011-09,874.0,1462.4472612860502,588.4472612860502,501-1000,67.32806193204236,High
84992,2011-10,918.0,1098.2601873136784,180.26018731367844,501-1000,19.636185981882186,Low
84992,2011-11,208.0,457.269891164222,249.269891164222,101-500,119.84129382895287,High
84993A,2011-07,28.0,48.42229782554899,20.422297825548988,11-50,72.93677794838925,High
84993A,2011-08,41.0,61.7334619622918,20.7334619622918,11-50,50.569419420223895,High
84993A,2011-09,28.0,72.26496971577227,44.26496971577227,11-50,158.08917755632953,High
84993A,2011-10,54.0,74.20030911200064,20.20030911200064,51-100,37.40797983703822,Moderate
84993A,2011-11,29.0,59.22653126937946,30.226531269379457,11-50,104.22941817027397,High
84993a,2011-07,3.0,39.64372617670296,36.64372617670296,0-10,1221.4575392234321,High
84993a,2011-08,2.0,36.86889358311649,34.86889358311649,0-10,1743.4446791558244,High
84993a,2011-09,1.0,36.86889358311649,35.86889358311649,0-10,3586.8893583116487,High
84993a,2011-10,4.0,36.86889358311649,32.86889358311649,0-10,821.7223395779122,High
84993a,2011-11,2.0,23.03651110011118,21.03651110011118,0-10,1051.825555005559,High
84997A,2011-07,90.0,219.9934155487175,129.9934155487175,51-100,144.4371283874639,High
84997A,2011-08,198.0,136.61913991722864,61.38086008277136,101-500,31.000434385238062,Moderate
84997A,2011-09,117.0,180.89365351471008,63.89365351471008,101-500,54.609960268982974,High
84997A,2011-10,266.0,138.83974415282452,127.16025584717548,101-500,47.80460746134416,Moderate
84997A,2011-11,158.0,102.88757839790888,55.11242160209113,101-500,34.88127949499439,Moderate
84997B,2011-07,230.0,309.1932868307632,79.19328683076321,101-500,34.43186383946227,Moderate
84997B,2011-08,365.0,269.1496622126477,95.85033778735232,101-500,26.26036651708283,Moderate
84997B,2011-09,272.0,278.9994221473386,6.999422147338578,101-500,2.5733169659333006,Low
84997B,2011-10,396.0,277.27059891117744,118.72940108882256,101-500,29.98217199212691,Moderate
84997B,2011-11,97.0,214.44853161725845,117.44853161725844,51-100,121.08096043016334,High
84997C,2011-07,178.0,418.828143542883,240.82814354288303,101-500,135.29670985555228,High
84997C,2011-08,229.0,207.55542016065056,21.444579839349416,101-500,9.364445344694069,Low
84997C,2011-09,280.0,247.94106256939816,32.058937430601816,101-500,11.44962051092922,Low
84997C,2011-10,614.0,290.1741453472021,323.8258546527979,501-1000,52.74036720729607,High
84997C,2011-11,102.0,293.2382428564571,191.23824285645708,101-500,187.48847338868342,High
84997D,2011-07,250.0,481.3464026769603,231.34640267696028,101-500,92.53856107078411,High
84997D,2011-08,460.0,301.5192027541926,158.48079724580742,101-500,34.45234722734944,Moderate
84997D,2011-09,456.0,405.0407307612196,50.9592692387804,101-500,11.175278341837808,Low
84997D,2011-10,704.0,474.98565848907896,229.01434151092104,501-1000,32.53044623734674,Moderate
84997D,2011-11,130.0,357.967165615573,227.96716561557295,101-500,175.35935816582534,High
84997a,2011-07,10.0,26.130170804402876,16.130170804402873,0-10,161.30170804402871,High
84997a,2011-08,20.0,25.7320019691776,5.732001969177599,11-50,28.660009845887995,Moderate
84997a,2011-09,9.0,39.62600445819977,30.626004458199773,0-10,340.28893842444194,High
84997a,2011-10,7.0,26.130170804402876,19.130170804402876,0-10,273.2881543486125,High
84997a,2011-11,5.0,18.7636788217618,13.7636788217618,0-10,275.273576435236,High
84997b,2011-09,42.0,40.63582036251637,1.3641796374836304,11-50,3.2480467559134056,Low
84997b,2011-10,63.0,53.194001382512205,9.805998617487797,51-100,15.565077170615552,Low
84997b,2011-11,10.0,47.26173722885749,37.26173722885749,0-10,372.6173722885749,High
84997c,2011-09,36.0,44.29718310437633,8.29718310437633,11-50,23.047730845489806,Moderate
84997c,2011-10,41.0,47.1819225171109,6.181922517110898,11-50,15.077859797831458,Low
84997c,2011-11,16.0,50.39873479063928,34.39873479063928,11-50,214.99209244149552,High
84997d,2011-07,11.0,29.530130899793463,18.530130899793463,11-50,168.45573545266782,High
84997d,2011-08,27.0,26.78491845970312,0.2150815402968824,11-50,0.7965982973958606,Low
84997d,2011-09,33.0,44.29718310437633,11.29718310437633,11-50,34.233888195079786,Moderate
84997d,2011-10,75.0,45.723265949176586,29.27673405082341,51-100,39.03564540109788,Moderate
84997d,2011-11,8.0,49.08776484606501,41.08776484606501,0-10,513.5970605758126,High
85014A,2011-07,70.0,174.58114746573565,104.58114746573564,51-100,149.4016392367652,High
85014A,2011-08,136.0,117.4508262208508,18.5491737791492,101-500,13.639098367021472,Low
85014A,2011-09,171.0,193.04776759205544,22.047767592055465,101-500,12.893431340383312,Low
85014A,2011-10,121.0,167.89102433623563,46.89102433623563,101-500,38.7529126745749,Moderate
85014A,2011-11,4.0,92.77938091023474,88.77938091023474,0-10,2219.4845227558685,High
85014B,2011-07,75.0,191.48338614469208,116.48338614469208,51-100,155.3111815262561,High
85014B,2011-08,180.0,127.00753356761008,52.99246643238993,101-500,29.440259129105517,Moderate
85014B,2011-09,413.0,242.37133838390488,170.62866161609512,101-500,41.31444591188744,Moderate
85014B,2011-10,156.0,319.7669011193542,163.7669011193542,101-500,104.9787827688168,High
85014B,2011-11,67.0,128.61992127214134,61.61992127214134,51-100,91.97003174946468,High
85014a,2011-09,3.0,18.880484830624948,15.880484830624948,0-10,529.3494943541649,High
85014a,2011-10,3.0,18.880484830624948,15.880484830624948,0-10,529.3494943541649,High
85014b,2011-07,1.0,18.880484830624948,17.880484830624948,0-10,1788.0484830624948,High
85014b,2011-08,3.0,18.880484830624948,15.880484830624948,0-10,529.3494943541649,High
85014b,2011-09,3.0,18.880484830624948,15.880484830624948,0-10,529.3494943541649,High
85014b,2011-10,2.0,18.880484830624948,16.880484830624948,0-10,844.0242415312474,High
85014b,2011-11,1.0,13.371347529813546,12.371347529813546,0-10,1237.1347529813545,High
85015,2011-07,170.0,167.60827153176984,2.391728468230156,101-500,1.4068990989589154,Low
85015,2011-08,387.0,161.40973334232194,225.5902666576781,101-500,58.29205856787547,High
85015,2011-09,318.0,282.0390894680872,35.960910531912816,101-500,11.308462431419125,Low
85015,2011-10,349.0,247.91234014506688,101.08765985493312,101-500,28.964945517172815,Moderate
85015,2011-11,28.0,193.18018879151617,165.18018879151617,11-50,589.9292456839863,High
85017B,2011-07,56.0,137.3518006112206,81.3518006112206,51-100,145.27107252003677,High
85017B,2011-08,154.0,119.3141954230406,34.6858045769594,101-500,22.52324972529831,Moderate
85017B,2011-09,123.0,168.80787729650763,45.80787729650763,101-500,37.24217666382734,Moderate
85017B,2011-10,9.0,162.49523595544514,153.49523595544514,0-10,1705.5026217271682,High
85019A,2011-07,25.0,49.66666375998973,24.666663759989724,11-50,98.6666550399589,High
85019A,2011-08,72.0,50.23768439585795,21.762315604142053,51-100,30.225438339086185,Moderate
85019A,2011-09,49.0,78.08379036978273,29.083790369782733,11-50,59.35467422404639,High
85019A,2011-10,52.0,74.99787441435754,22.99787441435754,51-100,44.22668156607219,Moderate
85019A,2011-11,26.0,59.68573106160667,33.68573106160667,11-50,129.56050408310256,High
85019B,2011-07,48.0,56.07691146061629,8.076911460616294,11-50,16.82689887628395,Low
85019B,2011-08,77.0,63.955133784323,13.044866215676995,51-100,16.94138469568441,Low
85019B,2011-09,169.0,91.05742103875968,77.94257896124033,101-500,46.11986920783451,Moderate
85019B,2011-10,54.0,121.93560404562449,67.93560404562449,51-100,125.80667415856385,High
85019B,2011-11,2.0,61.46343181069921,59.46343181069921,0-10,2973.1715905349606,High
85020,2011-07,12.0,23.662915311205,11.662915311205,11-50,97.19096092670833,High
85020,2011-08,0.0,27.24751915778496,27.24751915778496,0-10,,
85023B,2011-09,18.0,47.23437491446998,29.23437491446998,11-50,162.41319396927767,High
85023B,2011-10,7.0,32.02294693396481,25.02294693396481,0-10,357.4706704852116,High
85023B,2011-11,1.0,23.56257555028119,22.56257555028119,0-10,2256.257555028119,High
85024B,2011-07,156.0,23.662915311205,132.337084688795,101-500,84.83146454409936,High
85024B,2011-08,2.0,105.59192482251775,103.59192482251775,0-10,5179.596241125888,High
85024B,2011-09,0.0,48.22038598819285,48.22038598819285,0-10,,
85024C,2011-07,0.0,23.662915311205,23.662915311205,0-10,,
85024C,2011-10,2.0,23.662915311205,21.662915311205,0-10,1083.14576556025,High
85025B,2011-07,144.0,23.662915311205,120.337084688795,101-500,83.5674199227743,High
85025B,2011-08,5.0,100.91053315535449,95.91053315535449,0-10,1918.2106631070899,High
85025B,2011-09,74.0,58.572376200937065,15.427623799062935,51-100,20.848140269003967,Moderate
85025B,2011-10,71.0,70.36482649234785,0.635173507652155,51-100,0.8946105741579647,Low
85025B,2011-11,4.0,59.54186175892631,55.54186175892631,0-10,1388.5465439731577,High
85025C,2011-07,170.0,31.66565062364934,138.33434937635064,101-500,81.37314669197096,High
85026B,2011-11,2.0,32.19237684421253,30.19237684421253,0-10,1509.6188422106263,High
85032A,2011-07,71.0,137.11471584648586,66.11471584648586,51-100,93.11931809364206,High
85032A,2011-08,198.0,104.60242170777836,93.39757829222164,101-500,47.170494086980625,Moderate
85032A,2011-09,91.0,204.0987677859871,113.09876778598708,51-100,124.2843602043814,High
85032A,2011-10,105.0,134.5596306393547,29.559630639354708,101-500,28.152029180337816,Moderate
85032A,2011-11,18.0,85.87501713206375,67.87501713206375,11-50,377.0834285114653,High
85032B,2011-07,81.0,101.2170748815964,20.217074881596403,51-100,24.95935170567457,Moderate
85032B,2011-08,83.0,112.93931145409904,29.939311454099027,51-100,36.071459583251844,Moderate
85032B,2011-09,108.0,112.93931145409904,4.939311454099027,101-500,4.573436531573173,Low
85032B,2011-10,81.0,138.11867864511015,57.11867864511015,51-100,70.51688721618538,High
85032B,2011-11,57.0,74.02069475820448,17.020694758204485,51-100,29.860867996849972,Moderate
85032C,2011-07,64.0,86.88293730997582,22.882937309975816,51-100,35.75458954683721,Moderate
85032C,2011-08,162.0,98.1670127781764,63.83298722182359,101-500,39.40307853198987,Moderate
85032C,2011-09,85.0,154.58206344986507,69.58206344986507,51-100,81.86125111748832,High
85032C,2011-10,74.0,123.87327969781632,49.87327969781632,51-100,67.396323915968,High
85032C,2011-11,42.0,64.63095300914676,22.630953009146765,11-50,53.88322145034944,High
85032D,2011-07,86.0,111.1363485116468,25.136348511646787,51-100,29.228312222845098,Moderate
85032D,2011-08,289.0,114.72229418232703,174.27770581767294,101-500,60.30370443518095,High
85032D,2011-09,49.0,248.3872662069205,199.3872662069205,11-50,406.91278817738873,High
85034A,2011-07,4.0,22.77980270700908,18.77980270700908,0-10,469.49506767522695,High
85034A,2011-08,16.0,22.77980270700908,6.7798027070090825,11-50,42.373766918806766,Moderate
85034A,2011-09,329.0,31.22340185399505,297.77659814600497,101-500,90.50960429969756,High
85034A,2011-10,96.0,290.3777598941023,194.37775989410235,51-100,202.4768332230233,High
85034B,2011-07,0.0,27.888171143024262,27.888171143024262,0-10,,
85034B,2011-10,461.0,167.3123571743508,293.6876428256492,101-500,63.70664703376339,High
85034B,2011-11,75.0,213.5731530966449,138.57315309664486,51-100,184.7642041288598,High
85034C,2011-07,0.0,22.77980270700908,22.77980270700908,0-10,,
85034C,2011-10,571.0,234.293733276018,336.706266723982,501-1000,58.967822543604555,High
85034C,2011-11,73.0,226.2094904770155,153.2094904770155,51-100,209.87601435207603,High
85035A,2011-07,8.0,21.66677713203657,13.666777132036572,0-10,170.83471415045716,High
85035A,2011-08,27.0,29.63131984556173,2.631319845561734,11-50,9.745629057636052,Low
85035A,2011-09,154.0,45.93935019873752,108.06064980126249,101-500,70.16925311770291,High
85035B,2011-07,1.0,24.395771149244723,23.395771149244723,0-10,2339.5771149244724,High
85035B,2011-08,7.0,19.890552858191903,12.890552858191906,0-10,184.15075511702724,High
85035B,2011-09,83.0,19.32134866516658,63.67865133483342,51-100,76.721266668474,High
85035C,2011-07,2.0,29.63131984556173,27.63131984556173,0-10,1381.5659922780865,High
85035C,2011-08,4.0,29.190456011020103,25.190456011020103,0-10,629.7614002755026,High
85035C,2011-09,315.0,22.77980270700908,292.2201972929909,101-500,92.76831660094949,High
85035C,2011-10,248.0,282.3051986791374,34.30519867913739,101-500,13.832741402877978,Low
85036A,2011-07,7.0,29.190456011020103,22.190456011020103,0-10,317.00651444314434,High
85036A,2011-08,14.0,19.32134866516658,5.321348665166578,11-50,38.00963332261841,Moderate
85036A,2011-09,77.0,23.917118237257466,53.08288176274254,51-100,68.93880748408122,High
85036B,2011-07,0.0,25.23309464315536,25.23309464315536,0-10,,
85036B,2011-10,49.0,132.45600930110427,83.45600930110427,11-50,170.31838632878421,High
85036C,2011-07,1.0,22.77980270700908,21.77980270700908,0-10,2177.980270700908,High
85036C,2011-08,2.0,22.77980270700908,20.77980270700908,0-10,1038.990135350454,High
85036C,2011-09,209.0,22.77980270700908,186.2201972929909,101-500,89.10057286745976,High
85036C,2011-10,403.0,189.37406478243815,213.62593521756185,101-500,53.008916927434704,High
85038,2011-07,51.0,30.07356861521602,20.92643138478398,51-100,41.03221840153722,Moderate
85038,2011-08,19.0,49.41619243103684,30.41619243103684,11-50,160.08522332124653,High
85038,2011-09,96.0,48.23874968198113,47.76125031801887,51-100,49.75130241460299,Moderate
85038,2011-10,350.0,105.49195713080626,244.50804286919373,101-500,69.85944081976963,High
85038,2011-11,131.0,169.75097746242596,38.750977462425965,101-500,29.580898826279363,Moderate
85039A,2011-07,18.0,78.31881172574911,60.31881172574912,11-50,335.1045095874951,High
85039A,2011-08,30.0,59.65640547603063,29.656405476030628,11-50,98.85468492010209,High
85039A,2011-09,143.0,67.76177606752802,75.23822393247198,101-500,52.61414261012026,High
85039A,2011-10,50.0,136.55962081261842,86.55962081261842,11-50,173.11924162523684,High
85039A,2011-11,25.0,56.42736803158118,31.42736803158118,11-50,125.70947212632473,High
85039B,2011-07,23.0,86.80405502929317,63.80405502929317,11-50,277.4089349099703,High
85039B,2011-08,32.0,58.3671518840212,26.3671518840212,11-50,82.39734963756625,High
85039B,2011-09,82.0,69.12624312758501,12.873756872414988,51-100,15.699703502945109,Low
85039B,2011-10,52.0,96.02086281595648,44.02086281595648,51-100,84.65550541530091,High
85039B,2011-11,28.0,49.64042793698309,21.640427936983087,11-50,77.28724263208245,High
85039C,2011-07,7.0,36.28059766344878,29.28059766344878,0-10,418.29425233498256,High
85039C,2011-08,10.0,24.715831801730516,14.715831801730513,0-10,147.15831801730513,High
85039C,2011-09,7.0,26.246256781691237,19.246256781691237,0-10,274.946525452732,High
85039C,2011-10,13.0,30.47173745044129,17.471737450441292,11-50,134.39798038800996,High
85039C,2011-11,2.0,19.85267108540687,17.85267108540687,0-10,892.6335542703436,High
85039a,2011-07,0.0,23.662915311205,23.662915311205,0-10,,
85039a,2011-10,4.0,23.662915311205,19.662915311205,0-10,491.57288278012504,High
85039a,2011-11,1.0,16.09900575574465,15.099005755744647,0-10,1509.9005755744647,High
85040A,2011-07,19.0,56.977592959614704,37.977592959614704,11-50,199.88206820849842,High
85040A,2011-08,55.0,56.78176153327294,1.7817615332729415,51-100,3.2395664241326205,Low
85040A,2011-09,74.0,75.1383219929863,1.138321992986306,51-100,1.538272963495008,Low
85040A,2011-10,125.0,96.63204147473718,28.36795852526282,101-500,22.694366820210256,Moderate
85040A,2011-11,22.0,73.6805061716466,51.6805061716466,11-50,234.91139168930272,High
85040a,2011-09,2.0,23.662915311205,21.662915311205,0-10,1083.14576556025,High
85040a,2011-10,7.0,23.662915311205,16.662915311205,0-10,238.0416473029286,High
85045,2011-09,1.0,29.4832627242826,28.4832627242826,0-10,2848.32627242826,High
85045,2011-10,4.0,18.880484830624948,14.880484830624948,0-10,372.0121207656237,High
85048,2011-07,14.0,34.55640485354758,20.556404853547583,11-50,146.8314632396256,High
85048,2011-08,327.0,27.180312143892134,299.81968785610786,101-500,91.68797793764767,High
85048,2011-09,178.0,324.0336956093078,146.0336956093078,101-500,82.04140202770101,High
85048,2011-10,650.0,201.8530862150548,448.1469137849453,501-1000,68.94567904383774,High
85048,2011-11,55.0,346.3869856554031,291.3869856554031,51-100,529.7945193734602,High
85049A,2011-07,138.0,101.08129721710682,36.91870278289318,101-500,26.75268317600955,Moderate
85049A,2011-08,380.0,189.7924168811328,190.2075831188672,101-500,50.054627136544006,High
85049A,2011-09,842.0,322.7716157870237,519.2283842129764,501-1000,61.666078885151585,High
85049A,2011-10,845.0,840.3808654681606,4.61913453183945,501-1000,0.5466431398626568,Low
85049A,2011-11,143.0,351.9611952553749,208.9611952553749,101-500,146.12670996879362,High
85049C,2011-07,111.0,83.34898761582278,27.65101238417722,101-500,24.910821967727227,Moderate
85049C,2011-08,113.0,125.08030471716344,12.080304717163427,101-500,10.690535147932238,Low
85049C,2011-09,102.0,132.37201908411396,30.37201908411396,101-500,29.77648929815094,Moderate
85049C,2011-10,83.0,137.58284477730632,54.58284477730632,51-100,65.76246358711605,High
85049C,2011-11,19.0,70.91481404852365,51.91481404852365,11-50,273.23586341328235,High
85049D,2011-07,25.0,69.83817565752977,44.838175657529774,11-50,179.3527026301191,High
85049D,2011-08,1.0,61.61697807637445,60.61697807637445,0-10,6061.697807637445,High
85049E,2011-07,402.0,121.67031263851575,280.3296873614843,101-500,69.73375307499609,High
85049E,2011-08,419.0,280.4371225397552,138.5628774602448,101-500,33.06989915518969,Moderate
85049E,2011-09,617.0,344.06644232992403,272.933557670076,501-1000,44.235584711519614,Moderate
85049E,2011-10,417.0,763.4146955763866,346.41469557638663,101-500,83.07306848354595,High
85049E,2011-11,64.0,153.52151420850598,89.52151420850598,51-100,139.8773659507906,High
85049F,2011-07,36.0,47.10729597123951,11.107295971239507,11-50,30.853599920109744,Moderate
85049F,2011-08,30.0,74.40498664866078,44.40498664866078,11-50,148.0166221622026,High
85049G,2011-07,120.0,123.24966977487452,3.249669774874519,101-500,2.708058145728766,Low
85049G,2011-08,120.0,134.27077665750312,14.27077665750312,101-500,11.8923138812526,Low
85049G,2011-09,235.0,146.16371375618832,88.83628624381168,101-500,37.80267499736667,Moderate
85049G,2011-10,83.0,223.0046600081862,140.0046600081862,51-100,168.68031326287493,High
85049G,2011-11,62.0,86.12410593768595,24.124105937685957,51-100,38.909848286590254,Moderate
85049H,2011-07,48.0,54.6155478562811,6.615547856281097,11-50,13.782391367252286,Low
85049H,2011-08,70.0,81.85140767991605,11.85140767991605,51-100,16.930582399880073,Low
85049H,2011-09,106.0,115.41462077347629,9.414620773476273,101-500,8.881717710826672,Low
85049H,2011-10,123.0,137.6391942176262,14.639194217626198,101-500,11.901783916769267,Low
85049H,2011-11,41.0,80.88037803294151,39.88037803294151,11-50,97.26921471449148,High
85049a,2011-08,4.0,23.662915311205,19.662915311205,0-10,491.57288278012504,High
85049a,2011-09,13.0,23.662915311205,10.662915311205,11-50,82.02242547080769,High
85049a,2011-10,41.0,27.263915575731257,13.736084424268745,11-50,33.50264493724084,Moderate
85049a,2011-11,36.0,38.83861497575486,2.838614975754858,11-50,7.88504159931905,Low
85049e,2011-09,14.0,23.662915311205,9.662915311205,11-50,69.02082365146428,High
85049e,2011-10,30.0,27.248616855728923,2.751383144271077,11-50,9.171277147570258,Low
85049e,2011-11,12.0,40.42369724998623,28.423697249986223,11-50,236.86414374988522,High
85049g,2011-07,10.0,30.07356861521602,20.07356861521602,0-10,200.73568615216018,High
85049g,2011-08,11.0,30.07356861521602,19.07356861521602,11-50,173.39607832014562,High
85049g,2011-09,17.0,30.47173745044129,13.471737450441292,11-50,79.24551441436054,High
85049g,2011-10,22.0,36.73525022830151,14.73525022830151,11-50,66.97841012864323,High
85049g,2011-11,12.0,41.07484019495439,29.07484019495439,11-50,242.29033495795326,High
85053,2011-07,95.0,111.0802664702445,16.080266470244496,51-100,16.92659628446789,Low
85053,2011-08,253.0,121.70798799842106,131.29201200157894,101-500,51.89407588995215,High
85053,2011-09,249.0,214.86618900230488,34.13381099769512,101-500,13.708357830399647,Low
85053,2011-10,256.0,221.87952616323216,34.12047383676784,101-500,13.328310092487438,Low
85053,2011-11,152.0,123.14059753455302,28.859402465446976,101-500,18.986448990425643,Low
85054,2011-07,33.0,64.19878843366195,31.198788433661942,11-50,94.54178313230892,High
85054,2011-08,12.0,75.2683081786465,63.26830817864651,11-50,527.2359014887209,High
85054,2011-09,46.0,34.47790347811775,11.522096521882249,11-50,25.048035917135326,Moderate
85054,2011-10,52.0,73.33160616327504,21.33160616327504,51-100,41.022319544759696,Moderate
85059,2011-07,21.0,40.67892094872529,19.67892094872529,11-50,93.70914737488233,High
85059,2011-08,12.0,42.0073933396022,30.0073933396022,11-50,250.06161116335167,High
85059,2011-09,16.0,29.23620537677057,13.23620537677057,11-50,82.72628360481606,High
85059,2011-10,28.0,37.34591794917277,9.345917949172772,11-50,33.37827838990276,Moderate
85059,2011-11,4.0,32.80487954950077,28.804879549500768,0-10,720.1219887375192,High
85061W,2011-07,148.0,92.65321442886352,55.34678557113648,101-500,37.39647673725438,Moderate
85061W,2011-08,462.0,125.89248311416858,336.1075168858314,101-500,72.75054478048298,High
85061W,2011-09,219.0,312.2687903570593,93.26879035705927,101-500,42.588488747515655,Moderate
85061W,2011-10,213.0,201.90819131969903,11.091808680300971,101-500,5.207421915634259,Low
85061W,2011-11,77.0,170.18449483021055,93.18449483021055,51-100,121.01882445481891,High
85062,2011-07,178.0,93.3108226352266,84.68917736477341,101-500,47.57818953077158,Moderate
85062,2011-08,30.0,159.09140688647742,129.09140688647742,11-50,430.3046896215914,High
85062,2011-09,76.0,73.72202686562854,2.2779731343714644,51-100,2.9973330715414006,Low
85062,2011-10,99.0,106.463912960329,7.463912960328997,51-100,7.53930602053434,Low
85062,2011-11,28.0,72.34776838938845,44.34776838938845,11-50,158.38488710495875,High
85066,2011-07,118.0,110.85475715802788,7.145242841972134,101-500,6.0552905440441815,Low
85066,2011-08,226.0,143.44825427219482,82.55174572780518,101-500,36.527321118497866,Moderate
85066,2011-09,90.0,237.07964602777943,147.07964602777943,51-100,163.42182891975492,High
85066,2011-10,271.0,138.396639043132,132.603360956868,101-500,48.931129504379335,Moderate
85066,2011-11,130.0,140.51712108484318,10.517121084843184,101-500,8.090093142187065,Low
85071A,2011-07,152.0,156.1386530416708,4.138653041670807,101-500,2.722798053730794,Low
85071A,2011-08,159.0,137.1685264670866,21.831473532913407,101-500,13.730486498687677,Low
85071A,2011-09,181.0,175.06073350713484,5.939266492865158,101-500,3.281362703240419,Low
85071A,2011-10,149.0,204.8905017642291,55.8905017642291,101-500,37.51040386861013,Moderate
85071A,2011-11,13.0,98.7949518007478,85.7949518007478,11-50,659.96116769806,High
85071B,2011-07,116.0,165.7114123760562,49.71141237605619,101-500,42.854665841427746,Moderate
85071B,2011-08,186.0,136.51486192651944,49.48513807348056,101-500,26.604912942731485,Moderate
85071B,2011-09,150.0,198.25188419947224,48.251884199472215,101-500,32.16792279964814,Moderate
85071B,2011-10,182.0,167.30718249879368,14.69281750120632,101-500,8.07297664901446,Low
85071B,2011-11,42.0,114.50637452856118,72.50637452856118,11-50,172.63422506800282,High
85071C,2011-07,45.0,63.564321466161246,18.56432146616125,11-50,41.25404770258056,Moderate
85071C,2011-08,210.0,65.21070558197927,144.78929441802077,101-500,68.94728305620038,High
85071C,2011-09,67.0,189.2847174610712,122.28471746107118,51-100,182.51450367324057,High
85071C,2011-10,98.0,105.71322071169013,7.713220711690113,51-100,7.870633379275625,Low
85071C,2011-11,8.0,79.70442474781963,71.70442474781963,0-10,896.3053093477454,High
85071D,2011-08,58.0,81.01659713886616,23.01659713886616,51-100,39.6837881704589,Moderate
85071D,2011-09,75.0,85.62184713066846,10.621847130668456,51-100,14.162462840891274,Low
85071D,2011-10,76.0,120.50389216764762,44.50389216764762,51-100,58.55775285216792,High
85071D,2011-11,3.0,56.41348850399894,53.41348850399894,0-10,1780.4496167999648,High
85078,2011-07,157.0,158.3793810605863,1.3793810605862973,101-500,0.8785866627938199,Low
85078,2011-08,389.0,170.21226780791812,218.78773219208188,101-500,56.243632954262694,High
85078,2011-09,518.0,306.9231017136094,211.0768982863906,501-1000,40.74843596262367,Moderate
85078,2011-10,8.0,433.8208534239586,425.8208534239586,0-10,5322.760667799483,High
85086A,2011-07,17.0,97.46745201971284,80.46745201971285,11-50,473.3379530571344,High
85087,2011-07,23.0,64.4592426303505,41.4592426303505,11-50,180.25757665369784,High
85087,2011-08,37.0,75.2683081786465,38.26830817864651,11-50,103.42785994228785,High
85087,2011-09,9.0,67.76177606752802,58.76177606752802,0-10,652.9086229725335,High
85088,2011-07,14.0,31.126485105741544,17.126485105741544,11-50,122.33203646958246,High
85088,2011-08,1.0,30.62681087021629,29.62681087021629,0-10,2962.681087021629,High
85088,2011-09,75.0,30.07356861521602,44.92643138478398,51-100,59.90190851304531,High
85088,2011-10,48.0,66.64854985561156,18.648549855611563,11-50,38.851145532524086,Moderate
85093,2011-07,13.0,52.44095216947925,39.44095216947925,11-50,303.391939765225,High
85093,2011-08,11.0,43.81958419877188,32.81958419877188,11-50,298.3598563524716,High
85093,2011-09,32.0,48.61320308536728,16.613203085367275,11-50,51.91625964177273,High
85093,2011-10,22.0,67.09194583610744,45.09194583610744,11-50,204.96339016412475,High
85094,2011-07,38.0,52.20104487300996,14.201044873009955,11-50,37.37117071844725,Moderate
85094,2011-08,1.0,61.7334619622918,60.7334619622918,0-10,6073.346196229179,High
85094,2011-09,71.0,58.025439662681634,12.974560337318366,51-100,18.274028644110373,Low
85094,2011-10,104.0,80.72199994144304,23.278000058556955,101-500,22.382692363997073,Moderate
85094,2011-11,11.0,71.50581988951609,60.50581988951609,11-50,550.0529080865099,High
85095,2011-07,1.0,56.50006350385801,55.50006350385801,0-10,5550.006350385801,High
85095,2011-08,1.0,55.48374603447056,54.48374603447056,0-10,5448.374603447056,High
85095,2011-09,8.0,23.8327191975346,15.8327191975346,0-10,197.9089899691825,High
85095,2011-10,16.0,23.220666541550717,7.220666541550713,11-50,45.12916588469196,Moderate
85095,2011-11,2.0,25.340916447898927,23.340916447898927,0-10,1167.0458223949463,High
85096,2011-08,0.0,22.77980270700908,22.77980270700908,0-10,,
85096,2011-11,1.0,15.215893151548745,14.215893151548745,0-10,1421.5893151548744,High
85099B,2011-07,5402.0,2572.465025374805,2829.534974625195,5000+,52.37939605007765,High
85099B,2011-08,4399.0,4881.791845934996,482.79184593499576,1001-5000,10.975036279495244,Low
85099B,2011-09,5412.0,4985.829866288456,426.1701337115437,5000+,7.87454053421182,Low
85099B,2011-10,5908.0,6861.03494601026,953.0349460102598,5000+,16.131261780810085,Low
85099B,2011-11,1105.0,3892.775533434197,2787.7755334341964,1001-5000,252.28737859133,High
85099C,2011-07,1057.0,973.7662219457349,83.23377805426514,1001-5000,7.874529617243628,Low
85099C,2011-08,1581.0,1124.188051591564,456.8119484084359,1001-5000,28.89386137940771,Moderate
85099C,2011-09,1117.0,1414.4374670624368,297.4374670624368,1001-5000,26.62824235115817,Moderate
85099C,2011-10,1565.0,1290.4751968598737,274.5248031401263,1001-5000,17.54152096742021,Low
85099C,2011-11,265.0,887.6863167807576,622.6863167807576,101-500,234.9759685965123,High
85099F,2011-07,2176.0,1266.0045654779651,909.9954345220348,1001-5000,41.81964313060821,Moderate
85099F,2011-08,1430.0,1559.675455357817,129.67545535781733,1001-5000,9.068213661385826,Low
85099F,2011-09,1834.0,1599.2963880613754,234.7036119386246,1001-5000,12.797361610612029,Low
85099F,2011-10,898.0,1936.7561192828712,1038.7561192828712,501-1000,115.67440081101014,High
85099F,2011-11,304.0,734.7179504845175,430.7179504845175,101-500,141.68353634359127,High
85104,2011-11,14.0,16.268809642074253,2.2688096420742525,11-50,16.20578315767323,Low
85106,2011-07,505.0,23.662915311205,481.337084688795,501-1000,95.31427419580099,High
85106,2011-08,0.0,230.5243121245048,230.5243121245048,0-10,,
85107,2011-07,53.0,23.662915311205,29.337084688795,51-100,55.35298997885849,High
85107,2011-08,6.0,50.59129703873085,44.59129703873085,0-10,743.1882839788475,High
85107,2011-09,22.0,47.23437491446998,25.23437491446998,11-50,114.70170415668173,High
85107,2011-10,88.0,42.39404553806855,45.605954461931454,51-100,51.82494825219484,High
85107,2011-11,48.0,54.96312685110663,6.9631268511066295,11-50,14.506514273138812,Low
85111,2011-07,78.0,105.99094919890685,27.990949198906836,51-100,35.885832306290816,Moderate
85111,2011-08,198.0,102.77136938570304,95.22863061429696,101-500,48.09526798701867,Moderate
85111,2011-09,626.0,169.01884001833167,456.9811599816683,501-1000,73.000185300586,High
85111,2011-10,85.0,474.7785046913057,389.7785046913057,51-100,458.5629466956538,High
85111,2011-11,4.0,89.96018818137942,85.96018818137942,0-10,2149.0047045344854,High
85114A,2011-07,78.0,25.843307197947937,52.15669280205206,51-100,66.86755487442572,High
85114A,2011-08,140.0,71.88318604039078,68.11681395960922,101-500,48.654867114006585,Moderate
85114A,2011-09,12.0,109.12001385462064,97.12001385462064,11-50,809.3334487885054,High
85114A,2011-10,16.0,48.3200652742398,32.3200652742398,11-50,202.00040796399875,High
85114A,2011-11,8.0,31.45495871970562,23.45495871970562,0-10,293.18698399632024,High
85114B,2011-07,17.0,46.3815989683918,29.3815989683918,11-50,172.83293510818706,High
85114B,2011-08,94.0,37.38999788360179,56.61000211639821,51-100,60.22340650680661,High
85114B,2011-09,33.0,86.36893081369296,53.36893081369296,11-50,161.72403276876653,High
85114B,2011-10,31.0,57.77020311827876,26.77020311827876,11-50,86.3554939299315,High
85114B,2011-11,15.0,42.98040746723858,27.980407467238575,11-50,186.53604978159052,High
85114C,2011-07,17.0,44.06120026299905,27.06120026299905,11-50,159.18353095881795,High
85114C,2011-08,133.0,37.38999788360179,95.61000211639822,101-500,71.88721963638964,High
85114C,2011-09,23.0,103.91313065523232,80.91313065523232,11-50,351.79622024014054,High
85114C,2011-10,111.0,57.37203428305349,53.62796571694651,101-500,48.313482627879736,Moderate
85114C,2011-11,15.0,69.28407928785012,54.28407928785012,11-50,361.8938619190008,High
85114b,2011-07,1.0,30.07356861521602,29.07356861521602,0-10,2907.356861521602,High
85114b,2011-08,0.0,23.662915311205,23.662915311205,0-10,,
85114b,2011-11,5.0,16.09900575574465,11.099005755744647,0-10,221.98011511489293,High
85114c,2011-07,24.0,25.67534341280964,1.6753434128096387,11-50,6.980597553373495,Low
85114c,2011-08,8.0,48.24058091518948,40.24058091518948,0-10,503.00726143986856,High
85114c,2011-09,12.0,32.818781055306346,20.818781055306346,11-50,173.48984212755286,High
85114c,2011-10,26.0,27.24751915778496,1.2475191577849571,11-50,4.798150606865219,Low
85114c,2011-11,7.0,40.67667135972912,33.67667135972912,0-10,481.09530513898744,High
85116,2011-07,38.0,92.81640597287158,54.81640597287158,11-50,144.25369992860942,High
85116,2011-08,37.0,75.50437516672042,38.50437516672042,11-50,104.0658788289741,High
85116,2011-09,10.0,68.91224419768656,58.91224419768656,0-10,589.1224419768656,High
85123A,2011-07,2075.0,2766.103106847219,691.1031068472189,1001-5000,33.306173823962354,Moderate
85123A,2011-08,2474.0,2971.439443538033,497.4394435380332,1001-5000,20.106687289330363,Moderate
85123A,2011-09,1685.0,2120.8924855691675,435.8924855691676,1001-5000,25.868990241493627,Moderate
85123A,2011-10,4908.0,2743.87106789407,2164.12893210593,1001-5000,44.09390652212571,Moderate
85123A,2011-11,815.0,2770.5016599996184,1955.5016599996184,501-1000,239.93885398768322,High
85123a,2011-07,17.0,35.01254593041123,18.01254593041123,11-50,105.95615253183075,High
85123a,2011-08,25.0,33.04843123756337,8.04843123756337,11-50,32.19372495025348,Moderate
85123a,2011-09,13.0,44.29718310437633,31.29718310437633,11-50,240.74756234135637,High
85123a,2011-10,34.0,30.136336832079337,3.863663167920663,11-50,11.363715199766656,Low
85123a,2011-11,24.0,32.80487954950077,8.804879549500768,11-50,36.68699812291987,Moderate
85124B,2011-07,9.0,23.662915311205,14.662915311205,0-10,162.9212812356111,High
85124B,2011-08,3.0,24.672983338771957,21.672983338771957,0-10,722.4327779590652,High
85124B,2011-09,10.0,28.614382768611637,18.614382768611637,0-10,186.14382768611637,High
85124B,2011-10,7.0,23.662915311205,16.662915311205,0-10,238.0416473029286,High
85124C,2011-07,0.0,23.662915311205,23.662915311205,0-10,,
85125,2011-10,46.0,45.34592641870735,0.6540735812926499,11-50,1.4218990897666304,Low
85127,2011-07,4.0,20.496453272860588,16.496453272860588,0-10,412.4113318215147,High
85127,2011-08,23.0,25.29113813463597,2.2911381346359683,11-50,9.961470150591166,Low
85127,2011-09,8.0,38.05247889203013,30.05247889203013,0-10,375.65598615037663,High
85127,2011-10,25.0,25.7320019691776,0.732001969177599,11-50,2.928007876710396,Low
85127,2011-11,2.0,35.8797520765738,33.8797520765738,0-10,1693.98760382869,High
85129B,2011-07,1.0,38.46649960854886,37.46649960854886,0-10,3746.6499608548856,High
85129B,2011-08,1.0,23.662915311205,22.662915311205,0-10,2266.2915311205,High
85129B,2011-09,0.0,23.662915311205,23.662915311205,0-10,,
85129C,2011-10,1.0,42.39404553806855,41.39404553806855,0-10,4139.404553806855,High
85129C,2011-11,1.0,25.254871499845976,24.254871499845976,0-10,2425.4871499845976,High
85129D,2011-07,4.0,38.46649960854886,34.46649960854886,0-10,861.6624902137214,High
85129D,2011-08,4.0,24.672983338771957,20.672983338771957,0-10,516.8245834692989,High
85129D,2011-09,4.0,23.662915311205,19.662915311205,0-10,491.57288278012504,High
85129D,2011-10,12.0,23.662915311205,11.662915311205,11-50,97.19096092670833,High
85129D,2011-11,21.0,18.84260305783992,2.15739694216008,11-50,10.273318772190859,Low
85130B,2011-07,169.0,146.85861734673674,22.141382653263264,101-500,13.10140985400193,Low
85130B,2011-08,226.0,143.50376161820262,82.49623838179738,101-500,36.502760345928046,Moderate
85130B,2011-09,56.0,195.06689560918124,139.06689560918124,51-100,248.33374215925224,High
85130B,2011-10,37.0,112.88995179020787,75.88995179020789,11-50,205.10797781137268,High
85130B,2011-11,1.0,67.33275669342078,66.33275669342078,0-10,6633.275669342078,High
85130C,2011-08,190.0,103.90684267590342,86.09315732409658,101-500,45.31218806531399,Moderate
85130C,2011-09,8.0,179.1029484243899,171.1029484243899,0-10,2138.786855304874,High
85130C,2011-10,11.0,70.51806597388523,59.51806597388523,11-50,541.0733270353203,High
85130C,2011-11,8.0,37.32266070394903,29.322660703949037,0-10,366.53325879936295,High
85130D,2011-07,125.0,170.8738596017583,45.87385960175831,101-500,36.69908768140665,Moderate
85130D,2011-08,10.0,128.24127033694543,118.24127033694543,0-10,1182.4127033694542,High
85130D,2011-09,22.0,81.04296579935334,59.04296579935334,11-50,268.3771172697879,High
85130D,2011-10,3.0,68.63538895456837,65.63538895456837,0-10,2187.8462984856124,High
85130D,2011-11,8.0,34.127015110416686,26.12701511041669,0-10,326.5876888802086,High
85131A,2011-07,8.0,151.2670158132816,143.2670158132816,0-10,1790.83769766602,High
85131A,2011-08,0.0,72.08232880491532,72.08232880491532,0-10,,
85131B,2011-07,47.0,83.550727412331,36.550727412331,11-50,77.76750513261915,High
85131B,2011-08,66.0,91.58496036704057,25.58496036704055,51-100,38.76509146521296,Moderate
85131B,2011-09,34.0,101.82769454163544,67.82769454163545,11-50,199.49321924010428,High
85131B,2011-10,94.0,69.62292982099275,24.377070179007248,51-100,25.933053381922605,Moderate
85131B,2011-11,15.0,68.23636592148813,53.23636592148813,11-50,354.9091061432542,High
85131C,2011-07,20.0,39.64372617670296,19.643726176702955,11-50,98.21863088351478,High
85131C,2011-08,37.0,50.909901600714015,13.909901600714017,11-50,37.594328650578426,Moderate
85131C,2011-09,17.0,60.25251101631748,43.25251101631748,11-50,254.42653539010283,High
85131C,2011-10,6.0,58.81543192963594,52.81543192963594,0-10,880.2571988272657,High
85131D,2011-07,104.0,100.61582127609309,3.384178723906913,101-500,3.2540180037566473,Low
85131D,2011-08,72.0,126.225741546425,54.225741546425,51-100,75.31352992559027,High
85131D,2011-09,41.0,105.84511958981597,64.84511958981595,11-50,158.15882826784377,High
85131D,2011-10,31.0,97.46332341101358,66.46332341101358,11-50,214.3978174548825,High
85131D,2011-11,18.0,48.47825793499745,30.47825793499745,11-50,169.3236551944303,High
85132C,2011-07,365.0,291.5221923903585,73.4778076096415,101-500,20.13090619442233,Moderate
85132C,2011-08,4.0,295.9633824276581,291.9633824276581,0-10,7299.084560691452,High
85135B,2011-07,3.0,19.32134866516658,16.32134866516658,0-10,544.0449555055526,High
85135B,2011-08,3.0,18.880484830624948,15.880484830624948,0-10,529.3494943541649,High
85135B,2011-09,0.0,18.880484830624948,18.880484830624948,0-10,,
85135C,2011-07,2.0,18.880484830624948,16.880484830624948,0-10,844.0242415312474,High
85135C,2011-08,13.0,18.880484830624948,5.880484830624948,11-50,45.23449869711499,Moderate
85135C,2011-09,10.0,21.66677713203657,11.666777132036572,0-10,116.66777132036572,High
85135C,2011-10,3.0,25.7320019691776,22.7320019691776,0-10,757.7333989725867,High
85135C,2011-11,12.0,19.78200083382456,7.782000833824558,11-50,64.85000694853798,High
85136A,2011-08,1.0,18.880484830624948,17.880484830624948,0-10,1788.0484830624948,High
85136A,2011-09,8.0,18.880484830624948,10.880484830624948,0-10,136.00606038281185,High
85136A,2011-10,14.0,20.496453272860588,6.496453272860588,11-50,46.403237663289914,Moderate
85136A,2011-11,6.0,19.81219289628307,13.812192896283069,0-10,230.20321493805116,High
85136C,2011-08,0.0,18.880484830624948,18.880484830624948,0-10,,
85136C,2011-11,5.0,16.229949257960634,11.229949257960634,0-10,224.59898515921267,High
85150,2011-09,240.0,573.3295895121046,333.3295895121046,101-500,138.8873289633769,High
85150,2011-10,355.0,308.24426713718054,46.75573286281946,101-500,13.1706289754421,Low
85150,2011-11,112.0,200.8780610341475,88.87806103414749,101-500,79.35541163763169,High
85152,2011-07,234.0,593.253762340972,359.253762340972,101-500,153.52724886366326,High
85152,2011-08,838.0,366.4623022161367,471.5376977838633,501-1000,56.26941501000755,High
85152,2011-09,1317.0,757.2145112405802,559.7854887594198,1001-5000,42.50459292022929,Moderate
85152,2011-10,574.0,1166.569662833325,592.5696628333251,501-1000,103.23513289779183,High
85152,2011-11,881.0,369.76200925761947,511.2379907423805,501-1000,58.02928385271061,High
85159A,2011-07,25.0,57.37203428305349,32.37203428305349,11-50,129.48813713221395,High
85159A,2011-08,5.0,49.66666375998973,44.66666375998973,0-10,893.3332751997947,High
85159A,2011-09,12.0,33.87169754583188,21.87169754583188,11-50,182.26414621526567,High
85159A,2011-10,30.0,25.886155660906496,4.113844339093504,11-50,13.712814463645012,Low
85159A,2011-11,1.0,40.67667135972912,39.67667135972912,0-10,3967.667135972912,High
85159B,2011-07,30.0,64.74858020851175,34.748580208511754,11-50,115.82860069503917,High
85159B,2011-08,38.0,57.85151871053743,19.851518710537427,11-50,52.2408387119406,High
85159B,2011-09,54.0,49.66666375998973,4.333336240010276,51-100,8.024696740759769,Low
85159B,2011-10,50.0,61.75919189170927,11.759191891709271,11-50,23.518383783418543,Moderate
85160B,2011-07,6.0,64.50829455587827,58.508294555878265,0-10,975.1382425979712,High
85160B,2011-08,3.0,65.07727849176912,62.07727849176912,0-10,2069.242616392304,High
85160B,2011-09,0.0,45.64746523196252,45.64746523196252,0-10,,
85161,2011-08,3.0,18.880484830624948,15.880484830624948,0-10,529.3494943541649,High
85161,2011-09,1.0,18.880484830624948,17.880484830624948,0-10,1788.0484830624948,High
85161,2011-10,3.0,18.880484830624948,15.880484830624948,0-10,529.3494943541649,High
85163A,2011-09,8.0,18.880484830624948,10.880484830624948,0-10,136.00606038281185,High
85163A,2011-10,4.0,19.32134866516658,15.321348665166578,0-10,383.0337166291645,High
85163B,2011-07,1.0,18.880484830624948,17.880484830624948,0-10,1788.0484830624948,High
85163B,2011-08,0.0,18.880484830624948,18.880484830624948,0-10,,
85168B,2011-07,0.0,18.880484830624948,18.880484830624948,0-10,,
85168B,2011-10,6.0,19.32134866516658,13.321348665166578,0-10,222.0224777527763,High
85168B,2011-11,7.0,20.222864668366185,13.222864668366183,0-10,188.89806669094546,High
85169A,2011-07,27.0,59.1493592646658,32.1493592646658,11-50,119.07170098024369,High
85169A,2011-08,49.0,56.14528186153323,7.145281861533228,11-50,14.582207880680057,Low
85169A,2011-09,11.0,55.678742625391024,44.678742625391024,11-50,406.17038750355476,High
85169A,2011-10,36.0,57.95393867531735,21.953938675317342,11-50,60.983162986992625,High
85169A,2011-11,5.0,41.07484019495439,36.07484019495439,0-10,721.4968038990878,High
85169B,2011-07,6.0,41.049948346021736,35.049948346021736,0-10,584.1658057670289,High
85169B,2011-08,28.0,42.10232031897342,14.10232031897342,11-50,50.36542971061936,High
85169B,2011-09,8.0,43.96731898098783,35.96731898098783,0-10,449.5914872623478,High
85169B,2011-10,10.0,33.87169754583188,23.87169754583188,0-10,238.7169754583188,High
85169B,2011-11,2.0,19.68839035084263,17.68839035084263,0-10,884.4195175421315,High
85169C,2011-07,0.0,45.03950764157955,45.03950764157955,0-10,,
85169D,2011-07,2.0,38.46649960854886,36.46649960854886,0-10,1823.3249804274428,High
85169D,2011-08,24.0,23.662915311205,0.3370846887949987,11-50,1.4045195366458278,Low
85169D,2011-09,3.0,42.96506617393677,39.96506617393677,0-10,1332.168872464559,High
85169D,2011-10,26.0,44.84753275906373,18.84753275906373,11-50,72.49051061178358,High
85170B,2011-07,3.0,31.605969533225487,28.605969533225487,0-10,953.5323177741828,High
85170B,2011-08,5.0,24.715831801730516,19.715831801730516,0-10,394.3166360346103,High
85170B,2011-09,3.0,23.662915311205,20.662915311205,0-10,688.7638437068333,High
85170B,2011-10,6.0,23.662915311205,17.662915311205,0-10,294.38192185341666,High
85170C,2011-07,26.0,34.45362333931509,8.453623339315087,11-50,32.51393592044264,Moderate
85170C,2011-08,13.0,48.24058091518948,35.24058091518948,11-50,271.0813916553037,High
85170C,2011-09,9.0,34.47790347811775,25.477903478117756,0-10,283.0878164235306,High
85170C,2011-10,12.0,31.126485105741544,19.126485105741544,11-50,159.38737588117954,High
85170C,2011-11,2.0,23.27371356285279,21.27371356285279,0-10,1063.6856781426395,High
85170D,2011-07,13.0,37.37258322659672,24.37258322659672,11-50,187.48140943535938,High
85170D,2011-08,13.0,31.732691038027447,18.732691038027447,11-50,144.0976233694419,High
85170D,2011-09,12.0,31.07794338272717,19.07794338272717,11-50,158.98286152272644,High
85170D,2011-10,17.0,31.07794338272717,14.07794338272717,11-50,82.811431663101,High
85170D,2011-11,9.0,23.18817441877701,14.18817441877701,0-10,157.64638243085568,High
85172,2011-07,48.0,84.75772795728433,36.75772795728433,11-50,76.57859991100902,High
85172,2011-08,16.0,76.86211053715519,60.86211053715519,11-50,380.3881908572199,High
85172,2011-09,112.0,73.4374530011231,38.5625469988769,101-500,34.430845534711516,Moderate
85172,2011-10,432.0,110.1085575840981,321.8914424159019,101-500,74.51190796664396,High
85172,2011-11,48.0,148.65990387367486,100.65990387367486,11-50,209.70813307015595,High
85173,2011-07,8.0,28.78418665494124,20.78418665494124,0-10,259.8023331867655,High
85173,2011-08,29.0,24.273583032076232,4.726416967923768,11-50,16.297989544564718,Low
85173,2011-09,58.0,46.3815989683918,11.6184010316082,51-100,20.03172591656586,Moderate
85173,2011-10,17.0,58.97888879082327,41.97888879082327,11-50,246.93463994601922,High
85173,2011-11,44.0,34.69167387245663,9.308326127543369,11-50,21.15528665350766,Moderate
85174,2011-07,6.0,40.12178647073416,34.12178647073416,0-10,568.6964411789027,High
85174,2011-08,7.0,20.3742651556921,13.3742651556921,0-10,191.06093079560142,High
85174,2011-09,10.0,20.496453272860588,10.496453272860588,0-10,104.96453272860589,High
85174,2011-10,130.0,22.76209309808381,107.2379069019162,101-500,82.49069761685863,High
85174,2011-11,12.0,85.79175432829818,73.79175432829818,11-50,614.9312860691515,High
85175,2011-07,220.0,438.9480807028108,218.9480807028108,101-500,99.521854864914,High
85175,2011-08,256.0,382.23294136294345,126.23294136294344,101-500,49.30974271989978,Moderate
85175,2011-09,324.0,352.95689723616204,28.956897236162035,101-500,8.937313961778406,Low
85175,2011-10,560.0,408.1768174983487,151.82318250165127,501-1000,27.111282589580583,Moderate
85176,2011-07,46.0,111.54978951981036,65.54978951981037,11-50,142.49954243437037,High
85176,2011-08,154.0,94.57434868384304,59.42565131615696,101-500,38.588085270231794,Moderate
85176,2011-09,120.0,154.79398755845983,34.79398755845983,101-500,28.99498963204986,Moderate
85176,2011-10,76.0,128.83969025881444,52.83969025881444,51-100,69.52590823528216,High
85176,2011-11,45.0,70.91363578692201,25.91363578692201,11-50,57.58585730427114,High
85177,2011-07,19.0,65.21719873899136,46.21719873899136,11-50,243.24841441574398,High
85177,2011-08,25.0,51.35423728328438,26.354237283284377,11-50,105.4169491331375,High
85177,2011-09,101.0,59.85434218109221,41.14565781890779,101-500,40.73827506822554,Moderate
85177,2011-10,33.0,96.41171244419782,63.41171244419782,11-50,192.15670437635703,High
85177,2011-11,8.0,48.25922770420207,40.25922770420207,0-10,503.24034630252584,High
85178,2011-07,76.0,146.6429593933549,70.64295939335489,51-100,92.95126235967747,High
85178,2011-08,199.0,112.64596695070952,86.35403304929049,101-500,43.393986456929895,Moderate
85178,2011-09,267.0,182.31158281671375,84.68841718328622,101-500,31.718508308346898,Moderate
85178,2011-10,384.0,189.57098661861784,194.42901338138216,101-500,50.63255556806827,High
85178,2011-11,45.0,190.9733655137599,145.9733655137599,11-50,324.3852566972442,High
85179A,2011-11,26.0,85.48438161519934,59.48438161519934,11-50,228.78608313538206,High
85179C,2011-11,21.0,42.6803898667648,21.6803898667648,11-50,103.23995174649905,High
85180A,2011-07,0.0,31.935668451110438,31.935668451110438,0-10,,
85180A,2011-10,3.0,26.73805028419226,23.73805028419226,0-10,791.2683428064086,High
85180A,2011-11,1.0,13.371347529813546,12.371347529813546,0-10,1237.1347529813545,High
85180B,2011-07,3.0,20.32739698018124,17.327396980181238,0-10,577.5798993393746,High
85180B,2011-08,0.0,20.32739698018124,20.32739698018124,0-10,,
85180B,2011-11,10.0,21.228912983380845,11.228912983380845,0-10,112.28912983380846,High
85183A,2011-07,36.0,100.13633684860916,64.13633684860915,11-50,178.15649124613654,High
85183A,2011-08,54.0,74.13990810666346,20.13990810666345,51-100,37.29612612345083,Moderate
85183A,2011-09,81.0,92.85789121871323,11.857891218713236,51-100,14.639371874954612,Low
85183A,2011-10,72.0,103.72623333902024,31.72623333902025,51-100,44.06421297086146,Moderate
85183A,2011-11,13.0,58.03942626993717,45.03942626993717,11-50,346.4571251533628,High
85183B,2011-07,57.0,116.99568450829246,59.995684508292456,51-100,105.25558685665344,High
85183B,2011-08,91.0,83.81664119802431,7.183358801975686,51-100,7.893800881291963,Low
85183B,2011-09,103.0,117.61393958432232,14.613939584322324,101-500,14.188290858565363,Low
85183B,2011-10,128.0,129.7580703717245,1.7580703717245,101-500,1.3734924779097657,Low
85183B,2011-11,12.0,87.01462503486341,75.01462503486341,11-50,625.1218752905285,High
85184C,2011-07,17.0,56.25430299346344,39.25430299346344,11-50,230.907664667432,High
85184C,2011-08,23.0,45.7863439551533,22.7863439551533,11-50,99.07106067457956,High
85184C,2011-09,21.0,48.638749750414746,27.638749750414743,11-50,131.613094049594,High
85184C,2011-10,32.0,59.80194726583856,27.801947265838564,11-50,86.8810852057455,High
85184C,2011-11,15.0,35.091673940890246,20.09167394089025,11-50,133.94449293926834,High
85185B,2011-07,58.0,55.74711302630796,2.2528869736920427,51-100,3.8842878856759357,Low
85185B,2011-08,8.0,58.97888879082327,50.97888879082327,0-10,637.2361098852908,High
85185B,2011-09,14.0,47.23437491446998,33.23437491446998,11-50,237.38839224621415,High
85185B,2011-10,28.0,29.142539890739137,1.1425398907391369,11-50,4.080499609782632,Low
85187,2011-07,0.0,48.22038598819285,48.22038598819285,0-10,,
85194S,2011-07,48.0,114.9273396501324,66.92733965013241,11-50,139.43195760444252,High
85194S,2011-08,60.0,114.7951824675444,54.79518246754439,51-100,91.32530411257399,High
85194S,2011-09,213.0,111.75433822132068,101.24566177867932,101-500,47.5331745439809,Moderate
85194S,2011-10,92.0,150.72551721664448,58.72551721664448,51-100,63.832083931135294,High
85194S,2011-11,65.0,107.87561193575851,42.87561193575851,51-100,65.96247990116694,High
85199L,2011-07,25.0,55.50981525690418,30.509815256904183,11-50,122.03926102761673,High
85199L,2011-08,182.0,62.11680933680417,119.88319066319583,101-500,65.86988497977792,High
85199L,2011-09,167.0,168.62804983519771,1.6280498351977144,101-500,0.9748801408369547,Low
85199L,2011-10,157.0,154.99472163325612,2.0052783667438803,101-500,1.27724736735279,Low
85199L,2011-11,60.0,101.47190443758312,41.47190443758312,51-100,69.11984072930521,High
85199S,2011-07,55.0,96.54782722707264,41.547827227072645,51-100,75.541504049223,High
85199S,2011-08,221.0,93.78622105884295,127.21377894115705,101-500,57.56279590097604,High
85199S,2011-09,381.0,217.69958791207117,163.30041208792886,101-500,42.861000548012825,Moderate
85199S,2011-10,917.0,315.4247502261424,601.5752497738576,501-1000,65.60253541699647,High
85199S,2011-11,256.0,355.1664480026542,99.1664480026542,101-500,38.7368937510368,Moderate
85202,2011-07,7.0,71.01705536181207,64.01705536181207,0-10,914.529362311601,High
85202,2011-08,17.0,53.75041448553835,36.75041448553835,11-50,216.17890873846085,High
85202,2011-09,2.0,51.826041541468406,49.826041541468406,0-10,2491.30207707342,High
85202,2011-10,51.0,46.59493053336501,4.405069466634991,51-100,8.637391111049002,Low
85203,2011-07,9.0,73.43133534921598,64.43133534921598,0-10,715.9037261023999,High
85203,2011-08,46.0,52.36966910550502,6.369669105505018,11-50,13.847106751097865,Low
85203,2011-09,30.0,73.095177120325,43.095177120325005,11-50,143.65059040108335,High
85203,2011-10,52.0,76.34204516857532,24.342045168575325,51-100,46.81162532418332,Moderate
85203,2011-11,24.0,59.624700104604734,35.624700104604734,11-50,148.43625043585305,High
85204,2011-07,123.0,163.71199058450196,40.71199058450196,101-500,33.099179336993465,Moderate
85204,2011-08,299.0,328.380800263331,29.380800263331025,101-500,9.826354603120745,Low
85204,2011-09,500.0,205.19834298150155,294.8016570184985,101-500,58.9603314036997,High
85204,2011-10,254.0,330.4601599626816,76.46015996268159,101-500,30.102425182158104,Moderate
85204,2011-11,8.0,151.13964217524338,143.13964217524338,0-10,1789.2455271905424,High
85208,2011-07,0.0,55.32778926248647,55.32778926248647,0-10,,
85208,2011-10,2.0,33.957742493884844,31.957742493884844,0-10,1597.8871246942422,High
85211,2011-07,0.0,70.57213779043236,70.57213779043236,0-10,,
85212,2011-07,159.0,160.44751752652024,1.4475175265202438,101-500,0.9103883814592728,Low
85212,2011-08,181.0,205.2964420976112,24.29644209761122,101-500,13.42344867271338,Low
85212,2011-09,62.0,197.28876379309932,135.28876379309935,51-100,218.20768353725703,High
85212,2011-10,72.0,151.37069609640312,79.37069609640312,51-100,110.23707791167101,High
85212,2011-11,24.0,127.21803474295898,103.21803474295898,11-50,430.07514476232905,High
85214,2011-07,9.0,60.50081314215134,51.50081314215134,0-10,572.2312571350149,High
85215,2011-07,30.0,53.7800346390345,23.780034639034504,11-50,79.266782130115,High
85227,2011-07,94.0,134.92890268670908,40.92890268670908,51-100,43.54138583692455,Moderate
85227,2011-08,73.0,139.09683878301513,66.09683878301513,51-100,90.5436147712536,High
85227,2011-09,167.0,116.5708308161676,50.429169183832414,101-500,30.19710729570803,Moderate
85227,2011-10,229.0,178.91517733165637,50.084822668343634,101-500,21.871101601896783,Moderate
85227,2011-11,66.0,96.17274430792052,30.17274430792051,51-100,45.71627925442501,Moderate
85230A,2011-09,0.0,126.2938781127945,126.2938781127945,0-10,,
85230B,2011-09,168.0,159.67799521197466,8.322004788025339,101-500,4.953574278586511,Low
85230B,2011-10,312.0,152.7687412420878,159.2312587579122,101-500,51.035659858305195,High
85230B,2011-11,24.0,153.1831538676441,129.1831538676441,11-50,538.2631411151838,High
85230E,2011-07,72.0,116.55323978725986,44.553239787259855,51-100,61.879499704527575,High
85230E,2011-08,96.0,117.81373924767448,21.81373924767448,51-100,22.722645049660915,Moderate
85230F,2011-09,0.0,69.00608018421298,69.00608018421298,0-10,,
85230G,2011-09,24.0,124.30864753127896,100.30864753127896,11-50,417.9526980469957,High
85230G,2011-10,48.0,109.6861817941009,61.6861817941009,11-50,128.5128787377102,High
85230G,2011-11,24.0,61.07048275692039,37.07048275692039,11-50,154.46034482050163,High
85231B,2011-07,41.0,70.13570688579719,29.13570688579719,11-50,71.06269972145657,High
85231B,2011-08,138.0,63.99945205118209,74.00054794881791,101-500,53.623585470157906,High
85231B,2011-09,96.0,148.39866753103638,52.39866753103638,51-100,54.58194534482956,High
85231B,2011-10,123.0,119.85638272962,3.1436172703800054,101-500,2.5557863986829314,Low
85231B,2011-11,29.0,77.77449732326068,48.77449732326068,11-50,168.18792180434718,High
85231G,2011-07,40.0,71.76062814254269,31.76062814254269,11-50,79.40157035635671,High
85231G,2011-08,115.0,62.15807828860166,52.84192171139834,101-500,45.94949714034639,Moderate
85231G,2011-09,32.0,127.21476900206898,95.21476900206898,11-50,297.54615313146553,High
85232D,2011-10,49.0,39.22758349972414,9.77241650027586,11-50,19.943707143420124,Low
85232D,2011-11,5.0,40.39359547537533,35.39359547537533,0-10,707.8719095075065,High
90000D,2011-07,1.0,19.32134866516658,18.32134866516658,0-10,1832.134866516658,High
90000D,2011-08,0.0,18.880484830624948,18.880484830624948,0-10,,
90003B,2011-08,4.0,22.77980270700908,18.77980270700908,0-10,469.49506767522695,High
90003B,2011-09,0.0,22.77980270700908,22.77980270700908,0-10,,
90003C,2011-08,6.0,22.77980270700908,16.779802707009082,0-10,279.6633784501514,High
90003C,2011-09,2.0,23.220666541550717,21.220666541550717,0-10,1061.033327077536,High
90003C,2011-10,4.0,22.77980270700908,18.77980270700908,0-10,469.49506767522695,High
90003C,2011-11,4.0,15.215893151548745,11.215893151548745,0-10,280.3973287887186,High
90003D,2011-07,1.0,22.77980270700908,21.77980270700908,0-10,2177.980270700908,High
90003D,2011-08,6.0,22.77980270700908,16.779802707009082,0-10,279.6633784501514,High
90003D,2011-09,1.0,23.220666541550717,22.220666541550717,0-10,2222.066654155072,High
90003D,2011-10,7.0,22.77980270700908,15.779802707009082,0-10,225.4257529572726,High
90003E,2011-07,6.0,22.77980270700908,16.779802707009082,0-10,279.6633784501514,High
90003E,2011-08,4.0,23.220666541550717,19.220666541550717,0-10,480.51666353876794,High
90003E,2011-09,0.0,22.77980270700908,22.77980270700908,0-10,,
90010A,2011-07,3.0,18.880484830624948,15.880484830624948,0-10,529.3494943541649,High
90010A,2011-08,4.0,18.880484830624948,14.880484830624948,0-10,372.0121207656237,High
90010A,2011-09,0.0,18.880484830624948,18.880484830624948,0-10,,
90010E,2011-10,5.0,18.880484830624948,13.880484830624948,0-10,277.60969661249896,High
90010E,2011-11,1.0,13.371347529813546,12.371347529813546,0-10,1237.1347529813545,High
90013A,2011-07,7.0,22.77980270700908,15.779802707009082,0-10,225.4257529572726,High
90013A,2011-08,10.0,23.220666541550717,13.220666541550711,0-10,132.20666541550713,High
90013A,2011-09,0.0,24.230734569117672,24.230734569117672,0-10,,
90013B,2011-07,1.0,22.77980270700908,21.77980270700908,0-10,2177.980270700908,High
90013B,2011-08,2.0,22.77980270700908,20.77980270700908,0-10,1038.990135350454,High
90013B,2011-09,3.0,22.77980270700908,19.77980270700908,0-10,659.3267569003026,High
90013B,2011-10,10.0,22.77980270700908,12.779802707009082,0-10,127.79802707009082,High
90013C,2011-10,10.0,22.77980270700908,12.779802707009082,0-10,127.79802707009082,High
90013C,2011-11,4.0,17.23003042900965,13.230030429009648,0-10,330.7507607252412,High
90014A,2011-07,1.0,18.880484830624948,17.880484830624948,0-10,1788.0484830624948,High
90014A,2011-08,1.0,18.880484830624948,17.880484830624948,0-10,1788.0484830624948,High
90014A,2011-09,2.0,18.880484830624948,16.880484830624948,0-10,844.0242415312474,High
90014A,2011-10,7.0,18.880484830624948,11.880484830624948,0-10,169.7212118660707,High
90014A,2011-11,2.0,13.812211364355171,11.812211364355171,0-10,590.6105682177586,High
90014B,2011-08,0.0,18.880484830624948,18.880484830624948,0-10,,
90016A,2011-07,1.0,18.880484830624948,17.880484830624948,0-10,1788.0484830624948,High
90016A,2011-08,0.0,18.880484830624948,18.880484830624948,0-10,,
90016B,2011-08,3.0,18.880484830624948,15.880484830624948,0-10,529.3494943541649,High
90016B,2011-09,1.0,18.880484830624948,17.880484830624948,0-10,1788.0484830624948,High
90016B,2011-10,4.0,18.880484830624948,14.880484830624948,0-10,372.0121207656237,High
90016B,2011-11,2.0,13.371347529813546,11.371347529813546,0-10,568.5673764906772,High
90018A,2011-07,2.0,22.77980270700908,20.77980270700908,0-10,1038.990135350454,High
90018A,2011-08,5.0,22.77980270700908,17.779802707009082,0-10,355.59605414018165,High
90018A,2011-09,5.0,22.77980270700908,17.779802707009082,0-10,355.59605414018165,High
90018A,2011-10,10.0,22.77980270700908,12.779802707009082,0-10,127.79802707009082,High
90018A,2011-11,3.0,17.23003042900965,14.230030429009648,0-10,474.33434763365494,High
90018B,2011-08,1.0,22.77980270700908,21.77980270700908,0-10,2177.980270700908,High
90018B,2011-09,1.0,22.77980270700908,21.77980270700908,0-10,2177.980270700908,High
90018B,2011-10,5.0,22.77980270700908,17.779802707009082,0-10,355.59605414018165,High
90018B,2011-11,2.0,15.215893151548745,13.215893151548745,0-10,660.7946575774372,High
90018C,2011-09,0.0,22.77980270700908,22.77980270700908,0-10,,
90019A,2011-07,3.0,18.880484830624948,15.880484830624948,0-10,529.3494943541649,High
90019A,2011-08,4.0,18.880484830624948,14.880484830624948,0-10,372.0121207656237,High
90019A,2011-09,6.0,18.880484830624948,12.880484830624948,0-10,214.67474717708245,High
90019A,2011-10,7.0,19.32134866516658,12.321348665166578,0-10,176.01926664523683,High
90019A,2011-11,1.0,14.987315972049176,13.987315972049176,0-10,1398.7315972049175,High
90019B,2011-07,1.0,18.880484830624948,17.880484830624948,0-10,1788.0484830624948,High
90019B,2011-08,2.0,18.880484830624948,16.880484830624948,0-10,844.0242415312474,High
90019B,2011-09,1.0,18.880484830624948,17.880484830624948,0-10,1788.0484830624948,High
90019B,2011-10,5.0,18.880484830624948,13.880484830624948,0-10,277.60969661249896,High
90019B,2011-11,2.0,14.546452137507549,12.546452137507549,0-10,627.3226068753775,High
90019C,2011-09,1.0,18.880484830624948,17.880484830624948,0-10,1788.0484830624948,High
90019C,2011-10,1.0,18.880484830624948,17.880484830624948,0-10,1788.0484830624948,High
90019C,2011-11,3.0,13.371347529813546,10.371347529813546,0-10,345.7115843271182,High
90022,2011-08,5.0,22.77980270700908,17.779802707009082,0-10,355.59605414018165,High
90022,2011-09,1.0,22.77980270700908,21.77980270700908,0-10,2177.980270700908,High
90022,2011-10,1.0,22.77980270700908,21.77980270700908,0-10,2177.980270700908,High
90022,2011-11,4.0,15.215893151548745,11.215893151548745,0-10,280.3973287887186,High
90023,2011-09,0.0,22.77980270700908,22.77980270700908,0-10,,
90024B,2011-09,0.0,18.880484830624948,18.880484830624948,0-10,,
90025F,2011-08,0.0,22.77980270700908,22.77980270700908,0-10,,
90028,2011-09,0.0,18.880484830624948,18.880484830624948,0-10,,
90029,2011-07,1.0,18.880484830624948,17.880484830624948,0-10,1788.0484830624948,High
90030A,2011-08,54.0,36.86889358311649,17.13110641688351,51-100,31.724271142376875,Moderate
90030A,2011-09,0.0,61.029953696939565,61.029953696939565,0-10,,
90030B,2011-08,36.0,43.97513420150373,7.975134201503728,11-50,22.15315055973258,Moderate
90030B,2011-09,12.0,61.28042502589245,49.28042502589245,11-50,410.6702085491038,High
90030B,2011-10,18.0,56.66097260262466,38.66097260262466,11-50,214.78318112569258,High
90030B,2011-11,13.0,36.15738774022208,23.157387740222084,11-50,178.1337518478622,High
90030C,2011-08,53.0,36.86889358311649,16.13110641688351,51-100,30.436049843176438,Moderate
90030C,2011-09,0.0,64.97135312677928,64.97135312677928,0-10,,
90031,2011-08,30.0,36.86889358311649,6.868893583116488,11-50,22.896311943721628,Moderate
90031,2011-09,0.0,54.007806803971285,54.007806803971285,0-10,,
90036C,2011-11,1.0,13.371347529813546,12.371347529813546,0-10,1237.1347529813545,High
90036E,2011-08,0.0,18.880484830624948,18.880484830624948,0-10,,
90038A,2011-07,1.0,22.77980270700908,21.77980270700908,0-10,2177.980270700908,High
90038A,2011-08,6.0,22.77980270700908,16.779802707009082,0-10,279.6633784501514,High
90038A,2011-09,0.0,23.220666541550717,23.220666541550717,0-10,,
90039D,2011-07,2.0,22.77980270700908,20.77980270700908,0-10,1038.990135350454,High
90039D,2011-08,0.0,22.77980270700908,22.77980270700908,0-10,,
90054,2011-11,2.0,16.09900575574465,14.099005755744647,0-10,704.9502877872324,High
90057,2011-11,48.0,140.88229741506544,92.88229741506544,11-50,193.50478628138632,High
90058B,2011-11,36.0,110.37520831111736,74.37520831111735,11-50,206.59780086421486,High
90059A,2011-07,0.0,23.662915311205,23.662915311205,0-10,,
90059D,2011-07,1.0,23.662915311205,22.662915311205,0-10,2266.2915311205,High
90059D,2011-08,7.0,23.662915311205,16.662915311205,0-10,238.0416473029286,High
90059D,2011-09,0.0,23.662915311205,23.662915311205,0-10,,
90059E,2011-07,0.0,23.662915311205,23.662915311205,0-10,,
90059E,2011-10,6.0,23.662915311205,17.662915311205,0-10,294.38192185341666,High
90059E,2011-11,3.0,17.27411036343866,14.27411036343866,0-10,475.8036787812887,High
90059F,2011-07,0.0,23.662915311205,23.662915311205,0-10,,
90059F,2011-10,4.0,23.662915311205,19.662915311205,0-10,491.57288278012504,High
90059F,2011-11,2.0,16.09900575574465,14.099005755744647,0-10,704.9502877872324,High
90063A,2011-09,2.0,18.880484830624948,16.880484830624948,0-10,844.0242415312474,High
90063A,2011-10,2.0,18.880484830624948,16.880484830624948,0-10,844.0242415312474,High
90070,2011-08,1.0,18.880484830624948,17.880484830624948,0-10,1788.0484830624948,High
90070,2011-09,1.0,18.880484830624948,17.880484830624948,0-10,1788.0484830624948,High
90070,2011-10,4.0,18.880484830624948,14.880484830624948,0-10,372.0121207656237,High
90071,2011-07,1.0,39.64372617670296,38.64372617670296,0-10,3864.372617670296,High
90071,2011-08,1.0,36.86889358311649,35.86889358311649,0-10,3586.8893583116487,High
90071,2011-09,4.0,36.86889358311649,32.86889358311649,0-10,821.7223395779122,High
90071,2011-10,5.0,36.86889358311649,31.86889358311649,0-10,637.3778716623298,High
90071,2011-11,2.0,23.03651110011118,21.03651110011118,0-10,1051.825555005559,High
90072,2011-10,3.0,23.78987073457604,20.78987073457604,0-10,692.9956911525347,High
90072,2011-11,1.0,15.215893151548745,14.215893151548745,0-10,1421.5893151548744,High
90073,2011-07,0.0,25.29113813463597,25.29113813463597,0-10,,
90073,2011-10,2.0,18.880484830624948,16.880484830624948,0-10,844.0242415312474,High
90073,2011-11,2.0,13.371347529813546,11.371347529813546,0-10,568.5673764906772,High
90079,2011-07,0.0,18.880484830624948,18.880484830624948,0-10,,
90081A,2011-08,0.0,18.880484830624948,18.880484830624948,0-10,,
90081A,2011-11,2.0,13.371347529813546,11.371347529813546,0-10,568.5673764906772,High
90081C,2011-11,1.0,13.371347529813546,12.371347529813546,0-10,1237.1347529813545,High
90082A,2011-08,1.0,18.880484830624948,17.880484830624948,0-10,1788.0484830624948,High
90082A,2011-09,1.0,18.880484830624948,17.880484830624948,0-10,1788.0484830624948,High
90082A,2011-10,2.0,18.880484830624948,16.880484830624948,0-10,844.0242415312474,High
90082A,2011-11,4.0,13.371347529813546,9.371347529813546,0-10,234.28368824533865,High
90085,2011-07,1.0,23.662915311205,22.662915311205,0-10,2266.2915311205,High
90085,2011-08,0.0,23.662915311205,23.662915311205,0-10,,
90086,2011-09,8.0,23.662915311205,15.662915311205,0-10,195.7864413900625,High
90086,2011-10,7.0,25.23618875412428,18.23618875412428,0-10,260.5169822017754,High
90086,2011-11,61.0,19.68839035084263,41.31160964915737,51-100,67.72395024452028,High
90087,2011-07,1.0,23.662915311205,22.662915311205,0-10,2266.2915311205,High
90087,2011-08,3.0,23.662915311205,20.662915311205,0-10,688.7638437068333,High
90087,2011-09,15.0,23.662915311205,8.662915311205001,11-50,57.75276874136668,High
90087,2011-10,5.0,26.246364048677872,21.246364048677872,0-10,424.9272809735574,High
90087,2011-11,72.0,27.57918741867783,44.42081258132217,51-100,61.695573029614124,High
90089,2011-11,13.0,16.09900575574465,3.099005755744649,11-50,23.838505813420376,Moderate
90093,2011-07,1.0,24.84014187935909,23.84014187935909,0-10,2384.014187935909,High
90093,2011-08,1.0,35.69166701496239,34.69166701496239,0-10,3469.166701496239,High
90093,2011-09,0.0,23.662915311205,23.662915311205,0-10,,
90096,2011-07,2.0,23.662915311205,21.662915311205,0-10,1083.14576556025,High
90096,2011-08,1.0,23.662915311205,22.662915311205,0-10,2266.2915311205,High
90096,2011-09,0.0,23.662915311205,23.662915311205,0-10,,
90099,2011-11,1.0,18.84260305783992,17.84260305783992,0-10,1784.260305783992,High
90101,2011-07,1.0,25.67534341280964,24.67534341280964,0-10,2467.534341280964,High
90101,2011-08,6.0,30.07356861521602,24.07356861521602,0-10,401.2261435869337,High
90101,2011-09,3.0,23.662915311205,20.662915311205,0-10,688.7638437068333,High
90101,2011-10,5.0,23.662915311205,18.662915311205,0-10,373.2583062241,High
90101,2011-11,1.0,16.09900575574465,15.099005755744647,0-10,1509.9005755744647,High
90108,2011-08,12.0,24.84014187935909,12.840141879359091,11-50,107.00118232799242,High
90108,2011-09,1.0,37.43301151000661,36.43301151000661,0-10,3643.301151000661,High
90108,2011-10,2.0,42.10232031897342,40.10232031897342,0-10,2005.116015948671,High
90108,2011-11,1.0,16.09900575574465,15.099005755744647,0-10,1509.9005755744647,High
90114,2011-07,8.0,43.42428974037323,35.42428974037323,0-10,442.8036217546654,High
90114,2011-08,4.0,30.47173745044129,26.47173745044129,0-10,661.7934362610322,High
90114,2011-09,2.0,27.13011178913449,25.13011178913449,0-10,1256.5055894567245,High
90114,2011-10,54.0,23.662915311205,30.337084688795,51-100,56.179786460731485,High
90114,2011-11,5.0,35.483144767202134,30.48314476720213,0-10,609.6628953440426,High
90116,2011-07,3.0,25.23618875412428,22.23618875412428,0-10,741.2062918041428,High
90116,2011-08,2.0,28.614382768611637,26.614382768611637,0-10,1330.7191384305818,High
90116,2011-09,1.0,23.662915311205,22.662915311205,0-10,2266.2915311205,High
90116,2011-10,6.0,23.662915311205,17.662915311205,0-10,294.38192185341666,High
90116,2011-11,14.0,17.27411036343866,3.274110363438659,11-50,23.38650259599042,Moderate
90118,2011-07,3.0,23.662915311205,20.662915311205,0-10,688.7638437068333,High
90118,2011-08,6.0,23.662915311205,17.662915311205,0-10,294.38192185341666,High
90118,2011-09,0.0,23.662915311205,23.662915311205,0-10,,
90119,2011-07,2.0,23.662915311205,21.662915311205,0-10,1083.14576556025,High
90119,2011-08,9.0,23.662915311205,14.662915311205,0-10,162.9212812356111,High
90119,2011-09,12.0,24.838019918899004,12.838019918899004,11-50,106.98349932415836,High
90119,2011-10,26.0,29.78470662778762,3.784706627787621,11-50,14.556563953029311,Low
90119,2011-11,16.0,41.07484019495439,25.07484019495439,11-50,156.71775121846494,High
90120B,2011-07,4.0,22.77980270700908,18.77980270700908,0-10,469.49506767522695,High
90120B,2011-08,1.0,22.77980270700908,21.77980270700908,0-10,2177.980270700908,High
90120B,2011-09,2.0,22.77980270700908,20.77980270700908,0-10,1038.990135350454,High
90120B,2011-10,12.0,22.77980270700908,10.779802707009082,11-50,89.83168922507568,High
90120B,2011-11,2.0,16.82708084526635,14.827080845266352,0-10,741.3540422633175,High
90120C,2011-07,0.0,22.77980270700908,22.77980270700908,0-10,,
90120C,2011-10,11.0,22.77980270700908,11.779802707009082,11-50,107.08911551826439,High
90120C,2011-11,3.0,16.220874912980477,13.220874912980475,0-10,440.69583043268256,High
90122A,2011-07,0.0,20.05558943831896,20.05558943831896,0-10,,
90122C,2011-07,1.0,18.880484830624948,17.880484830624948,0-10,1788.0484830624948,High
90122C,2011-08,2.0,18.880484830624948,16.880484830624948,0-10,844.0242415312474,High
90122C,2011-09,5.0,18.880484830624948,13.880484830624948,0-10,277.60969661249896,High
90122C,2011-10,1.0,18.880484830624948,17.880484830624948,0-10,1788.0484830624948,High
90122C,2011-11,1.0,13.371347529813546,12.371347529813546,0-10,1237.1347529813545,High
90123A,2011-08,0.0,18.880484830624948,18.880484830624948,0-10,,
90124C,2011-09,3.0,18.880484830624948,15.880484830624948,0-10,529.3494943541649,High
90124C,2011-10,1.0,18.880484830624948,17.880484830624948,0-10,1788.0484830624948,High
90129A,2011-07,3.0,23.662915311205,20.662915311205,0-10,688.7638437068333,High
90129A,2011-08,5.0,23.662915311205,18.662915311205,0-10,373.2583062241,High
90129A,2011-09,1.0,23.662915311205,22.662915311205,0-10,2266.2915311205,High
90129B,2011-07,2.0,23.662915311205,21.662915311205,0-10,1083.14576556025,High
90129B,2011-08,4.0,23.662915311205,19.662915311205,0-10,491.57288278012504,High
90129B,2011-09,6.0,23.662915311205,17.662915311205,0-10,294.38192185341666,High
90129B,2011-10,9.0,23.662915311205,14.662915311205,0-10,162.9212812356111,High
90129B,2011-11,1.0,16.09900575574465,15.099005755744647,0-10,1509.9005755744647,High
90129C,2011-07,0.0,23.662915311205,23.662915311205,0-10,,
90129C,2011-10,1.0,23.662915311205,22.662915311205,0-10,2266.2915311205,High
90129C,2011-11,1.0,22.509659059755663,21.509659059755663,0-10,2150.9659059755663,High
90129E,2011-08,4.0,23.662915311205,19.662915311205,0-10,491.57288278012504,High
90129E,2011-09,7.0,23.662915311205,16.662915311205,0-10,238.0416473029286,High
90129E,2011-10,2.0,23.662915311205,21.662915311205,0-10,1083.14576556025,High
90129F,2011-07,2.0,23.662915311205,21.662915311205,0-10,1083.14576556025,High
90129F,2011-08,6.0,23.662915311205,17.662915311205,0-10,294.38192185341666,High
90129F,2011-09,2.0,23.662915311205,21.662915311205,0-10,1083.14576556025,High
90129F,2011-10,9.0,23.662915311205,14.662915311205,0-10,162.9212812356111,High
90129F,2011-11,1.0,16.09900575574465,15.099005755744647,0-10,1509.9005755744647,High
90130B,2011-07,2.0,23.662915311205,21.662915311205,0-10,1083.14576556025,High
90130B,2011-08,8.0,23.662915311205,15.662915311205,0-10,195.7864413900625,High
90130B,2011-09,1.0,23.662915311205,22.662915311205,0-10,2266.2915311205,High
90130B,2011-10,6.0,26.077195298608974,20.077195298608974,0-10,334.6199216434829,High
90130B,2011-11,4.0,17.672279198663933,13.672279198663931,0-10,341.8069799665983,High
90130C,2011-08,0.0,23.662915311205,23.662915311205,0-10,,
90130C,2011-11,1.0,16.09900575574465,15.099005755744647,0-10,1509.9005755744647,High
90134,2011-07,1.0,23.662915311205,22.662915311205,0-10,2266.2915311205,High
90134,2011-08,1.0,23.662915311205,22.662915311205,0-10,2266.2915311205,High
90134,2011-09,4.0,23.662915311205,19.662915311205,0-10,491.57288278012504,High
90134,2011-10,7.0,23.662915311205,16.662915311205,0-10,238.0416473029286,High
90134,2011-11,3.0,17.672279198663933,14.672279198663931,0-10,489.0759732887977,High
90141C,2011-07,0.0,18.880484830624948,18.880484830624948,0-10,,
90143,2011-08,3.0,18.880484830624948,15.880484830624948,0-10,529.3494943541649,High
90143,2011-09,1.0,18.880484830624948,17.880484830624948,0-10,1788.0484830624948,High
90143,2011-10,0.0,18.880484830624948,18.880484830624948,0-10,,
90144,2011-09,1.0,22.77980270700908,21.77980270700908,0-10,2177.980270700908,High
90144,2011-10,3.0,22.77980270700908,19.77980270700908,0-10,659.3267569003026,High
90145,2011-07,3.0,18.880484830624948,15.880484830624948,0-10,529.3494943541649,High
90145,2011-08,5.0,18.880484830624948,13.880484830624948,0-10,277.60969661249896,High
90145,2011-09,3.0,18.880484830624948,15.880484830624948,0-10,529.3494943541649,High
90145,2011-10,2.0,18.880484830624948,16.880484830624948,0-10,844.0242415312474,High
90145,2011-11,2.0,13.371347529813546,11.371347529813546,0-10,568.5673764906772,High
90154,2011-09,0.0,45.074625784998425,45.074625784998425,0-10,,
90158,2011-07,2.0,18.880484830624948,16.880484830624948,0-10,844.0242415312474,High
90158,2011-08,2.0,18.880484830624948,16.880484830624948,0-10,844.0242415312474,High
90158,2011-09,3.0,18.880484830624948,15.880484830624948,0-10,529.3494943541649,High
90158,2011-10,13.0,18.880484830624948,5.880484830624948,11-50,45.23449869711499,Moderate
90158,2011-11,3.0,16.55580866645044,13.55580866645044,0-10,451.86028888168136,High
90160A,2011-07,2.0,18.880484830624948,16.880484830624948,0-10,844.0242415312474,High
90160A,2011-08,9.0,18.880484830624948,9.880484830624948,0-10,109.78316478472163,High
90160A,2011-09,1.0,19.32134866516658,18.32134866516658,0-10,1832.134866516658,High
90160A,2011-10,0.0,23.831952288031584,23.831952288031584,0-10,,
90160B,2011-08,9.0,18.880484830624948,9.880484830624948,0-10,109.78316478472163,High
90160B,2011-09,0.0,19.32134866516658,19.32134866516658,0-10,,
90160C,2011-07,3.0,18.880484830624948,15.880484830624948,0-10,529.3494943541649,High
90160C,2011-08,8.0,18.880484830624948,10.880484830624948,0-10,136.00606038281185,High
90160C,2011-09,1.0,19.32134866516658,18.32134866516658,0-10,1832.134866516658,High
90160C,2011-10,13.0,21.294764818028927,8.294764818028927,11-50,63.80588321560713,High
90160C,2011-11,1.0,14.982535223531151,13.982535223531151,0-10,1398.2535223531152,High
90160D,2011-07,0.0,18.880484830624948,18.880484830624948,0-10,,
90160D,2011-10,10.0,23.831952288031584,13.831952288031584,0-10,138.31952288031584,High
90161A,2011-10,2.0,18.880484830624948,16.880484830624948,0-10,844.0242415312474,High
90161A,2011-11,3.0,13.371347529813546,10.371347529813546,0-10,345.7115843271182,High
90161B,2011-07,0.0,20.496453272860588,20.496453272860588,0-10,,
90161B,2011-10,14.0,25.7320019691776,11.7320019691776,11-50,83.8000140655543,High
90161B,2011-11,8.0,21.174275758591723,13.174275758591724,0-10,164.67844698239657,High
90161C,2011-07,2.0,21.45874003497597,19.45874003497597,0-10,972.9370017487986,High
90161C,2011-08,9.0,25.29113813463597,16.29113813463597,0-10,181.01264594039966,High
90161C,2011-09,11.0,19.32134866516658,8.321348665166578,11-50,75.64862422878707,High
90161C,2011-10,21.0,24.83693404946333,3.8369340494633306,11-50,18.271114521253956,Low
90161C,2011-11,7.0,28.13370090332421,21.13370090332421,0-10,301.91001290463157,High
90161D,2011-10,5.0,21.735628652570558,16.735628652570554,0-10,334.7125730514111,High
90161D,2011-11,12.0,19.78200083382456,7.782000833824558,11-50,64.85000694853798,High
90162B,2011-10,12.0,23.662915311205,11.662915311205,11-50,97.19096092670833,High
90164A,2011-08,0.0,18.880484830624948,18.880484830624948,0-10,,
90164A,2011-11,6.0,13.812211364355171,7.812211364355173,0-10,130.2035227392529,High
90164B,2011-11,1.0,27.435855148247324,26.435855148247324,0-10,2643.5855148247324,High
90165A,2011-07,0.0,23.662915311205,23.662915311205,0-10,,
90165B,2011-08,1.0,23.662915311205,22.662915311205,0-10,2266.2915311205,High
90165B,2011-09,1.0,23.662915311205,22.662915311205,0-10,2266.2915311205,High
90165B,2011-10,4.0,23.662915311205,19.662915311205,0-10,491.57288278012504,High
90165B,2011-11,3.0,16.09900575574465,13.099005755744647,0-10,436.6335251914882,High
90166,2011-08,4.0,22.77980270700908,18.77980270700908,0-10,469.49506767522695,High
90166,2011-09,5.0,22.77980270700908,17.779802707009082,0-10,355.59605414018165,High
90166,2011-10,2.0,22.77980270700908,20.77980270700908,0-10,1038.990135350454,High
90166,2011-11,1.0,15.215893151548745,14.215893151548745,0-10,1421.5893151548744,High
90168,2011-10,3.0,23.662915311205,20.662915311205,0-10,688.7638437068333,High
90168,2011-11,3.0,16.09900575574465,13.099005755744647,0-10,436.6335251914882,High
90169,2011-10,1.0,23.662915311205,22.662915311205,0-10,2266.2915311205,High
90169,2011-11,1.0,16.09900575574465,15.099005755744647,0-10,1509.9005755744647,High
90170,2011-07,1.0,29.012551603836908,28.012551603836908,0-10,2801.255160383691,High
90170,2011-08,13.0,28.614382768611637,15.614382768611634,11-50,120.11063668162795,High
90170,2011-09,0.0,24.83323917038098,24.83323917038098,0-10,,
90173,2011-07,0.0,22.77980270700908,22.77980270700908,0-10,,
90174,2011-07,0.0,24.672983338771957,24.672983338771957,0-10,,
90174,2011-10,8.0,28.614382768611637,20.614382768611637,0-10,257.67978460764544,High
90174,2011-11,4.0,17.672279198663933,13.672279198663931,0-10,341.8069799665983,High
90175A,2011-07,1.0,18.880484830624948,17.880484830624948,0-10,1788.0484830624948,High
90175A,2011-08,1.0,18.880484830624948,17.880484830624948,0-10,1788.0484830624948,High
90175A,2011-09,0.0,18.880484830624948,18.880484830624948,0-10,,
90175B,2011-10,2.0,18.880484830624948,16.880484830624948,0-10,844.0242415312474,High
90175D,2011-07,0.0,18.880484830624948,18.880484830624948,0-10,,
90177A,2011-07,1.0,23.662915311205,22.662915311205,0-10,2266.2915311205,High
90177A,2011-08,6.0,23.662915311205,17.662915311205,0-10,294.38192185341666,High
90177A,2011-09,1.0,23.662915311205,22.662915311205,0-10,2266.2915311205,High
90177A,2011-10,1.0,23.662915311205,22.662915311205,0-10,2266.2915311205,High
90177A,2011-11,1.0,16.09900575574465,15.099005755744647,0-10,1509.9005755744647,High
90177C,2011-07,1.0,23.662915311205,22.662915311205,0-10,2266.2915311205,High
90177C,2011-08,6.0,23.662915311205,17.662915311205,0-10,294.38192185341666,High
90177C,2011-09,0.0,23.662915311205,23.662915311205,0-10,,
90177D,2011-07,0.0,23.662915311205,23.662915311205,0-10,,
90177D,2011-10,3.0,24.672983338771957,21.672983338771957,0-10,722.4327779590652,High
90177D,2011-11,1.0,16.09900575574465,15.099005755744647,0-10,1509.9005755744647,High
90179C,2011-08,0.0,18.880484830624948,18.880484830624948,0-10,,
90181B,2011-07,0.0,18.880484830624948,18.880484830624948,0-10,,
90181B,2011-11,2.0,13.371347529813546,11.371347529813546,0-10,568.5673764906772,High
90182A,2011-08,0.0,23.662915311205,23.662915311205,0-10,,
90182A,2011-11,1.0,16.09900575574465,15.099005755744647,0-10,1509.9005755744647,High
90182C,2011-08,6.0,23.662915311205,17.662915311205,0-10,294.38192185341666,High
90182C,2011-09,1.0,23.662915311205,22.662915311205,0-10,2266.2915311205,High
90182C,2011-10,0.0,23.662915311205,23.662915311205,0-10,,
90183A,2011-07,3.0,23.662915311205,20.662915311205,0-10,688.7638437068333,High
90183A,2011-08,19.0,23.662915311205,4.662915311205001,11-50,24.5416595326579,Moderate
90183A,2011-09,1.0,30.490546015955317,29.490546015955317,0-10,2949.0546015955315,High
90183A,2011-10,3.0,30.07356861521602,27.07356861521602,0-10,902.4522871738674,High
90183A,2011-11,5.0,16.09900575574465,11.099005755744647,0-10,221.98011511489293,High
90183B,2011-07,1.0,23.662915311205,22.662915311205,0-10,2266.2915311205,High
90183B,2011-08,0.0,23.662915311205,23.662915311205,0-10,,
90183B,2011-11,2.0,16.09900575574465,14.099005755744647,0-10,704.9502877872324,High
90184B,2011-09,0.0,19.32134866516658,19.32134866516658,0-10,,
90184C,2011-10,4.0,18.880484830624948,14.880484830624948,0-10,372.0121207656237,High
90184C,2011-11,1.0,13.371347529813546,12.371347529813546,0-10,1237.1347529813545,High
90185A,2011-10,1.0,22.77980270700908,21.77980270700908,0-10,2177.980270700908,High
90185B,2011-09,1.0,23.220666541550717,22.220666541550717,0-10,2222.066654155072,High
90185B,2011-10,1.0,22.77980270700908,21.77980270700908,0-10,2177.980270700908,High
90185B,2011-11,1.0,15.215893151548745,14.215893151548745,0-10,1421.5893151548744,High
90186A,2011-08,0.0,23.662915311205,23.662915311205,0-10,,
90187B,2011-07,0.0,23.662915311205,23.662915311205,0-10,,
90188,2011-11,3.0,16.09900575574465,13.099005755744647,0-10,436.6335251914882,High
90190C,2011-09,0.0,23.662915311205,23.662915311205,0-10,,
90191,2011-10,6.0,20.491672524342565,14.491672524342563,0-10,241.52787540570938,High
90191,2011-11,2.0,20.222864668366185,18.222864668366185,0-10,911.1432334183093,High
90192,2011-07,2.0,18.880484830624948,16.880484830624948,0-10,844.0242415312474,High
90192,2011-08,6.0,18.880484830624948,12.880484830624948,0-10,214.67474717708245,High
90192,2011-09,5.0,19.32134866516658,14.321348665166578,0-10,286.4269733033316,High
90192,2011-10,6.0,18.880484830624948,12.880484830624948,0-10,214.67474717708245,High
90192,2011-11,3.0,13.812211364355171,10.812211364355171,0-10,360.4070454785057,High
90195A,2011-10,2.0,18.880484830624948,16.880484830624948,0-10,844.0242415312474,High
90195A,2011-11,6.0,16.09900575574465,10.099005755744647,0-10,168.31676259574414,High
90197B,2011-07,3.0,20.05558943831896,17.05558943831896,0-10,568.5196479439653,High
90197B,2011-08,1.0,18.880484830624948,17.880484830624948,0-10,1788.0484830624948,High
90197B,2011-09,2.0,18.880484830624948,16.880484830624948,0-10,844.0242415312474,High
90197B,2011-10,6.0,18.880484830624948,12.880484830624948,0-10,214.67474717708245,High
90197B,2011-11,2.0,13.812211364355171,11.812211364355171,0-10,590.6105682177586,High
90198A,2011-07,4.0,22.77980270700908,18.77980270700908,0-10,469.49506767522695,High
90198A,2011-08,1.0,22.77980270700908,21.77980270700908,0-10,2177.980270700908,High
90198A,2011-09,5.0,22.77980270700908,17.779802707009082,0-10,355.59605414018165,High
90198A,2011-10,19.0,22.77980270700908,3.7798027070090825,11-50,19.89369845794254,Low
90198A,2011-11,11.0,24.05766113375996,13.05766113375996,11-50,118.70601030690872,High
90198B,2011-07,3.0,22.77980270700908,19.77980270700908,0-10,659.3267569003026,High
90198B,2011-08,1.0,22.77980270700908,21.77980270700908,0-10,2177.980270700908,High
90198B,2011-09,1.0,22.77980270700908,21.77980270700908,0-10,2177.980270700908,High
90198B,2011-10,11.0,22.77980270700908,11.779802707009082,11-50,107.08911551826439,High
90198B,2011-11,2.0,16.220874912980477,14.220874912980475,0-10,711.0437456490238,High
90199B,2011-11,2.0,13.371347529813546,11.371347529813546,0-10,568.5673764906772,High
90199C,2011-09,0.0,18.880484830624948,18.880484830624948,0-10,,
90200A,2011-07,5.0,22.77980270700908,17.779802707009082,0-10,355.59605414018165,High
90200A,2011-08,2.0,22.77980270700908,20.77980270700908,0-10,1038.990135350454,High
90200A,2011-09,3.0,22.77980270700908,19.77980270700908,0-10,659.3267569003026,High
90200A,2011-10,7.0,22.77980270700908,15.779802707009082,0-10,225.4257529572726,High
90200A,2011-11,22.0,17.23003042900965,4.769969570990352,11-50,21.681679868137962,Moderate
90200B,2011-07,6.0,23.220666541550717,17.220666541550713,0-10,287.01110902584526,High
90200B,2011-08,6.0,28.172133998957356,22.172133998957356,0-10,369.53556664928925,High
90200B,2011-09,5.0,24.79393998447,19.79393998447,0-10,395.8787996894,High
90200B,2011-10,5.0,22.77980270700908,17.779802707009082,0-10,355.59605414018165,High
90200B,2011-11,11.0,16.390997759242744,5.390997759242744,11-50,49.0090705385704,Moderate
90200D,2011-07,6.0,29.63131984556173,23.63131984556173,0-10,393.8553307593622,High
90200D,2011-08,5.0,28.172133998957356,23.172133998957356,0-10,463.44267997914716,High
90200D,2011-09,34.0,23.95490731470309,10.045092685296908,11-50,29.54439025087326,Moderate
90200D,2011-10,14.0,43.52507021133354,29.525070211333546,11-50,210.89335865238246,High
90200D,2011-11,21.0,35.191400107270304,14.191400107270304,11-50,67.57809574890621,High
90200E,2011-07,6.0,22.77980270700908,16.779802707009082,0-10,279.6633784501514,High
90200E,2011-08,2.0,23.220666541550717,21.220666541550717,0-10,1061.033327077536,High
90200E,2011-09,26.0,22.77980270700908,3.220197292990917,11-50,12.38537420381122,Low
90200E,2011-10,8.0,41.95179676841426,33.95179676841426,0-10,424.39745960517826,High
90200E,2011-11,13.0,25.210791565416965,12.210791565416963,11-50,93.92916588782279,High
90201A,2011-07,0.0,28.614382768611637,28.614382768611637,0-10,,
90201A,2011-10,4.0,32.818781055306346,28.818781055306346,0-10,720.4695263826586,High
90201A,2011-11,2.0,16.09900575574465,14.099005755744647,0-10,704.9502877872324,High
90201B,2011-07,1.0,30.07356861521602,29.07356861521602,0-10,2907.356861521602,High
90201B,2011-08,24.0,28.614382768611637,4.614382768611634,11-50,19.22659486921514,Low
90201B,2011-09,8.0,42.39404553806855,34.394045538068546,0-10,429.9255692258568,High
90201B,2011-10,1.0,32.818781055306346,31.818781055306346,0-10,3181.8781055306345,High
90201B,2011-11,7.0,18.513285743148625,11.513285743148623,0-10,164.4755106164089,High
90201C,2011-07,0.0,30.07356861521602,30.07356861521602,0-10,,
90201C,2011-10,1.0,30.07356861521602,29.07356861521602,0-10,2907.356861521602,High
90201C,2011-11,2.0,17.109073783311608,15.109073783311608,0-10,755.4536891655804,High
90201D,2011-07,1.0,30.07356861521602,29.07356861521602,0-10,2907.356861521602,High
90201D,2011-08,27.0,24.672983338771957,2.327016661228047,11-50,8.618580226770545,Low
90201D,2011-09,1.0,42.39404553806855,41.39404553806855,0-10,4139.404553806855,High
90201D,2011-10,5.0,32.818781055306346,27.818781055306346,0-10,556.3756211061269,High
90201D,2011-11,1.0,17.27411036343866,16.27411036343866,0-10,1627.4110363438658,High
90202B,2011-10,2.0,23.662915311205,21.662915311205,0-10,1083.14576556025,High
90202B,2011-11,1.0,16.09900575574465,15.099005755744647,0-10,1509.9005755744647,High
90202C,2011-09,0.0,23.662915311205,23.662915311205,0-10,,
90202D,2011-09,0.0,23.662915311205,23.662915311205,0-10,,
90204,2011-07,0.0,23.662915311205,23.662915311205,0-10,,
90204,2011-10,7.0,23.662915311205,16.662915311205,0-10,238.0416473029286,High
90204,2011-11,2.0,17.672279198663933,15.672279198663931,0-10,783.6139599331966,High
90205A,2011-07,9.0,23.662915311205,14.662915311205,0-10,162.9212812356111,High
90205A,2011-08,4.0,23.662915311205,19.662915311205,0-10,491.57288278012504,High
90205A,2011-09,1.0,28.614382768611637,27.614382768611637,0-10,2761.4382768611636,High
90205A,2011-10,4.0,23.662915311205,19.662915311205,0-10,491.57288278012504,High
90205C,2011-07,1.0,23.662915311205,22.662915311205,0-10,2266.2915311205,High
90205C,2011-08,4.0,23.662915311205,19.662915311205,0-10,491.57288278012504,High
90205C,2011-09,1.0,23.662915311205,22.662915311205,0-10,2266.2915311205,High
90205C,2011-10,4.0,23.662915311205,19.662915311205,0-10,491.57288278012504,High
90206C,2011-07,7.0,18.880484830624948,11.880484830624948,0-10,169.7212118660707,High
90206C,2011-08,0.0,19.32134866516658,19.32134866516658,0-10,,
90206C,2011-11,6.0,15.385484807274446,9.385484807274446,0-10,156.42474678790742,High
90208,2011-07,0.0,23.662915311205,23.662915311205,0-10,,
90208,2011-10,12.0,23.662915311205,11.662915311205,11-50,97.19096092670833,High
90208,2011-11,8.0,14.969236316678264,6.9692363166782645,0-10,87.11545395847831,High
90209A,2011-09,0.0,42.40207784018768,42.40207784018768,0-10,,
90209B,2011-07,59.0,43.42428974037323,15.575710259626767,51-100,26.399508914621638,Moderate
90209B,2011-08,0.0,57.15463711079776,57.15463711079776,0-10,,
90209C,2011-07,141.0,43.45499433071318,97.54500566928682,101-500,69.18085508460058,High
90209C,2011-08,5.0,100.91053315535449,95.91053315535449,0-10,1918.2106631070899,High
90209C,2011-09,4.0,47.23437491446998,43.23437491446998,0-10,1080.8593728617495,High
90210B,2011-10,0.0,24.84014187935909,24.84014187935909,0-10,,
90214A,2011-07,3.0,52.10985516151358,49.10985516151358,0-10,1636.9951720504528,High
90214A,2011-08,6.0,43.27954688712752,37.27954688712752,0-10,621.3257814521254,High
90214A,2011-09,5.0,36.86889358311649,31.86889358311649,0-10,637.3778716623298,High
90214A,2011-10,16.0,36.86889358311649,20.86889358311649,11-50,130.43058489447805,High
90214A,2011-11,25.0,30.43304048026965,5.43304048026965,11-50,21.7321619210786,Moderate
90214B,2011-07,3.0,39.64372617670296,36.64372617670296,0-10,1221.4575392234321,High
90214B,2011-08,3.0,36.86889358311649,33.86889358311649,0-10,1128.9631194372164,High
90214B,2011-09,0.0,36.86889358311649,36.86889358311649,0-10,,
90214C,2011-07,1.0,57.95774400525176,56.95774400525176,0-10,5695.774400525176,High
90214C,2011-08,1.0,43.27954688712752,42.27954688712752,0-10,4227.954688712753,High
90214C,2011-09,1.0,36.86889358311649,35.86889358311649,0-10,3586.8893583116487,High
90214C,2011-10,6.0,36.86889358311649,30.86889358311649,0-10,514.4815597186082,High
90214C,2011-11,27.0,23.03651110011118,3.9634888998888194,11-50,14.679588518106737,Low
90214D,2011-07,1.0,39.64372617670296,38.64372617670296,0-10,3864.372617670296,High
90214D,2011-08,1.0,41.82036104052314,40.82036104052314,0-10,4082.036104052314,High
90214D,2011-09,2.0,36.86889358311649,34.86889358311649,0-10,1743.4446791558244,High
90214D,2011-10,6.0,36.86889358311649,30.86889358311649,0-10,514.4815597186082,High
90214D,2011-11,24.0,23.03651110011118,0.9634888998888194,11-50,4.014537082870081,Low
90214E,2011-07,1.0,40.65379420426992,39.65379420426992,0-10,3965.379420426992,High
90214E,2011-08,4.0,41.82036104052314,37.82036104052314,0-10,945.5090260130785,High
90214E,2011-09,2.0,36.86889358311649,34.86889358311649,0-10,1743.4446791558244,High
90214E,2011-10,6.0,36.86889358311649,30.86889358311649,0-10,514.4815597186082,High
90214E,2011-11,25.0,23.03651110011118,1.9634888998888196,11-50,7.853955599555279,Low
90214F,2011-10,0.0,36.86889358311649,36.86889358311649,0-10,,
90214G,2011-07,2.0,39.64372617670296,37.64372617670296,0-10,1882.186308835148,High
90214G,2011-08,2.0,36.86889358311649,34.86889358311649,0-10,1743.4446791558244,High
90214G,2011-09,1.0,36.86889358311649,35.86889358311649,0-10,3586.8893583116487,High
90214G,2011-10,6.0,36.86889358311649,30.86889358311649,0-10,514.4815597186082,High
90214G,2011-11,25.0,23.03651110011118,1.9634888998888196,11-50,7.853955599555279,Low
90214H,2011-07,2.0,39.64372617670296,37.64372617670296,0-10,1882.186308835148,High
90214H,2011-08,4.0,36.86889358311649,32.86889358311649,0-10,821.7223395779122,High
90214H,2011-09,1.0,36.86889358311649,35.86889358311649,0-10,3586.8893583116487,High
90214H,2011-10,8.0,36.86889358311649,28.86889358311649,0-10,360.8611697889561,High
90214H,2011-11,13.0,23.03651110011118,10.03651110011118,11-50,77.20393153931677,High
90214I,2011-07,1.0,40.20784410359308,39.20784410359308,0-10,3920.7844103593084,High
90214I,2011-08,2.0,43.27954688712752,41.27954688712752,0-10,2063.9773443563763,High
90214I,2011-09,1.0,36.86889358311649,35.86889358311649,0-10,3586.8893583116487,High
90214I,2011-10,0.0,36.86889358311649,36.86889358311649,0-10,,
90214J,2011-07,4.0,39.64372617670296,35.643726176702955,0-10,891.0931544175739,High
90214J,2011-08,6.0,36.86889358311649,30.86889358311649,0-10,514.4815597186082,High
90214J,2011-09,3.0,38.44216702603577,35.44216702603577,0-10,1181.4055675345257,High
90214J,2011-10,7.0,36.86889358311649,29.86889358311649,0-10,426.698479758807,High
90214J,2011-11,13.0,23.03651110011118,10.03651110011118,11-50,77.20393153931677,High
90214K,2011-07,1.0,39.64372617670296,38.64372617670296,0-10,3864.372617670296,High
90214K,2011-08,3.0,41.82036104052314,38.82036104052314,0-10,1294.0120346841047,High
90214K,2011-09,1.0,36.86889358311649,35.86889358311649,0-10,3586.8893583116487,High
90214K,2011-10,6.0,36.86889358311649,30.86889358311649,0-10,514.4815597186082,High
90214K,2011-11,26.0,23.03651110011118,2.96348889988882,11-50,11.398034230341615,Low
90214L,2011-07,4.0,41.049948346021736,37.049948346021736,0-10,926.2487086505434,High
90214L,2011-08,3.0,43.27954688712752,40.27954688712752,0-10,1342.6515629042508,High
90214L,2011-09,6.0,36.86889358311649,30.86889358311649,0-10,514.4815597186082,High
90214L,2011-10,0.0,38.0439981908105,38.0439981908105,0-10,,
90214M,2011-08,4.0,36.86889358311649,32.86889358311649,0-10,821.7223395779122,High
90214M,2011-09,2.0,36.86889358311649,34.86889358311649,0-10,1743.4446791558244,High
90214M,2011-10,6.0,36.86889358311649,30.86889358311649,0-10,514.4815597186082,High
90214M,2011-11,12.0,23.03651110011118,11.03651110011118,11-50,91.97092583425984,High
90214N,2011-07,1.0,39.64372617670296,38.64372617670296,0-10,3864.372617670296,High
90214N,2011-08,3.0,36.86889358311649,33.86889358311649,0-10,1128.9631194372164,High
90214N,2011-09,1.0,36.86889358311649,35.86889358311649,0-10,3586.8893583116487,High
90214N,2011-10,2.0,36.86889358311649,34.86889358311649,0-10,1743.4446791558244,High
90214N,2011-11,15.0,23.03651110011118,8.03651110011118,11-50,53.576740667407876,High
90214R,2011-08,4.0,36.86889358311649,32.86889358311649,0-10,821.7223395779122,High
90214R,2011-09,0.0,36.86889358311649,36.86889358311649,0-10,,
90214S,2011-07,0.0,39.64372617670296,39.64372617670296,0-10,,
90214S,2011-10,12.0,41.82036104052314,29.82036104052314,11-50,248.50300867102618,High
90214S,2011-11,25.0,23.6006290270013,1.3993709729986996,11-50,5.5974838919947985,Low
90214T,2011-09,0.0,36.86889358311649,36.86889358311649,0-10,,
90214V,2011-07,1.0,39.64372617670296,38.64372617670296,0-10,3864.372617670296,High
90214V,2011-08,0.0,36.86889358311649,36.86889358311649,0-10,,
90214V,2011-11,12.0,23.03651110011118,11.03651110011118,11-50,91.97092583425984,High
90214Z,2011-07,0.0,39.64372617670296,39.64372617670296,0-10,,
90214Z,2011-10,0.0,36.86889358311649,36.86889358311649,0-10,,
BANK CHARGES,2011-10,2.0,18.880484830624948,16.880484830624948,0-10,844.0242415312474,High
BANK CHARGES,2011-11,1.0,13.371347529813546,12.371347529813546,0-10,1237.1347529813545,High
C2,2011-07,8.0,32.8192103164746,24.819210316474603,0-10,310.24012895593256,High
C2,2011-08,18.0,26.130170804402876,8.130170804402873,11-50,45.16761558001596,Moderate
C2,2011-09,14.0,49.25955911735343,35.25955911735343,11-50,251.8539936953817,High
C2,2011-10,23.0,46.70150729623069,23.701507296230687,11-50,103.05003172274212,High
C2,2011-11,4.0,39.59181964409888,35.591819644098884,0-10,889.795491102472,High
DCGSSGIRL,2011-08,0.0,35.69166701496239,35.69166701496239,0-10,,
